customer_id,age,region,employment_type,industry,vintage,annual_income,bureau_score,dti,utilization,ltv,ead,lgd_actual,pd_score,default_flag,shap_age,shap_bureau_score,shap_dti,shap_utilization,shap_region,shap_employment_type
1,47,South,Salaried,Transport,2025Q3,97582.19,785.0,36.4,47.76,28.78,159418.91,0.2513,0.02463,1,-0.0013,-0.0736,-0.0017,-0.0006,0.0,-0.003
2,33,South,Salaried,IT,2025Q3,77591.2,647.0,38.46,32.47,78.97,54101.1,0.3335,0.16023,0,0.0325,0.0036,-0.0034,-0.0249,0.0,-0.0138
3,52,East,Business,Construction,2025Q3,117164.57,623.0,35.38,42.65,58.08,275747.04,0.5977,0.08857,0,-0.0217,0.0272,-0.0098,-0.0094,0.0,0.0
4,54,East,Salaried,Retail,2025Q3,85697.1,518.0,40.44,54.63,52.04,192834.07,0.4472,0.23504,0,-0.0562,0.2141,0.0019,0.0117,0.0,-0.0262
5,23,North,Salaried,Transport,2025Q3,86731.87,598.0,33.05,45.29,64.55,64334.7,0.421,0.2176,0,0.0987,0.0928,-0.0272,-0.0109,0.0,-0.0234
6,30,South,Business,Healthcare,2025Q3,101196.86,696.0,30.7,48.01,48.86,151778.64,0.4086,0.06739,0,0.0307,-0.0536,-0.0174,-0.0021,0.0,0.0
7,45,North,Salaried,Manufacturing,2025Q3,61259.9,696.0,21.36,27.26,51.97,65160.02,0.3601,0.03449,0,0.0,-0.0237,-0.0164,-0.0114,0.0,-0.0047
8,41,West,Salaried,Manufacturing,2025Q3,78788.22,616.0,,59.14,65.5,248544.66,0.2976,0.27337,0,0.0206,0.064,0.0479,0.0202,0.022,-0.0233
9,44,West,Salaried,Retail,2025Q3,47848.66,619.0,18.37,57.53,47.8,76684.68,0.3486,0.13356,0,0.0031,0.0334,-0.0563,0.0097,0.0128,-0.014
10,35,North,Salaried,Construction,2025Q3,94992.2,786.0,40.53,31.22,50.62,133822.29,0.3288,0.03503,0,0.007,-0.0894,0.0003,-0.0071,0.0,-0.0036
11,54,North,Salaried,IT,2025Q3,88736.17,843.0,67.01,19.55,56.87,212153.65,0.3197,0.01472,0,-0.0039,-0.0908,0.0057,-0.006,0.0,-0.0017
12,53,North,Business,Construction,2025Q3,123077.91,738.0,55.62,75.07,61.83,148355.81,0.3351,0.06904,0,-0.0169,-0.0997,0.0187,0.0181,0.0,0.0
13,45,South,SelfEmployed,Transport,2025Q3,82631.56,766.0,46.15,86.46,72.03,95222.68,0.2675,0.0787,0,0.0,-0.1659,0.0092,0.0287,0.0,0.0208
14,56,West,Salaried,Transport,2025Q3,53087.19,780.0,42.0,53.16,71.66,145383.04,0.3377,0.02843,0,-0.0092,-0.0752,0.001,0.001,0.0029,-0.0033
15,49,South,Salaried,Transport,2025Q3,127672.62,811.0,35.96,40.04,30.01,278921.69,0.4604,0.01179,0,-0.0018,-0.0691,-0.0013,-0.0019,0.0,-0.0019
16,35,North,Salaried,IT,2025Q3,69959.59,639.0,23.58,71.02,88.16,102411.3,0.3776,0.08971,0,0.0321,0.0147,-0.0465,0.0292,0.0,-0.0158
17,48,North,Business,Manufacturing,2025Q3,76296.24,,33.94,58.35,61.18,74304.87,0.4304,0.19236,0,-0.0128,0.0681,-0.0187,0.0144,0.0,0.0
18,33,North,Salaried,Construction,2025Q3,86423.72,785.0,47.2,43.36,53.37,218663.24,0.4958,0.04259,0,0.0113,-0.1176,0.0053,-0.0032,0.0,-0.005
19,54,East,SelfEmployed,Retail,2025Q3,129345.43,594.0,44.24,69.3,41.93,155858.44,0.3921,0.33467,0,-0.053,0.105,0.0166,0.0437,0.0,0.0556
20,43,East,Business,Transport,2025Q3,86156.11,590.0,50.62,30.19,99.78,168644.55,0.6931,0.24343,1,0.0095,0.0932,0.0344,-0.0436,0.0,0.0
21,42,East,Salaried,Healthcare,2025Q3,72113.64,592.0,57.51,32.8,100.0,75673.76,0.5192,0.24075,0,0.0146,0.0939,0.0563,-0.0386,0.0,-0.022
22,37,South,Salaried,IT,2025Q3,73684.83,651.0,35.46,56.0,97.32,75142.95,0.4333,0.12653,0,0.0238,-0.0013,-0.0108,0.0081,0.0,-0.0144
23,57,West,Salaried,Retail,2025Q3,67402.53,525.0,41.07,50.51,62.43,40767.19,0.4514,0.26318,0,-0.074,0.1978,0.0044,0.0013,0.0242,-0.0254
24,42,South,Salaried,Retail,2025Q3,61467.99,563.0,7.61,62.02,66.88,51217.7,0.5653,0.17037,0,0.0119,0.101,-0.1146,0.0201,0.0,-0.0182
25,39,East,Business,IT,2025Q3,118274.67,618.0,74.1,74.25,89.82,228903.86,0.3832,0.42921,0,0.0391,0.0796,0.1452,0.0664,0.0,0.0
26,40,West,Salaried,Healthcare,2025Q3,69720.28,579.0,31.38,13.85,55.18,153700.96,0.4177,0.17484,0,0.0182,0.0812,-0.0249,-0.0681,0.0157,-0.0171
27,50,South,Salaried,Healthcare,2025Q3,66023.97,732.0,48.43,48.86,70.83,78844.96,0.5274,0.05793,0,-0.007,-0.0641,0.0073,-0.0006,0.0,-0.006
28,48,West,Salaried,Manufacturing,2025Q3,71163.25,660.0,31.37,89.82,64.54,64349.32,0.394,0.13949,0,-0.0102,-0.0135,-0.0217,0.0474,0.0136,-0.0148
29,49,North,Business,Healthcare,2025Q3,114510.83,699.0,31.0,34.88,98.38,312395.01,0.373,0.04211,0,-0.0055,-0.0323,-0.0091,-0.0092,0.0,0.0
30,49,East,Business,IT,2025Q3,59633.86,,34.21,32.28,88.73,103836.36,0.3598,0.06639,1,-0.0061,-0.0293,-0.0063,-0.0121,0.0,0.0
31,68,North,Business,Healthcare,2025Q3,116883.7,646.0,18.08,0.0,57.24,251464.31,0.2743,0.03243,0,-0.0231,0.0011,-0.0142,-0.0211,0.0,0.0
32,40,South,Business,Healthcare,2025Q3,131419.94,727.0,2.0,50.24,90.5,157238.64,0.4817,0.0329,0,0.004,-0.0394,-0.0339,0.0001,0.0,0.0
33,38,North,Salaried,Manufacturing,2025Q3,106859.13,691.0,56.56,60.77,59.92,246427.97,0.4097,0.14623,0,0.0212,-0.0615,0.034,0.0143,0.0,-0.0146
34,35,North,Business,Transport,2025Q3,92917.65,638.0,46.73,60.73,49.08,138908.28,0.5173,0.23425,1,0.044,0.0217,0.0221,0.0212,0.0,0.0
35,51,North,Business,Construction,2025Q3,120695.97,545.0,23.35,25.18,54.29,140440.38,0.4507,0.15734,0,-0.0249,0.1087,-0.052,-0.046,0.0,0.0
36,56,South,Salaried,Manufacturing,2025Q3,110022.87,695.0,45.23,47.81,62.95,226520.74,0.378,0.05512,0,-0.0192,-0.0335,0.0054,-0.0014,0.0,-0.0069
37,43,East,Salaried,Retail,2025Q3,72534.66,574.0,51.18,52.87,44.3,41869.48,0.401,0.25281,1,0.0113,0.1377,0.0433,0.007,0.0,-0.0251
38,35,South,Salaried,Transport,2025Q3,84246.29,686.0,26.91,49.15,49.65,109317.23,0.4696,0.07547,0,0.0181,-0.034,-0.0212,-0.0007,0.0,-0.0092
39,35,South,Salaried,IT,2025Q3,99794.49,665.0,44.59,23.91,31.13,160095.85,0.3579,0.12018,0,0.0229,-0.0161,0.0081,-0.0324,0.0,-0.0115
40,51,West,SelfEmployed,IT,2025Q3,67252.28,567.0,54.11,49.7,43.55,106082.59,0.4873,0.41217,0,-0.0402,0.1813,0.0636,-0.0008,0.0277,0.0674
41,52,West,Salaried,Manufacturing,2025Q3,93279.72,678.0,14.99,30.08,64.69,276303.16,0.4207,0.04341,0,-0.0081,-0.0135,-0.024,-0.0101,0.0043,-0.0048
42,50,North,Business,Construction,2025Q3,102606.56,673.0,46.53,6.82,80.84,124749.13,0.336,0.0719,0,-0.0086,-0.0163,0.0071,-0.0374,0.0,0.0
43,37,South,Salaried,Retail,2025Q3,71256.96,673.0,,62.99,78.28,56255.26,0.3836,0.1265,0,0.0239,-0.0322,0.0086,0.0171,0.0,-0.0145
44,47,East,Business,Transport,2025Q3,93663.4,670.0,68.09,51.08,68.6,77592.01,0.4213,0.13442,0,-0.0077,-0.032,0.0624,0.0017,0.0,0.0
45,45,East,SelfEmployed,Manufacturing,2025Q3,88770.06,616.0,46.91,61.02,29.41,262065.15,0.4146,0.26235,0,0.0,0.0668,0.0262,0.0251,0.0,0.0546
46,46,South,Salaried,Manufacturing,2025Q3,83180.3,700.0,31.43,36.24,42.78,213455.01,0.5616,0.04749,0,-0.0013,-0.0324,-0.0085,-0.0082,0.0,-0.0058
47,54,East,Business,Transport,2025Q3,119835.08,613.0,33.28,61.78,56.05,369135.83,0.4593,0.1589,0,-0.0338,0.0431,-0.0173,0.0165,0.0,0.0
48,46,North,Salaried,IT,2025Q3,86077.26,587.0,70.37,70.49,79.26,257517.68,0.4339,0.38707,0,-0.0065,0.1418,0.1266,0.0549,0.0,-0.0283
49,51,South,Salaried,Construction,2025Q3,78798.22,706.0,32.32,86.59,48.86,254673.62,0.3789,0.0842,0,-0.0119,-0.0531,-0.0108,0.0241,0.0,-0.0084
50,45,East,Salaried,Retail,2025Q3,61481.41,724.0,47.38,65.9,35.6,199148.67,0.3833,0.05175,0,0.0,-0.0777,0.0093,0.0119,0.0,-0.0085
51,47,East,Salaried,Construction,2025Q3,69896.03,701.0,34.19,56.47,88.97,116591.63,0.361,0.0537,0,-0.0033,-0.0415,-0.0071,0.0043,0.0,-0.0073
52,51,East,Salaried,Retail,2025Q3,86700.99,646.0,55.3,17.64,45.3,210632.44,0.3631,0.09172,1,-0.0152,0.0036,0.0228,-0.0384,0.0,-0.0106
53,28,North,Salaried,Healthcare,2025Q3,48590.73,528.0,56.09,45.66,37.44,20000.0,0.5181,0.52598,1,0.117,0.2943,0.0799,-0.013,0.0,-0.0299
54,40,North,Salaried,IT,2025Q3,89125.79,761.0,37.64,16.7,64.55,241968.5,0.5118,0.03839,0,0.0034,-0.0583,-0.0013,-0.0126,0.0,-0.0033
55,39,North,Salaried,Healthcare,2025Q3,78940.99,527.0,31.49,29.98,59.0,78199.93,0.4345,0.24317,0,0.0324,0.1869,-0.0353,-0.0506,0.0,-0.0247
56,37,North,Business,Manufacturing,2025Q3,104983.49,700.0,31.11,91.01,50.0,241268.71,0.4444,0.11013,0,0.0222,-0.0727,-0.0205,0.0441,0.0,0.0
57,41,North,Salaried,IT,2025Q3,61501.25,803.0,10.36,25.49,60.01,79919.61,0.3208,0.01,0,0.0011,-0.0443,-0.0085,-0.0036,0.0,-0.0013
58,60,South,Business,Transport,2025Q3,90140.78,670.0,39.61,0.0,41.48,222417.21,0.4288,0.03449,1,-0.0193,-0.0092,-0.0003,-0.03,0.0,0.0
59,34,South,SelfEmployed,Manufacturing,2025Q3,95149.03,680.0,39.29,65.89,49.77,280217.82,0.3123,0.16038,0,0.0417,-0.0546,-0.0021,0.0268,0.0,0.0407
60,55,East,Business,Retail,2025Q3,102939.17,686.0,24.94,33.19,59.28,159834.95,0.3466,0.04226,0,-0.0128,-0.0191,-0.0139,-0.0089,0.0,0.0
61,25,South,Business,Construction,2025Q3,69954.69,673.0,,64.9,19.28,215457.86,0.3483,0.12849,0,0.044,-0.0273,-0.0779,0.0163,0.0,0.0
62,40,North,Business,Construction,2025Q3,99675.89,820.0,41.3,22.26,79.1,122073.73,0.3564,0.01861,0,0.0023,-0.0892,0.0005,-0.007,0.0,0.0
63,46,East,Business,Transport,2025Q3,104406.09,603.0,43.32,38.63,32.54,232010.35,0.3504,0.15633,0,-0.0041,0.0636,0.0095,-0.0208,0.0,0.0
64,50,North,SelfEmployed,Healthcare,2025Q3,66496.25,,44.31,74.31,41.22,191573.09,0.2679,0.30335,0,-0.0308,0.115,0.0182,0.0588,0.0,0.0604
65,52,West,Business,Retail,2025Q3,122823.61,638.0,22.16,18.92,80.0,271795.6,0.3221,0.05675,0,-0.0135,0.0079,-0.0263,-0.0277,0.0072,0.0
66,53,North,SelfEmployed,IT,2025Q3,84412.68,778.0,44.35,44.28,71.39,155016.58,0.3687,0.04366,0,-0.0088,-0.0984,0.003,-0.0025,0.0,0.0093
67,40,East,Salaried,Construction,2025Q3,102700.32,621.0,35.14,54.41,61.75,150557.95,0.3742,0.19933,0,0.018,0.0385,-0.0135,0.007,0.0,-0.0168
68,39,West,SelfEmployed,Manufacturing,2025Q3,55196.12,689.0,51.83,32.18,25.84,141445.54,0.3675,0.11351,0,0.0197,-0.0619,0.0271,-0.0287,0.0143,0.0335
69,53,East,Business,Manufacturing,2025Q3,104513.18,733.0,22.4,53.32,47.89,151352.35,0.4196,0.03364,0,-0.0078,-0.0445,-0.013,0.0012,0.0,0.0
70,42,East,Business,IT,2025Q3,85558.82,713.0,56.4,48.34,55.68,105130.75,0.3398,0.08386,1,0.007,-0.0787,0.0248,-0.0017,0.0,0.0
71,30,East,Salaried,Manufacturing,2025Q3,27545.78,,62.16,59.76,57.13,43545.47,0.3934,0.12484,0,0.0388,-0.1281,0.0406,0.0121,0.0,-0.0136
72,32,North,Business,Manufacturing,2025Q3,91747.74,756.0,39.86,88.53,82.83,164022.28,0.5613,0.09048,0,0.0262,-0.1531,-0.0002,0.0319,0.0,0.0
73,34,East,Business,Manufacturing,2025Q3,47069.13,681.0,44.46,100.0,99.89,58787.86,0.3862,0.17724,0,0.0475,-0.0631,0.0147,0.0844,0.0,0.0
74,49,West,Salaried,Transport,2025Q3,74950.0,629.0,50.54,58.19,72.3,238627.88,0.4184,0.21344,0,-0.0171,0.0315,0.0289,0.014,0.017,-0.0183
75,46,West,Business,Construction,2025Q3,112376.96,670.0,21.59,45.57,49.31,222231.49,0.4509,0.07401,0,-0.002,-0.0169,-0.0302,-0.0038,0.008,0.0
76,52,South,Business,Healthcare,2025Q3,88359.35,637.0,30.22,57.7,84.29,251733.91,0.3666,0.10058,0,-0.0205,0.0131,-0.0204,0.0086,0.0,0.0
77,39,South,Salaried,IT,2025Q3,54932.79,831.0,40.95,42.89,48.21,150436.59,0.3168,0.01911,0,0.0028,-0.1039,0.0003,-0.0016,0.0,-0.0023
78,46,East,Salaried,IT,2025Q3,91906.42,624.0,70.43,13.08,7.53,246266.3,0.429,0.14147,1,-0.0038,0.0351,0.0667,-0.0693,0.0,-0.0169
79,51,East,Salaried,Transport,2025Q3,77508.68,693.0,18.86,46.98,35.01,90585.21,0.428,0.03905,0,-0.007,-0.0228,-0.0199,-0.0014,0.0,-0.0049
80,41,North,Business,IT,2025Q3,80708.93,558.0,64.2,71.81,12.56,188923.32,0.3853,0.39867,0,0.0279,0.2288,0.1174,0.0646,0.0,0.0
81,49,North,Business,Retail,2025Q3,118149.86,669.0,34.91,15.78,52.32,109298.61,0.4655,0.03888,0,-0.0065,-0.0126,-0.0058,-0.027,0.0,0.0
82,37,North,Business,Transport,2025Q3,63388.98,640.0,37.45,26.34,56.43,74626.26,0.5547,0.10664,0,0.0224,0.0115,-0.0057,-0.0344,0.0,0.0
83,40,South,Salaried,Construction,2025Q3,63827.07,706.0,57.49,35.2,28.15,65347.99,0.2549,0.07801,0,0.0103,-0.0619,0.0236,-0.0149,0.0,-0.0098
84,40,North,Salaried,Manufacturing,2025Q3,87696.05,708.0,70.34,56.19,42.92,187124.93,0.4385,0.09947,0,0.0152,-0.0913,0.0553,0.0083,0.0,-0.0143
85,31,North,Business,Construction,2025Q3,56824.95,756.0,44.77,100.0,31.47,131273.71,0.3831,0.10735,0,0.0346,-0.1806,0.0094,0.0489,0.0,0.0
86,49,North,Business,Transport,2025Q3,127156.25,751.0,56.64,30.2,57.46,172006.51,0.3684,0.04016,0,-0.005,-0.0787,0.0121,-0.0112,0.0,0.0
87,39,West,SelfEmployed,Healthcare,2025Q3,75296.75,655.0,23.28,50.01,42.93,226150.26,0.4519,0.14649,0,0.0199,-0.0071,-0.0473,0.0,0.0145,0.034
88,44,North,Salaried,Manufacturing,2025Q3,91441.49,596.0,29.53,48.13,80.2,277300.91,0.5567,0.17232,0,0.0037,0.0638,-0.0298,-0.003,0.0,-0.0166
89,49,North,Salaried,Construction,2025Q3,95903.83,604.0,16.36,41.37,63.39,247283.75,0.4642,0.12519,0,-0.0101,0.0355,-0.0492,-0.0093,0.0,-0.0108
90,49,South,Salaried,Construction,2025Q3,77458.82,681.0,29.75,46.95,92.1,174803.08,0.4934,0.06371,1,-0.0066,-0.0221,-0.0125,-0.0021,0.0,-0.0071
91,51,North,Business,Manufacturing,2025Q3,88377.78,671.0,,37.78,50.9,168426.92,0.417,0.07365,0,-0.0143,-0.0201,0.0105,-0.0123,0.0,0.0
92,43,West,Business,Transport,2025Q3,89026.64,678.0,41.39,100.0,100.0,144432.51,0.4469,0.20846,0,0.0084,-0.0518,0.0042,0.0757,0.0177,0.0
93,39,West,Salaried,Construction,2025Q3,84028.32,624.0,65.63,64.49,60.05,151896.63,0.3931,0.36415,0,0.0346,0.0574,0.0975,0.0358,0.025,-0.0261
94,43,South,Business,Manufacturing,2025Q3,72044.35,758.0,70.88,37.96,49.43,54958.87,0.3927,0.05676,0,0.0035,-0.126,0.0304,-0.0098,0.0,0.0
95,25,South,Salaried,Retail,2025Q3,36941.35,560.0,35.82,74.04,100.0,109730.05,0.4372,0.37596,1,0.1277,0.2086,-0.0205,0.0683,0.0,-0.0295
96,28,South,Business,Retail,2025Q3,103015.65,620.0,27.13,53.65,23.43,211955.45,0.4465,0.16612,0,0.0668,0.0485,-0.0451,0.007,0.0,0.0
97,29,North,Business,Construction,2025Q3,63972.61,587.0,56.56,49.27,48.95,94192.9,0.3171,0.35705,1,0.0987,0.1456,0.0745,-0.0021,0.0,0.0
98,33,North,SelfEmployed,IT,2025Q3,80173.51,646.0,58.23,44.0,26.7,101519.18,0.3397,0.28695,0,0.0615,0.0087,0.0662,-0.0145,0.0,0.0554
99,48,North,Salaried,Transport,2025Q3,75660.32,745.0,45.06,42.5,23.23,132353.74,0.4893,0.05113,0,-0.0033,-0.0654,0.0037,-0.0036,0.0,-0.0048
100,34,North,Salaried,Manufacturing,2025Q3,63858.42,640.0,49.29,21.16,18.66,80600.79,0.5425,0.16087,0,0.0332,0.0128,0.021,-0.0472,0.0,-0.0151
101,40,East,SelfEmployed,Transport,2025Q3,105847.01,667.0,46.79,11.18,72.34,314311.12,0.283,0.12372,1,0.0136,-0.0207,0.0133,-0.0571,0.0,0.0275
102,58,North,SelfEmployed,Construction,2025Q3,94766.95,705.0,22.18,56.16,33.42,251231.02,0.3629,0.05249,0,-0.0212,-0.0393,-0.0207,0.0035,0.0,0.013
103,40,North,SelfEmployed,Transport,2025Q3,73677.13,637.0,18.5,43.77,54.9,164158.68,0.3722,0.14169,0,0.0154,0.0157,-0.0579,-0.0089,0.0,0.031
104,52,South,Business,Transport,2025Q3,93045.12,686.0,37.19,67.3,77.84,211597.87,0.4352,0.09034,0,-0.0163,-0.0359,-0.0044,0.0146,0.0,0.0
105,34,South,Salaried,Manufacturing,2025Q3,57637.75,677.0,34.79,28.42,69.27,188697.13,0.4113,0.10087,0,0.0203,-0.0252,-0.0081,-0.0216,0.0,-0.0094
106,42,North,Salaried,Manufacturing,2025Q3,61838.37,583.0,42.43,23.85,68.28,60484.42,0.5054,0.17976,0,0.0121,0.0851,0.0071,-0.0511,0.0,-0.0184
107,34,North,Salaried,Construction,2025Q3,57709.96,628.0,35.9,65.08,84.28,106430.82,0.3271,0.20199,0,0.0438,0.0351,-0.0132,0.0268,0.0,-0.0195
108,40,North,SelfEmployed,IT,2025Q3,110037.78,684.0,10.75,41.5,92.19,247530.2,0.4436,0.06633,0,0.0087,-0.029,-0.0497,-0.007,0.0,0.0174
109,53,North,Salaried,Construction,2025Q3,96606.8,747.0,4.2,66.83,34.97,300284.9,0.3668,0.02074,0,-0.005,-0.0366,-0.0204,0.0037,0.0,-0.0025
110,25,East,Business,Transport,2025Q3,67386.46,747.0,49.8,48.74,69.66,129601.27,0.3346,0.0893,0,0.0377,-0.1367,0.0153,-0.0013,0.0,0.0
111,49,West,SelfEmployed,Healthcare,2025Q3,105869.8,802.0,27.4,89.31,54.56,137286.33,0.4096,0.03528,0,-0.0049,-0.151,-0.0117,0.0159,0.0047,0.0109
112,47,South,SelfEmployed,Manufacturing,2025Q3,57830.51,693.0,34.29,64.63,57.07,79763.29,0.3927,0.12342,1,-0.0055,-0.0544,-0.0114,0.0157,0.0,0.0256
113,37,South,SelfEmployed,Transport,2025Q3,102162.21,632.0,29.07,57.01,29.77,310595.45,0.4257,0.25075,0,0.034,0.0303,-0.0378,0.0133,0.0,0.0444
114,28,East,SelfEmployed,IT,2025Q3,92612.8,656.0,23.39,65.6,49.36,106745.4,0.5323,0.19913,0,0.0656,-0.0108,-0.0585,0.0283,0.0,0.0438
115,45,East,Business,Healthcare,2025Q3,131854.01,652.0,22.96,42.0,51.55,104712.54,0.4325,0.08714,1,0.0,-0.0017,-0.0297,-0.0076,0.0,0.0
116,38,North,Salaried,Construction,2025Q3,88507.93,632.0,54.32,11.86,88.61,247662.38,0.5894,0.15549,0,0.0215,0.0217,0.0303,-0.0633,0.0,-0.0147
117,47,North,SelfEmployed,Transport,2025Q3,94270.22,,34.17,55.94,36.89,295720.6,0.2285,0.10219,1,-0.0054,-0.0433,-0.0114,0.0065,0.0,0.0249
118,44,South,Salaried,Construction,2025Q3,98940.53,689.0,48.16,90.71,12.29,178448.67,0.4131,0.14367,0,0.0033,-0.0598,0.0185,0.049,0.0,-0.015
119,62,East,Salaried,Manufacturing,2025Q3,80635.43,,50.31,0.0,59.88,90200.2,0.3631,0.09896,0,-0.0528,0.0523,0.0175,-0.0697,0.0,-0.0116
120,41,North,SelfEmployed,Transport,2025Q3,73882.5,,43.07,58.32,34.86,147063.81,0.3239,0.0832,0,0.0089,-0.1105,0.005,0.0079,0.0,0.022
121,33,North,Business,Construction,2025Q3,79643.59,535.0,50.83,14.23,57.21,38269.51,0.4153,0.38515,1,0.0736,0.2245,0.0485,-0.1038,0.0,0.0
122,46,South,Business,IT,2025Q3,117139.87,645.0,38.23,47.49,73.22,88771.12,0.5031,0.13053,0,-0.003,0.0057,-0.0038,-0.0032,0.0,0.0
123,46,North,Salaried,Healthcare,2025Q3,62094.19,738.0,59.82,49.75,58.0,113909.73,0.3642,0.0754,0,-0.0017,-0.0893,0.0202,-0.0002,0.0,-0.0076
124,59,South,Business,Healthcare,2025Q3,86882.89,701.0,51.17,64.43,51.38,248890.02,0.3183,0.07537,0,-0.0323,-0.0496,0.0142,0.0112,0.0,0.0
125,53,East,SelfEmployed,Healthcare,2025Q3,96057.69,636.0,53.3,52.62,56.87,88649.5,0.4852,0.16267,0,-0.0375,0.023,0.0383,0.0049,0.0,0.0427
126,48,South,Business,Construction,2025Q3,107215.55,794.0,22.98,78.22,76.95,250373.65,0.2825,0.03166,0,-0.0022,-0.0894,-0.0102,0.0074,0.0,0.0
127,60,North,Salaried,Manufacturing,2025Q3,77444.55,,42.21,73.66,36.91,100619.19,0.5683,0.11164,0,-0.0537,0.0222,0.0048,0.028,0.0,-0.0138
128,31,North,Business,Transport,2025Q3,91067.52,524.0,8.64,43.67,74.57,90590.4,0.3683,0.26689,0,0.0744,0.1998,-0.1441,-0.016,0.0,0.0
129,37,East,Business,IT,2025Q3,109031.19,691.0,60.42,72.08,39.91,150512.91,0.3902,0.16807,0,0.031,-0.0768,0.0531,0.0362,0.0,0.0
130,34,South,Business,Construction,2025Q3,103308.31,539.0,28.03,41.12,72.04,68347.36,0.6203,0.25335,1,0.0627,0.1967,-0.0539,-0.0235,0.0,0.0
131,40,North,Salaried,IT,2025Q3,78459.27,603.0,30.24,37.33,29.14,82572.56,0.418,0.14192,1,0.0167,0.0537,-0.0262,-0.0201,0.0,-0.0157
132,29,North,Business,Healthcare,2025Q3,75569.24,702.0,16.12,21.5,70.85,75833.35,0.4432,0.0583,0,0.0183,-0.0369,-0.0295,-0.0198,0.0,0.0
133,51,East,Salaried,Manufacturing,2025Q3,113241.23,629.0,37.42,76.86,57.96,132981.84,0.4261,0.14012,0,-0.0227,0.0271,-0.0067,0.0366,0.0,-0.0159
134,42,East,Salaried,IT,2025Q3,74177.27,699.0,33.71,41.4,61.93,103220.29,0.4102,0.07494,0,0.0046,-0.0386,-0.0075,-0.0061,0.0,-0.0071
135,28,West,SelfEmployed,IT,2025Q3,86226.38,581.0,67.16,0.0,79.18,44359.64,0.3862,0.46952,1,0.1088,0.1652,0.1229,-0.1488,0.0288,0.0704
136,33,East,Salaried,Construction,2025Q3,101049.07,718.0,51.75,59.93,43.58,63850.36,0.44,0.12263,0,0.028,-0.0946,0.0204,0.0108,0.0,-0.012
137,47,South,Business,Manufacturing,2025Q3,108434.83,545.0,29.77,38.45,59.5,260188.15,0.5704,0.17617,0,-0.0101,0.1454,-0.0385,-0.0256,0.0,0.0
138,53,South,Business,Manufacturing,2025Q3,80852.36,750.0,11.34,41.43,66.07,199333.74,0.2371,0.02432,0,-0.0046,-0.0358,-0.0141,-0.002,0.0,0.0
139,66,North,Salaried,Manufacturing,2025Q3,73197.59,628.0,2.0,42.85,54.02,122474.94,0.3613,0.03542,0,-0.0276,0.0077,-0.0388,-0.0032,0.0,-0.0045
140,75,East,Salaried,Manufacturing,2025Q3,98242.67,764.0,21.58,40.6,74.34,302532.9,0.3434,0.01283,0,-0.0123,-0.0231,-0.0042,-0.0011,0.0,-0.0012
141,49,East,Salaried,Healthcare,2025Q3,92970.98,603.0,16.7,100.0,66.6,134883.29,0.373,0.1625,0,-0.017,0.0636,-0.0785,0.0717,0.0,-0.0182
142,33,North,Salaried,Retail,2025Q3,73806.15,791.0,43.58,84.58,48.4,198845.5,0.4296,0.05606,0,0.0157,-0.1657,0.0038,0.0187,0.0,-0.0068
143,21,West,Salaried,Manufacturing,2025Q3,94727.48,595.0,35.68,63.38,85.21,153211.16,0.3983,0.35831,1,0.1355,0.1238,-0.02,0.0358,0.027,-0.0279
144,47,South,Business,Manufacturing,2025Q3,101231.01,538.0,38.28,53.31,71.24,143922.5,0.4732,0.28161,0,-0.0122,0.1976,-0.0075,0.0085,0.0,0.0
145,35,North,Salaried,IT,2025Q3,61706.06,663.0,22.82,72.83,43.15,76485.14,0.5422,0.09159,1,0.0264,-0.0158,-0.041,0.0258,0.0,-0.0132
146,39,South,Salaried,Retail,2025Q3,50799.84,744.0,,53.36,42.95,54777.59,0.251,0.03494,0,0.0078,-0.0827,0.0004,0.002,0.0,-0.0063
147,37,West,Salaried,IT,2025Q3,90647.87,714.0,15.27,65.95,55.61,232696.82,0.4305,0.0996,0,0.0116,-0.0551,-0.0353,0.0101,0.0065,-0.0073
148,42,West,Salaried,IT,2025Q3,73790.9,739.0,36.59,60.28,68.95,52839.53,0.3865,0.04351,0,0.0044,-0.0827,-0.0038,0.0064,0.0062,-0.0069
149,56,South,SelfEmployed,IT,2025Q3,67389.48,,51.28,50.82,15.73,174053.69,0.3952,0.06091,0,-0.0259,-0.0712,0.0152,0.0007,0.0,0.0196
150,46,West,SelfEmployed,Manufacturing,2025Q3,85900.69,604.0,32.15,68.69,43.99,98546.42,0.3712,0.29281,0,-0.0056,0.0881,-0.0322,0.0421,0.0231,0.0552
151,42,West,Salaried,Construction,2025Q3,55976.71,,45.1,38.76,48.45,96680.32,0.3754,0.05535,0,0.0053,-0.0599,0.0064,-0.0094,0.0075,-0.0083
152,33,East,Salaried,IT,2025Q3,58138.52,666.0,6.37,49.29,31.25,100297.96,0.4213,0.05311,0,0.0189,-0.0123,-0.0583,-0.0006,0.0,-0.0082
153,26,West,Salaried,Construction,2025Q3,59611.46,612.0,,26.45,39.56,209866.18,0.4261,0.07599,0,0.0463,0.038,-0.0959,-0.0335,0.0122,-0.0134
154,39,South,Business,Transport,2025Q3,69906.8,672.0,43.24,28.99,62.75,84357.32,0.4756,0.10353,0,0.014,-0.0237,0.0056,-0.0248,0.0,0.0
155,43,East,Business,Healthcare,2025Q3,81022.76,656.0,54.75,0.0,50.22,124016.45,0.3379,0.07888,0,0.0047,-0.0058,0.0223,-0.065,0.0,0.0
156,63,East,Business,Manufacturing,2025Q3,94405.84,756.0,34.19,58.04,51.79,206305.96,0.2787,0.02864,0,-0.0161,-0.0521,-0.0031,0.0023,0.0,0.0
157,45,East,Business,Construction,2025Q3,78688.79,625.0,72.32,64.09,32.43,126336.37,0.2758,0.2946,0,0.0,0.0541,0.1159,0.0341,0.0,0.0
158,55,North,Salaried,Healthcare,2025Q3,67455.63,622.0,14.91,71.88,55.73,131543.85,0.4486,0.09399,0,-0.0264,0.0229,-0.0517,0.0198,0.0,-0.0106
159,39,East,Business,Healthcare,2025Q3,77510.24,612.0,27.12,23.75,29.92,30621.37,0.5013,0.1173,0,0.0174,0.0393,-0.0312,-0.039,0.0,0.0
160,31,West,Business,Construction,2025Q3,62895.43,789.0,40.24,57.68,89.18,190630.69,0.285,0.05119,0,0.0168,-0.1537,0.0002,0.0045,0.0058,0.0
161,33,South,Business,IT,2025Q3,91358.51,,45.43,47.98,94.87,235446.68,0.3384,0.21137,0,0.0558,0.0614,0.0192,-0.0044,0.0,0.0
162,36,West,SelfEmployed,Healthcare,2025Q3,80114.4,748.0,28.66,64.23,50.54,83837.63,0.5443,0.07202,0,0.0171,-0.1262,-0.0188,0.012,0.0086,0.02
163,67,South,Salaried,Construction,2025Q3,117904.87,590.0,21.05,33.67,37.55,288333.41,0.5507,0.05743,0,-0.0517,0.0321,-0.0287,-0.0137,0.0,-0.0081
164,35,North,Business,Manufacturing,2025Q3,116560.66,694.0,47.92,40.6,77.09,83896.32,0.5188,0.13754,1,0.0242,-0.0563,0.0144,-0.0114,0.0,0.0
165,53,North,Business,IT,2025Q3,110991.85,,40.13,13.82,71.85,291659.45,0.4456,0.04811,0,-0.0121,-0.0173,0.0001,-0.0258,0.0,0.0
166,34,East,Business,Healthcare,2025Q3,89792.57,744.0,32.49,32.23,97.49,98050.49,0.451,0.03086,0,0.0117,-0.073,-0.007,-0.0102,0.0,0.0
167,54,East,Business,IT,2025Q3,113026.07,734.0,45.98,48.07,100.0,155588.51,0.3751,0.0482,0,-0.0124,-0.0624,0.005,-0.001,0.0,0.0
168,48,South,Salaried,Construction,2025Q3,87698.6,666.0,35.82,51.83,19.46,237327.17,0.308,0.07335,0,-0.0067,-0.0145,-0.0066,0.0017,0.0,-0.0097
169,42,East,Business,Retail,2025Q3,89803.59,,35.76,10.91,83.17,105049.85,0.3271,0.10613,0,0.0078,0.0252,-0.0084,-0.0537,0.0,0.0
170,44,South,SelfEmployed,Construction,2025Q3,83172.14,770.0,35.17,36.75,55.55,248406.95,0.3858,0.03747,0,0.001,-0.0934,-0.0038,-0.0065,0.0,0.0099
171,37,South,Business,IT,2025Q3,66009.94,617.0,24.86,51.53,70.98,188548.88,0.5131,0.20114,0,0.0281,0.0433,-0.0453,0.0025,0.0,0.0
172,49,West,Salaried,Construction,2025Q3,95300.55,506.0,23.24,78.98,75.56,148944.63,0.4645,0.36947,0,-0.0269,0.2716,-0.0818,0.0785,0.028,-0.0288
173,39,East,Salaried,Transport,2025Q3,70636.69,534.0,29.59,29.41,74.72,59132.95,0.5168,0.28204,0,0.0304,0.1668,-0.0413,-0.0495,0.0,-0.0234
174,31,East,Business,Healthcare,2025Q3,105091.34,550.0,38.51,58.78,80.01,254289.51,0.4553,0.4367,0,0.09,0.2205,-0.0072,0.0251,0.0,0.0
175,30,East,Business,Manufacturing,2025Q3,94572.45,701.0,8.06,35.65,48.79,194860.91,0.434,0.04117,0,0.0172,-0.0357,-0.0422,-0.0092,0.0,0.0
176,46,West,Salaried,IT,2025Q3,66232.87,811.0,53.12,38.19,40.94,112413.49,0.4328,0.02674,0,-0.0007,-0.1091,0.0059,-0.0038,0.0029,-0.0032
177,61,North,Salaried,Manufacturing,2025Q3,113440.44,,38.3,28.69,83.74,225852.26,0.5791,0.17869,0,-0.0811,0.1427,-0.0055,-0.044,0.0,-0.0199
178,46,North,Business,IT,2025Q3,46406.64,607.0,20.96,25.02,42.57,99918.62,0.4654,0.08294,0,-0.0026,0.0356,-0.0402,-0.0307,0.0,0.0
179,43,North,Business,Healthcare,2025Q3,124544.06,666.0,63.87,37.55,97.23,228893.8,0.5771,0.12359,0,0.007,-0.0237,0.051,-0.02,0.0,0.0
180,47,East,Business,IT,2025Q3,69307.99,765.0,38.67,71.06,44.71,174443.23,0.3686,0.0523,0,-0.0025,-0.0989,-0.0012,0.0098,0.0,0.0
181,58,East,Business,Manufacturing,2025Q3,112212.02,606.0,16.64,31.39,52.38,205636.13,0.5488,0.11458,0,-0.0293,0.0272,-0.0393,-0.0169,0.0,0.0
182,46,East,Salaried,Construction,2025Q3,85193.49,700.0,63.15,27.96,56.19,265151.99,0.4566,0.0695,0,-0.0021,-0.0507,0.0279,-0.0216,0.0,-0.0092
183,39,South,SelfEmployed,Manufacturing,2025Q3,99426.9,643.0,59.68,52.6,29.18,178448.41,0.2835,0.28062,0,0.032,0.015,0.0708,0.0061,0.0,0.0553
184,56,North,Business,Manufacturing,2025Q3,95583.46,837.0,23.46,48.11,29.24,108653.79,0.4751,0.01,0,-0.0033,-0.0591,-0.0036,-0.0002,0.0,0.0
185,49,East,Business,Construction,2025Q3,56580.67,670.0,32.83,46.5,78.24,184713.55,0.347,0.07157,0,-0.0085,-0.0174,-0.011,-0.0031,0.0,0.0
186,61,West,Business,Retail,2025Q3,100108.82,684.0,30.68,53.59,25.6,324635.31,0.3957,0.07297,0,-0.0297,-0.024,-0.011,0.0023,0.0062,0.0
187,46,North,Salaried,Healthcare,2025Q3,73555.08,666.0,7.77,25.79,100.0,231783.42,0.4918,0.05659,0,-0.0011,-0.0071,-0.0326,-0.0124,0.0,-0.0047
188,31,North,Salaried,Transport,2025Q3,27114.54,632.0,,28.22,58.12,28089.92,0.3742,0.14369,1,0.0453,0.0245,0.0083,-0.0378,0.0,-0.0166
189,29,North,Business,Manufacturing,2025Q3,78016.69,725.0,51.52,69.7,39.41,136276.68,0.3956,0.17537,0,0.0442,-0.1274,0.0247,0.0253,0.0,0.0
190,62,South,Salaried,Transport,2025Q3,72534.67,581.0,48.51,44.79,68.4,49586.7,0.5042,0.14458,1,-0.0737,0.0769,0.0213,-0.0085,0.0,-0.0166
191,63,North,SelfEmployed,Healthcare,2025Q3,112483.53,524.0,38.52,61.12,10.76,299692.27,0.4058,0.30179,1,-0.1202,0.2258,-0.0067,0.0293,0.0,0.0638
192,42,South,SelfEmployed,Retail,2025Q3,77470.56,650.0,53.07,74.93,53.33,188647.08,0.4086,0.26298,1,0.0161,0.0,0.0481,0.0545,0.0,0.0546
193,40,East,Business,Construction,2025Q3,122399.71,715.0,19.83,66.61,55.89,158496.7,0.3765,0.07092,0,0.0076,-0.0565,-0.0277,0.0105,0.0,0.0
194,60,South,Salaried,Retail,2025Q3,85488.78,621.0,67.09,17.86,34.68,53385.78,0.5148,0.11572,0,-0.051,0.0293,0.0457,-0.0463,0.0,-0.013
195,32,South,Business,Transport,2025Q3,87647.04,673.0,25.65,45.44,47.36,244172.39,0.5449,0.11426,0,0.0287,-0.0255,-0.0293,-0.0051,0.0,0.0
196,34,North,Salaried,Construction,2025Q3,62864.71,577.0,27.42,70.9,90.52,134651.11,0.365,0.28516,0,0.0573,0.1305,-0.0531,0.0473,0.0,-0.0247
197,51,West,Business,IT,2025Q3,67781.17,732.0,28.8,59.5,63.67,104480.99,0.405,0.05916,0,-0.0081,-0.0613,-0.0111,0.0048,0.0051,0.0
198,40,South,Business,Retail,2025Q3,83415.17,704.0,27.63,52.05,67.99,67014.53,0.3667,0.07369,0,0.0083,-0.0484,-0.0173,0.0015,0.0,0.0
199,44,South,Salaried,IT,2025Q3,89261.44,661.0,,11.93,44.26,57909.73,0.4261,0.07974,0,0.0016,-0.0074,-0.0062,-0.0324,0.0,-0.0073
200,42,North,SelfEmployed,Construction,2025Q3,92735.82,671.0,34.3,34.44,33.53,125378.57,0.5615,0.09517,1,0.0079,-0.0246,-0.0116,-0.0195,0.0,0.026
201,48,East,Salaried,Transport,2025Q3,74021.18,565.0,40.07,49.53,55.18,65074.47,0.4876,0.221,0,-0.0151,0.1238,0.0002,-0.001,0.0,-0.0218
202,59,West,Business,Manufacturing,2025Q3,77978.39,568.0,24.9,16.63,10.85,74152.91,0.4112,0.11684,1,-0.0469,0.0659,-0.0349,-0.0481,0.0118,0.0
203,45,North,Salaried,IT,2025Q3,88200.25,652.0,,65.46,38.06,172094.94,0.3173,0.11438,0,0.0,-0.0025,0.0015,0.0197,0.0,-0.0143
204,51,North,SelfEmployed,Healthcare,2025Q3,97550.76,695.0,20.55,45.41,34.95,125214.57,0.4917,0.05029,0,-0.0102,-0.0346,-0.026,-0.0032,0.0,0.0148
205,21,North,Business,Manufacturing,2025Q3,85181.4,698.0,49.72,4.45,19.22,256341.97,0.374,0.11013,0,0.0479,-0.0602,0.0167,-0.0628,0.0,0.0
206,43,East,Business,Manufacturing,2025Q3,84865.98,635.0,49.52,35.53,72.98,204849.53,0.3707,0.16903,0,0.0071,0.0202,0.0231,-0.0239,0.0,0.0
207,35,West,SelfEmployed,IT,2025Q3,45281.25,711.0,37.91,41.7,57.39,25168.23,0.4305,0.11485,0,0.0251,-0.0864,-0.0043,-0.0104,0.0115,0.0267
208,31,South,Business,Transport,2025Q3,88607.68,757.0,27.6,45.14,47.61,89574.72,0.4364,0.05465,0,0.0143,-0.0886,-0.0121,-0.0026,0.0,0.0
209,34,South,Business,Manufacturing,2025Q3,81535.43,654.0,42.98,79.23,73.42,137549.26,0.3966,0.1863,0,0.048,-0.0076,0.01,0.054,0.0,0.0
210,40,East,Salaried,Healthcare,2025Q3,97150.31,681.0,23.8,60.73,27.11,143207.13,0.341,0.07333,0,0.0095,-0.0284,-0.0268,0.0088,0.0,-0.0091
211,54,East,Business,Construction,2025Q3,100217.19,646.0,38.55,17.96,33.13,210929.21,0.5384,0.0582,0,-0.0185,0.0028,-0.0019,-0.0299,0.0,0.0
212,29,North,Business,IT,2025Q3,76381.6,651.0,35.57,15.23,82.35,209159.41,0.4818,0.11986,0,0.039,-0.0011,-0.0095,-0.0505,0.0,0.0
213,44,North,SelfEmployed,Transport,2025Q3,91210.58,672.0,80.08,42.13,100.0,194956.78,0.4988,0.25559,0,0.0051,-0.0468,0.1156,-0.0176,0.0,0.0503
214,39,South,Salaried,Manufacturing,2025Q3,60455.24,776.0,,50.78,73.68,72984.96,0.3548,0.03019,0,0.0036,-0.0652,-0.0124,0.0002,0.0,-0.003
215,40,East,Business,IT,2025Q3,75487.56,722.0,2.0,69.83,69.43,89124.55,0.3359,0.03436,0,0.0053,-0.0464,-0.0438,0.0086,0.0,0.0
216,55,East,Salaried,Transport,2025Q3,83837.89,716.0,27.8,86.06,48.36,65995.12,0.3618,0.05624,1,-0.0159,-0.0505,-0.0136,0.0179,0.0,-0.0063
217,50,East,Business,Manufacturing,2025Q3,79532.69,629.0,10.55,87.25,48.82,51114.52,0.313,0.149,0,-0.0155,0.0222,-0.0768,0.0395,0.0,0.0
218,59,East,Business,Healthcare,2025Q3,100076.28,599.0,26.37,38.27,64.55,152550.48,0.4186,0.08513,0,-0.0413,0.0405,-0.0274,-0.0134,0.0,0.0
219,42,North,Business,Transport,2025Q3,123812.1,686.0,17.24,68.56,87.46,86601.62,0.3609,0.06198,0,0.0057,-0.033,-0.0389,0.0143,0.0,0.0
220,36,South,Salaried,Manufacturing,2025Q3,87267.41,745.0,,57.36,68.53,135891.24,0.388,0.03326,0,0.0092,-0.0702,-0.0158,0.0035,0.0,-0.0052
221,42,North,Salaried,Healthcare,2025Q3,79444.68,777.0,20.96,24.0,79.16,75336.06,0.387,0.01864,0,0.0013,-0.0475,-0.0075,-0.006,0.0,-0.0021
222,47,West,Salaried,Transport,2025Q3,106330.19,493.0,53.41,6.47,41.68,308398.03,0.4897,0.3399,0,-0.0131,0.2753,0.06,-0.1275,0.0275,-0.0284
223,46,East,Salaried,IT,2025Q3,62651.87,826.0,37.22,51.17,72.34,45395.03,0.3191,0.01817,0,-0.0005,-0.0886,-0.0009,0.0002,0.0,-0.0021
224,32,North,Salaried,Transport,2025Q3,109727.92,688.0,55.21,15.11,46.57,232176.9,0.3191,0.09301,0,0.0274,-0.043,0.0234,-0.0431,0.0,-0.011
225,45,North,Salaried,Healthcare,2025Q3,68310.95,722.0,38.65,29.27,62.8,196166.47,0.2869,0.05659,0,0.0,-0.0458,-0.0011,-0.0111,0.0,-0.0051
226,47,East,Business,Retail,2025Q3,129468.51,542.0,52.86,32.93,72.32,389260.17,0.4809,0.34891,0,-0.0123,0.1933,0.0529,-0.0459,0.0,0.0
227,72,East,Salaried,Retail,2025Q3,136889.25,644.0,33.17,52.81,49.38,379771.89,0.4404,0.04709,0,-0.0544,0.0033,-0.0074,0.0017,0.0,-0.0065
228,65,East,Salaried,Retail,2025Q3,63041.86,716.0,63.51,76.17,39.66,132387.56,0.293,0.06748,0,-0.047,-0.0654,0.0254,0.0181,0.0,-0.0083
229,35,North,Business,Manufacturing,2025Q3,109007.66,580.0,45.54,48.28,67.25,103136.74,0.5661,0.33894,1,0.0563,0.1371,0.0231,-0.0044,0.0,0.0
230,41,West,Salaried,IT,2025Q3,67889.64,464.0,25.52,36.14,57.3,137703.38,0.5594,0.39168,0,0.0274,0.3467,-0.0721,-0.0413,0.0293,-0.0297
231,28,East,Salaried,Transport,2025Q3,51076.57,683.0,47.91,2.49,62.72,106298.84,0.3342,0.10376,0,0.0306,-0.033,0.0116,-0.0564,0.0,-0.0099
232,38,East,Salaried,Healthcare,2025Q3,79743.49,657.0,38.43,58.08,73.14,149108.64,0.4463,0.1267,1,0.0209,-0.0091,-0.0036,0.0107,0.0,-0.0143
233,47,East,SelfEmployed,Construction,2025Q3,68257.52,758.0,34.76,48.63,86.15,119901.37,0.3788,0.05368,0,-0.0026,-0.0918,-0.0049,-0.0007,0.0,0.0117
234,57,West,Salaried,IT,2025Q3,96435.95,649.0,39.54,35.91,73.27,84973.94,0.4489,0.07666,0,-0.0282,0.0008,-0.0007,-0.0132,0.0083,-0.0092
235,36,West,Salaried,Retail,2025Q3,51565.7,654.0,50.02,73.65,70.64,47016.59,0.4399,0.20553,0,0.0404,-0.0077,0.0326,0.0451,0.02,-0.0214
236,37,East,Salaried,IT,2025Q3,72587.43,707.0,4.12,21.8,49.99,143122.89,0.4613,0.02526,1,0.0056,-0.0236,-0.0282,-0.011,0.0,-0.0035
237,21,South,Salaried,Manufacturing,2025Q3,79036.53,730.0,32.38,32.93,53.06,247721.37,0.5178,0.0892,0,0.0316,-0.0805,-0.0102,-0.014,0.0,-0.0079
238,42,South,Business,Construction,2025Q3,95857.32,612.0,48.92,42.61,69.09,240882.32,0.4647,0.19601,0,0.0133,0.0598,0.0275,-0.0148,0.0,0.0
239,32,East,Salaried,Manufacturing,2025Q3,58423.75,724.0,41.97,35.63,52.74,77837.17,0.4442,0.10924,0,0.0191,-0.0714,0.0024,-0.0114,0.0,-0.0078
240,38,East,Salaried,Healthcare,2025Q3,80045.4,625.0,19.98,60.12,69.01,238122.69,0.5534,0.1358,0,0.021,0.0286,-0.0532,0.0134,0.0,-0.0144
241,34,North,Salaried,Retail,2025Q3,41383.36,661.0,2.0,58.21,43.69,92166.53,0.3806,0.06311,0,0.0182,-0.0086,-0.071,0.0064,0.0,-0.0085
242,43,North,Salaried,Construction,2025Q3,59700.51,706.0,65.21,71.12,98.59,206985.24,0.3333,0.10361,1,0.0063,-0.0883,0.0483,0.0267,0.0,-0.0145
243,25,West,Business,Healthcare,2025Q3,65855.14,717.0,35.01,59.05,63.87,181304.38,0.4578,0.14476,0,0.0475,-0.1014,-0.0109,0.011,0.0121,0.0
244,28,West,SelfEmployed,Construction,2025Q3,83463.3,682.0,62.22,45.46,62.56,196783.79,0.3185,0.25904,0,0.0822,-0.074,0.0774,-0.0108,0.0228,0.0543
245,67,West,Salaried,Healthcare,2025Q3,103704.38,587.0,50.72,40.52,50.35,321811.85,0.3849,0.16462,0,-0.0941,0.0669,0.0246,-0.0147,0.0143,-0.0155
246,30,South,Business,Construction,2025Q3,87733.0,533.0,25.3,58.02,98.26,140427.87,0.5888,0.49431,0,0.0944,0.2407,-0.0718,0.0227,0.0,0.0
247,32,East,Salaried,Transport,2025Q3,64407.11,647.0,2.0,43.81,34.93,177350.23,0.2911,0.08418,0,0.0218,0.0023,-0.073,-0.0053,0.0,-0.0088
248,64,East,Salaried,Manufacturing,2025Q3,79514.21,726.0,30.61,49.04,45.94,79897.24,0.4251,0.02721,0,-0.0172,-0.0316,-0.0051,-0.0003,0.0,-0.0032
249,75,South,Salaried,Manufacturing,2025Q3,130386.1,691.0,37.4,59.21,77.07,383459.4,0.2978,0.04387,0,-0.043,-0.0191,-0.0018,0.0036,0.0,-0.0043
250,31,North,SelfEmployed,Healthcare,2025Q3,59439.72,676.0,45.21,51.05,64.79,157437.0,0.4512,0.21713,0,0.054,-0.0486,0.0157,0.002,0.0,0.0426
251,40,West,SelfEmployed,IT,2025Q3,87642.7,660.0,20.23,54.79,48.46,95429.26,0.5706,0.11252,0,0.0158,-0.0136,-0.0539,0.0067,0.0136,0.0318
252,48,North,Salaried,Healthcare,2025Q3,77282.12,681.0,40.85,30.6,49.04,177534.11,0.3356,0.07792,0,-0.0051,-0.0232,0.001,-0.0151,0.0,-0.0074
253,63,East,Business,Manufacturing,2025Q3,117933.88,592.0,,77.69,54.18,86081.49,0.2795,0.18615,0,-0.0889,0.0788,0.0025,0.0455,0.0,0.0
254,33,East,Salaried,Construction,2025Q3,54901.23,713.0,53.78,23.65,62.04,127087.13,0.434,0.10064,0,0.021,-0.0668,0.0177,-0.026,0.0,-0.0091
255,41,East,SelfEmployed,Manufacturing,2025Q3,99948.19,718.0,33.09,57.66,91.07,265008.87,0.3535,0.09613,0,0.0086,-0.0817,-0.0118,0.0071,0.0,0.0214
256,53,North,Salaried,Healthcare,2025Q3,108609.0,636.0,45.08,37.31,72.1,153867.28,0.4177,0.12172,0,-0.0222,0.0131,0.0088,-0.0146,0.0,-0.0114
257,49,East,Salaried,IT,2025Q3,98043.82,690.0,42.61,71.81,80.47,264039.34,0.4427,0.08718,0,-0.0096,-0.0433,0.0042,0.0193,0.0,-0.0104
258,40,North,Business,Retail,2025Q3,89937.26,543.0,52.01,67.44,51.31,242143.25,0.51,0.38778,1,0.0344,0.2501,0.0586,0.0512,0.0,0.0
259,43,East,Salaried,Healthcare,2025Q3,66967.75,672.0,24.88,47.95,70.31,216280.83,0.4656,0.07716,0,0.0036,-0.0175,-0.0225,-0.0016,0.0,-0.0083
260,29,North,Business,Manufacturing,2025Q3,127998.01,651.0,2.0,82.2,28.9,407393.84,0.425,0.15306,1,0.0433,-0.0013,-0.1132,0.0382,0.0,0.0
261,41,East,Business,Manufacturing,2025Q3,70150.76,746.0,34.21,43.88,63.64,57906.08,0.4288,0.03979,0,0.0045,-0.0726,-0.0051,-0.0032,0.0,0.0
262,41,East,Business,Healthcare,2025Q3,103862.13,646.0,34.3,67.4,62.36,162588.61,0.4139,0.14985,1,0.0141,0.0057,-0.0155,0.0254,0.0,0.0
263,47,North,Salaried,Construction,2025Q3,84390.13,719.0,19.48,32.02,96.43,81237.78,0.377,0.01965,0,-0.0016,-0.031,-0.0141,-0.0067,0.0,-0.0036
264,38,North,Business,IT,2025Q3,84174.33,633.0,13.87,56.91,91.15,126359.06,0.4321,0.11561,0,0.019,0.0182,-0.0663,0.0084,0.0,0.0
265,49,East,Salaried,Transport,2025Q3,83532.93,505.0,28.8,27.49,54.83,46209.49,0.5244,0.21312,0,-0.0218,0.1889,-0.0446,-0.0544,0.0,-0.0234
266,55,North,SelfEmployed,Manufacturing,2025Q3,84416.12,,36.16,48.43,43.66,132743.77,0.3775,0.13267,0,-0.0334,0.0058,-0.0085,-0.002,0.0,0.0287
267,46,North,Business,Manufacturing,2025Q3,100187.0,673.0,39.53,46.87,44.21,293583.91,0.4366,0.09817,0,-0.0024,-0.0236,-0.0008,-0.0032,0.0,0.0
268,48,South,Business,Transport,2025Q3,100002.84,670.0,2.0,67.33,54.11,248219.21,0.3838,0.05715,0,-0.0047,-0.013,-0.0575,0.0102,0.0,0.0
269,45,West,Salaried,IT,2025Q3,124797.76,671.0,9.94,33.24,86.03,278161.53,0.3613,0.06036,1,0.0,-0.0118,-0.0364,-0.0101,0.0052,-0.0058
270,44,East,Business,Retail,2025Q3,109974.8,626.0,56.07,100.0,68.3,155496.54,0.52,0.33332,0,0.0061,0.0549,0.0661,0.1157,0.0,0.0
271,36,South,Business,Manufacturing,2025Q3,92785.89,,34.97,17.59,70.36,117864.82,0.4614,0.11705,0,0.023,0.0126,-0.0105,-0.0454,0.0,0.0
272,47,West,Business,Healthcare,2025Q3,103760.06,583.0,37.96,53.12,76.22,96318.13,0.4814,0.25078,1,-0.0104,0.1087,-0.0075,0.0068,0.0212,0.0
273,43,South,Business,Transport,2025Q3,122911.68,524.0,16.67,54.33,40.12,98623.33,0.396,0.26356,1,0.0113,0.194,-0.1035,0.0105,0.0,0.0
274,67,South,Salaried,Manufacturing,2025Q3,78932.32,653.0,37.93,59.84,45.82,202540.52,0.4067,0.07843,0,-0.05,-0.0021,-0.0026,0.007,0.0,-0.0078
275,61,South,Business,Healthcare,2025Q3,102710.81,609.0,31.99,36.66,70.4,315046.82,0.4899,0.08075,0,-0.0457,0.032,-0.0145,-0.0145,0.0,0.0
276,48,South,Salaried,Construction,2025Q3,44971.5,733.0,28.1,53.32,44.42,123722.57,0.4282,0.03958,0,-0.0031,-0.0501,-0.0094,0.0014,0.0,-0.0045
277,36,South,Salaried,Manufacturing,2025Q3,78557.93,,14.61,35.58,29.47,241711.73,0.681,0.31833,1,0.047,0.1968,-0.1112,-0.0356,0.0,-0.0244
278,32,East,Business,Healthcare,2025Q3,95167.13,680.0,24.1,89.21,38.35,87616.07,0.4346,0.12474,0,0.0399,-0.0462,-0.0443,0.0496,0.0,0.0
279,57,North,Salaried,Manufacturing,2025Q3,69479.2,804.0,69.55,34.03,81.09,87647.28,0.3204,0.01903,0,-0.0093,-0.0944,0.0106,-0.0049,0.0,-0.003
280,47,East,Business,Manufacturing,2025Q3,119231.44,648.0,32.41,44.74,52.52,139061.38,0.3934,0.08418,1,-0.0051,0.002,-0.0145,-0.0058,0.0,0.0
281,49,North,Salaried,Retail,2025Q3,67260.16,660.0,50.63,33.41,64.52,69060.48,0.3555,0.1244,0,-0.0099,-0.0097,0.0164,-0.0182,0.0,-0.0106
282,25,South,Salaried,IT,2025Q3,52435.57,,34.86,30.39,39.35,55363.35,0.3621,0.08419,0,0.0377,-0.0431,-0.009,-0.0218,0.0,-0.0106
283,54,North,Business,Construction,2025Q3,101852.19,694.0,33.01,17.18,67.59,222909.71,0.4201,0.0312,0,-0.0105,-0.0225,-0.0055,-0.0175,0.0,0.0
284,49,East,Salaried,Transport,2025Q3,108895.53,632.0,27.82,62.79,54.61,217454.8,0.3967,0.11835,0,-0.0116,0.0182,-0.0265,0.0143,0.0,-0.0125
285,32,East,Business,Healthcare,2025Q3,64452.44,591.0,59.53,33.2,68.92,179915.65,0.555,0.22473,0,0.0738,0.123,0.0787,-0.0454,0.0,0.0
286,39,South,Business,Manufacturing,2025Q3,91442.45,704.0,43.97,30.46,50.44,92887.3,0.4791,0.0628,0,0.0107,-0.0523,0.0052,-0.0177,0.0,0.0
287,47,North,Business,Manufacturing,2025Q3,107347.08,530.0,25.37,26.81,70.09,257335.47,0.5386,0.26848,0,-0.0098,0.1509,-0.0545,-0.0517,0.0,0.0
288,45,North,Salaried,Retail,2025Q3,86832.46,717.0,31.69,54.7,49.46,198117.06,0.3839,0.04357,0,0.0,-0.0502,-0.0087,0.0027,0.0,-0.0062
289,41,East,Business,IT,2025Q3,98897.22,633.0,,48.48,58.39,248781.0,0.5066,0.19592,0,0.0175,0.0286,0.0449,-0.003,0.0,0.0
290,43,North,Salaried,Healthcare,2025Q3,88507.0,660.0,2.0,48.58,54.57,149013.33,0.5059,0.05478,0,0.0027,-0.0057,-0.0531,-0.0008,0.0,-0.0063
291,41,East,Salaried,Construction,2025Q3,63014.99,624.0,42.97,31.25,60.52,33789.37,0.5643,0.14374,1,0.0127,0.0305,0.0069,-0.0289,0.0,-0.0148
292,46,South,Salaried,Construction,2025Q3,107880.04,757.0,46.6,57.58,65.58,199495.27,0.3468,0.04117,1,-0.0012,-0.0878,0.0054,0.0038,0.0,-0.0055
293,60,North,Salaried,Construction,2025Q3,88099.31,677.0,26.0,33.43,50.1,93285.38,0.419,0.04041,0,-0.0181,-0.0121,-0.0113,-0.0077,0.0,-0.0045
294,21,East,Business,Manufacturing,2025Q3,65610.73,638.0,40.47,49.54,57.61,83012.5,0.3716,0.2928,0,0.1018,0.0234,0.0017,-0.001,0.0,0.0
295,41,South,Salaried,IT,2025Q3,97257.26,636.0,46.04,44.93,63.73,108195.86,0.6435,0.12618,0,0.0136,0.0185,0.0147,-0.0079,0.0,-0.0158
296,46,North,Salaried,Retail,2025Q3,66149.8,650.0,18.3,10.85,70.15,144692.8,0.4114,0.04356,0,-0.0013,0.0,-0.0239,-0.0263,0.0,-0.0057
297,47,West,Business,Construction,2025Q3,99165.01,823.0,51.47,92.63,58.48,291311.67,0.469,0.04449,1,-0.0025,-0.1961,0.0089,0.0176,0.0049,0.0
298,40,North,Business,Manufacturing,2025Q3,74088.98,570.0,42.76,60.65,42.26,81286.34,0.468,0.34955,1,0.0297,0.1572,0.0119,0.0272,0.0,0.0
299,25,South,Salaried,IT,2025Q3,103946.24,734.0,35.55,51.96,61.73,168863.91,0.4685,0.07631,0,0.0311,-0.0955,-0.0065,0.0016,0.0,-0.0089
300,48,South,Salaried,Transport,2025Q3,120855.78,699.0,39.68,55.44,73.41,153512.75,0.4092,0.06556,0,-0.0054,-0.0426,-0.0004,0.004,0.0,-0.0079
301,63,South,Salaried,Manufacturing,2025Q3,90815.66,765.0,49.32,93.15,33.34,92552.0,0.4611,0.03187,0,-0.0255,-0.0919,0.0068,0.0164,0.0,-0.0051
302,27,East,Salaried,Transport,2025Q3,69757.43,703.0,75.06,73.01,33.57,118502.54,0.4311,0.20171,0,0.0789,-0.1204,0.1033,0.0462,0.0,-0.0224
303,54,North,Business,IT,2025Q3,99793.6,660.0,,55.67,46.76,286302.06,0.5604,0.11364,0,-0.0272,-0.0113,0.0143,0.0065,0.0,0.0
304,40,West,Business,Transport,2025Q3,80825.21,729.0,,32.42,56.15,111034.25,0.4243,0.06642,0,0.0089,-0.0845,0.0134,-0.0155,0.0077,0.0
305,43,East,Business,Retail,2025Q3,91953.37,676.0,41.1,35.89,16.06,115415.25,0.3606,0.08402,0,0.0044,-0.026,0.0018,-0.0147,0.0,0.0
306,32,West,Salaried,Healthcare,2025Q3,64169.17,711.0,68.43,8.33,71.48,190275.93,0.4476,0.09979,0,0.0285,-0.079,0.0411,-0.0552,0.0104,-0.0114
307,40,East,Business,Construction,2025Q3,59727.99,,14.54,39.9,56.35,138400.01,0.3908,0.03932,0,0.0033,-0.054,-0.0166,-0.0033,0.0,0.0
308,58,West,SelfEmployed,IT,2025Q3,101034.42,666.0,10.2,62.56,12.98,140564.69,0.343,0.06883,0,-0.0294,-0.0131,-0.0531,0.0098,0.0079,0.0183
309,50,East,Business,Construction,2025Q3,95338.73,631.0,40.45,61.94,37.74,65025.76,0.4645,0.18557,0,-0.0188,0.0249,0.0011,0.0174,0.0,0.0
310,63,South,Salaried,Construction,2025Q3,98419.61,616.0,48.56,61.56,53.99,306024.96,0.3901,0.16062,0,-0.0688,0.0371,0.0183,0.015,0.0,-0.0143
311,57,South,SelfEmployed,Transport,2025Q3,94004.68,,2.0,36.66,24.55,304353.18,0.3943,0.0387,0,-0.0128,-0.0182,-0.0357,-0.0056,0.0,0.0085
312,49,East,Salaried,Healthcare,2025Q3,73713.89,600.0,37.95,60.12,79.41,178929.03,0.4483,0.15393,0,-0.0168,0.0659,-0.006,0.0168,0.0,-0.018
313,63,South,Salaried,Construction,2025Q3,108548.38,636.0,35.11,66.13,63.74,100682.89,0.2702,0.09116,0,-0.0503,0.0117,-0.0083,0.0145,0.0,-0.0102
314,49,East,Salaried,Manufacturing,2025Q3,89796.42,594.0,49.91,0.0,73.56,232877.24,0.4126,0.11526,0,-0.0126,0.0524,0.0198,-0.0804,0.0,-0.0135
315,53,North,Salaried,Retail,2025Q3,108928.85,695.0,44.86,54.7,39.42,192472.89,0.4857,0.0934,0,-0.0154,-0.0383,0.0058,0.0034,0.0,-0.0079
316,41,East,Business,Retail,2025Q3,96905.14,609.0,9.07,93.78,68.23,70128.16,0.4265,0.19681,0,0.0163,0.0588,-0.1116,0.0668,0.0,0.0
317,45,North,Salaried,Transport,2025Q3,73043.08,573.0,20.72,41.59,46.79,78270.98,0.3023,0.14831,1,0.0,0.0812,-0.0569,-0.0136,0.0,-0.0162
318,36,West,SelfEmployed,Healthcare,2025Q3,87601.83,584.0,25.09,0.0,56.15,74026.9,0.4441,0.24436,0,0.0358,0.0881,-0.0502,-0.1094,0.0178,0.0419
319,55,North,Salaried,Transport,2025Q3,49948.96,,49.82,30.12,67.06,54701.38,0.4763,0.10559,0,-0.031,0.028,0.0181,-0.026,0.0,-0.0125
320,31,North,Salaried,Manufacturing,2025Q3,101866.24,627.0,43.99,8.08,58.6,196545.79,0.4117,0.14818,1,0.0399,0.0271,0.0091,-0.0706,0.0,-0.0147
321,53,East,SelfEmployed,Healthcare,2025Q3,96738.84,677.0,28.07,34.04,76.17,248748.81,0.3968,0.07765,1,-0.0159,-0.0217,-0.017,-0.0134,0.0,0.017
322,42,East,Business,Construction,2025Q3,128220.21,649.0,40.31,21.07,62.78,403735.64,0.3921,0.10589,0,0.0073,0.001,0.0006,-0.0359,0.0,0.0
323,57,East,SelfEmployed,Manufacturing,2025Q3,79751.79,685.0,21.07,68.48,50.74,257826.87,0.4649,0.07263,0,-0.0266,-0.0311,-0.0305,0.0138,0.0,0.0181
324,52,West,SelfEmployed,Healthcare,2025Q3,70782.38,691.0,70.79,65.13,76.86,219355.67,0.3474,0.22638,0,-0.0333,-0.0821,0.0814,0.0276,0.0186,0.0439
325,64,North,Business,Retail,2025Q3,115285.0,710.0,47.19,55.55,81.07,80679.22,0.4502,0.04543,0,-0.0326,-0.0429,0.0065,0.0031,0.0,0.0
326,52,East,Business,Transport,2025Q3,104425.63,530.0,50.58,74.98,61.75,185794.56,0.4481,0.47149,1,-0.0484,0.2588,0.0506,0.0709,0.0,0.0
327,27,South,Salaried,Retail,2025Q3,66488.41,583.0,60.03,35.56,86.72,39938.51,0.5512,0.34246,0,0.1053,0.1462,0.0855,-0.0405,0.0,-0.0279
328,43,East,Salaried,Healthcare,2025Q3,78144.87,698.0,54.26,49.62,55.29,173413.67,0.3719,0.11706,0,0.0047,-0.0558,0.0217,-0.0004,0.0,-0.0108
329,31,South,Salaried,Manufacturing,2025Q3,52693.89,674.0,38.5,96.28,57.44,42882.79,0.3302,0.22648,0,0.0544,-0.0448,-0.0048,0.073,0.0,-0.0195
330,38,North,Salaried,Manufacturing,2025Q3,43563.6,726.0,35.04,60.88,60.09,84454.83,0.4504,0.07045,0,0.0108,-0.0725,-0.0062,0.0074,0.0,-0.0076
331,61,East,Business,Transport,2025Q3,111096.71,,58.61,60.82,57.4,110422.59,0.5002,0.29584,1,-0.1014,0.1687,0.0719,0.0265,0.0,0.0
332,51,East,Salaried,Healthcare,2025Q3,58913.34,628.0,38.42,31.11,53.79,124801.14,0.4682,0.11347,0,-0.0155,0.0189,-0.0028,-0.0214,0.0,-0.0108
333,36,North,Salaried,IT,2025Q3,43713.89,640.0,26.02,38.84,45.7,99918.02,0.4987,0.11725,0,0.0218,0.0101,-0.0298,-0.0135,0.0,-0.012
334,33,West,SelfEmployed,Manufacturing,2025Q3,66948.63,671.0,69.47,25.93,40.12,89488.33,0.34,0.15402,0,0.0568,-0.0452,0.0925,-0.0573,0.0215,0.0512
335,44,East,Business,Healthcare,2025Q3,98451.86,662.0,23.03,84.98,62.22,304820.28,0.3602,0.10709,0,0.003,-0.0149,-0.0413,0.0383,0.0,0.0
336,31,North,Salaried,Construction,2025Q3,99779.67,692.0,10.24,13.72,83.97,135098.5,0.5184,0.04148,0,0.0127,-0.0222,-0.0305,-0.0206,0.0,-0.0049
337,37,East,Salaried,Retail,2025Q3,87026.67,652.0,53.88,68.11,76.28,77675.61,0.4616,0.21036,1,0.0337,-0.0036,0.0411,0.0328,0.0,-0.02
338,47,North,Salaried,Retail,2025Q3,104197.92,753.0,26.3,60.78,67.76,231867.96,0.355,0.03639,0,-0.0018,-0.0614,-0.0097,0.0038,0.0,-0.004
339,57,North,Business,Retail,2025Q3,114165.91,775.0,44.96,12.73,84.98,205266.51,0.2427,0.02343,0,-0.0069,-0.0492,0.0017,-0.0098,0.0,0.0
340,51,East,Salaried,Construction,2025Q3,88603.37,584.0,67.08,73.13,60.38,265236.51,0.3511,0.35727,0,-0.0383,0.1386,0.108,0.0586,0.0,-0.0272
341,21,North,Salaried,Transport,2025Q3,100104.23,,16.0,42.31,40.22,208950.26,0.3464,0.07667,1,0.0497,-0.0145,-0.0556,-0.0092,0.0,-0.0121
342,47,North,Salaried,Construction,2025Q3,54588.6,714.0,37.35,18.94,53.01,55715.0,0.3602,0.03841,0,-0.0021,-0.0352,-0.0019,-0.0159,0.0,-0.0045
343,45,East,Business,IT,2025Q3,84161.85,700.0,61.73,56.02,58.79,178113.41,0.4344,0.14501,0,0.0,-0.0711,0.0388,0.0074,0.0,0.0
344,49,North,Salaried,Construction,2025Q3,74166.76,632.0,48.91,29.91,49.75,215816.49,0.3245,0.11642,0,-0.0118,0.0186,0.0168,-0.0268,0.0,-0.0127
345,62,East,Salaried,IT,2025Q3,107984.03,677.0,35.12,43.49,72.2,151474.65,0.3758,0.04824,0,-0.0263,-0.0151,-0.0045,-0.0036,0.0,-0.0056
346,21,East,Business,Healthcare,2025Q3,52382.02,552.0,76.23,36.87,78.71,48310.0,0.3607,0.56907,1,0.1664,0.2614,0.1792,-0.0375,0.0,0.0
347,37,North,Business,IT,2025Q3,98141.73,659.0,36.47,28.66,25.36,298829.7,0.3906,0.12123,0,0.0191,-0.0096,-0.0068,-0.0264,0.0,0.0
348,50,South,Salaried,IT,2025Q3,91533.7,561.0,44.35,21.86,57.09,261492.97,0.6494,0.17577,0,-0.0221,0.1065,0.0128,-0.0564,0.0,-0.0188
349,27,North,Salaried,Manufacturing,2025Q3,75040.25,695.0,64.39,65.53,5.0,213044.02,0.5069,0.21753,0,0.0688,-0.0908,0.0669,0.0282,0.0,-0.0199
350,60,East,Salaried,Manufacturing,2025Q3,104414.01,,53.69,55.15,58.17,147055.03,0.4965,0.20566,0,-0.0739,0.0894,0.0392,0.0095,0.0,-0.0194
351,48,North,Business,Retail,2025Q3,121989.75,671.0,59.15,53.73,57.94,320976.06,0.3784,0.13854,1,-0.0103,-0.0297,0.0394,0.0052,0.0,0.0
352,53,West,Salaried,Transport,2025Q3,82914.23,682.0,23.61,39.99,95.52,113441.7,0.3301,0.05281,0,-0.0115,-0.0191,-0.0176,-0.0059,0.0053,-0.0059
353,38,North,Salaried,Healthcare,2025Q3,79842.84,665.0,57.65,49.13,89.53,153994.57,0.4153,0.15974,0,0.024,-0.0229,0.0408,-0.0014,0.0,-0.0164
354,53,East,SelfEmployed,Transport,2025Q3,78542.11,617.0,40.71,31.81,78.65,79136.42,0.3148,0.18465,0,-0.0313,0.0413,0.0018,-0.0304,0.0,0.0349
355,56,North,Business,Transport,2025Q3,84133.69,646.0,26.07,31.43,40.81,123162.64,0.4807,0.06955,0,-0.0205,0.0025,-0.0183,-0.0143,0.0,0.0
356,47,North,Business,Manufacturing,2025Q3,125166.92,740.0,41.55,85.63,39.65,378715.09,0.3801,0.08704,0,-0.0039,-0.1022,0.0021,0.0242,0.0,0.0
357,47,South,Salaried,Construction,2025Q3,63781.86,631.0,41.04,67.46,38.08,20000.0,0.4319,0.13893,0,-0.0075,0.0256,0.0027,0.0257,0.0,-0.0165
358,47,East,Business,IT,2025Q3,104943.62,661.0,67.89,35.65,90.53,77698.11,0.2905,0.13122,0,-0.0072,-0.016,0.0579,-0.0232,0.0,0.0
359,35,West,Business,Manufacturing,2025Q3,92158.77,622.0,44.1,15.08,41.79,209247.2,0.4413,0.17254,0,0.0361,0.0393,0.0113,-0.0677,0.0163,0.0
360,42,North,Business,IT,2025Q3,110049.66,729.0,25.51,10.58,52.29,294543.38,0.3807,0.03347,0,0.0023,-0.0379,-0.0095,-0.0169,0.0,0.0
361,42,North,Business,Manufacturing,2025Q3,59052.39,665.0,21.82,34.05,42.0,98746.27,0.3457,0.07654,0,0.0053,-0.0115,-0.0277,-0.0135,0.0,0.0
362,48,South,Salaried,Transport,2025Q3,95341.73,608.0,,50.37,34.84,257052.52,0.4602,0.13262,0,-0.011,0.0496,-0.0071,0.0006,0.0,-0.0159
363,55,South,Business,IT,2025Q3,99555.42,660.0,16.46,50.6,66.65,325643.05,0.3921,0.06519,0,-0.0171,-0.0062,-0.0313,0.0004,0.0,0.0
364,32,West,Salaried,IT,2025Q3,54101.64,644.0,26.55,51.26,63.07,168253.87,0.4532,0.1316,0,0.0396,0.008,-0.0366,0.0019,0.0143,-0.0155
365,43,West,SelfEmployed,Construction,2025Q3,78285.28,755.0,34.09,55.35,15.51,137773.2,0.4402,0.07164,0,0.0033,-0.1143,-0.0075,0.0037,0.0068,0.0158
366,60,West,Salaried,IT,2025Q3,108761.87,657.0,31.25,25.16,33.96,258976.04,0.3383,0.05373,0,-0.0247,-0.0039,-0.0092,-0.0166,0.0055,-0.0062
367,36,North,Business,Transport,2025Q3,96662.33,566.0,49.63,81.17,65.1,122604.5,0.4655,0.43834,0,0.0612,0.2044,0.047,0.0897,0.0,0.0
368,35,South,SelfEmployed,Retail,2025Q3,73297.38,,26.19,43.66,58.56,54000.41,0.4192,0.09089,0,0.0224,-0.0524,-0.0276,-0.007,0.0,0.0238
369,46,East,Business,Healthcare,2025Q3,71996.07,781.0,,54.49,51.98,58050.73,0.4811,0.01628,0,-0.0004,-0.048,-0.0175,0.0008,0.0,0.0
370,53,South,Business,Construction,2025Q3,79566.2,,11.03,33.56,72.11,136612.1,0.4629,0.01914,0,-0.0046,-0.0308,-0.0143,-0.004,0.0,0.0
371,44,East,Salaried,IT,2025Q3,89254.54,585.0,37.71,54.85,31.14,122638.62,0.4224,0.18198,0,0.0046,0.0956,-0.0077,0.0096,0.0,-0.0207
372,59,North,Business,Healthcare,2025Q3,81200.64,642.0,28.61,93.69,48.1,73771.02,0.3962,0.13597,0,-0.0491,0.0092,-0.0269,0.0466,0.0,0.0
373,53,South,SelfEmployed,Retail,2025Q3,89673.22,658.0,18.21,26.23,70.36,147099.63,0.4367,0.07764,0,-0.0148,-0.0055,-0.0316,-0.0194,0.0,0.0158
374,53,West,Salaried,Manufacturing,2025Q3,132059.3,659.0,69.34,23.46,47.01,391925.17,0.3345,0.1359,0,-0.0255,-0.0108,0.049,-0.0376,0.012,-0.0131
375,50,North,Business,Construction,2025Q3,104372.1,686.0,51.26,28.98,66.25,104974.5,0.337,0.07898,0,-0.0103,-0.0325,0.0142,-0.0195,0.0,0.0
376,70,West,SelfEmployed,Construction,2025Q3,120460.49,637.0,37.07,40.67,37.08,355397.31,0.3946,0.08798,0,-0.0793,0.0116,-0.0051,-0.01,0.0098,0.0228
377,42,South,Salaried,Manufacturing,2025Q3,54801.37,598.0,41.73,36.53,43.52,54019.91,0.2552,0.17978,1,0.0119,0.0685,0.005,-0.0247,0.0,-0.0181
378,22,North,Salaried,Retail,2025Q3,33808.57,725.0,33.76,25.11,24.36,37757.64,0.3221,0.06308,0,0.0296,-0.0714,-0.008,-0.0205,0.0,-0.0076
379,62,North,Business,IT,2025Q3,121224.8,584.0,17.94,46.91,18.86,345470.18,0.424,0.10378,0,-0.0524,0.0498,-0.048,-0.0034,0.0,0.0
380,39,North,Business,Transport,2025Q3,81117.66,605.0,54.49,82.35,50.48,52826.58,0.6637,0.39164,1,0.0373,0.1033,0.063,0.0828,0.0,0.0
381,45,South,Salaried,Healthcare,2025Q3,97725.19,583.0,51.62,44.7,69.0,195787.57,0.3994,0.2344,1,0.0,0.1079,0.0395,-0.0117,0.0,-0.0224
382,58,North,Salaried,Retail,2025Q3,90876.4,702.0,6.36,45.88,57.7,225842.58,0.4621,0.01697,0,-0.01,-0.0174,-0.0215,-0.0012,0.0,-0.0029
383,26,East,SelfEmployed,Healthcare,2025Q3,131514.53,,41.62,55.54,83.21,283829.53,0.4057,0.25689,0,0.0808,-0.0348,0.0057,0.0116,0.0,0.0489
384,30,West,Salaried,Manufacturing,2025Q3,54598.24,720.0,43.39,62.25,52.14,42916.16,0.4382,0.11777,0,0.035,-0.1011,0.0065,0.0136,0.0113,-0.0124
385,26,South,Salaried,Construction,2025Q3,66504.37,607.0,32.85,78.21,17.6,149126.5,0.3559,0.30101,1,0.0978,0.0883,-0.0306,0.0653,0.0,-0.0256
386,35,North,Salaried,Healthcare,2025Q3,53305.38,575.0,71.56,53.28,66.88,58222.39,0.3301,0.37617,1,0.0667,0.1808,0.1431,0.0096,0.0,-0.0296
387,49,South,Salaried,Construction,2025Q3,100577.44,630.0,69.82,47.94,38.43,157350.22,0.5447,0.17652,0,-0.0185,0.0328,0.0788,-0.004,0.0,-0.0198
388,50,East,Salaried,IT,2025Q3,90829.22,648.0,31.96,26.19,62.52,118790.84,0.3218,0.05934,0,-0.0093,0.0014,-0.0108,-0.0202,0.0,-0.0079
389,47,East,Salaried,Manufacturing,2025Q3,62898.58,674.0,34.43,64.28,14.29,140879.75,0.5378,0.08053,0,-0.0046,-0.0238,-0.0094,0.0129,0.0,-0.0102
390,28,North,Business,IT,2025Q3,72388.87,546.0,32.56,29.42,54.5,210012.47,0.4342,0.30704,0,0.095,0.1926,-0.0335,-0.0564,0.0,0.0
391,21,East,Business,Transport,2025Q3,96493.03,693.0,28.22,28.74,74.05,98232.6,0.3463,0.07912,0,0.0446,-0.0496,-0.0225,-0.0246,0.0,0.0
392,45,South,Business,Healthcare,2025Q3,115930.76,599.0,23.27,52.25,71.61,228397.22,0.404,0.2126,0,0.0,0.0602,-0.049,0.0035,0.0,0.0
393,39,South,Business,Retail,2025Q3,62540.88,616.0,46.11,81.91,54.99,176956.03,0.5676,0.34694,1,0.0332,0.0704,0.0244,0.0719,0.0,0.0
394,49,North,Salaried,IT,2025Q3,73612.55,740.0,69.38,63.98,58.97,122952.77,0.3401,0.08574,0,-0.0088,-0.1117,0.0347,0.0118,0.0,-0.0095
395,52,West,SelfEmployed,Manufacturing,2025Q3,125485.14,512.0,62.8,47.17,50.06,392130.1,0.4452,0.55181,1,-0.0478,0.3398,0.1135,-0.0084,0.0298,0.0748
396,46,North,Salaried,Transport,2025Q3,76290.8,682.0,50.63,26.41,54.03,103457.51,0.4943,0.1005,0,-0.002,-0.0282,0.0134,-0.022,0.0,-0.0087
397,52,North,Salaried,Transport,2025Q3,88001.61,682.0,2.0,81.49,72.54,66930.66,0.4542,0.06251,0,-0.0097,-0.0187,-0.0488,0.0144,0.0,-0.0057
398,47,North,Salaried,Manufacturing,2025Q3,98684.77,604.0,8.17,46.76,45.0,121344.38,0.6098,0.08101,0,-0.0048,0.0343,-0.0684,-0.0033,0.0,-0.0105
399,50,East,Business,Construction,2025Q3,73921.09,630.0,55.03,41.62,46.96,191524.15,0.5277,0.16446,0,-0.0196,0.0272,0.0361,-0.0139,0.0,0.0
400,36,South,Salaried,IT,2025Q3,53385.45,743.0,63.91,60.21,28.41,125092.16,0.3392,0.09337,0,0.0198,-0.1322,0.0343,0.0101,0.0,-0.011
401,42,North,Business,Transport,2025Q3,84873.42,793.0,46.86,38.14,72.93,98046.11,0.4817,0.02952,0,0.0024,-0.1025,0.0039,-0.0046,0.0,0.0
402,46,South,Salaried,Retail,2025Q3,100983.23,732.0,33.11,31.43,53.6,147488.34,0.245,0.0326,0,-0.0009,-0.0453,-0.0048,-0.008,0.0,-0.0041
403,53,East,Salaried,IT,2025Q3,103955.78,788.0,59.64,33.54,34.74,176855.38,0.4408,0.02578,0,-0.0064,-0.0831,0.0083,-0.0055,0.0,-0.0032
404,40,North,Salaried,Transport,2025Q3,86855.79,613.0,50.06,33.49,76.45,252592.02,0.3881,0.18513,0,0.0197,0.0524,0.0277,-0.031,0.0,-0.0184
405,50,West,Salaried,Construction,2025Q3,80395.12,553.0,56.2,23.2,57.98,127938.85,0.5091,0.27256,0,-0.0281,0.1546,0.0582,-0.0671,0.0227,-0.024
406,41,South,Business,Retail,2025Q3,110132.26,656.0,8.29,20.74,44.06,108203.36,0.5825,0.0672,0,0.0053,-0.0034,-0.0422,-0.0205,0.0,0.0
407,43,North,Business,Construction,2025Q3,88852.39,715.0,43.49,69.38,76.76,62118.76,0.2711,0.0793,0,0.0045,-0.0786,0.0056,0.0174,0.0,0.0
408,53,West,Business,Transport,2025Q3,111003.42,534.0,,62.71,52.08,211592.23,0.5419,0.51908,1,-0.0559,0.2736,0.1271,0.0378,0.0298,0.0
409,22,East,Business,Manufacturing,2025Q3,89116.7,597.0,46.44,29.9,27.52,40214.29,0.5133,0.2633,1,0.117,0.1076,0.0265,-0.0532,0.0,0.0
410,30,South,Salaried,Healthcare,2025Q3,95442.76,605.0,53.17,67.54,78.08,288966.35,0.4961,0.34559,0,0.0865,0.1003,0.056,0.0452,0.0,-0.0273
411,28,East,Business,Healthcare,2025Q3,77086.16,684.0,38.58,54.8,42.11,214674.2,0.3372,0.16369,0,0.048,-0.0512,-0.0034,0.0068,0.0,0.0
412,21,South,Business,IT,2025Q3,65273.02,675.0,39.7,40.88,100.0,113147.13,0.4116,0.17279,0,0.0708,-0.0402,-0.0008,-0.0152,0.0,0.0
413,37,South,Salaried,Healthcare,2025Q3,94511.36,607.0,60.44,21.03,50.0,219088.76,0.3655,0.20282,1,0.035,0.0685,0.0604,-0.0639,0.0,-0.0208
414,52,East,Salaried,Construction,2025Q3,109393.35,672.0,27.28,55.51,18.6,79443.92,0.4542,0.0663,0,-0.0126,-0.0159,-0.0168,0.0038,0.0,-0.0075
415,41,East,Salaried,IT,2025Q3,65019.26,,25.72,89.04,94.0,24560.87,0.347,0.32526,0,0.0212,0.1187,-0.059,0.0806,0.0,-0.0239
416,46,North,Salaried,Transport,2025Q3,59409.39,631.0,30.35,48.32,57.78,47913.77,0.3992,0.09897,0,-0.0027,0.0187,-0.0202,-0.002,0.0,-0.0122
417,56,East,Business,IT,2025Q3,125242.62,574.0,38.38,69.97,64.03,275355.95,0.5045,0.24735,0,-0.0588,0.1149,-0.0058,0.0395,0.0,0.0
418,59,South,Salaried,Transport,2025Q3,61448.91,650.0,12.24,43.34,66.55,53063.04,0.3689,0.05101,0,-0.0194,0.0,-0.0297,-0.0034,0.0,-0.0052
419,43,North,Business,Healthcare,2025Q3,61129.57,606.0,49.7,68.28,31.7,160641.32,0.4112,0.25607,0,0.0109,0.0843,0.0365,0.041,0.0,0.0
420,59,West,SelfEmployed,Retail,2025Q3,94170.69,707.0,35.37,44.7,15.58,189554.66,0.335,0.08372,0,-0.0274,-0.0486,-0.0057,-0.0038,0.0067,0.0155
421,45,East,Business,Transport,2025Q3,93443.91,658.0,51.66,0.0,97.99,293910.13,0.4452,0.11592,0,0.0,-0.0069,0.0161,-0.0585,0.0,0.0
422,35,East,Salaried,Manufacturing,2025Q3,48520.86,645.0,4.09,32.12,27.65,144252.3,0.4182,0.07793,0,0.0151,0.0033,-0.0597,-0.0143,0.0,-0.0077
423,37,East,Business,Transport,2025Q3,88393.56,780.0,51.72,50.91,91.67,190302.74,0.3234,0.06219,0,0.0099,-0.1337,0.0103,0.0005,0.0,0.0
424,28,East,Salaried,Construction,2025Q3,66096.46,686.0,59.39,71.82,69.44,98670.5,0.3644,0.1609,0,0.0676,-0.0726,0.0566,0.0398,0.0,-0.0204
425,34,North,Salaried,Manufacturing,2025Q3,58053.02,635.0,45.02,44.62,62.42,141127.97,0.4454,0.14198,0,0.0398,0.0224,0.0139,-0.0095,0.0,-0.0179
426,40,West,Business,Transport,2025Q3,123702.36,620.0,38.48,48.66,49.55,162592.96,0.3533,0.1944,0,0.0212,0.047,-0.0048,-0.0026,0.0183,0.0
427,53,East,Salaried,Retail,2025Q3,91535.7,580.0,51.84,35.08,100.0,131567.27,0.4485,0.17014,0,-0.0365,0.091,0.0334,-0.0288,0.0,-0.019
428,63,East,Salaried,Construction,2025Q3,113112.8,656.0,58.34,82.34,45.06,263815.82,0.4281,0.14524,1,-0.069,-0.0077,0.0366,0.0384,0.0,-0.0143
429,29,South,Salaried,Construction,2025Q3,35988.17,681.0,46.37,81.02,45.62,133909.14,0.4291,0.12176,1,0.0591,-0.0576,0.0187,0.0504,0.0,-0.019
430,48,North,Business,Construction,2025Q3,67932.85,530.0,,33.12,72.38,55445.01,0.4271,0.34212,0,-0.0185,0.207,0.0318,-0.0454,0.0,0.0
431,33,North,Business,Retail,2025Q3,89081.13,,64.51,14.64,45.46,294138.55,0.505,0.33922,0,0.0717,0.171,0.1013,-0.1011,0.0,0.0
432,49,South,Business,Transport,2025Q3,128587.44,625.0,50.18,8.24,38.69,220953.53,0.5132,0.10137,0,-0.0115,0.0243,0.0185,-0.0597,0.0,0.0
433,43,North,Salaried,Transport,2025Q3,56621.16,,25.2,61.27,57.77,127092.15,0.502,0.24665,1,0.0084,0.0865,-0.0495,0.0198,0.0,-0.019
434,24,East,SelfEmployed,Construction,2025Q3,68280.78,663.0,58.27,50.97,72.69,150063.77,0.4397,0.29247,0,0.1088,-0.0311,0.0714,0.0025,0.0,0.0595
435,54,West,Salaried,Transport,2025Q3,62468.27,672.0,36.02,30.8,96.53,141079.3,0.3057,0.04543,0,-0.0159,-0.0152,-0.0046,-0.0144,0.0064,-0.0071
436,37,South,Salaried,Healthcare,2025Q3,56464.79,,38.53,53.98,100.0,196837.23,0.5608,0.14587,1,0.0242,-0.0026,-0.0035,0.0055,0.0,-0.0147
437,38,South,Business,Manufacturing,2025Q3,88776.0,697.0,39.71,20.93,23.13,146476.3,0.4157,0.07197,0,0.0113,-0.0408,-0.0004,-0.0256,0.0,0.0
438,32,East,Business,IT,2025Q3,71033.0,620.0,53.5,65.49,79.8,183545.43,0.4629,0.30334,0,0.0721,0.0659,0.0546,0.0383,0.0,0.0
439,37,North,Business,Healthcare,2025Q3,60900.57,657.0,65.98,39.59,39.27,126540.11,0.3686,0.27188,0,0.033,-0.0124,0.0695,-0.0205,0.0,0.0
440,49,West,Salaried,IT,2025Q3,56297.48,592.0,38.39,24.21,40.26,150846.5,0.4306,0.15086,0,-0.0145,0.0632,-0.0041,-0.043,0.0143,-0.0156
441,42,South,Salaried,Healthcare,2025Q3,39951.85,,65.7,39.93,48.16,79556.63,0.5117,0.15069,0,0.0091,-0.0402,0.0476,-0.0142,0.0,-0.0141
442,48,North,Business,Transport,2025Q3,102878.51,665.0,40.63,39.17,46.89,164744.36,0.4849,0.09464,0,-0.0071,-0.0144,0.001,-0.0112,0.0,0.0
443,48,North,Business,Healthcare,2025Q3,105056.46,578.0,60.43,56.03,37.56,62678.08,0.4278,0.36997,0,-0.0185,0.1438,0.0815,0.0155,0.0,0.0
444,59,West,Salaried,Transport,2025Q3,99865.96,649.0,41.17,73.65,12.45,246307.3,0.5501,0.11072,0,-0.0469,0.0011,0.0024,0.0262,0.0118,-0.013
445,40,North,Salaried,Construction,2025Q3,55734.84,,30.12,72.51,87.9,68576.58,0.3443,0.10661,0,0.0147,-0.0087,-0.0235,0.0269,0.0,-0.0138
446,28,East,Business,Construction,2025Q3,94407.12,679.0,68.75,51.51,76.94,129817.58,0.2829,0.25692,1,0.0739,-0.0615,0.0866,0.0032,0.0,0.0
447,56,North,Salaried,Transport,2025Q3,99222.02,682.0,,43.88,58.64,168592.2,0.262,0.04844,0,-0.0156,-0.0182,-0.0111,-0.0033,0.0,-0.0056
448,40,North,Salaried,Retail,2025Q3,72231.3,611.0,27.52,35.49,39.62,82161.29,0.5047,0.14411,1,0.0148,0.0406,-0.0304,-0.0206,0.0,-0.0139
449,56,West,Salaried,IT,2025Q3,83677.08,712.0,17.9,9.1,83.68,255413.94,0.3501,0.01827,0,-0.0071,-0.0191,-0.011,-0.0125,0.0023,-0.0025
450,48,North,Business,Manufacturing,2025Q3,82615.92,696.0,58.28,47.58,57.71,101339.15,0.4002,0.10745,0,-0.0078,-0.0554,0.0283,-0.0026,0.0,0.0
451,43,North,Business,Healthcare,2025Q3,93258.91,611.0,62.06,29.28,47.47,120537.23,0.5287,0.17373,0,0.0094,0.0646,0.0661,-0.0454,0.0,0.0
452,48,South,Salaried,Manufacturing,2025Q3,108410.46,582.0,43.97,74.8,26.09,249545.16,0.4776,0.24687,0,-0.0166,0.1186,0.0151,0.0536,0.0,-0.0239
453,65,West,Business,Construction,2025Q3,130081.42,616.0,22.26,43.58,69.74,118736.69,0.3445,0.07079,0,-0.0519,0.0234,-0.0302,-0.0058,0.0084,0.0
454,67,South,Salaried,Transport,2025Q3,91788.21,,37.89,64.44,52.29,201675.84,0.5889,0.18609,0,-0.1062,0.1008,-0.0061,0.0234,0.0,-0.0178
455,45,North,Salaried,Manufacturing,2025Q3,86295.19,674.0,33.16,37.38,64.2,35860.32,0.3958,0.06242,0,0.0,-0.0187,-0.0092,-0.0102,0.0,-0.008
456,46,West,Salaried,Healthcare,2025Q3,57674.26,740.0,21.51,33.14,62.35,162267.42,0.391,0.02216,0,-0.0008,-0.0442,-0.0121,-0.0061,0.0031,-0.0035
457,56,East,Salaried,IT,2025Q3,99641.21,757.0,30.18,61.31,71.7,165717.14,0.333,0.02371,0,-0.0091,-0.0541,-0.0055,0.0032,0.0,-0.0032
458,35,West,Salaried,Transport,2025Q3,52644.57,586.0,46.09,54.11,63.33,128280.64,0.3606,0.33467,0,0.0566,0.1285,0.0255,0.0105,0.0251,-0.0263
459,48,East,Business,Retail,2025Q3,106724.6,714.0,28.32,55.09,52.89,103418.06,0.4235,0.0528,0,-0.0043,-0.0475,-0.0127,0.0029,0.0,0.0
460,44,East,Salaried,IT,2025Q3,129143.3,666.0,42.67,45.94,70.08,387028.35,0.3066,0.08727,0,0.0025,-0.0168,0.0046,-0.0044,0.0,-0.0112
461,47,South,Business,Manufacturing,2025Q3,83139.78,497.0,9.58,65.37,78.01,122996.75,0.4744,0.35528,0,-0.0123,0.2406,-0.1439,0.0388,0.0,0.0
462,35,South,Salaried,Construction,2025Q3,120210.46,637.0,64.87,62.19,89.92,197016.3,0.5589,0.32705,0,0.0513,0.0271,0.086,0.0277,0.0,-0.0242
463,27,East,Salaried,IT,2025Q3,69231.44,630.0,31.74,0.11,36.58,64543.39,0.4946,0.12496,0,0.0399,0.0195,-0.017,-0.0726,0.0,-0.0121
464,21,East,Salaried,Construction,2025Q3,41506.74,742.0,51.92,42.34,81.24,36724.32,0.4115,0.06423,0,0.0438,-0.1282,0.0185,-0.0081,0.0,-0.0107
465,32,West,Salaried,Transport,2025Q3,50581.79,601.0,41.02,70.32,27.24,46270.43,0.3568,0.32299,1,0.0726,0.1032,0.0044,0.05,0.0252,-0.0264
466,39,East,Salaried,IT,2025Q3,113769.2,698.0,44.44,25.57,79.29,125275.89,0.4058,0.06538,0,0.0098,-0.0415,0.0053,-0.0208,0.0,-0.0079
467,41,North,Salaried,Manufacturing,2025Q3,81873.8,653.0,19.89,10.77,47.19,158907.5,0.3628,0.03804,0,0.0054,-0.0017,-0.0246,-0.0297,0.0,-0.0065
468,65,South,Salaried,IT,2025Q3,84409.25,,25.83,44.95,75.83,219985.99,0.5737,0.09637,0,-0.072,0.07,-0.033,-0.0065,0.0,-0.0131
469,56,East,Salaried,Construction,2025Q3,82837.71,622.0,26.19,59.46,88.85,49567.1,0.3994,0.11019,0,-0.0305,0.0238,-0.027,0.0095,0.0,-0.011
470,33,South,Salaried,Transport,2025Q3,73553.96,764.0,38.41,37.87,63.59,76397.65,0.3247,0.04181,0,0.0112,-0.0883,-0.0013,-0.006,0.0,-0.0049
471,48,East,Business,IT,2025Q3,94143.03,,59.22,76.44,59.05,105759.31,0.4108,0.21487,0,-0.0144,0.0037,0.0573,0.0483,0.0,0.0
472,40,East,Business,Transport,2025Q3,93326.18,722.0,44.93,88.56,58.03,175027.1,0.3398,0.10361,0,0.0135,-0.1079,0.0097,0.0394,0.0,0.0
473,41,North,Business,Retail,2025Q3,119925.0,718.0,23.59,5.65,50.59,132365.99,0.4226,0.03727,0,0.0032,-0.0322,-0.0115,-0.0206,0.0,0.0
474,46,East,Salaried,Transport,2025Q3,57196.53,630.0,39.4,39.55,82.49,48069.13,0.5802,0.0965,0,-0.0029,0.021,-0.0013,-0.0136,0.0,-0.013
475,51,East,Salaried,IT,2025Q3,93603.35,573.0,36.71,0.0,57.84,165800.11,0.455,0.09827,0,-0.018,0.0614,-0.0068,-0.0756,0.0,-0.0126
476,40,West,SelfEmployed,IT,2025Q3,78787.84,582.0,32.39,62.54,16.5,169508.55,0.3775,0.33161,0,0.0309,0.1453,-0.0351,0.0331,0.0266,0.0643
477,56,South,Salaried,Retail,2025Q3,77517.18,759.0,37.75,33.04,77.68,76285.1,0.3767,0.0163,0,-0.0075,-0.0461,-0.001,-0.0047,0.0,-0.0027
478,31,East,Business,Construction,2025Q3,98299.14,670.0,50.22,37.53,76.63,267439.54,0.3188,0.13217,0,0.0438,-0.0305,0.0244,-0.0202,0.0,0.0
479,44,South,Business,Transport,2025Q3,64394.34,542.0,26.48,73.26,60.86,125265.53,0.6952,0.36954,1,0.0061,0.1976,-0.062,0.0582,0.0,0.0
480,73,East,Salaried,Manufacturing,2025Q3,59204.2,717.0,,18.78,44.24,165497.11,0.5481,0.01381,0,-0.0184,-0.0169,-0.0026,-0.0071,0.0,-0.002
481,46,North,Salaried,Manufacturing,2025Q3,81541.59,538.0,53.71,13.25,36.8,114080.9,0.5665,0.29065,1,-0.0055,0.1685,0.0496,-0.0937,0.0,-0.0239
482,60,West,Salaried,Construction,2025Q3,87612.76,604.0,45.5,0.0,44.29,151938.1,0.5037,0.09624,0,-0.0396,0.0326,0.0083,-0.0608,0.009,-0.01
483,45,West,Salaried,IT,2025Q3,52248.75,666.0,58.47,75.95,63.98,177162.22,0.4087,0.18611,0,0.0,-0.0287,0.0507,0.0435,0.0178,-0.0192
484,50,East,Salaried,Transport,2025Q3,50310.06,831.0,60.97,70.84,23.13,80166.56,0.3527,0.02216,0,-0.0041,-0.148,0.0096,0.0062,0.0,-0.0035
485,43,East,Salaried,Retail,2025Q3,109551.4,715.0,16.23,41.53,68.49,107858.93,0.3871,0.03576,0,0.0019,-0.0344,-0.0203,-0.0036,0.0,-0.0043
486,42,North,SelfEmployed,Manufacturing,2025Q3,90234.27,627.0,42.61,19.94,61.45,198781.04,0.6257,0.11905,0,0.0112,0.032,0.0071,-0.0558,0.0,0.0373
487,35,East,Salaried,Transport,2025Q3,67953.62,662.0,29.87,66.35,85.75,146211.87,0.4079,0.11675,0,0.0279,-0.0154,-0.0242,0.0202,0.0,-0.0139
488,49,South,Salaried,Manufacturing,2025Q3,119714.41,723.0,18.82,100.0,74.02,368589.08,0.3568,0.05926,0,-0.0063,-0.0618,-0.0275,0.0248,0.0,-0.0068
489,35,East,Salaried,Transport,2025Q3,85997.12,757.0,25.37,42.81,45.54,178603.4,0.3817,0.03957,0,0.0081,-0.0685,-0.011,-0.003,0.0,-0.0042
490,51,North,Salaried,IT,2025Q3,113846.98,643.0,33.19,21.54,26.18,219630.8,0.4713,0.06501,0,-0.0112,0.0046,-0.009,-0.0247,0.0,-0.0079
491,56,East,Salaried,Retail,2025Q3,65260.83,645.0,33.29,75.32,43.58,95014.64,0.1507,0.09425,1,-0.0324,0.005,-0.0132,0.0251,0.0,-0.0117
492,48,North,Salaried,Transport,2025Q3,57386.93,604.0,28.29,23.09,87.62,104364.53,0.4751,0.08875,0,-0.0078,0.037,-0.023,-0.0328,0.0,-0.0113
493,41,East,Salaried,IT,2025Q3,84107.35,705.0,37.78,39.93,65.89,59977.31,0.2048,0.05665,0,0.0061,-0.0455,-0.0026,-0.0073,0.0,-0.0073
494,49,East,Salaried,Transport,2025Q3,87660.99,730.0,77.15,0.0,71.95,278211.35,0.5173,0.05697,0,-0.0057,-0.0639,0.0262,-0.0383,0.0,-0.0062
495,41,North,Business,Construction,2025Q3,110493.92,528.0,10.4,41.33,47.42,261130.77,0.3323,0.24434,0,0.0194,0.1594,-0.1214,-0.0191,0.0,0.0
496,54,South,Salaried,Healthcare,2025Q3,55345.8,633.0,,19.88,69.7,114365.74,0.3692,0.10187,0,-0.0256,0.0159,0.0261,-0.0383,0.0,-0.0116
497,24,East,Salaried,Manufacturing,2025Q3,70364.75,577.0,37.71,75.69,29.6,166497.71,0.2997,0.4248,0,0.1293,0.1693,-0.011,0.071,0.0,-0.0291
498,40,East,Business,Manufacturing,2025Q3,104906.84,670.0,30.99,26.52,78.7,119388.28,0.5646,0.07643,0,0.0093,-0.017,-0.0137,-0.0224,0.0,0.0
499,22,North,Salaried,Manufacturing,2025Q3,72751.1,,5.71,65.16,36.89,46819.93,0.4524,0.20487,0,0.1,0.12,-0.1473,0.0322,0.0,-0.023
500,28,South,SelfEmployed,Healthcare,2025Q3,61979.5,570.0,50.2,45.69,20.51,122762.24,0.6336,0.41543,1,0.1143,0.1999,0.0502,-0.0129,0.0,0.0733
501,59,South,SelfEmployed,Retail,2025Q3,106535.07,736.0,14.94,50.76,100.0,210765.07,0.5564,0.03319,0,-0.0137,-0.0436,-0.0185,0.0003,0.0,0.0076
502,54,East,Salaried,Manufacturing,2025Q3,70738.17,649.0,51.25,59.49,62.7,180790.73,0.5278,0.09802,0,-0.0297,0.0012,0.0222,0.0117,0.0,-0.0135
503,36,East,Salaried,Construction,2025Q3,63226.97,656.0,65.86,46.82,62.14,161823.69,0.3133,0.18641,0,0.0369,-0.0107,0.0694,-0.0061,0.0,-0.0197
504,27,North,Business,IT,2025Q3,56627.15,689.0,17.48,33.75,22.6,102044.07,0.4271,0.07304,0,0.0281,-0.0355,-0.0376,-0.0146,0.0,0.0
505,21,East,Salaried,Transport,2025Q3,41344.02,726.0,56.69,30.14,72.45,74924.03,0.5102,0.08911,0,0.0487,-0.1083,0.0276,-0.0247,0.0,-0.0119
506,38,East,Salaried,Retail,2025Q3,65962.68,632.0,38.41,59.2,77.72,136059.68,0.4649,0.13038,0,0.0257,0.0259,-0.0045,0.0149,0.0,-0.0175
507,71,East,Business,Transport,2025Q3,106163.14,633.0,4.49,6.16,56.01,226321.31,0.4039,0.0191,0,-0.024,0.0039,-0.0232,-0.0156,0.0,0.0
508,49,North,Salaried,Construction,2025Q3,66541.75,633.0,18.72,84.92,77.8,170009.49,0.4616,0.08889,0,-0.0123,0.0183,-0.0523,0.0374,0.0,-0.0132
509,38,South,Business,Manufacturing,2025Q3,61907.25,734.0,40.85,50.9,83.41,165302.75,0.4339,0.07309,0,0.0111,-0.0851,0.001,0.0007,0.0,0.0
510,49,South,Business,Transport,2025Q3,130499.72,655.0,44.42,40.58,70.51,380166.09,0.3076,0.11204,0,-0.011,-0.0053,0.008,-0.0111,0.0,0.0
511,27,North,Business,Transport,2025Q3,66389.87,640.0,12.71,53.85,16.68,97248.02,0.3857,0.12214,0,0.0497,0.0125,-0.0783,0.0054,0.0,0.0
512,41,South,Business,IT,2025Q3,93939.38,687.0,38.51,34.93,36.97,255910.81,0.4668,0.06287,0,0.0078,-0.0352,-0.0022,-0.0142,0.0,0.0
513,45,North,Business,Healthcare,2025Q3,59938.5,785.0,,44.08,93.74,36982.74,0.4502,0.04426,0,0.0,-0.106,0.007,-0.0026,0.0,0.0
514,43,North,Salaried,Construction,2025Q3,99237.68,,53.98,23.1,61.65,281379.37,0.4417,0.10499,0,0.0048,-0.0156,0.022,-0.0324,0.0,-0.0111
515,53,East,SelfEmployed,Healthcare,2025Q3,94808.89,642.0,31.39,56.25,61.74,148586.29,0.3977,0.11973,0,-0.0278,0.0098,-0.021,0.0084,0.0,0.0308
516,48,North,SelfEmployed,Construction,2025Q3,79310.26,792.0,45.02,46.27,43.37,183290.16,0.3624,0.04624,0,-0.0032,-0.1196,0.0035,-0.0017,0.0,0.0095
517,51,East,Business,Manufacturing,2025Q3,89167.46,750.0,55.16,52.12,47.25,229684.88,0.3322,0.05393,0,-0.009,-0.0905,0.0132,0.0013,0.0,0.0
518,36,North,Business,Retail,2025Q3,99149.38,741.0,51.64,80.63,83.85,144296.14,0.3873,0.11492,0,0.0222,-0.141,0.0207,0.031,0.0,0.0
519,54,East,Business,Retail,2025Q3,46544.28,626.0,52.26,30.31,89.97,49114.35,0.5039,0.10749,0,-0.0306,0.0265,0.0248,-0.0286,0.0,0.0
520,62,South,Salaried,IT,2025Q3,77064.52,,39.82,45.16,75.94,180616.65,0.6326,0.07313,0,-0.0491,0.0253,-0.0003,-0.0051,0.0,-0.0107
521,33,East,Business,Retail,2025Q3,78656.49,535.0,36.49,11.67,71.03,112438.73,0.3714,0.23835,1,0.0646,0.1885,-0.0148,-0.1034,0.0,0.0
522,34,East,Salaried,Retail,2025Q3,64349.0,726.0,42.35,60.1,72.53,93969.32,0.5022,0.11356,0,0.0201,-0.0879,0.0034,0.0086,0.0,-0.0094
523,59,South,Salaried,IT,2025Q3,134295.62,665.0,25.78,47.62,58.59,311694.9,0.4529,0.04357,0,-0.0224,-0.0085,-0.0154,-0.0014,0.0,-0.006
524,42,East,Salaried,Healthcare,2025Q3,67823.32,538.0,55.79,48.38,35.93,167204.4,0.3386,0.39033,0,0.0197,0.2317,0.0718,-0.0046,0.0,-0.0288
525,59,North,Business,IT,2025Q3,122024.09,742.0,13.51,44.54,31.6,85705.27,0.3875,0.0205,0,-0.0088,-0.0314,-0.0128,-0.0013,0.0,0.0
526,39,East,Business,Transport,2025Q3,118809.83,637.0,29.93,35.28,86.3,257602.72,0.4175,0.11704,0,0.0163,0.014,-0.0225,-0.0196,0.0,0.0
527,60,North,Salaried,Construction,2025Q3,102171.05,645.0,37.42,100.0,59.34,290999.44,0.4291,0.12849,1,-0.0558,0.0062,-0.006,0.0548,0.0,-0.0143
528,45,South,Salaried,Transport,2025Q3,64471.31,557.0,45.51,48.84,69.54,76683.22,0.5439,0.2724,0,0.0,0.1568,0.0216,-0.0028,0.0,-0.0248
529,47,North,Salaried,Manufacturing,2025Q3,55279.22,693.0,48.52,54.52,64.22,79905.89,0.5704,0.09212,0,-0.0045,-0.0448,0.0124,0.0041,0.0,-0.0098
530,61,West,Business,Transport,2025Q3,119417.57,694.0,61.82,22.93,65.23,263715.69,0.5157,0.05533,0,-0.0336,-0.0368,0.0223,-0.0231,0.007,0.0
531,40,South,Salaried,Construction,2025Q3,101710.45,657.0,39.24,67.47,66.9,88036.46,0.4421,0.13103,1,0.0161,-0.0095,-0.0018,0.0234,0.0,-0.0151
532,34,East,Salaried,Healthcare,2025Q3,76527.34,632.0,26.51,45.28,73.95,242508.39,0.4597,0.0907,1,0.0313,0.021,-0.0339,-0.0066,0.0,-0.0143
533,39,South,Business,Manufacturing,2025Q3,108402.07,839.0,35.68,57.81,44.65,157622.0,0.5277,0.01493,0,0.0032,-0.1242,-0.0018,0.0018,0.0,0.0
534,49,North,Salaried,IT,2025Q3,126855.05,578.0,32.89,67.85,83.65,292266.25,0.368,0.17485,1,-0.0193,0.103,-0.0247,0.0335,0.0,-0.0207
535,27,North,Salaried,Transport,2025Q3,75472.74,611.0,46.32,45.71,45.25,196986.4,0.5405,0.28733,0,0.0841,0.0732,0.0234,-0.01,0.0,-0.0236
536,51,West,Salaried,Manufacturing,2025Q3,62188.61,708.0,20.93,33.11,64.79,168694.85,0.3154,0.03264,0,-0.006,-0.0286,-0.0151,-0.0074,0.0038,-0.0042
537,38,East,Salaried,Construction,2025Q3,71219.09,591.0,35.19,0.0,36.34,202264.89,0.3261,0.14238,0,0.0203,0.0566,-0.0111,-0.0829,0.0,-0.014
538,57,North,Business,Construction,2025Q3,127063.87,586.0,63.96,39.48,56.67,261391.43,0.5004,0.23871,0,-0.0641,0.0999,0.073,-0.0229,0.0,0.0
539,21,East,Business,Construction,2025Q3,65521.96,737.0,40.88,32.99,46.8,181711.7,0.2644,0.08512,0,0.0382,-0.1062,0.0013,-0.0167,0.0,0.0
540,35,South,Salaried,Healthcare,2025Q3,94702.7,701.0,21.15,22.85,60.48,224565.53,0.3782,0.03828,0,0.0106,-0.0313,-0.0193,-0.0163,0.0,-0.0055
541,25,North,Salaried,Transport,2025Q3,57395.14,693.0,32.56,79.97,74.71,197162.57,0.5224,0.14696,0,0.0568,-0.069,-0.0195,0.0392,0.0,-0.0155
542,35,South,Business,Healthcare,2025Q3,88618.25,672.0,2.27,69.62,61.52,81374.7,0.3467,0.0843,0,0.0185,-0.0199,-0.0767,0.0159,0.0,0.0
543,47,North,Salaried,Transport,2025Q3,72086.66,613.0,37.06,7.74,99.22,205923.4,0.5842,0.13138,0,-0.0048,0.0289,-0.005,-0.0522,0.0,-0.0106
544,42,North,Business,Manufacturing,2025Q3,91771.65,643.0,,51.38,75.92,192911.0,0.2493,0.20628,0,0.0139,0.0128,0.0714,0.0028,0.0,0.0
545,41,East,SelfEmployed,Construction,2025Q3,84824.05,655.0,19.01,30.02,55.43,260880.06,0.5093,0.1071,0,0.0092,-0.0048,-0.0428,-0.0227,0.0,0.0229
546,42,North,Business,Construction,2025Q3,59946.25,718.0,,56.07,58.28,90843.11,0.293,0.04438,0,0.0035,-0.0459,-0.0277,0.0031,0.0,0.0
547,46,West,SelfEmployed,Healthcare,2025Q3,77551.32,689.0,27.55,30.41,67.56,176173.12,0.3983,0.0693,0,-0.002,-0.0369,-0.0199,-0.0187,0.0082,0.019
548,33,East,SelfEmployed,Manufacturing,2025Q3,51602.25,597.0,52.74,36.14,74.09,113990.83,0.4633,0.38084,1,0.0715,0.1177,0.0551,-0.0385,0.0,0.0643
549,52,East,Salaried,Manufacturing,2025Q3,75572.05,714.0,65.27,69.19,35.32,190469.22,0.3825,0.13081,0,-0.0185,-0.0812,0.036,0.0183,0.0,-0.011
550,51,East,Salaried,Construction,2025Q3,67687.05,546.0,45.17,66.03,72.73,145906.86,0.4433,0.32059,0,-0.0371,0.185,0.0217,0.0396,0.0,-0.0263
551,48,West,Salaried,IT,2025Q3,97512.78,638.0,,81.21,35.84,301210.36,0.3156,0.10892,1,-0.0093,0.0134,-0.0569,0.0346,0.0122,-0.0134
552,50,South,Salaried,Transport,2025Q3,99521.2,582.0,37.64,43.22,70.8,148248.21,0.5645,0.18147,0,-0.0206,0.0813,-0.0067,-0.0118,0.0,-0.0176
553,47,East,Salaried,Transport,2025Q3,88485.29,602.0,66.63,15.98,82.0,197944.41,0.3459,0.19414,0,-0.0086,0.0674,0.0678,-0.0699,0.0,-0.0189
554,66,South,Salaried,Manufacturing,2025Q3,72682.31,791.0,33.03,68.27,65.99,185810.38,0.2797,0.02343,0,-0.0123,-0.0547,-0.0023,0.0031,0.0,-0.002
555,43,West,SelfEmployed,IT,2025Q3,81033.57,560.0,40.25,68.4,13.49,138875.43,0.4512,0.46889,0,0.0137,0.2128,0.0012,0.0533,0.0292,0.0718
556,41,North,Salaried,Construction,2025Q3,48750.54,604.0,41.85,61.82,24.35,93259.8,0.3879,0.19136,1,0.0185,0.0743,0.0063,0.0233,0.0,-0.0212
557,36,East,Business,IT,2025Q3,80848.72,695.0,13.27,31.64,71.25,151624.06,0.4788,0.06189,0,0.0107,-0.0294,-0.0323,-0.0115,0.0,0.0
558,33,East,Salaried,Construction,2025Q3,77453.58,,53.97,24.44,10.92,192552.43,0.3925,0.20105,0,0.0443,0.0329,0.0376,-0.0497,0.0,-0.0184
559,30,South,Business,Construction,2025Q3,95957.88,671.0,,59.79,72.2,274703.11,0.4201,0.2241,0,0.058,-0.039,0.0342,0.0179,0.0,0.0
560,34,West,Business,Transport,2025Q3,90211.21,757.0,6.1,28.5,79.7,107032.94,0.3992,0.02779,1,0.0067,-0.0531,-0.0237,-0.0073,0.0028,0.0
561,43,South,Salaried,Retail,2025Q3,97452.49,,16.71,41.22,82.7,114764.42,0.4862,0.04704,0,0.0021,-0.0306,-0.022,-0.0042,0.0,-0.0048
562,48,North,Salaried,IT,2025Q3,83975.61,,22.48,100.0,55.17,104384.17,0.393,0.17036,0,-0.0116,0.0298,-0.0527,0.0652,0.0,-0.0167
563,45,East,Salaried,Construction,2025Q3,72395.92,651.0,,94.84,68.77,70295.06,0.2934,0.19952,0,0.0,-0.0018,0.0308,0.0747,0.0,-0.0204
564,36,South,Business,IT,2025Q3,99225.89,696.0,25.98,65.44,64.18,69191.58,0.3466,0.09322,0,0.0188,-0.0515,-0.0261,0.0142,0.0,0.0
565,54,North,Business,Manufacturing,2025Q3,116016.57,703.0,44.42,33.43,30.54,326847.15,0.4999,0.05135,0,-0.014,-0.0377,0.0042,-0.0108,0.0,0.0
566,52,North,Business,Healthcare,2025Q3,88464.91,,35.09,32.11,74.9,115726.38,0.4515,0.07458,0,-0.014,-0.0083,-0.0067,-0.0154,0.0,0.0
567,42,North,Salaried,Manufacturing,2025Q3,80721.68,685.0,39.14,63.75,87.81,115723.56,0.3856,0.09895,0,0.0072,-0.0396,-0.0015,0.0136,0.0,-0.0111
568,37,East,Salaried,Manufacturing,2025Q3,64102.36,685.0,45.93,80.93,73.79,168691.31,0.4201,0.14211,0,0.0263,-0.0557,0.0144,0.0413,0.0,-0.0159
569,50,West,SelfEmployed,Healthcare,2025Q3,52945.29,654.0,42.36,36.74,49.94,161473.4,0.4048,0.13487,0,-0.0176,-0.0053,0.0055,-0.0201,0.0137,0.0321
570,46,East,SelfEmployed,IT,2025Q3,93421.92,619.0,37.7,37.95,74.8,217178.53,0.5014,0.17825,0,-0.0041,0.0446,-0.0068,-0.0222,0.0,0.0398
571,28,North,Salaried,IT,2025Q3,37998.6,710.0,43.23,49.93,85.95,34704.87,0.4335,0.0751,0,0.0356,-0.0773,0.0057,-0.0001,0.0,-0.0114
572,43,East,Salaried,Retail,2025Q3,80708.04,680.0,41.47,17.44,83.32,131099.03,0.3947,0.0744,1,0.0032,-0.0224,0.0017,-0.0273,0.0,-0.0074
573,47,West,Business,Construction,2025Q3,65764.49,518.0,,18.12,80.54,183214.03,0.5471,0.29714,0,-0.0115,0.1992,-0.0223,-0.0837,0.0238,0.0
574,34,East,Salaried,Healthcare,2025Q3,53745.99,604.0,31.1,22.13,28.16,164414.63,0.5377,0.13256,0,0.0343,0.0525,-0.0236,-0.0467,0.0,-0.0156
575,46,North,Salaried,Construction,2025Q3,69695.22,627.0,68.09,60.01,67.96,74729.09,0.362,0.25795,0,-0.0051,0.0428,0.0869,0.0211,0.0,-0.0224
576,28,North,Salaried,Healthcare,2025Q3,82931.05,646.0,30.92,53.98,72.91,230901.06,0.3568,0.14488,1,0.0532,0.0057,-0.0255,0.0062,0.0,-0.0165
577,59,West,SelfEmployed,IT,2025Q3,87596.73,742.0,59.87,73.01,80.77,129370.31,0.5874,0.08691,0,-0.0393,-0.1285,0.0289,0.0211,0.0098,0.0227
578,58,West,Business,Transport,2025Q3,83950.52,850.0,27.04,9.78,70.31,241365.65,0.4076,0.01,0,-0.0025,-0.0446,-0.0017,-0.0036,0.0007,0.0
579,41,North,Salaried,IT,2025Q3,79558.21,493.0,50.96,14.63,91.04,255046.52,0.616,0.45544,1,0.0264,0.2895,0.0509,-0.1044,0.0,-0.029
580,48,East,Business,Healthcare,2025Q3,90394.48,681.0,66.54,58.03,23.44,89971.83,0.488,0.1548,1,-0.0109,-0.0484,0.0554,0.0118,0.0,0.0
581,21,North,SelfEmployed,Healthcare,2025Q3,77230.09,665.0,32.6,28.82,71.17,122967.51,0.459,0.15646,0,0.0776,-0.0252,-0.0225,-0.0399,0.0,0.0393
582,31,North,Salaried,Manufacturing,2025Q3,45786.16,648.0,27.32,30.41,69.58,91414.64,0.2573,0.09903,0,0.0315,0.002,-0.0263,-0.0242,0.0,-0.0118
583,41,East,Salaried,Construction,2025Q3,76795.37,697.0,31.13,70.28,78.05,114035.09,0.3134,0.09482,0,0.0081,-0.0485,-0.0145,0.0166,0.0,-0.0095
584,32,East,Business,Transport,2025Q3,124352.2,670.0,37.69,35.84,90.84,390440.84,0.4725,0.12462,0,0.0327,-0.0247,-0.0049,-0.0187,0.0,0.0
585,52,South,Salaried,IT,2025Q3,78592.98,635.0,43.15,38.41,42.23,133972.5,0.3604,0.11874,0,-0.0194,0.0141,0.0056,-0.0134,0.0,-0.0115
586,66,West,Business,Transport,2025Q3,113861.15,662.0,37.36,42.5,90.17,374756.22,0.4114,0.06774,0,-0.0452,-0.0083,-0.0032,-0.0056,0.0068,0.0
587,31,East,Business,Healthcare,2025Q3,49101.28,698.0,31.28,43.83,76.3,51766.04,0.4835,0.10014,0,0.0269,-0.0528,-0.0151,-0.0061,0.0,0.0
588,35,North,Salaried,Manufacturing,2025Q3,52246.37,691.0,69.27,63.07,56.26,167584.13,0.424,0.24298,0,0.0382,-0.077,0.072,0.0223,0.0,-0.0186
589,47,East,Business,IT,2025Q3,101674.97,,34.79,21.38,41.82,280062.44,0.4514,0.04973,0,-0.0034,-0.0166,-0.0064,-0.0234,0.0,0.0
590,62,East,SelfEmployed,Healthcare,2025Q3,93961.84,620.0,28.08,43.86,63.93,68100.17,0.549,0.15779,0,-0.0552,0.028,-0.0253,-0.0073,0.0,0.0258
591,31,East,Salaried,Retail,2025Q3,75059.79,850.0,51.29,73.57,65.71,53479.6,0.4765,0.03914,0,0.0105,-0.2037,0.0065,0.008,0.0,-0.0041
592,47,West,SelfEmployed,Retail,2025Q3,94048.9,684.0,51.54,94.92,66.82,107216.21,0.4111,0.32791,0,-0.0102,-0.0733,0.0387,0.0825,0.0208,0.0493
593,64,East,Business,Construction,2025Q3,84975.47,712.0,60.6,18.15,47.46,186541.24,0.5077,0.03519,0,-0.0273,-0.0376,0.0137,-0.0183,0.0,0.0
594,26,North,Business,Transport,2025Q3,92775.51,625.0,68.85,55.28,72.19,214231.14,0.3594,0.39322,1,0.1147,0.0621,0.1233,0.0148,0.0,0.0
595,30,North,Business,Manufacturing,2025Q3,55731.67,673.0,43.54,43.82,51.89,141113.29,0.4376,0.14708,0,0.0443,-0.034,0.0085,-0.0094,0.0,0.0
596,39,East,Salaried,IT,2025Q3,57431.41,672.0,33.39,45.83,84.33,109992.77,0.4651,0.10273,0,0.0127,-0.0217,-0.0113,-0.0041,0.0,-0.0102
597,38,West,Business,Construction,2025Q3,89430.73,530.0,7.56,30.63,94.2,190035.32,0.4611,0.24774,0,0.0331,0.1575,-0.1344,-0.044,0.0207,0.0
598,53,North,Salaried,Retail,2025Q3,112006.41,,22.99,64.63,43.75,341347.99,0.4234,0.1229,1,-0.025,0.0373,-0.0397,0.0168,0.0,-0.0129
599,47,North,Salaried,Construction,2025Q3,60330.23,610.0,41.34,63.5,61.2,118003.06,0.3519,0.20473,0,-0.0085,0.0569,0.004,0.023,0.0,-0.0186
600,24,East,SelfEmployed,Healthcare,2025Q3,68358.32,619.0,19.1,100.0,79.44,193405.56,0.4355,0.36396,1,0.1237,0.0752,-0.1014,0.1259,0.0,0.0667
601,50,North,Salaried,IT,2025Q3,83908.37,587.0,12.64,18.94,65.52,91094.77,0.3209,0.0738,0,-0.011,0.0385,-0.0509,-0.0322,0.0,-0.0093
602,38,North,Salaried,Healthcare,2025Q3,82132.48,663.0,39.05,9.55,32.95,91367.94,0.4123,0.08019,0,0.0124,-0.0105,-0.0013,-0.0411,0.0,-0.0087
603,58,West,Business,Construction,2025Q3,124612.55,755.0,50.43,93.2,77.3,127422.4,0.3956,0.06208,0,-0.0269,-0.1197,0.012,0.0263,0.0072,0.0
604,37,East,Business,Healthcare,2025Q3,77126.65,669.0,34.06,46.86,47.88,207022.99,0.4805,0.10774,0,0.0201,-0.0222,-0.0122,-0.0037,0.0,0.0
605,37,West,Salaried,Manufacturing,2025Q3,87613.29,580.0,52.35,37.95,64.01,188070.73,0.3579,0.24731,0,0.0447,0.134,0.0491,-0.0311,0.0245,-0.0257
606,50,East,Salaried,Manufacturing,2025Q3,105045.79,590.0,47.87,52.14,40.12,323603.88,0.4757,0.20475,0,-0.0236,0.0867,0.0243,0.0041,0.0,-0.0201
607,52,South,Business,Transport,2025Q3,130011.27,634.0,56.39,17.31,75.89,192008.15,0.4787,0.0996,0,-0.0216,0.0168,0.0295,-0.0465,0.0,0.0
608,49,West,Salaried,Healthcare,2025Q3,89234.62,564.0,72.78,56.27,51.58,114854.21,0.4558,0.40345,0,-0.0272,0.1959,0.1439,0.018,0.0286,-0.0292
609,25,North,Salaried,Healthcare,2025Q3,61433.86,681.0,79.82,46.23,78.01,53386.61,0.4524,0.21495,0,0.09,-0.0691,0.1192,-0.0086,0.0,-0.0232
610,50,North,Business,Retail,2025Q3,87557.48,,49.71,71.62,55.7,125908.56,0.4134,0.05942,0,-0.0083,-0.1033,0.01,0.013,0.0,0.0
611,33,West,Salaried,Transport,2025Q3,39538.24,621.0,30.64,66.85,50.38,114564.17,0.2296,0.24637,0,0.0518,0.0494,-0.0335,0.0325,0.0197,-0.0211
612,47,East,Salaried,Manufacturing,2025Q3,73396.84,665.0,38.99,68.69,68.24,58475.17,0.3485,0.10028,0,-0.0056,-0.0173,-0.002,0.0202,0.0,-0.0123
613,28,West,Salaried,Construction,2025Q3,63322.08,631.0,63.17,52.2,38.51,173935.64,0.6056,0.28026,0,0.0929,0.0433,0.0907,0.0057,0.0253,-0.0265
614,49,North,Salaried,Healthcare,2025Q3,78229.14,617.0,23.71,83.3,95.96,125653.99,0.4915,0.16735,0,-0.0147,0.0404,-0.0461,0.0438,0.0,-0.0158
615,35,West,Business,Construction,2025Q3,93358.92,673.0,61.16,60.68,63.71,63330.69,0.3713,0.25214,0,0.0447,-0.0468,0.0646,0.0214,0.0201,0.0
616,30,East,Business,Retail,2025Q3,51924.88,615.0,35.28,36.27,48.67,49661.08,0.4691,0.20951,1,0.0582,0.054,-0.0154,-0.0274,0.0,0.0
617,52,East,Salaried,Healthcare,2025Q3,79624.46,605.0,41.63,30.2,52.01,44201.4,0.5001,0.11307,0,-0.0226,0.0438,0.0034,-0.0278,0.0,-0.0134
618,47,West,Salaried,IT,2025Q3,114305.85,550.0,25.08,32.68,60.35,301230.98,0.5858,0.17864,1,-0.009,0.1209,-0.0513,-0.0348,0.0182,-0.0196
619,37,South,Salaried,Retail,2025Q3,87320.78,664.0,16.82,60.95,79.92,266445.21,0.3915,0.08379,0,0.0165,-0.0132,-0.0452,0.01,0.0,-0.0102
620,60,East,Salaried,Transport,2025Q3,101191.42,733.0,33.54,18.7,42.11,325149.64,0.3508,0.01948,0,-0.01,-0.028,-0.0027,-0.0087,0.0,-0.0025
621,39,East,Business,Transport,2025Q3,93232.28,708.0,58.85,51.41,52.62,61528.3,0.3674,0.08813,0,0.0162,-0.0832,0.0336,0.0017,0.0,0.0
622,44,East,Salaried,Construction,2025Q3,69122.23,761.0,26.77,29.68,59.01,133886.96,0.3429,0.01892,0,0.0006,-0.0499,-0.0066,-0.006,0.0,-0.0028
623,47,West,Business,Transport,2025Q3,61826.74,614.0,,20.43,90.85,111596.12,0.3917,0.24164,1,-0.0092,0.0566,0.0663,-0.0634,0.0187,0.0
624,37,East,Salaried,IT,2025Q3,77628.31,718.0,28.83,23.98,79.98,109497.73,0.4187,0.04343,0,0.0081,-0.0427,-0.0099,-0.0145,0.0,-0.0051
625,49,North,Salaried,Manufacturing,2025Q3,36128.29,585.0,20.91,47.48,91.8,80895.83,0.4166,0.16001,1,-0.0134,0.063,-0.0503,-0.0035,0.0,-0.0144
626,38,North,Salaried,Transport,2025Q3,64439.99,708.0,42.06,64.8,60.62,94948.36,0.4022,0.10809,1,0.0151,-0.0687,0.0034,0.0138,0.0,-0.0105
627,39,West,SelfEmployed,Construction,2025Q3,79134.13,772.0,48.87,33.13,88.66,107242.43,0.5346,0.05812,0,0.009,-0.1386,0.0094,-0.0127,0.0066,0.0152
628,59,West,Business,Transport,2025Q3,96150.57,694.0,41.01,2.33,85.35,304665.04,0.3355,0.03518,0,-0.0168,-0.0217,0.0007,-0.0268,0.0041,0.0
629,33,West,SelfEmployed,Retail,2025Q3,112884.9,773.0,40.42,100.0,73.94,277580.72,0.4114,0.14621,0,0.0326,-0.2318,0.0009,0.0526,0.0126,0.0295
630,21,North,Business,IT,2025Q3,102838.17,619.0,63.65,72.59,75.54,263041.32,0.3475,0.48591,1,0.1556,0.0823,0.1125,0.0659,0.0,0.0
631,62,South,Salaried,Construction,2025Q3,110490.61,651.0,39.52,68.51,48.11,194691.35,0.5013,0.10278,0,-0.0462,-0.0009,-0.0008,0.0162,0.0,-0.0101
632,72,East,Business,Retail,2025Q3,99244.12,598.0,30.47,83.81,96.57,161719.72,0.5352,0.12771,0,-0.1102,0.0515,-0.0228,0.0389,0.0,0.0
633,40,East,Business,Transport,2025Q3,121685.48,662.0,19.87,50.03,55.1,200561.08,0.3539,0.0896,0,0.0106,-0.0111,-0.0379,0.0,0.0,0.0
634,23,North,Business,Retail,2025Q3,82941.44,678.0,58.38,45.03,71.19,85248.49,0.362,0.201,0,0.0839,-0.0554,0.0542,-0.01,0.0,0.0
635,41,East,Business,Manufacturing,2025Q3,71044.37,662.0,31.19,77.83,73.53,232278.75,0.4766,0.13921,1,0.013,-0.0167,-0.0226,0.0357,0.0,0.0
636,41,North,Salaried,Manufacturing,2025Q3,73588.9,628.0,32.75,77.68,32.57,195467.6,0.4132,0.1608,0,0.0158,0.0327,-0.0222,0.0436,0.0,-0.0183
637,42,South,SelfEmployed,IT,2025Q3,99154.35,627.0,54.83,61.53,58.98,170687.8,0.5489,0.2908,0,0.0171,0.0496,0.0576,0.0279,0.0,0.0582
638,32,North,Business,Construction,2025Q3,69120.18,683.0,70.87,67.41,64.07,126677.26,0.3198,0.24022,0,0.0611,-0.0732,0.0962,0.0366,0.0,0.0
639,50,North,Business,Manufacturing,2025Q3,98629.59,649.0,42.02,20.75,57.73,310950.29,0.514,0.07783,0,-0.0114,0.0008,0.0031,-0.0312,0.0,0.0
640,50,North,Salaried,Manufacturing,2025Q3,86796.57,582.0,35.81,42.34,59.22,130667.59,0.6303,0.18313,0,-0.02,0.0785,-0.0117,-0.0129,0.0,-0.017
641,28,West,Salaried,Healthcare,2025Q3,41484.62,,37.91,85.48,89.85,141301.16,0.5005,0.49128,1,0.1184,0.3029,-0.0103,0.106,0.0298,-0.0294
642,52,East,Salaried,Retail,2025Q3,78038.33,620.0,30.71,65.7,43.46,70173.3,0.387,0.13323,0,-0.0233,0.0322,-0.022,0.0194,0.0,-0.0139
643,67,West,Salaried,Transport,2025Q3,77941.67,566.0,32.31,15.84,34.62,43620.28,0.3947,0.08536,0,-0.0702,0.0573,-0.0146,-0.0431,0.0102,-0.0113
644,46,South,Business,Retail,2025Q3,108136.02,603.0,32.39,36.32,48.27,325258.6,0.431,0.12675,1,-0.0035,0.053,-0.0199,-0.0215,0.0,0.0
645,40,South,Salaried,Manufacturing,2025Q3,55755.0,631.0,52.57,81.9,74.88,62810.94,0.4882,0.22724,0,0.0255,0.0373,0.0444,0.0652,0.0,-0.0233
646,42,South,Business,IT,2025Q3,94152.47,,36.59,58.01,76.83,212784.67,0.308,0.14763,0,0.0096,0.0,-0.0083,0.011,0.0,0.0
647,51,East,Salaried,Healthcare,2025Q3,56977.2,615.0,59.75,52.0,72.12,96549.22,0.415,0.13701,0,-0.0275,0.0529,0.0541,0.0037,0.0,-0.0193
648,25,South,Business,Retail,2025Q3,53198.14,809.0,36.14,52.66,78.24,90179.17,0.3824,0.04094,0,0.0167,-0.1525,-0.0031,0.0012,0.0,0.0
649,46,East,Salaried,Construction,2025Q3,56226.14,574.0,32.13,46.16,65.12,195225.07,0.5784,0.18888,1,-0.0043,0.0966,-0.0252,-0.0071,0.0,-0.019
650,40,East,Salaried,Healthcare,2025Q3,66887.65,742.0,58.45,36.47,49.64,108860.87,0.5442,0.05166,0,0.0075,-0.0905,0.018,-0.01,0.0,-0.0072
651,64,West,SelfEmployed,IT,2025Q3,104946.87,649.0,38.34,29.66,41.1,58893.34,0.4173,0.0915,0,-0.0535,0.0009,-0.0027,-0.0218,0.0092,0.0215
652,42,North,Salaried,Construction,2025Q3,80465.6,615.0,35.98,70.23,34.76,111957.72,0.3511,0.16016,0,0.0127,0.0528,-0.0128,0.0348,0.0,-0.0193
653,62,South,Business,IT,2025Q3,74999.77,700.0,38.54,53.23,55.46,232694.96,0.4212,0.0486,0,-0.0276,-0.033,-0.0014,0.0018,0.0,0.0
654,32,North,Business,Retail,2025Q3,76864.49,629.0,61.47,63.56,75.77,242620.2,0.4489,0.2713,0,0.0733,0.0479,0.0852,0.0342,0.0,0.0
655,50,North,SelfEmployed,Healthcare,2025Q3,75589.7,605.0,42.9,60.03,64.74,99508.68,0.5381,0.32135,1,-0.0269,0.0803,0.0106,0.0217,0.0,0.0514
656,48,East,Business,IT,2025Q3,103915.21,782.0,57.99,78.99,60.46,217358.5,0.3458,0.06766,0,-0.0048,-0.1513,0.0169,0.0165,0.0,0.0
657,34,East,Business,Healthcare,2025Q3,76882.55,511.0,34.25,58.0,38.89,165001.61,0.397,0.4781,1,0.0753,0.3074,-0.0287,0.0238,0.0,0.0
658,46,East,Business,Transport,2025Q3,91045.04,,55.43,66.12,100.0,278335.46,0.429,0.17209,1,-0.0045,0.0119,0.0445,0.0289,0.0,0.0
659,57,North,Business,Retail,2025Q3,88990.92,673.0,41.8,51.68,43.49,186206.74,0.3922,0.07362,0,-0.0276,-0.02,0.0025,0.0014,0.0,0.0
660,40,West,SelfEmployed,IT,2025Q3,111143.66,756.0,52.12,27.16,62.41,309331.26,0.3611,0.06724,0,0.0086,-0.1245,0.0142,-0.0201,0.0074,0.0172
661,25,West,SelfEmployed,Transport,2025Q3,43495.57,633.0,53.47,43.04,80.06,23058.85,0.364,0.36503,1,0.1158,0.0416,0.059,-0.0193,0.027,0.0654
662,44,South,SelfEmployed,Retail,2025Q3,76504.79,841.0,22.93,60.98,60.85,137433.25,0.2602,0.02062,0,0.0005,-0.1188,-0.0076,0.0023,0.0,0.0049
663,34,West,Business,Manufacturing,2025Q3,83636.77,,39.15,62.91,43.86,211504.38,0.4546,0.11654,0,0.0273,-0.0879,-0.0017,0.0146,0.0114,0.0
664,40,North,Business,Retail,2025Q3,82575.51,499.0,53.32,79.92,76.17,74088.84,0.5015,0.63136,0,0.0336,0.3827,0.0646,0.0876,0.0,0.0
665,43,East,Salaried,IT,2025Q3,61049.15,561.0,55.86,37.88,33.21,115122.82,0.3944,0.29032,1,0.0116,0.1599,0.0617,-0.0312,0.0,-0.0256
666,25,West,SelfEmployed,Healthcare,2025Q3,33989.7,676.0,58.05,52.97,94.84,134100.11,0.484,0.31051,0,0.1027,-0.063,0.0696,0.0074,0.0245,0.0587
667,26,East,Business,Manufacturing,2025Q3,62052.84,582.0,39.68,45.16,65.64,137949.81,0.3039,0.29958,0,0.1044,0.1392,-0.0014,-0.0129,0.0,0.0
668,49,East,Salaried,Retail,2025Q3,62931.07,697.0,,83.73,54.93,56657.07,0.3784,0.11579,0,-0.0138,-0.0732,0.0453,0.0412,0.0,-0.0148
669,38,South,Salaried,Construction,2025Q3,100526.04,629.0,27.48,56.28,31.67,206685.97,0.4521,0.18461,0,0.0219,0.0255,-0.0329,0.0088,0.0,-0.0151
670,21,East,Business,Construction,2025Q3,110764.53,579.0,14.08,56.7,36.96,202979.28,0.541,0.29731,0,0.1149,0.1295,-0.1154,0.016,0.0,0.0
671,53,East,Business,Healthcare,2025Q3,97885.75,594.0,33.56,47.22,58.96,86120.94,0.4027,0.1986,0,-0.0311,0.0637,-0.0173,-0.0043,0.0,0.0
672,47,North,Salaried,Healthcare,2025Q3,53114.38,718.0,57.13,43.05,97.85,60539.1,0.4936,0.06512,0,-0.0036,-0.0657,0.0188,-0.0055,0.0,-0.008
673,36,North,Salaried,Manufacturing,2025Q3,81784.79,522.0,20.62,16.13,64.66,97904.51,0.4202,0.31646,0,0.0417,0.1624,-0.0758,-0.0798,0.0,-0.022
674,30,East,Business,Retail,2025Q3,60440.62,731.0,14.48,20.25,66.94,194382.03,0.4649,0.03647,0,0.012,-0.0474,-0.0226,-0.0147,0.0,0.0
675,53,East,Salaried,Construction,2025Q3,73914.92,733.0,10.47,51.93,67.72,136256.9,0.533,0.02743,0,-0.0055,-0.0317,-0.0173,0.0005,0.0,-0.0028
676,48,South,Salaried,IT,2025Q3,67980.71,637.0,49.78,49.19,100.0,83117.59,0.3521,0.13953,0,-0.0104,0.0162,0.0218,-0.0012,0.0,-0.015
677,70,West,SelfEmployed,Construction,2025Q3,98090.9,564.0,14.84,52.06,51.17,211634.27,0.4697,0.15023,0,-0.1104,0.084,-0.0746,0.0031,0.0144,0.0337
678,49,East,Business,IT,2025Q3,88815.04,698.0,46.78,68.71,91.31,60782.04,0.4539,0.0953,0,-0.0103,-0.0571,0.0113,0.018,0.0,0.0
679,48,South,Business,Healthcare,2025Q3,70656.96,627.0,32.75,50.04,52.03,205755.05,0.336,0.11772,0,-0.0096,0.0256,-0.017,0.0001,0.0,0.0
680,42,South,Business,Construction,2025Q3,76263.75,557.0,25.67,40.34,45.93,174612.32,0.4946,0.25558,1,0.0142,0.1297,-0.0536,-0.0208,0.0,0.0
681,53,East,Business,Transport,2025Q3,117159.0,790.0,22.02,43.38,58.41,238692.55,0.3332,0.01545,0,-0.0038,-0.0528,-0.0065,-0.0013,0.0,0.0
682,51,East,Salaried,Retail,2025Q3,81395.98,600.0,41.3,53.37,58.31,223114.3,0.3776,0.18663,0,-0.0245,0.0627,0.0036,0.0055,0.0,-0.0172
683,58,East,Salaried,Healthcare,2025Q3,90555.65,560.0,25.93,39.64,71.24,148447.35,0.4251,0.15617,0,-0.0487,0.0807,-0.0366,-0.0153,0.0,-0.0147
684,38,South,Business,Construction,2025Q3,45119.53,679.0,37.92,71.42,13.52,67342.35,0.3777,0.16757,0,0.0213,-0.0418,-0.0049,0.0273,0.0,0.0
685,39,East,Business,Construction,2025Q3,103260.11,,44.42,47.75,62.96,61361.05,0.4898,0.15449,1,0.0196,-0.0069,0.0106,-0.0034,0.0,0.0
686,39,East,Salaried,Construction,2025Q3,58860.64,761.0,47.8,53.54,48.03,70870.49,0.3886,0.0393,0,0.0075,-0.1031,0.007,0.002,0.0,-0.0061
687,53,East,Salaried,IT,2025Q3,104031.43,634.0,52.95,30.04,45.52,69916.52,0.618,0.10376,0,-0.0238,0.016,0.0228,-0.0256,0.0,-0.0122
688,60,North,Salaried,IT,2025Q3,92876.95,635.0,40.64,71.43,34.08,39631.98,0.3899,0.11309,1,-0.0496,0.0156,0.0013,0.0234,0.0,-0.0126
689,39,East,Salaried,Manufacturing,2025Q3,61083.04,683.0,21.2,79.66,52.7,155767.08,0.4539,0.09255,0,0.0132,-0.0353,-0.0367,0.0258,0.0,-0.0106
690,39,South,Salaried,Transport,2025Q3,40999.79,674.0,45.45,18.01,49.67,40789.2,0.407,0.09943,0,0.0115,-0.0217,0.0077,-0.0332,0.0,-0.0093
691,47,North,Salaried,Transport,2025Q3,117547.23,676.0,48.5,56.82,51.47,71814.81,0.3163,0.12394,0,-0.0053,-0.0297,0.0147,0.0073,0.0,-0.0117
692,41,East,Business,Manufacturing,2025Q3,102458.45,678.0,35.1,45.63,27.23,105057.6,0.5449,0.08927,0,0.0089,-0.029,-0.0085,-0.0045,0.0,0.0
693,54,East,Salaried,Healthcare,2025Q3,100235.34,671.0,33.39,54.25,61.96,137181.48,0.4297,0.10004,0,-0.0176,-0.016,-0.0087,0.0031,0.0,-0.0079
694,21,South,Business,IT,2025Q3,102738.9,632.0,77.6,57.95,44.17,118546.31,0.3713,0.42668,0,0.154,0.0481,0.1701,0.0234,0.0,0.0
695,35,East,Business,Construction,2025Q3,86633.57,717.0,17.31,0.0,27.3,101229.5,0.436,0.02906,0,0.0073,-0.0311,-0.0167,-0.0237,0.0,0.0
696,35,South,Business,Retail,2025Q3,106943.2,636.0,45.9,64.71,49.04,367316.95,0.5151,0.19496,0,0.0455,0.0259,0.0201,0.0295,0.0,0.0
697,21,North,SelfEmployed,Retail,2025Q3,54385.65,715.0,54.74,72.47,44.52,45466.03,0.3368,0.19636,0,0.1026,-0.1536,0.0503,0.0463,0.0,0.0511
698,33,South,Salaried,IT,2025Q3,79076.41,754.0,32.54,74.95,60.82,174107.79,0.3951,0.0502,1,0.0167,-0.1089,-0.0092,0.0151,0.0,-0.0073
699,34,South,Salaried,Construction,2025Q3,55358.26,614.0,35.3,27.22,48.77,142970.05,0.5233,0.17495,0,0.0352,0.0439,-0.0124,-0.0383,0.0,-0.016
700,42,East,Business,Construction,2025Q3,79830.54,824.0,31.58,47.32,31.01,250713.76,0.3798,0.0209,0,0.0015,-0.0941,-0.0033,-0.0006,0.0,0.0
701,56,East,Salaried,Manufacturing,2025Q3,88246.01,612.0,38.0,36.14,42.23,150696.91,0.4851,0.08904,0,-0.0321,0.0327,-0.0037,-0.0164,0.0,-0.0116
702,41,East,Salaried,Transport,2025Q3,50186.82,612.0,52.39,5.86,25.47,87672.92,0.4197,0.14138,0,0.0129,0.043,0.0271,-0.0763,0.0,-0.015
703,33,North,Salaried,Transport,2025Q3,71729.64,697.0,34.83,34.35,82.74,125995.25,0.2852,0.0834,0,0.0197,-0.0436,-0.0073,-0.0138,0.0,-0.0085
704,43,South,Business,Retail,2025Q3,84184.75,690.0,87.77,24.15,85.96,196293.89,0.3934,0.11357,0,0.0072,-0.067,0.0896,-0.0453,0.0,0.0
705,56,North,Salaried,Transport,2025Q3,50723.91,665.0,30.76,55.36,88.38,86389.78,0.3774,0.08751,0,-0.0215,-0.0108,-0.0122,0.0038,0.0,-0.0077
706,33,East,Salaried,Retail,2025Q3,57562.09,716.0,60.04,12.11,48.2,87175.47,0.3957,0.08912,0,0.0202,-0.0684,0.0235,-0.0382,0.0,-0.0087
707,34,North,Salaried,Healthcare,2025Q3,60489.02,677.0,46.7,26.45,85.94,181045.14,0.3741,0.11287,0,0.0243,-0.0298,0.0113,-0.0282,0.0,-0.0112
708,50,South,Business,Construction,2025Q3,111451.06,800.0,39.74,36.57,68.14,186575.46,0.3886,0.02436,0,-0.0029,-0.0751,-0.0001,-0.0034,0.0,0.0
709,42,East,Salaried,IT,2025Q3,79033.56,656.0,61.53,64.94,43.56,100674.0,0.3977,0.14069,1,0.0127,-0.0104,0.058,0.0262,0.0,-0.0192
710,51,East,Business,Construction,2025Q3,123054.5,602.0,12.4,100.0,47.43,391801.22,0.509,0.17061,0,-0.0257,0.0642,-0.0947,0.0712,0.0,0.0
711,44,North,Business,Retail,2025Q3,100061.97,622.0,44.8,54.67,56.56,197897.81,0.4866,0.22523,0,0.0042,0.0426,0.0142,0.0084,0.0,0.0
712,52,South,Salaried,Healthcare,2025Q3,72928.7,692.0,26.54,25.29,62.05,201017.83,0.3388,0.03574,0,-0.0074,-0.0198,-0.0105,-0.0118,0.0,-0.0044
713,33,East,Salaried,Transport,2025Q3,64749.53,693.0,31.02,33.06,67.26,88576.38,0.513,0.07899,0,0.0189,-0.0377,-0.0126,-0.0144,0.0,-0.0082
714,44,East,Business,IT,2025Q3,84435.14,,30.27,62.48,59.96,108082.04,0.3612,0.12237,0,0.0024,-0.0257,-0.0184,0.0124,0.0,0.0
715,42,North,Business,Construction,2025Q3,97683.51,602.0,22.58,18.39,53.03,98495.73,0.3544,0.12575,0,0.0081,0.0429,-0.0397,-0.0438,0.0,0.0
716,31,West,SelfEmployed,IT,2025Q3,73076.8,735.0,11.56,72.13,87.04,204225.17,0.4822,0.08146,0,0.0259,-0.1064,-0.0559,0.0185,0.0089,0.0206
717,27,South,Salaried,Healthcare,2025Q3,49085.93,792.0,44.22,54.02,57.72,148780.45,0.3304,0.05256,0,0.0183,-0.1449,0.0037,0.0021,0.0,-0.0057
718,52,South,Salaried,Healthcare,2025Q3,83054.81,662.0,36.95,45.25,56.58,276661.39,0.4311,0.05642,0,-0.0147,-0.0097,-0.0043,-0.004,0.0,-0.0087
719,40,North,Salaried,Construction,2025Q3,80401.25,783.0,33.19,10.93,55.65,196458.76,0.2779,0.01965,0,0.0023,-0.0554,-0.0026,-0.0105,0.0,-0.0023
720,33,South,Salaried,Transport,2025Q3,47684.41,719.0,50.15,68.25,57.74,126171.36,0.3741,0.12608,0,0.0293,-0.1002,0.0186,0.02,0.0,-0.0125
721,43,South,Salaried,Transport,2025Q3,80506.16,811.0,45.23,31.24,32.75,118668.88,0.3619,0.02027,0,0.0011,-0.0861,0.0019,-0.0049,0.0,-0.0025
722,56,North,Salaried,Retail,2025Q3,58083.7,692.0,33.73,51.38,39.94,109879.55,0.3814,0.06067,0,-0.0168,-0.027,-0.0063,0.0008,0.0,-0.006
723,21,East,Salaried,IT,2025Q3,74900.28,669.0,86.81,44.54,100.0,67250.87,0.3797,0.33489,0,0.1273,-0.0473,0.1657,-0.0145,0.0,-0.0268
724,28,South,Business,Healthcare,2025Q3,85789.25,,54.29,13.16,26.99,216350.73,0.4073,0.0878,0,0.0307,-0.0781,0.0199,-0.0416,0.0,0.0
725,34,West,SelfEmployed,Manufacturing,2025Q3,104027.09,631.0,77.12,42.92,65.44,321732.6,0.5134,0.49357,0,0.0721,0.0495,0.1619,-0.0207,0.0287,0.0703
726,60,West,Salaried,Manufacturing,2025Q3,70001.26,688.0,31.36,21.37,66.85,140258.64,0.3389,0.02998,0,-0.0175,-0.0174,-0.0064,-0.0138,0.0039,-0.0043
727,47,North,Business,Manufacturing,2025Q3,113802.13,750.0,42.0,33.66,80.25,195607.68,0.1903,0.04691,0,-0.002,-0.0663,0.0014,-0.0076,0.0,0.0
728,52,North,Business,Healthcare,2025Q3,114744.04,716.0,18.19,57.52,67.34,172017.44,0.5036,0.04826,0,-0.0079,-0.0379,-0.0198,0.0032,0.0,0.0
729,31,East,Business,Healthcare,2025Q3,75719.82,658.0,32.71,63.45,97.82,149483.52,0.372,0.18569,0,0.0469,-0.0124,-0.021,0.0209,0.0,0.0
730,32,West,Salaried,Retail,2025Q3,58120.42,674.0,28.66,47.6,64.79,71837.3,0.3732,0.10171,0,0.0305,-0.0283,-0.024,-0.0028,0.0111,-0.0122
731,49,West,Salaried,Manufacturing,2025Q3,60667.37,712.0,85.93,28.55,86.96,177212.75,0.3622,0.117,0,-0.0115,-0.0869,0.0634,-0.028,0.0113,-0.0124
732,45,North,Business,Construction,2025Q3,67375.43,709.0,26.92,33.76,80.8,152593.55,0.3006,0.03916,0,0.0,-0.0377,-0.0127,-0.0092,0.0,0.0
733,50,North,Salaried,Retail,2025Q3,67577.78,711.0,34.26,33.38,90.84,76383.36,0.3746,0.03569,0,-0.0056,-0.0348,-0.0046,-0.0083,0.0,-0.0048
734,42,North,Business,Healthcare,2025Q3,66296.04,683.0,14.74,0.98,60.5,113481.34,0.3936,0.03561,0,0.0027,-0.0145,-0.0216,-0.0262,0.0,0.0
735,47,East,Salaried,Healthcare,2025Q3,107123.0,604.0,46.54,49.61,67.96,74832.64,0.4784,0.16071,0,-0.0085,0.0641,0.0188,-0.0007,0.0,-0.0187
736,46,East,Business,Construction,2025Q3,65463.07,615.0,23.6,11.35,52.62,32057.46,0.3959,0.08115,0,-0.0022,0.0254,-0.029,-0.0434,0.0,0.0
737,53,South,SelfEmployed,IT,2025Q3,94480.12,691.0,52.7,49.68,63.2,156551.78,0.2178,0.09337,0,-0.0242,-0.0531,0.0228,-0.0004,0.0,0.0265
738,53,East,Business,Construction,2025Q3,106642.69,717.0,9.39,15.89,64.3,195741.12,0.2971,0.02156,1,-0.0047,-0.0201,-0.0157,-0.0094,0.0,0.0
739,26,North,Salaried,Healthcare,2025Q3,65934.99,708.0,36.05,21.46,18.45,28740.74,0.4964,0.09086,0,0.0274,-0.0542,-0.0053,-0.0256,0.0,-0.0082
740,21,East,Business,Retail,2025Q3,78015.19,614.0,8.47,62.71,57.14,107727.46,0.3729,0.27595,0,0.0884,0.0569,-0.1211,0.0237,0.0,0.0
741,55,North,Salaried,Healthcare,2025Q3,102635.21,650.0,30.15,48.54,77.8,167091.92,0.4712,0.06006,0,-0.021,0.0,-0.0142,-0.0012,0.0,-0.0084
742,57,East,Salaried,Retail,2025Q3,79373.4,580.0,33.4,6.53,33.0,97433.47,0.3949,0.07987,0,-0.0322,0.0472,-0.0116,-0.0538,0.0,-0.0105
743,33,East,Salaried,Healthcare,2025Q3,67375.91,565.0,28.42,35.71,40.27,72036.1,0.5223,0.22951,0,0.0543,0.1256,-0.0437,-0.0319,0.0,-0.022
744,24,East,Salaried,Transport,2025Q3,52415.89,,30.0,53.76,83.11,94341.65,0.4298,0.15911,0,0.0572,-0.0226,-0.0259,0.0054,0.0,-0.0151
745,45,South,Business,IT,2025Q3,115045.46,752.0,53.54,34.38,86.86,255823.5,0.2757,0.04719,0,0.0,-0.086,0.011,-0.0093,0.0,0.0
746,54,East,Salaried,Retail,2025Q3,122497.59,667.0,72.79,40.45,47.58,222987.95,0.3279,0.14507,0,-0.0298,-0.0216,0.055,-0.0129,0.0,-0.0135
747,64,East,Salaried,IT,2025Q3,72209.19,790.0,43.43,53.37,63.48,226533.64,0.2593,0.01952,0,-0.0119,-0.0589,0.0011,0.0007,0.0,-0.0022
748,50,North,SelfEmployed,Retail,2025Q3,52540.18,649.0,24.24,48.98,58.44,95408.25,0.5008,0.08286,0,-0.0143,0.0011,-0.0344,-0.0012,0.0,0.0258
749,40,North,Business,Healthcare,2025Q3,97344.37,662.0,39.03,26.17,83.54,242295.65,0.3226,0.09825,0,0.0114,-0.012,-0.0017,-0.0277,0.0,0.0
750,34,East,Salaried,Manufacturing,2025Q3,85966.71,593.0,32.33,48.49,49.33,178388.9,0.4179,0.18108,0,0.0471,0.0867,-0.0268,-0.0031,0.0,-0.0208
751,44,North,Business,Healthcare,2025Q3,125925.59,636.0,52.23,41.68,52.43,380608.96,0.426,0.15388,0,0.0038,0.0201,0.031,-0.0142,0.0,0.0
752,41,North,Business,IT,2025Q3,101282.03,579.0,42.61,85.93,86.82,227137.01,0.4701,0.34812,1,0.0254,0.1553,0.0119,0.0924,0.0,0.0
753,33,North,Salaried,Transport,2025Q3,90924.06,555.0,12.76,45.73,39.93,225609.06,0.4239,0.24394,1,0.0516,0.128,-0.1063,-0.0088,0.0,-0.0211
754,67,North,Business,Healthcare,2025Q3,141281.09,,55.57,50.97,50.04,258410.14,0.326,0.18879,0,-0.1115,0.0905,0.0427,0.0018,0.0,0.0
755,64,South,Business,Transport,2025Q3,135066.0,666.0,53.47,53.72,62.66,412760.08,0.3254,0.0826,0,-0.0529,-0.0151,0.0193,0.0035,0.0,0.0
756,56,East,Salaried,Healthcare,2025Q3,102360.89,610.0,61.92,40.91,90.48,254143.27,0.3573,0.22951,0,-0.0473,0.0526,0.0524,-0.0157,0.0,-0.0173
757,34,North,Salaried,Healthcare,2025Q3,43620.23,626.0,29.74,32.16,36.13,111264.91,0.224,0.11326,0,0.0307,0.0267,-0.0247,-0.0259,0.0,-0.014
758,53,East,Salaried,Transport,2025Q3,83649.49,688.0,42.82,58.11,45.79,79492.77,0.4487,0.07683,0,-0.0165,-0.0334,0.0037,0.0062,0.0,-0.0084
759,51,North,Business,Construction,2025Q3,102400.7,555.0,19.04,58.29,71.85,214356.86,0.5012,0.22229,0,-0.0281,0.1186,-0.0752,0.0154,0.0,0.0
760,49,South,Salaried,IT,2025Q3,78403.43,666.0,37.18,93.82,74.94,151967.45,0.3362,0.13727,1,-0.0133,-0.0214,-0.0066,0.0493,0.0,-0.0143
761,58,North,Salaried,Retail,2025Q3,87614.09,718.0,44.35,64.33,64.23,137514.45,0.5081,0.04459,0,-0.0208,-0.051,0.0041,0.0077,0.0,-0.0061
762,51,East,SelfEmployed,Manufacturing,2025Q3,118210.11,724.0,27.82,64.7,57.67,146298.35,0.3931,0.05468,0,-0.0107,-0.0688,-0.016,0.0096,0.0,0.0156
763,52,West,Business,Construction,2025Q3,84277.03,695.0,43.48,63.79,62.59,232422.46,0.4795,0.10394,0,-0.0178,-0.0507,0.0057,0.013,0.0096,0.0
764,51,South,Business,Construction,2025Q3,111382.94,656.0,40.69,32.81,29.85,157966.64,0.4875,0.10263,0,-0.014,-0.0053,0.0011,-0.0175,0.0,0.0
765,48,North,Salaried,Transport,2025Q3,84995.95,618.0,30.8,20.32,62.03,173021.0,0.428,0.08854,0,-0.007,0.0244,-0.0159,-0.033,0.0,-0.0101
766,24,North,Salaried,Healthcare,2025Q3,42264.42,654.0,60.36,25.92,89.64,88468.25,0.2638,0.16453,0,0.0769,-0.007,0.0565,-0.0496,0.0,-0.0196
767,45,North,Salaried,IT,2025Q3,57221.17,772.0,34.25,63.14,33.6,116395.27,0.4007,0.03398,0,0.0,-0.0831,-0.0039,0.0047,0.0,-0.0041
768,38,East,SelfEmployed,Healthcare,2025Q3,47676.33,679.0,,79.28,44.32,150168.69,0.4595,0.24482,0,0.0289,-0.0549,0.0004,0.0493,0.0,0.0428
769,30,North,Salaried,IT,2025Q3,71840.39,653.0,14.53,64.15,52.06,205698.66,0.3742,0.10122,0,0.0369,-0.0034,-0.0636,0.0164,0.0,-0.013
770,62,West,SelfEmployed,Retail,2025Q3,98761.59,698.0,46.31,44.33,53.32,204947.51,0.4236,0.07495,0,-0.0417,-0.0472,0.0086,-0.005,0.0082,0.0189
771,63,East,Salaried,Transport,2025Q3,77936.01,663.0,30.37,84.89,96.83,93430.36,0.4207,0.07867,0,-0.0441,-0.0107,-0.0148,0.0248,0.0,-0.0089
772,59,South,Business,Retail,2025Q3,70430.11,675.0,,38.24,41.36,58121.37,0.3425,0.09314,0,-0.0327,-0.0218,0.0168,-0.0106,0.0,0.0
773,47,East,Salaried,Construction,2025Q3,86188.8,643.0,17.02,22.74,37.37,119668.74,0.422,0.05161,0,-0.003,0.0039,-0.0296,-0.0198,0.0,-0.0066
774,59,North,Salaried,Construction,2025Q3,86072.91,632.0,44.89,53.57,75.42,117295.01,0.3931,0.1175,0,-0.0436,0.0175,0.009,0.004,0.0,-0.012
775,44,East,Business,Construction,2025Q3,77853.52,728.0,3.09,76.42,47.06,76684.55,0.4302,0.05065,0,0.001,-0.0485,-0.0394,0.0103,0.0,0.0
776,46,North,Salaried,Manufacturing,2025Q3,60147.28,527.0,47.85,29.44,75.75,113365.76,0.4233,0.25322,0,-0.0059,0.2018,0.0321,-0.0544,0.0,-0.0259
777,32,East,Business,Manufacturing,2025Q3,75605.65,693.0,35.2,10.49,56.06,124961.19,0.3555,0.05493,0,0.0196,-0.0365,-0.0063,-0.0366,0.0,0.0
778,48,South,Business,IT,2025Q3,102759.94,628.0,44.39,48.83,69.18,57425.1,0.3042,0.15249,0,-0.0112,0.0287,0.011,-0.0018,0.0,0.0
779,45,North,Salaried,Retail,2025Q3,70660.31,530.0,28.4,64.97,28.64,177601.54,0.646,0.35298,1,0.0,0.2026,-0.0516,0.037,0.0,-0.0262
780,30,East,Business,IT,2025Q3,56706.53,594.0,22.81,0.0,69.11,174896.37,0.4109,0.14455,0,0.042,0.0572,-0.0454,-0.0864,0.0,0.0
781,43,North,Business,Manufacturing,2025Q3,88753.75,658.0,31.05,69.5,64.36,126609.78,0.3343,0.15258,0,0.0061,-0.0101,-0.0212,0.0238,0.0,0.0
782,43,North,Business,Healthcare,2025Q3,108619.85,667.0,,17.93,54.89,135698.61,0.4698,0.06117,0,0.004,-0.0149,0.0016,-0.0332,0.0,0.0
783,64,East,Business,Healthcare,2025Q3,109424.82,710.0,47.23,63.95,35.35,92810.77,0.4215,0.06021,0,-0.0356,-0.0468,0.0071,0.0082,0.0,0.0
784,54,South,Salaried,Construction,2025Q3,85931.62,715.0,42.86,4.07,64.34,67813.18,0.4486,0.01758,0,-0.0079,-0.028,0.0015,-0.0199,0.0,-0.0035
785,44,West,Salaried,IT,2025Q3,69837.96,555.0,23.01,15.55,74.48,157274.21,0.5131,0.20239,1,0.0038,0.0994,-0.052,-0.0647,0.0158,-0.0171
786,47,East,Salaried,Transport,2025Q3,62386.05,686.0,67.4,61.61,49.38,136501.03,0.5027,0.16787,0,-0.0068,-0.0541,0.0532,0.0157,0.0,-0.0149
787,44,East,Business,IT,2025Q3,74087.85,710.0,43.33,74.75,49.77,197001.23,0.3213,0.09469,0,0.0024,-0.0758,0.0057,0.0233,0.0,0.0
788,42,North,Salaried,Retail,2025Q3,43986.63,,,47.8,75.88,77058.89,0.4305,0.05106,0,0.0056,-0.0212,-0.0182,-0.0018,0.0,-0.0087
789,32,North,Salaried,Retail,2025Q3,86162.07,694.0,44.79,100.0,94.2,77634.11,0.2858,0.18066,0,0.0484,-0.0836,0.0139,0.0736,0.0,-0.0186
790,42,West,Salaried,Healthcare,2025Q3,82224.18,529.0,42.1,25.5,78.79,243184.37,0.4453,0.36213,0,0.0178,0.2055,0.009,-0.0664,0.0252,-0.0264
791,36,North,Salaried,Transport,2025Q3,69984.76,593.0,35.19,25.22,64.59,193368.94,0.5011,0.1839,0,0.0327,0.0714,-0.014,-0.0462,0.0,-0.0176
792,30,South,Salaried,Manufacturing,2025Q3,68420.49,753.0,,41.35,55.14,192038.98,0.3198,0.06491,0,0.0155,-0.085,-0.0063,-0.0048,0.0,-0.0056
793,50,North,Business,Transport,2025Q3,102211.53,641.0,53.76,40.3,59.45,309616.97,0.6091,0.13404,0,-0.0175,0.0114,0.0296,-0.0144,0.0,0.0
794,48,North,Business,Healthcare,2025Q3,81078.17,811.0,65.65,54.24,33.49,252761.59,0.3726,0.05438,0,-0.0032,-0.1493,0.0148,0.0018,0.0,0.0
795,24,East,Business,IT,2025Q3,66845.28,573.0,5.42,31.66,56.91,107157.7,0.3096,0.14543,0,0.0759,0.1003,-0.1305,-0.0367,0.0,0.0
796,43,East,Salaried,Construction,2025Q3,66264.24,766.0,57.69,60.49,82.4,167689.14,0.4433,0.05083,0,0.0029,-0.1206,0.0162,0.0064,0.0,-0.0068
797,55,East,Salaried,Manufacturing,2025Q3,130805.63,618.0,38.32,59.96,60.79,330251.66,0.6163,0.10664,0,-0.0348,0.0346,-0.0038,0.0128,0.0,-0.0141
798,56,West,SelfEmployed,IT,2025Q3,112863.64,719.0,,83.49,47.49,207127.12,0.2244,0.11846,1,-0.0323,-0.0943,0.0033,0.0318,0.0106,0.0247
799,55,North,Business,Healthcare,2025Q3,103621.88,640.0,59.63,37.21,45.64,174987.36,0.4882,0.11113,0,-0.0356,0.0121,0.0389,-0.0186,0.0,0.0
800,44,South,Salaried,IT,2025Q3,100287.72,668.0,2.0,55.41,59.36,240773.6,0.3421,0.06099,0,0.0013,-0.0104,-0.0516,0.003,0.0,-0.0061
801,35,North,Business,Construction,2025Q3,104914.39,700.0,51.04,61.33,35.31,74600.13,0.4057,0.15187,0,0.0294,-0.0776,0.0237,0.015,0.0,0.0
802,32,East,Business,IT,2025Q3,55050.56,618.0,58.52,47.84,41.83,125955.4,0.334,0.30208,1,0.0691,0.067,0.0702,-0.0054,0.0,0.0
803,48,South,Salaried,Transport,2025Q3,75288.64,714.0,26.98,43.34,90.66,94497.58,0.4734,0.0392,0,-0.0033,-0.037,-0.0111,-0.0031,0.0,-0.0048
804,48,East,Salaried,Transport,2025Q3,79006.16,642.0,15.7,2.6,39.28,148203.32,0.4048,0.03589,0,-0.0035,0.0034,-0.0247,-0.03,0.0,-0.0051
805,58,North,Business,Healthcare,2025Q3,114307.5,672.0,64.24,49.83,43.97,198699.61,0.5126,0.12503,0,-0.0415,-0.0264,0.0398,-0.0002,0.0,0.0
806,56,East,Salaried,Construction,2025Q3,82468.13,480.0,9.9,61.1,65.83,256456.32,0.4046,0.25937,0,-0.0652,0.2187,-0.1339,0.0257,0.0,-0.0245
807,43,East,Business,Construction,2025Q3,88026.44,637.0,44.7,46.73,51.16,245513.97,0.4155,0.1766,0,0.0072,0.0178,0.0119,-0.0052,0.0,0.0
808,30,West,Salaried,Retail,2025Q3,54795.72,746.0,54.37,30.79,61.77,158603.01,0.2088,0.09612,0,0.0241,-0.1126,0.0174,-0.0174,0.0078,-0.0086
809,40,North,Business,IT,2025Q3,105980.83,707.0,44.35,11.06,77.26,245354.51,0.6154,0.05445,0,0.007,-0.0442,0.0045,-0.0307,0.0,0.0
810,46,West,SelfEmployed,Transport,2025Q3,59519.87,720.0,47.03,57.97,29.06,187878.95,0.5566,0.13756,0,-0.0028,-0.1006,0.013,0.009,0.0112,0.0261
811,42,North,Salaried,Retail,2025Q3,66207.61,664.0,33.76,48.73,75.08,75034.55,0.5969,0.09731,1,0.0068,-0.0138,-0.0111,-0.0013,0.0,-0.0106
812,38,South,Business,IT,2025Q3,52113.83,774.0,45.4,78.58,48.35,111166.59,0.5067,0.07301,0,0.0109,-0.1487,0.0063,0.018,0.0,0.0
813,47,North,Salaried,Healthcare,2025Q3,59866.49,680.0,26.66,16.11,54.28,76923.01,0.3697,0.03392,0,-0.0023,-0.0154,-0.0121,-0.0197,0.0,-0.0051
814,38,North,Salaried,Manufacturing,2025Q3,76009.19,615.0,28.74,37.65,98.44,79150.87,0.4362,0.12264,0,0.0212,0.0388,-0.0284,-0.0182,0.0,-0.0146
815,37,East,SelfEmployed,IT,2025Q3,83450.78,718.0,38.57,18.93,31.95,199692.81,0.427,0.064,0,0.0134,-0.0678,-0.0019,-0.0288,0.0,0.0174
816,47,North,Business,Healthcare,2025Q3,87762.55,723.0,13.36,70.56,71.81,59190.34,0.4319,0.05549,0,-0.0024,-0.0485,-0.0283,0.0091,0.0,0.0
817,40,South,Business,Transport,2025Q3,107331.73,703.0,47.23,75.26,82.56,324370.42,0.3213,0.12024,0,0.0145,-0.0788,0.015,0.0296,0.0,0.0
818,47,East,Business,Construction,2025Q3,117772.77,633.0,2.0,90.3,46.33,369050.37,0.3418,0.12304,0,-0.0056,0.017,-0.0987,0.039,0.0,0.0
819,47,East,Business,IT,2025Q3,92153.91,679.0,43.81,59.47,46.65,132293.87,0.3104,0.10616,0,-0.0054,-0.0342,0.007,0.0103,0.0,0.0
820,31,East,Salaried,Retail,2025Q3,68507.79,755.0,45.31,65.36,52.63,58647.85,0.3566,0.06989,0,0.0225,-0.1269,0.0069,0.0115,0.0,-0.0085
821,39,East,Salaried,Transport,2025Q3,63054.2,692.0,25.29,57.59,46.21,163324.12,0.3872,0.05658,0,0.0104,-0.0373,-0.0221,0.0058,0.0,-0.0084
822,60,North,Salaried,Manufacturing,2025Q3,101383.98,560.0,18.26,60.61,61.33,288770.2,0.4228,0.10595,0,-0.0589,0.0835,-0.0612,0.0147,0.0,-0.0152
823,31,East,Salaried,Construction,2025Q3,42506.91,617.0,31.47,49.08,77.85,118468.08,0.4591,0.17663,1,0.0515,0.0482,-0.0269,-0.0017,0.0,-0.0186
824,21,North,Salaried,Manufacturing,2025Q3,87325.03,614.0,48.23,61.61,52.74,217229.94,0.3295,0.32513,0,0.1296,0.0814,0.0355,0.0302,0.0,-0.0271
825,24,North,Business,Manufacturing,2025Q3,93219.73,609.0,43.53,95.08,78.57,245152.08,0.3735,0.3919,1,0.1341,0.105,0.0172,0.1242,0.0,0.0
826,44,North,Salaried,IT,2025Q3,54119.33,516.0,20.22,52.81,88.02,140792.01,0.4136,0.29205,0,0.0056,0.2001,-0.0866,0.0068,0.0,-0.025
827,44,East,Business,Manufacturing,2025Q3,76497.67,789.0,39.69,48.53,68.62,63038.38,0.4444,0.04298,0,0.0008,-0.095,-0.0002,-0.0005,0.0,0.0
828,43,South,Business,Manufacturing,2025Q3,97382.48,600.0,42.19,52.36,70.51,321934.84,0.4608,0.27193,1,0.0094,0.0797,0.0074,0.0048,0.0,0.0
829,57,East,SelfEmployed,Construction,2025Q3,89311.48,605.0,,44.72,48.12,244251.27,0.4703,0.1811,0,-0.0547,0.0616,0.0044,-0.0095,0.0,0.0399
830,21,South,Salaried,Transport,2025Q3,64802.79,528.0,22.21,53.42,7.54,130343.1,0.3955,0.41357,1,0.1477,0.2556,-0.0879,0.0099,0.0,-0.0293
831,48,South,Business,Manufacturing,2025Q3,87830.87,719.0,,43.97,71.71,132066.28,0.4066,0.06127,0,-0.0045,-0.055,0.0005,-0.0038,0.0,0.0
832,61,South,Business,Transport,2025Q3,133446.61,654.0,52.68,73.17,75.93,420000.0,0.3641,0.13528,0,-0.0592,-0.005,0.0259,0.0281,0.0,0.0
833,32,North,Salaried,Manufacturing,2025Q3,65049.53,636.0,46.59,70.97,64.85,70810.71,0.3732,0.26078,0,0.0595,0.0267,0.023,0.0425,0.0,-0.0224
834,40,South,Salaried,Retail,2025Q3,115669.99,640.0,44.58,95.65,78.2,312883.57,0.4606,0.24598,0,0.0242,0.0192,0.0161,0.0842,0.0,-0.0223
835,36,East,Salaried,Healthcare,2025Q3,79348.16,700.0,64.28,47.48,49.03,63775.89,0.3582,0.13183,0,0.0257,-0.0751,0.0454,-0.0034,0.0,-0.0141
836,34,East,Business,Construction,2025Q3,57410.72,627.0,40.68,54.35,70.37,123447.31,0.4271,0.19313,0,0.0466,0.039,0.0022,0.0085,0.0,0.0
837,40,North,Business,Transport,2025Q3,124656.94,525.0,24.53,53.43,89.44,196441.75,0.4497,0.34761,0,0.0302,0.2199,-0.0717,0.0091,0.0,0.0
838,60,East,Salaried,Manufacturing,2025Q3,109876.22,572.0,24.58,52.39,73.31,116628.25,0.3609,0.09026,0,-0.0549,0.0698,-0.0387,0.0032,0.0,-0.0141
839,64,South,Business,IT,2025Q3,115542.66,569.0,40.82,72.86,86.86,125399.28,0.4096,0.22372,0,-0.1027,0.1136,0.0027,0.0426,0.0,0.0
840,40,North,Salaried,Construction,2025Q3,83739.4,679.0,,12.25,86.98,131834.02,0.3724,0.0275,0,0.0049,-0.0139,-0.0238,-0.0211,0.0,-0.0048
841,65,North,Salaried,Transport,2025Q3,73197.16,723.0,33.02,58.14,35.57,128903.0,0.3714,0.03172,0,-0.0214,-0.0346,-0.0043,0.0027,0.0,-0.0037
842,44,South,Business,Transport,2025Q3,58221.23,760.0,45.43,91.91,74.38,61590.75,0.2448,0.06368,0,0.0019,-0.138,0.0071,0.0281,0.0,0.0
843,63,South,SelfEmployed,Healthcare,2025Q3,100048.51,549.0,56.74,77.98,47.36,188308.89,0.4045,0.46657,0,-0.1249,0.223,0.0777,0.078,0.0,0.07
844,43,East,Business,Retail,2025Q3,114617.87,,,75.47,37.85,233128.89,0.4822,0.06478,0,0.0032,-0.0436,-0.0401,0.0159,0.0,0.0
845,45,North,Salaried,Construction,2025Q3,83722.76,618.0,39.59,66.53,54.29,183505.1,0.4737,0.1796,0,0.0,0.0459,-0.0012,0.0272,0.0,-0.0183
846,48,East,Salaried,Transport,2025Q3,110065.09,850.0,36.91,34.89,95.08,162687.33,0.3255,0.01082,0,-0.0009,-0.0734,-0.0006,-0.002,0.0,-0.0013
847,75,North,Salaried,Manufacturing,2025Q3,127381.97,754.0,38.6,31.5,49.12,294929.89,0.2967,0.01153,1,-0.017,-0.0274,-0.0004,-0.0033,0.0,-0.0017
848,53,East,Salaried,IT,2025Q3,84170.96,776.0,40.27,31.68,24.84,151728.78,0.3914,0.02451,0,-0.0049,-0.0553,0.0001,-0.0048,0.0,-0.0025
849,36,East,Salaried,Transport,2025Q3,89807.62,715.0,37.49,22.95,31.11,229089.89,0.4822,0.05872,0,0.0111,-0.0486,-0.0025,-0.0185,0.0,-0.0062
850,55,South,Business,Manufacturing,2025Q3,128006.72,686.0,60.28,68.83,69.57,394418.26,0.5363,0.11056,0,-0.0328,-0.0484,0.0366,0.0219,0.0,0.0
851,40,North,Business,Construction,2025Q3,85656.72,633.0,,80.3,44.82,263319.16,0.3915,0.25286,0,0.0279,0.0368,0.0677,0.0686,0.0,0.0
852,39,East,Salaried,Construction,2025Q3,67352.04,,72.29,57.56,19.14,190587.23,0.3535,0.29076,1,0.0344,0.0671,0.1179,0.0189,0.0,-0.026
853,54,West,Salaried,Retail,2025Q3,87228.11,606.0,37.83,65.71,31.9,229211.93,0.4814,0.16907,0,-0.0389,0.0584,-0.0063,0.0252,0.0164,-0.0178
854,44,West,Salaried,Transport,2025Q3,32285.66,702.0,31.43,54.46,63.34,60395.98,0.438,0.05694,0,0.0018,-0.0467,-0.0118,0.0033,0.0073,-0.0081
855,47,North,Salaried,Transport,2025Q3,83447.77,766.0,,60.51,75.59,84912.34,0.3877,0.02395,0,-0.0015,-0.0612,-0.0105,0.003,0.0,-0.0032
856,44,East,Salaried,Retail,2025Q3,88667.88,636.0,29.69,1.42,51.09,227243.13,0.3816,0.05821,0,0.0017,0.0087,-0.0136,-0.0453,0.0,-0.0076
857,48,South,Salaried,Healthcare,2025Q3,81901.2,611.0,49.43,54.92,72.98,187830.86,0.3364,0.18038,0,-0.013,0.0564,0.0269,0.0088,0.0,-0.0188
858,49,North,Business,IT,2025Q3,101404.14,559.0,51.9,38.64,78.3,192614.06,0.5133,0.27007,1,-0.023,0.1536,0.0451,-0.0281,0.0,0.0
859,23,East,Salaried,Healthcare,2025Q3,56017.43,677.0,48.81,47.12,44.33,123442.49,0.4898,0.17924,0,0.0692,-0.0454,0.0231,-0.0049,0.0,-0.0173
860,51,South,Business,IT,2025Q3,61053.61,744.0,27.37,52.97,57.58,121271.83,0.3658,0.03346,0,-0.0058,-0.055,-0.0092,0.0011,0.0,0.0
861,33,East,Salaried,Manufacturing,2025Q3,95726.71,747.0,27.45,32.26,47.99,124778.78,0.5304,0.03945,0,0.0102,-0.0631,-0.01,-0.0083,0.0,-0.0045
862,28,East,Salaried,Construction,2025Q3,54679.08,754.0,69.3,24.34,70.78,152049.37,0.41,0.08203,0,0.0283,-0.1328,0.0333,-0.0254,0.0,-0.0092
863,43,South,SelfEmployed,IT,2025Q3,71680.14,688.0,24.69,31.59,47.76,176662.61,0.4002,0.07082,0,0.0037,-0.0339,-0.0237,-0.0165,0.0,0.0179
864,45,East,Salaried,Manufacturing,2025Q3,101043.69,666.0,60.66,16.14,35.74,78598.69,0.3273,0.10755,1,0.0,-0.0164,0.0304,-0.0416,0.0,-0.011
865,36,South,Salaried,IT,2025Q3,86116.61,747.0,44.47,22.59,61.05,179327.84,0.2575,0.02612,0,0.0091,-0.0712,0.0035,-0.0155,0.0,-0.0051
866,53,North,Business,Construction,2025Q3,103715.19,585.0,26.28,25.61,82.21,314454.31,0.4093,0.11001,0,-0.0251,0.0559,-0.0313,-0.0337,0.0,0.0
867,29,South,Salaried,Transport,2025Q3,76048.66,630.0,19.05,16.43,70.21,196996.71,0.464,0.08895,0,0.033,0.0177,-0.0436,-0.0417,0.0,-0.0111
868,40,West,Business,IT,2025Q3,66310.21,776.0,26.98,59.63,80.14,144290.71,0.5701,0.03919,0,0.0048,-0.0993,-0.0109,0.004,0.0042,0.0
869,38,South,Salaried,Retail,2025Q3,68843.9,587.0,44.68,28.19,78.38,207420.83,0.455,0.18796,0,0.0302,0.0912,0.0149,-0.0461,0.0,-0.0203
870,43,North,Salaried,Manufacturing,2025Q3,98106.11,658.0,23.45,7.01,60.84,243135.64,0.4721,0.05468,0,0.0026,-0.0043,-0.0182,-0.0309,0.0,-0.006
871,47,East,Salaried,Healthcare,2025Q3,66211.45,703.0,62.87,39.17,48.05,122823.02,0.3428,0.09526,0,-0.0044,-0.0574,0.0293,-0.0106,0.0,-0.0098
872,33,West,Salaried,IT,2025Q3,47830.0,666.0,34.67,23.51,42.61,75160.89,0.4386,0.07845,0,0.0261,-0.0168,-0.0099,-0.032,0.0102,-0.0112
873,52,West,Salaried,Transport,2025Q3,84314.87,738.0,49.21,80.1,28.27,216432.82,0.4029,0.07389,0,-0.0141,-0.0967,0.0113,0.0205,0.0075,-0.0084
874,45,East,Business,Retail,2025Q3,93437.03,764.0,47.92,50.92,83.79,269126.77,0.312,0.03679,0,0.0,-0.0983,0.0065,0.0005,0.0,0.0
875,23,South,Salaried,Transport,2025Q3,68456.3,693.0,63.95,15.65,53.39,83746.8,0.5195,0.14506,0,0.0571,-0.0652,0.0468,-0.0556,0.0,-0.0146
876,22,East,Business,Healthcare,2025Q3,46093.26,755.0,30.99,60.51,25.9,121239.29,0.38,0.0692,0,0.0341,-0.1294,-0.0135,0.0083,0.0,0.0
877,44,East,Business,Retail,2025Q3,44811.22,597.0,39.7,49.87,84.69,109617.77,0.5345,0.18372,1,0.0045,0.0796,-0.001,-0.0003,0.0,0.0
878,42,West,Salaried,Construction,2025Q3,90482.17,649.0,15.58,42.75,61.89,82822.72,0.4286,0.06075,0,0.006,0.0008,-0.0445,-0.0067,0.0085,-0.0094
879,43,East,Salaried,Retail,2025Q3,55306.32,824.0,39.65,82.64,79.36,132263.13,0.3401,0.02765,0,0.0015,-0.1358,-0.0002,0.0089,0.0,-0.0035
880,44,South,Salaried,Transport,2025Q3,64720.17,792.0,56.24,26.54,54.77,172468.77,0.3153,0.02255,0,0.0007,-0.0917,0.0075,-0.0087,0.0,-0.0034
881,46,North,Salaried,Retail,2025Q3,38201.76,573.0,41.51,70.77,44.13,21879.98,0.4264,0.22468,0,-0.0056,0.135,0.006,0.0468,0.0,-0.0245
882,54,East,Salaried,Manufacturing,2025Q3,103112.43,659.0,75.0,38.99,68.91,296987.44,0.5415,0.13948,0,-0.0323,-0.012,0.0633,-0.0162,0.0,-0.0147
883,32,North,Salaried,IT,2025Q3,71206.09,669.0,46.32,47.6,70.57,116241.27,0.349,0.16207,0,0.0383,-0.0271,0.0145,-0.0035,0.0,-0.0151
884,31,North,Business,IT,2025Q3,84583.5,688.0,29.35,31.5,54.4,82704.09,0.4675,0.08786,0,0.0252,-0.0376,-0.0176,-0.0184,0.0,0.0
885,32,South,Salaried,Healthcare,2025Q3,70362.19,747.0,45.29,32.91,86.27,71215.78,0.3687,0.04189,0,0.0157,-0.0877,0.0051,-0.0114,0.0,-0.0064
886,47,East,Salaried,Construction,2025Q3,41317.08,785.0,14.59,38.41,78.91,78348.11,0.4274,0.01361,0,-0.0008,-0.0448,-0.009,-0.002,0.0,-0.0018
887,58,West,Salaried,Manufacturing,2025Q3,70567.01,663.0,25.22,6.18,71.3,212213.68,0.4395,0.04086,0,-0.0151,-0.0054,-0.0119,-0.0236,0.004,-0.0044
888,39,East,Business,Transport,2025Q3,78068.91,736.0,18.53,55.63,37.8,156060.54,0.2907,0.04252,0,0.0065,-0.0614,-0.0218,0.0027,0.0,0.0
889,21,West,Salaried,Construction,2025Q3,41522.63,704.0,38.26,50.53,34.98,50682.64,0.4219,0.13683,0,0.0591,-0.083,-0.004,0.0007,0.013,-0.0142
890,25,East,Business,Retail,2025Q3,68712.79,659.0,37.03,15.05,83.98,90808.09,0.5976,0.11441,0,0.0487,-0.0111,-0.0065,-0.0527,0.0,0.0
891,35,East,Salaried,Retail,2025Q3,72031.59,545.0,57.28,62.52,16.23,80153.24,0.4888,0.44809,1,0.0685,0.2501,0.0841,0.0371,0.0,-0.0299
892,38,North,Salaried,Construction,2025Q3,88415.89,729.0,36.41,80.06,58.18,113210.94,0.474,0.07091,0,0.0132,-0.0909,-0.0054,0.0226,0.0,-0.0092
893,40,East,SelfEmployed,Manufacturing,2025Q3,53456.33,701.0,21.96,33.38,62.93,116523.05,0.4334,0.07439,0,0.0083,-0.0449,-0.0264,-0.0136,0.0,0.0165
894,44,North,Salaried,Transport,2025Q3,75540.96,686.0,62.95,30.74,50.21,229758.06,0.478,0.11021,0,0.0025,-0.0413,0.034,-0.0226,0.0,-0.0112
895,41,North,Business,Manufacturing,2025Q3,100807.79,593.0,2.0,72.5,59.29,285808.74,0.39,0.14174,0,0.0141,0.0655,-0.1264,0.0321,0.0,0.0
896,56,North,Business,IT,2025Q3,84866.5,793.0,38.62,56.87,68.41,67150.88,0.3677,0.02557,0,-0.0078,-0.0771,-0.0006,0.0017,0.0,0.0
897,37,East,Business,Construction,2025Q3,80929.01,670.0,41.48,45.01,48.26,86488.0,0.4909,0.09681,0,0.022,-0.0255,0.0031,-0.0065,0.0,0.0
898,35,East,Salaried,Construction,2025Q3,75997.94,582.0,37.84,65.92,77.63,172397.76,0.4233,0.28395,0,0.0541,0.1281,-0.009,0.0377,0.0,-0.0253
899,49,West,SelfEmployed,Healthcare,2025Q3,88401.76,571.0,46.0,54.03,71.65,200994.31,0.5409,0.29979,0,-0.026,0.1669,0.0269,0.011,0.0269,0.0652
900,27,West,Salaried,Manufacturing,2025Q3,72535.56,706.0,39.77,79.43,56.4,84167.43,0.3276,0.12818,0,0.0545,-0.0975,-0.0006,0.0403,0.0149,-0.0162
901,48,West,Business,Construction,2025Q3,96004.57,708.0,45.99,47.63,43.47,316146.74,0.4119,0.06259,0,-0.0063,-0.0605,0.0083,-0.0021,0.0083,0.0
902,45,North,Salaried,Healthcare,2025Q3,70986.47,,28.36,57.38,58.19,119423.54,0.4141,0.10897,1,0.0,0.0225,-0.027,0.0091,0.0,-0.0134
903,42,West,Salaried,Transport,2025Q3,52791.22,691.0,14.66,72.16,100.0,85630.54,0.6242,0.07971,0,0.0054,-0.0365,-0.042,0.0158,0.0076,-0.0084
904,61,East,Salaried,Healthcare,2025Q3,95449.03,705.0,37.26,0.0,44.85,265388.51,0.3771,0.02206,0,-0.0122,-0.0178,-0.0012,-0.0176,0.0,-0.0028
905,37,West,SelfEmployed,Healthcare,2025Q3,79199.51,670.0,21.58,72.95,90.62,96932.58,0.4541,0.15134,0,0.0286,-0.0326,-0.0573,0.0346,0.0159,0.0374
906,67,North,Business,Construction,2025Q3,93529.02,612.0,26.34,36.89,24.9,208212.02,0.2815,0.06851,0,-0.0527,0.023,-0.0201,-0.011,0.0,0.0
907,42,North,Business,Healthcare,2025Q3,99377.0,725.0,56.58,59.0,42.78,328641.38,0.3078,0.06777,0,0.007,-0.0984,0.025,0.0089,0.0,0.0
908,30,West,SelfEmployed,Transport,2025Q3,93922.62,717.0,62.93,84.61,49.15,296587.93,0.4285,0.29522,0,0.0754,-0.167,0.0814,0.0746,0.0232,0.0555
909,45,North,Business,Retail,2025Q3,79718.32,699.0,56.28,41.27,78.98,96117.16,0.3892,0.0646,0,0.0,-0.0569,0.0243,-0.0093,0.0,0.0
910,32,South,Business,Healthcare,2025Q3,66802.62,603.0,53.32,37.98,61.11,27109.7,0.4244,0.25462,0,0.0672,0.0916,0.0504,-0.0299,0.0,0.0
911,36,South,SelfEmployed,Construction,2025Q3,62745.33,569.0,38.96,46.8,86.2,184470.77,0.4299,0.35884,0,0.056,0.1732,-0.0048,-0.0089,0.0,0.0661
912,48,North,Business,IT,2025Q3,64084.09,665.0,54.25,16.05,53.35,20000.0,0.4074,0.09611,0,-0.0071,-0.0144,0.0206,-0.0392,0.0,0.0
913,50,North,Salaried,Manufacturing,2025Q3,117180.67,723.0,43.69,96.38,58.92,285807.52,0.265,0.08789,0,-0.0115,-0.0863,0.0055,0.0343,0.0,-0.0098
914,37,West,SelfEmployed,Manufacturing,2025Q3,69320.06,731.0,69.16,47.06,53.43,157139.75,0.3922,0.16003,1,0.028,-0.1578,0.0643,-0.0048,0.0156,0.0366
915,55,West,SelfEmployed,Healthcare,2025Q3,78147.82,700.0,23.31,84.2,100.0,69516.71,0.3925,0.11701,1,-0.0263,-0.0576,-0.0321,0.0292,0.0096,0.0223
916,57,West,Salaried,Manufacturing,2025Q3,67118.05,629.0,48.76,40.67,37.6,49777.05,0.5202,0.16396,0,-0.0403,0.0223,0.0173,-0.0123,0.0121,-0.0133
917,60,North,Salaried,Manufacturing,2025Q3,83116.59,605.0,17.77,48.75,49.84,153035.8,0.5101,0.0792,0,-0.0365,0.0293,-0.0391,-0.0011,0.0,-0.0092
918,50,North,Business,Transport,2025Q3,83586.23,,48.85,68.77,40.44,243833.91,0.1981,0.14127,0,-0.0181,-0.0126,0.0204,0.0255,0.0,0.0
919,59,South,Business,IT,2025Q3,130085.32,659.0,10.49,23.75,71.47,254782.18,0.3656,0.03309,0,-0.0155,-0.0034,-0.0257,-0.012,0.0,0.0
920,23,South,Salaried,Healthcare,2025Q3,34322.72,735.0,18.58,45.74,37.18,111218.08,0.5419,0.04841,0,0.024,-0.0726,-0.0264,-0.0027,0.0,-0.0064
921,41,North,Business,Retail,2025Q3,60306.38,627.0,17.48,67.95,96.44,128935.73,0.508,0.14775,0,0.0129,0.0277,-0.0633,0.0239,0.0,0.0
922,34,East,Salaried,Manufacturing,2025Q3,76632.11,,42.03,43.31,61.61,103138.78,0.4727,0.20008,0,0.0384,0.0243,0.0055,-0.0114,0.0,-0.0173
923,45,West,SelfEmployed,Manufacturing,2025Q3,82670.28,,43.67,37.37,68.25,100584.91,0.3348,0.02398,0,0.0,-0.1298,0.0025,-0.0058,0.004,0.0093
924,38,South,Salaried,Construction,2025Q3,66286.99,,,72.54,69.26,150962.56,0.4465,0.10388,0,0.0173,-0.1907,0.053,0.0232,0.0,-0.012
925,42,South,Business,Transport,2025Q3,98973.45,600.0,36.54,78.82,59.6,121071.75,0.3238,0.31617,0,0.0159,0.0918,-0.0136,0.0611,0.0,0.0
926,65,South,Salaried,Retail,2025Q3,97060.81,760.0,50.36,82.32,62.43,109552.89,0.3437,0.04015,0,-0.0264,-0.0781,0.0068,0.0117,0.0,-0.0046
927,42,North,Business,Manufacturing,2025Q3,88057.28,584.0,40.57,33.15,61.69,145787.33,0.4782,0.22161,0,0.0135,0.0957,0.0019,-0.0354,0.0,0.0
928,49,North,Business,Healthcare,2025Q3,69898.37,630.0,49.02,35.26,70.38,132789.38,0.4831,0.10653,0,-0.0138,0.024,0.02,-0.0223,0.0,0.0
929,41,South,Business,Construction,2025Q3,57974.29,638.0,40.3,37.63,43.55,157502.37,0.449,0.15161,0,0.0126,0.0148,0.0007,-0.0184,0.0,0.0
930,45,South,Salaried,Construction,2025Q3,63992.29,655.0,55.59,63.81,40.16,211436.99,0.4572,0.18758,0,0.0,-0.0076,0.0379,0.0212,0.0,-0.0169
931,44,East,Business,Retail,2025Q3,71181.43,702.0,21.16,21.67,76.42,192407.82,0.4224,0.04013,0,0.001,-0.0279,-0.0168,-0.0149,0.0,0.0
932,49,East,Salaried,Healthcare,2025Q3,85045.7,667.0,2.0,22.91,59.96,115789.4,0.3963,0.02733,0,-0.0035,-0.0061,-0.0327,-0.0113,0.0,-0.0038
933,57,North,Business,Construction,2025Q3,70023.13,702.0,44.68,32.28,19.87,120410.81,0.5166,0.05229,0,-0.0181,-0.0343,0.0041,-0.0108,0.0,0.0
934,62,North,Salaried,Retail,2025Q3,83851.12,633.0,9.12,27.36,50.5,68612.41,0.5816,0.03122,0,-0.0215,0.0062,-0.0298,-0.0111,0.0,-0.0046
935,47,North,SelfEmployed,Healthcare,2025Q3,83284.65,685.0,58.99,67.46,90.6,192220.12,0.4112,0.15286,0,-0.0085,-0.0645,0.05,0.0292,0.0,0.0405
936,50,North,Business,Healthcare,2025Q3,95386.2,,29.23,65.97,56.79,228142.87,0.3282,0.1058,0,-0.0125,-0.0149,-0.0198,0.0149,0.0,0.0
937,31,East,Salaried,Construction,2025Q3,71181.36,566.0,21.39,37.4,49.38,135242.5,0.4381,0.25348,0,0.0595,0.1184,-0.07,-0.0269,0.0,-0.0211
938,43,East,Salaried,Construction,2025Q3,68922.28,693.0,81.21,43.73,30.1,81801.67,0.4194,0.13334,0,0.007,-0.0705,0.078,-0.0098,0.0,-0.0159
939,54,West,Salaried,Retail,2025Q3,72685.14,667.0,37.7,0.0,48.64,239321.44,0.2448,0.03752,0,-0.0124,-0.0089,-0.0021,-0.0347,0.005,-0.0055
940,54,East,Salaried,Transport,2025Q3,107100.64,,34.64,37.94,36.72,85256.19,0.5482,0.09088,0,-0.0261,0.034,-0.0105,-0.0144,0.0,-0.0118
941,46,South,Business,Manufacturing,2025Q3,86739.41,631.0,49.97,75.37,68.58,238646.17,0.3831,0.22625,0,-0.0048,0.0338,0.0323,0.0478,0.0,0.0
942,54,North,Business,Transport,2025Q3,125244.35,,,36.74,60.99,264832.99,0.3673,0.10315,0,-0.0301,0.019,0.0221,-0.0184,0.0,0.0
943,49,South,Business,Retail,2025Q3,89347.71,643.0,56.23,23.96,52.73,185709.67,0.4028,0.14909,1,-0.0125,0.008,0.0307,-0.0376,0.0,0.0
944,57,South,Business,Retail,2025Q3,102107.15,780.0,16.67,78.28,44.76,125231.9,0.3442,0.01932,0,-0.0081,-0.0612,-0.0121,0.0059,0.0,0.0
945,47,West,SelfEmployed,Healthcare,2025Q3,83902.55,802.0,46.58,23.48,90.53,254319.98,0.3788,0.03297,0,-0.0017,-0.1143,0.0037,-0.0111,0.0034,0.0078
946,40,South,Salaried,IT,2025Q3,76261.93,475.0,33.31,82.01,45.89,159992.3,0.5519,0.52786,0,0.0347,0.4039,-0.0326,0.0957,0.0,-0.0293
947,48,North,Business,Construction,2025Q3,86742.73,693.0,23.26,100.0,45.97,210825.22,0.5145,0.10558,0,-0.0075,-0.0496,-0.0333,0.041,0.0,0.0
948,21,North,Salaried,Manufacturing,2025Q3,56730.43,725.0,38.77,45.59,55.14,149638.32,0.4645,0.1015,0,0.0424,-0.095,-0.0021,-0.0045,0.0,-0.0104
949,48,North,Business,IT,2025Q3,121854.65,645.0,9.02,75.36,57.94,130042.3,0.3538,0.06938,0,-0.0072,0.0045,-0.0662,0.0224,0.0,0.0
950,21,West,Business,IT,2025Q3,88879.33,723.0,52.77,11.28,69.64,166424.39,0.3932,0.09174,0,0.0474,-0.1006,0.0212,-0.0513,0.0105,0.0
951,25,North,Salaried,Retail,2025Q3,77603.29,772.0,33.35,10.32,78.61,209703.57,0.3932,0.02962,0,0.0128,-0.0768,-0.0042,-0.0177,0.0,-0.0037
952,49,North,Business,Retail,2025Q3,71045.25,567.0,30.36,30.47,77.11,112057.81,0.4811,0.15833,1,-0.0165,0.0947,-0.0291,-0.0359,0.0,0.0
953,49,North,Salaried,Manufacturing,2025Q3,58957.84,669.0,35.8,66.09,100.0,164313.72,0.46,0.10669,0,-0.0099,-0.0191,-0.0073,0.015,0.0,-0.0106
954,31,East,Salaried,Construction,2025Q3,67919.52,,35.32,48.04,26.14,125767.15,0.3837,0.03001,0,0.0106,-0.1091,-0.0031,-0.0008,0.0,-0.0041
955,36,South,Salaried,Retail,2025Q3,82373.28,576.0,56.25,43.9,64.62,237183.26,0.4465,0.34898,1,0.0522,0.1476,0.0663,-0.0161,0.0,-0.0267
956,59,East,SelfEmployed,IT,2025Q3,87855.56,652.0,20.47,19.6,49.59,256999.32,0.4997,0.0611,0,-0.0248,-0.0012,-0.0247,-0.0228,0.0,0.014
957,39,South,Business,Retail,2025Q3,73643.47,630.0,31.88,45.2,100.0,207488.64,0.4239,0.14168,0,0.0195,0.0251,-0.0212,-0.0072,0.0,0.0
958,69,North,Salaried,IT,2025Q3,123289.17,732.0,34.54,33.84,63.51,274519.36,0.4754,0.02165,0,-0.0175,-0.0265,-0.0021,-0.004,0.0,-0.0024
959,44,West,Business,IT,2025Q3,103045.78,741.0,20.96,27.71,19.41,185853.45,0.4607,0.02347,0,0.0008,-0.0487,-0.0136,-0.009,0.0034,0.0
960,48,North,Salaried,Manufacturing,2025Q3,98343.76,671.0,40.55,25.84,68.68,292971.88,0.5364,0.06446,0,-0.0053,-0.0156,0.0007,-0.02,0.0,-0.0077
961,62,North,Salaried,Construction,2025Q3,83953.9,,26.42,52.22,65.34,150155.69,0.4407,0.04469,0,-0.0286,-0.0068,-0.0149,0.0013,0.0,-0.0061
962,45,East,Business,Construction,2025Q3,82239.63,543.0,15.53,32.15,75.15,258786.88,0.5804,0.18305,1,0.0,0.1202,-0.0855,-0.0346,0.0,0.0
963,33,North,SelfEmployed,Healthcare,2025Q3,90880.03,757.0,46.42,47.86,45.53,254569.44,0.3658,0.07779,0,0.0225,-0.1454,0.0094,-0.002,0.0,0.0204
964,43,North,Business,Construction,2025Q3,85070.93,636.0,62.76,9.08,66.56,113708.61,0.46,0.14616,0,0.0068,0.018,0.0478,-0.0719,0.0,0.0
965,44,East,Business,Transport,2025Q3,79704.57,650.0,,59.07,54.59,143674.69,0.4887,0.13752,0,0.0033,0.0,-0.0029,0.0124,0.0,0.0
966,29,South,Salaried,Manufacturing,2025Q3,45762.46,726.0,36.35,53.3,46.57,145406.5,0.32,0.07825,0,0.0262,-0.0839,-0.0053,0.0027,0.0,-0.0089
967,41,North,Salaried,IT,2025Q3,63796.69,673.0,36.01,42.91,66.85,73718.12,0.388,0.08756,0,0.0083,-0.0219,-0.0064,-0.0069,0.0,-0.0098
968,36,South,Business,Transport,2025Q3,99251.5,728.0,29.74,51.55,63.06,88380.93,0.3468,0.06665,0,0.0128,-0.0714,-0.0128,0.001,0.0,0.0
969,54,East,Business,Manufacturing,2025Q3,72526.03,701.0,56.72,68.55,81.0,34539.65,0.405,0.08072,0,-0.0249,-0.0626,0.0261,0.0182,0.0,0.0
970,44,North,Salaried,Manufacturing,2025Q3,87022.94,674.0,39.5,16.13,60.54,239003.54,0.3765,0.06719,0,0.0016,-0.0172,-0.0006,-0.0281,0.0,-0.0073
971,41,North,Business,Healthcare,2025Q3,75252.06,681.0,3.14,49.47,72.08,91523.8,0.4252,0.03936,0,0.0052,-0.0193,-0.05,-0.0003,0.0,0.0
972,43,East,Salaried,Manufacturing,2025Q3,71014.59,584.0,57.18,19.29,35.85,68749.23,0.4444,0.13993,0,0.0092,0.0968,0.0518,-0.068,0.0,-0.0207
973,46,East,Salaried,IT,2025Q3,74867.58,650.0,53.26,49.93,87.89,85469.25,0.4051,0.18564,0,-0.0034,0.0,0.0286,-0.0001,0.0,-0.0149
974,51,West,SelfEmployed,Healthcare,2025Q3,86026.59,734.0,47.63,42.31,44.46,152947.7,0.4102,0.06119,1,-0.012,-0.0911,0.0095,-0.0064,0.0076,0.0176
975,33,South,Salaried,Manufacturing,2025Q3,60631.7,,2.0,47.45,78.06,119991.16,0.3908,0.11463,0,0.0319,0.0489,-0.1078,-0.0033,0.0,-0.0135
976,33,North,Business,Retail,2025Q3,72801.59,611.0,37.95,66.67,65.26,63027.49,0.3722,0.20401,0,0.0599,0.0746,-0.008,0.037,0.0,0.0
977,56,East,Business,IT,2025Q3,91214.35,600.0,52.29,66.01,62.73,166520.1,0.3495,0.20556,0,-0.0572,0.0798,0.0392,0.0311,0.0,0.0
978,39,East,Business,Retail,2025Q3,109955.92,670.0,44.07,71.91,75.21,239920.98,0.2775,0.16514,0,0.0213,-0.0318,0.0106,0.0323,0.0,0.0
979,28,North,Business,Healthcare,2025Q3,76750.89,755.0,41.28,39.28,17.2,133309.78,0.3364,0.06366,0,0.0222,-0.1101,0.0015,-0.0078,0.0,0.0
980,49,East,Business,Construction,2025Q3,92932.93,697.0,52.33,63.47,48.53,225515.44,0.4542,0.08409,0,-0.0108,-0.0582,0.0205,0.0139,0.0,0.0
981,49,North,Salaried,Retail,2025Q3,68596.25,512.0,40.23,59.15,74.92,174223.95,0.46,0.34763,0,-0.0264,0.2537,0.0011,0.0251,0.0,-0.0283
982,27,East,Business,Manufacturing,2025Q3,68057.01,704.0,57.26,39.83,98.44,161167.15,0.4096,0.14799,0,0.0504,-0.0876,0.0366,-0.0153,0.0,0.0
983,47,East,Salaried,Retail,2025Q3,66858.92,630.0,40.59,50.58,59.51,35256.45,0.4021,0.13654,0,-0.0065,0.0232,0.0013,0.0008,0.0,-0.0143
984,52,South,Salaried,Transport,2025Q3,96676.2,695.0,39.31,45.09,11.25,166165.11,0.5663,0.05675,0,-0.0112,-0.0324,-0.0007,-0.0032,0.0,-0.0066
985,48,West,SelfEmployed,Manufacturing,2025Q3,73735.22,,52.28,78.69,53.66,228241.79,0.4407,0.29168,1,-0.0167,0.0,0.0449,0.0613,0.0227,0.0541
986,51,West,SelfEmployed,IT,2025Q3,49567.57,601.0,31.62,65.82,58.8,68175.15,0.3992,0.23933,0,-0.0322,0.0853,-0.0321,0.0332,0.0214,0.0509
987,29,North,Salaried,Construction,2025Q3,63249.54,655.0,20.44,40.61,82.19,190940.7,0.3412,0.12672,0,0.0342,-0.0051,-0.0416,-0.0107,0.0,-0.0115
988,48,South,Salaried,Healthcare,2025Q3,74270.97,630.0,38.06,39.08,60.97,162092.75,0.5716,0.10372,0,-0.0084,0.0196,-0.0038,-0.0134,0.0,-0.0122
989,41,East,Business,Healthcare,2025Q3,77455.81,681.0,47.45,69.07,34.47,157032.68,0.3045,0.15761,0,0.0131,-0.0467,0.0172,0.0256,0.0,0.0
990,39,North,Salaried,Healthcare,2025Q3,87608.01,600.0,52.81,77.48,79.27,113351.94,0.3814,0.34646,1,0.0352,0.1059,0.0527,0.0668,0.0,-0.0265
991,54,South,Salaried,Transport,2025Q3,35496.65,,52.89,54.94,71.37,94152.63,0.3871,0.17165,0,-0.0459,0.099,0.0407,0.0099,0.0,-0.0211
992,60,North,Business,Construction,2025Q3,133472.39,710.0,36.9,62.49,46.02,161397.69,0.4037,0.05403,0,-0.0242,-0.0425,-0.003,0.0067,0.0,0.0
993,64,West,Salaried,Healthcare,2025Q3,112684.2,735.0,35.26,76.67,74.4,312666.7,0.4262,0.03533,1,-0.0259,-0.0553,-0.0038,0.0105,0.0043,-0.0048
994,58,South,Business,IT,2025Q3,91995.04,699.0,28.53,44.15,49.07,58825.67,0.4158,0.03442,0,-0.017,-0.0273,-0.01,-0.0029,0.0,0.0
995,43,East,Salaried,Retail,2025Q3,66685.88,616.0,42.0,49.84,54.04,71548.34,0.4102,0.15732,0,0.0077,0.046,0.0055,-0.0003,0.0,-0.0174
996,48,South,Salaried,Manufacturing,2025Q3,88378.97,610.0,11.74,58.71,49.41,69284.19,0.3297,0.10475,0,-0.008,0.0338,-0.0646,0.0092,0.0,-0.0115
997,52,North,Salaried,Healthcare,2025Q3,92461.89,614.0,38.36,38.56,53.8,276858.32,0.5886,0.08934,0,-0.0215,0.0346,-0.0034,-0.0147,0.0,-0.0128
998,45,West,Salaried,Healthcare,2025Q3,65190.13,721.0,83.59,85.38,78.14,190668.74,0.4238,0.19313,0,0.0,-0.1498,0.1018,0.0576,0.018,-0.0193
999,45,North,Business,Construction,2025Q3,62498.02,604.0,13.94,38.36,24.28,99745.14,0.489,0.10489,0,0.0,0.0402,-0.0617,-0.0143,0.0,0.0
1000,53,North,Business,Manufacturing,2025Q3,136846.47,720.0,40.51,49.35,82.08,37695.72,0.3489,0.05982,0,-0.0118,-0.0522,0.0005,-0.0004,0.0,0.0
1001,43,South,Salaried,Healthcare,2025Q3,92010.23,703.0,44.05,90.16,63.53,309265.75,0.3852,0.10451,0,0.0056,-0.0742,0.008,0.0409,0.0,-0.0129
1002,36,East,Business,IT,2025Q3,86323.35,744.0,46.1,7.04,52.2,99438.11,0.4884,0.0516,0,0.0091,-0.0679,0.0047,-0.0264,0.0,0.0
1003,39,South,Business,Manufacturing,2025Q3,89363.95,732.0,22.53,52.75,60.42,75028.86,0.2224,0.05065,1,0.007,-0.0618,-0.0185,0.0015,0.0,0.0
1004,51,North,SelfEmployed,Transport,2025Q3,101183.71,,46.25,33.47,41.82,111408.6,0.4721,0.08208,0,-0.0136,-0.0486,0.009,-0.0163,0.0,0.0201
1005,44,South,Salaried,Construction,2025Q3,89039.14,,29.45,48.0,27.37,116888.7,0.4392,0.25774,0,0.0047,0.1233,-0.0379,-0.0041,0.0,-0.021
1006,48,North,Business,Healthcare,2025Q3,56745.4,701.0,15.16,21.47,42.38,178578.56,0.4429,0.0436,0,-0.0026,-0.0223,-0.0191,-0.0122,0.0,0.0
1007,51,North,Business,Manufacturing,2025Q3,90684.3,668.0,53.23,39.84,22.09,181644.62,0.5544,0.09875,1,-0.0165,-0.0196,0.0218,-0.0117,0.0,0.0
1008,40,East,Salaried,Retail,2025Q3,63913.06,635.0,48.63,48.55,32.95,80172.43,0.3945,0.14893,0,0.0185,0.0217,0.0226,-0.0024,0.0,-0.0173
1009,52,North,Salaried,Retail,2025Q3,79994.18,753.0,22.54,53.24,27.54,214381.59,0.1753,0.02578,0,-0.005,-0.0468,-0.0097,0.0009,0.0,-0.003
1010,48,North,Salaried,IT,2025Q3,93174.29,650.0,29.3,67.7,84.48,234497.34,0.3402,0.08228,0,-0.0081,0.0,-0.0217,0.0182,0.0,-0.0117
1011,30,East,Salaried,Healthcare,2025Q3,30878.56,624.0,28.72,0.0,34.32,20000.0,0.4376,0.08138,0,0.0322,0.0231,-0.0223,-0.0688,0.0,-0.0114
1012,60,East,Business,Retail,2025Q3,80815.44,736.0,11.7,45.23,59.18,73252.84,0.5293,0.02403,0,-0.0097,-0.0286,-0.0141,-0.0011,0.0,0.0
1013,38,North,Business,Manufacturing,2025Q3,73028.59,632.0,50.2,44.16,82.33,72600.72,0.4027,0.21096,1,0.0289,0.0291,0.03,-0.0112,0.0,0.0
1014,26,South,Salaried,Retail,2025Q3,62278.21,621.0,50.8,46.59,77.0,70497.73,0.5615,0.23176,0,0.089,0.0566,0.0394,-0.008,0.0,-0.0238
1015,33,North,Business,Construction,2025Q3,95778.26,,32.68,48.71,54.1,89017.91,0.265,0.38353,1,0.0595,0.1166,-0.0292,-0.003,0.0,0.0
1016,33,West,Salaried,Healthcare,2025Q3,95163.82,604.0,37.55,29.74,54.19,184032.69,0.4033,0.16126,1,0.048,0.0684,-0.0079,-0.0414,0.0184,-0.0197
1017,45,North,Salaried,Manufacturing,2025Q3,71445.62,610.0,39.84,13.97,63.6,93979.66,0.5245,0.12412,0,0.0,0.037,-0.0003,-0.0509,0.0,-0.0125
1018,41,North,SelfEmployed,Manufacturing,2025Q3,95948.66,702.0,41.91,52.78,100.0,250364.66,0.4848,0.1014,0,0.0109,-0.0723,0.0038,0.0034,0.0,0.0272
1019,40,South,Salaried,Healthcare,2025Q3,84882.92,591.0,16.44,26.13,68.26,105171.86,0.2918,0.15212,0,0.0135,0.0515,-0.0574,-0.0326,0.0,-0.0128
1020,51,North,Business,Transport,2025Q3,106750.04,534.0,45.82,56.86,73.36,232145.57,0.4009,0.32326,1,-0.0389,0.2166,0.0258,0.0183,0.0,0.0
1021,48,North,Business,Retail,2025Q3,93862.94,681.0,19.19,27.38,100.0,242697.99,0.4056,0.04254,0,-0.0037,-0.017,-0.0215,-0.0131,0.0,0.0
1022,47,North,Business,Manufacturing,2025Q3,86208.43,,48.9,63.24,65.56,218119.24,0.3859,0.1636,0,-0.0095,0.0546,0.0283,0.0254,0.0,0.0
1023,49,East,Business,Healthcare,2025Q3,76022.81,659.0,20.96,46.8,82.96,139061.2,0.5179,0.09927,0,-0.0077,-0.0068,-0.0294,-0.0026,0.0,0.0
1024,51,East,Salaried,Construction,2025Q3,61631.33,747.0,17.2,48.33,69.55,96711.56,0.3946,0.01999,0,-0.004,-0.0399,-0.0124,-0.0004,0.0,-0.0028
1025,21,East,Business,Manufacturing,2025Q3,76247.47,665.0,37.55,42.58,69.26,94386.52,0.3067,0.18323,0,0.0756,-0.0246,-0.007,-0.013,0.0,0.0
1026,40,East,Business,IT,2025Q3,86120.39,763.0,37.19,39.05,40.73,51939.44,0.4248,0.0377,0,0.0048,-0.0818,-0.0021,-0.0051,0.0,0.0
1027,21,South,Salaried,Manufacturing,2025Q3,47520.87,655.0,39.66,42.87,37.42,44387.41,0.4668,0.16184,0,0.0776,-0.0081,-0.001,-0.0127,0.0,-0.0181
1028,44,West,Business,Manufacturing,2025Q3,102666.56,728.0,23.72,74.0,49.75,114099.78,0.3083,0.04317,0,0.0016,-0.074,-0.0222,0.015,0.0067,0.0
1029,44,East,SelfEmployed,IT,2025Q3,80091.19,623.0,41.25,14.24,77.64,180349.88,0.3657,0.14552,0,0.0035,0.0342,0.0032,-0.0635,0.0,0.0345
1030,56,East,Salaried,Manufacturing,2025Q3,70062.78,667.0,42.75,33.74,76.69,183000.87,0.3646,0.05986,0,-0.0207,-0.0119,0.0032,-0.0125,0.0,-0.0074
1031,57,East,Salaried,IT,2025Q3,82603.03,597.0,56.65,71.25,86.66,133932.19,0.5554,0.23548,0,-0.0639,0.0856,0.0528,0.0414,0.0,-0.0216
1032,46,South,Business,Retail,2025Q3,107271.34,605.0,40.96,66.04,59.78,272547.89,0.4362,0.29211,0,-0.0048,0.073,0.0033,0.0311,0.0,0.0
1033,38,North,Salaried,Retail,2025Q3,51876.76,,28.41,77.56,70.75,75992.11,0.2525,0.16741,0,0.0236,0.0069,-0.0323,0.0379,0.0,-0.0161
1034,49,South,Salaried,Retail,2025Q3,83966.98,570.0,16.45,46.7,70.84,180094.71,0.3592,0.16005,0,-0.0141,0.0769,-0.0669,-0.0048,0.0,-0.0151
1035,38,North,Salaried,Construction,2025Q3,69302.34,671.0,13.52,19.0,57.85,140986.84,0.4774,0.04472,0,0.0081,-0.0115,-0.0304,-0.0198,0.0,-0.0057
1036,44,South,Business,Manufacturing,2025Q3,77005.42,639.0,43.17,23.63,53.57,60272.3,0.3987,0.09192,1,0.0028,0.0116,0.0062,-0.036,0.0,0.0
1037,55,North,Business,Healthcare,2025Q3,95319.66,676.0,50.69,41.43,30.3,143332.55,0.3202,0.07905,0,-0.0239,-0.0245,0.0149,-0.0082,0.0,0.0
1038,38,North,Salaried,Healthcare,2025Q3,42009.71,571.0,23.76,64.74,56.95,152719.1,0.4249,0.21668,0,0.0339,0.123,-0.0641,0.0308,0.0,-0.0226
1039,53,West,Business,Healthcare,2025Q3,100773.52,708.0,42.08,42.4,57.92,90275.02,0.4857,0.06005,0,-0.0141,-0.0482,0.0023,-0.0054,0.0065,0.0
1040,51,East,Business,Manufacturing,2025Q3,72434.81,775.0,35.21,40.7,82.69,86521.45,0.5578,0.02211,0,-0.0043,-0.0649,-0.0024,-0.0028,0.0,0.0
1041,33,East,Business,Manufacturing,2025Q3,100103.87,761.0,49.49,56.73,84.66,157732.61,0.384,0.05384,0,0.0193,-0.1355,0.0116,0.0052,0.0,0.0
1042,55,South,Business,Transport,2025Q3,98944.5,789.0,51.86,48.61,62.91,243956.14,0.418,0.03522,0,-0.0088,-0.09,0.0058,-0.0005,0.0,0.0
1043,52,East,Business,IT,2025Q3,87607.35,663.0,2.0,38.31,100.0,60318.24,0.4149,0.03862,0,-0.0082,-0.0058,-0.0414,-0.0057,0.0,0.0
1044,45,West,Salaried,IT,2025Q3,97490.07,636.0,54.51,25.97,63.8,175098.02,0.4499,0.13545,0,0.0,0.0178,0.0319,-0.039,0.014,-0.0153
1045,36,East,SelfEmployed,IT,2025Q3,57926.72,693.0,42.04,68.83,80.66,88395.25,0.3384,0.14147,1,0.0322,-0.0765,0.0056,0.0292,0.0,0.0378
1046,35,East,Salaried,Transport,2025Q3,54141.71,644.0,29.5,71.05,58.0,77614.99,0.5452,0.14592,1,0.0336,0.0085,-0.0298,0.0306,0.0,-0.0165
1047,38,South,Salaried,Construction,2025Q3,37373.56,542.0,29.94,24.73,37.2,39619.92,0.4286,0.20655,0,0.0332,0.1483,-0.0379,-0.0585,0.0,-0.0221
1048,50,South,Business,Manufacturing,2025Q3,119671.11,716.0,38.51,39.14,51.5,143236.79,0.3164,0.0395,0,-0.0069,-0.0468,-0.0014,-0.0064,0.0,0.0
1049,33,East,Salaried,Healthcare,2025Q3,99511.58,644.0,29.94,62.67,89.48,183680.6,0.3681,0.15606,0,0.0385,0.0083,-0.0278,0.0186,0.0,-0.0161
1050,49,West,SelfEmployed,Construction,2025Q3,58075.31,560.0,23.01,22.97,54.72,69379.06,0.5122,0.19773,0,-0.0193,0.1208,-0.0622,-0.0591,0.0193,0.0457
1051,30,South,Salaried,IT,2025Q3,48416.1,625.0,26.68,56.03,50.67,148999.63,0.3803,0.19243,0,0.052,0.0358,-0.0414,0.0101,0.0,-0.0178
1052,42,South,Salaried,Retail,2025Q3,75156.64,646.0,21.36,40.82,59.92,118971.38,0.5502,0.07657,0,0.0061,0.0032,-0.0325,-0.0086,0.0,-0.0094
1053,45,South,Salaried,IT,2025Q3,67317.51,661.0,59.55,21.23,52.21,55995.26,0.4748,0.10673,0,0.0,-0.0119,0.0314,-0.0371,0.0,-0.0118
1054,71,South,SelfEmployed,Healthcare,2025Q3,107436.33,662.0,38.89,87.1,83.88,133063.84,0.4922,0.1119,0,-0.094,-0.0136,-0.0022,0.0367,0.0,0.0262
1055,29,West,Salaried,Construction,2025Q3,60083.24,753.0,74.05,40.49,97.71,150473.66,0.358,0.11932,0,0.0375,-0.1697,0.0521,-0.0119,0.0114,-0.0125
1056,60,East,Salaried,Construction,2025Q3,97435.93,,43.94,59.53,60.12,94910.63,0.4051,0.16935,1,-0.0735,0.1003,0.0119,0.0171,0.0,-0.0193
1057,46,South,Business,Construction,2025Q3,75202.62,650.0,47.42,23.33,70.81,113746.37,0.4301,0.12049,0,-0.0026,0.0,0.0131,-0.0339,0.0,0.0
1058,49,South,Business,Manufacturing,2025Q3,98667.87,600.0,,82.15,79.44,317951.88,0.35,0.15208,0,-0.0172,0.0681,-0.0633,0.0505,0.0,0.0
1059,45,South,Salaried,Healthcare,2025Q3,56509.71,,34.51,90.84,62.17,24878.72,0.432,0.06139,0,0.0,-0.0949,-0.0066,0.0227,0.0,-0.0072
1060,49,North,Salaried,Healthcare,2025Q3,72786.56,622.0,39.16,14.95,42.44,226727.73,0.5107,0.0739,0,-0.0096,0.0223,-0.0014,-0.041,0.0,-0.0103
1061,42,South,Salaried,Construction,2025Q3,42638.48,637.0,27.8,44.38,51.81,61318.62,0.3767,0.10191,0,0.0076,0.0126,-0.025,-0.0064,0.0,-0.0117
1062,60,East,Business,Retail,2025Q3,97818.13,731.0,30.56,77.21,68.24,115548.36,0.4543,0.04913,0,-0.0206,-0.0547,-0.0083,0.0114,0.0,0.0
1063,39,East,Salaried,IT,2025Q3,60890.72,750.0,44.72,37.69,67.88,174130.23,0.4129,0.04949,0,0.0067,-0.079,0.0039,-0.0068,0.0,-0.0054
1064,56,North,Business,IT,2025Q3,118484.43,,45.04,57.0,24.16,214977.17,0.4783,0.04341,0,-0.0124,-0.0756,0.0034,0.0028,0.0,0.0
1065,37,East,Salaried,IT,2025Q3,68333.32,548.0,16.61,11.03,51.27,99138.08,0.5947,0.15264,0,0.0278,0.1015,-0.0731,-0.0731,0.0,-0.0168
1066,43,East,Salaried,Transport,2025Q3,77005.06,693.0,42.54,30.66,45.26,201597.92,0.475,0.07553,0,0.0033,-0.0353,0.003,-0.0156,0.0,-0.0077
1067,32,North,Salaried,Construction,2025Q3,64495.86,678.0,46.85,54.71,77.65,160100.37,0.4132,0.12509,0,0.0382,-0.0412,0.0156,0.0066,0.0,-0.015
1068,49,East,Salaried,Healthcare,2025Q3,41876.04,657.0,28.56,35.03,46.04,93544.97,0.5215,0.06009,0,-0.0071,-0.0048,-0.0154,-0.0118,0.0,-0.0077
1069,60,East,Salaried,Manufacturing,2025Q3,54154.97,665.0,26.93,40.07,50.78,150789.52,0.426,0.04688,0,-0.0223,-0.0078,-0.0129,-0.0055,0.0,-0.0055
1070,43,East,SelfEmployed,Manufacturing,2025Q3,77063.8,747.0,45.06,14.66,50.08,47536.78,0.3723,0.05568,0,0.0025,-0.0801,0.0044,-0.0236,0.0,0.012
1071,42,North,Salaried,IT,2025Q3,78914.08,731.0,2.0,62.39,75.83,21718.42,0.3504,0.02694,0,0.0023,-0.0397,-0.0317,0.004,0.0,-0.0037
1072,32,North,Business,Healthcare,2025Q3,75672.43,721.0,38.03,18.53,79.38,91289.11,0.4105,0.06544,0,0.017,-0.0607,-0.0022,-0.0245,0.0,0.0
1073,41,South,Business,Construction,2025Q3,72446.94,674.0,64.15,81.9,69.87,225815.09,0.4995,0.23244,0,0.0189,-0.0493,0.0731,0.0598,0.0,0.0
1074,26,North,Business,Retail,2025Q3,70174.36,814.0,2.0,32.98,82.13,36520.9,0.2876,0.0159,0,0.0061,-0.0696,-0.0165,-0.0033,0.0,0.0
1075,34,South,Business,Transport,2025Q3,75812.46,633.0,51.17,65.62,84.71,228293.21,0.3342,0.23183,0,0.0548,0.0344,0.0407,0.0344,0.0,0.0
1076,46,East,Salaried,Transport,2025Q3,91522.06,550.0,46.71,63.45,23.79,125915.71,0.3649,0.31612,1,-0.0062,0.1897,0.029,0.0347,0.0,-0.0271
1077,59,North,Business,Manufacturing,2025Q3,117214.36,642.0,14.99,26.33,71.84,210635.19,0.5121,0.045,0,-0.0205,0.0037,-0.0275,-0.0141,0.0,0.0
1078,75,South,Salaried,Manufacturing,2025Q3,93638.54,664.0,46.33,35.33,52.6,250909.99,0.4545,0.0451,0,-0.0508,-0.0067,0.0049,-0.0078,0.0,-0.0052
1079,38,West,SelfEmployed,Manufacturing,2025Q3,77401.36,,54.02,37.94,34.87,76885.31,0.5108,0.08072,0,0.0151,-0.1396,0.0209,-0.0128,0.0096,0.0222
1080,60,South,Business,Manufacturing,2025Q3,110071.59,,19.17,39.43,53.61,116873.26,0.3947,0.05361,0,-0.0314,0.0152,-0.0311,-0.0083,0.0,0.0
1081,47,South,Salaried,Transport,2025Q3,86043.6,,26.68,19.45,74.62,107859.56,0.3146,0.02619,0,-0.0021,-0.0216,-0.011,-0.0159,0.0,-0.0046
1082,42,East,Business,Manufacturing,2025Q3,118646.77,560.0,38.42,59.75,89.1,197523.49,0.5836,0.34156,0,0.0177,0.1678,-0.0068,0.0245,0.0,0.0
1083,49,North,Business,Construction,2025Q3,94693.34,734.0,53.64,32.85,33.1,127887.5,0.3393,0.06014,0,-0.0057,-0.0685,0.0117,-0.011,0.0,0.0
1084,45,North,Business,Transport,2025Q3,112637.41,665.0,29.34,45.49,72.37,50094.82,0.4763,0.06042,0,0.0,-0.0137,-0.018,-0.0043,0.0,0.0
1085,45,East,Salaried,Transport,2025Q3,55718.5,641.0,37.33,70.14,99.31,77552.31,0.3239,0.14565,0,0.0,0.0118,-0.0067,0.0273,0.0,-0.0154
1086,40,South,Business,Healthcare,2025Q3,75621.87,805.0,27.36,60.58,96.62,221415.78,0.3877,0.02392,0,0.0033,-0.1005,-0.0071,0.003,0.0,0.0
1087,29,North,Business,Manufacturing,2025Q3,38755.16,733.0,38.39,34.33,5.0,79145.5,0.3854,0.08195,0,0.0231,-0.0847,-0.002,-0.0127,0.0,0.0
1088,27,North,Salaried,Transport,2025Q3,63123.52,,54.75,70.9,100.0,196042.87,0.3349,0.40443,0,0.1148,0.1486,0.0693,0.0592,0.0,-0.0294
1089,51,East,Salaried,IT,2025Q3,93655.43,653.0,39.69,62.64,79.22,121982.45,0.5778,0.11636,0,-0.0171,-0.0032,-0.0006,0.0136,0.0,-0.012
1090,41,North,Salaried,Construction,2025Q3,27003.07,846.0,32.28,32.47,13.85,56700.16,0.2878,0.0104,0,0.0012,-0.078,-0.0018,-0.0026,0.0,-0.0014
1091,37,East,Salaried,Transport,2025Q3,72789.15,795.0,37.48,36.69,44.69,121461.88,0.3019,0.02243,0,0.005,-0.0881,-0.0013,-0.0043,0.0,-0.0031
1092,44,South,Business,Manufacturing,2025Q3,101575.79,723.0,25.19,70.01,85.16,94766.71,0.3496,0.06642,0,0.0015,-0.0632,-0.0186,0.0119,0.0,0.0
1093,53,East,Salaried,IT,2025Q3,93650.28,,22.09,65.13,67.21,144513.68,0.2938,0.26884,0,-0.0423,0.1545,-0.0699,0.0308,0.0,-0.0221
1094,46,North,Business,Construction,2025Q3,70974.5,751.0,57.25,14.94,48.52,87830.9,0.366,0.03251,0,-0.0011,-0.0732,0.0115,-0.0199,0.0,0.0
1095,37,North,Business,Transport,2025Q3,98316.16,617.0,64.2,25.88,61.33,227099.36,0.3867,0.27632,0,0.0381,0.0594,0.0764,-0.0562,0.0,0.0
1096,57,East,Business,Transport,2025Q3,102567.48,750.0,9.34,63.3,70.92,82034.35,0.4719,0.01772,0,-0.0082,-0.0396,-0.0171,0.003,0.0,0.0
1097,61,East,Business,Retail,2025Q3,116638.68,611.0,47.31,22.16,48.41,330408.84,0.4664,0.07066,0,-0.0496,0.0336,0.0128,-0.0354,0.0,0.0
1098,49,North,Business,Transport,2025Q3,92934.56,693.0,51.74,65.71,57.46,264128.21,0.311,0.10815,0,-0.0113,-0.0547,0.0206,0.0169,0.0,0.0
1099,55,South,Business,Transport,2025Q3,107458.67,616.0,18.61,90.59,77.94,230630.39,0.3871,0.15376,0,-0.0377,0.0398,-0.0605,0.0498,0.0,0.0
1100,58,South,Salaried,Manufacturing,2025Q3,108266.24,635.0,30.45,56.21,45.98,172043.11,0.6052,0.06548,0,-0.0327,0.0119,-0.016,0.0056,0.0,-0.0097
1101,56,North,Business,Transport,2025Q3,97827.6,702.0,28.77,27.69,32.86,240701.7,0.3363,0.02462,0,-0.012,-0.0253,-0.0084,-0.0102,0.0,0.0
1102,51,East,SelfEmployed,Transport,2025Q3,95113.89,570.0,68.42,51.88,47.25,83446.85,0.5214,0.39267,0,-0.0413,0.1874,0.1282,0.0055,0.0,0.0704
1103,51,North,Salaried,Construction,2025Q3,104495.84,821.0,64.44,70.76,42.22,212486.4,0.3132,0.02948,0,-0.0058,-0.1495,0.0125,0.0071,0.0,-0.004
1104,50,South,SelfEmployed,Retail,2025Q3,86701.86,590.0,23.26,50.18,47.9,108943.08,0.3683,0.22862,0,-0.0223,0.0811,-0.0565,0.0003,0.0,0.0416
1105,32,North,SelfEmployed,Retail,2025Q3,52642.87,586.0,14.65,58.64,25.45,176186.8,0.4066,0.27227,0,0.0659,0.116,-0.1108,0.02,0.0,0.0552
1106,52,South,Salaried,Healthcare,2025Q3,95068.78,703.0,,30.41,64.71,163928.43,0.5266,0.0604,0,-0.0108,-0.0383,0.0095,-0.0132,0.0,-0.0064
1107,29,South,Business,Healthcare,2025Q3,103027.8,748.0,46.7,32.08,77.35,173300.15,0.2758,0.06765,0,0.0226,-0.1051,0.0077,-0.0144,0.0,0.0
1108,35,South,Business,Manufacturing,2025Q3,105798.1,638.0,,67.93,43.77,266142.32,0.4842,0.33571,0,0.0523,0.0256,0.0656,0.0409,0.0,0.0
1109,58,South,Salaried,Healthcare,2025Q3,101169.78,587.0,21.05,32.33,46.96,257161.33,0.5471,0.07638,0,-0.0341,0.0422,-0.0357,-0.0187,0.0,-0.0102
1110,53,West,SelfEmployed,IT,2025Q3,49605.16,597.0,49.58,0.0,56.25,63173.28,0.4019,0.16865,1,-0.0341,0.0677,0.0255,-0.1021,0.0163,0.0384
1111,60,South,Salaried,Healthcare,2025Q3,78655.01,590.0,26.29,41.26,41.77,191097.96,0.5283,0.07646,0,-0.0442,0.0452,-0.0273,-0.0098,0.0,-0.0112
1112,41,East,Salaried,Manufacturing,2025Q3,62477.19,681.0,47.97,54.91,79.68,172547.64,0.484,0.12624,0,0.0106,-0.0384,0.0148,0.0057,0.0,-0.0124
1113,31,North,Business,Retail,2025Q3,79807.63,655.0,37.41,71.29,42.23,138537.39,0.3612,0.22991,0,0.0547,-0.0088,-0.0083,0.0372,0.0,0.0
1114,41,South,Salaried,Healthcare,2025Q3,103388.77,689.0,68.41,84.21,49.48,89870.64,0.3379,0.2225,0,0.0171,-0.0765,0.0748,0.0569,0.0,-0.0196
1115,45,North,Business,IT,2025Q3,72150.25,685.0,45.16,49.86,44.73,213184.15,0.4029,0.09484,0,0.0,-0.0393,0.0087,-0.0001,0.0,0.0
1116,45,South,Business,Healthcare,2025Q3,131959.64,716.0,32.98,62.49,80.15,371358.58,0.4131,0.05047,0,0.0,-0.0606,-0.0091,0.0085,0.0,0.0
1117,56,East,Business,Retail,2025Q3,94618.1,632.0,40.21,50.65,55.38,93563.2,0.4042,0.11269,0,-0.0351,0.0186,0.0004,0.0008,0.0,0.0
1118,40,East,Salaried,IT,2025Q3,58295.78,610.0,36.39,55.79,99.86,81201.11,0.4867,0.16594,0,0.0201,0.0571,-0.0111,0.0102,0.0,-0.0187
1119,48,East,Salaried,Healthcare,2025Q3,94513.68,,19.53,43.89,67.08,103534.49,0.3582,0.06288,0,-0.0044,-0.013,-0.0251,-0.0039,0.0,-0.0064
1120,33,East,Salaried,Transport,2025Q3,82437.48,656.0,68.8,56.5,83.17,225307.43,0.3525,0.22744,0,0.0561,-0.0123,0.0896,0.014,0.0,-0.0226
1121,49,North,Salaried,Healthcare,2025Q3,91899.04,677.0,63.58,31.94,53.51,281956.93,0.4184,0.09073,1,-0.0103,-0.0295,0.0344,-0.0208,0.0,-0.0111
1122,44,North,Salaried,Healthcare,2025Q3,61849.8,612.0,35.18,91.56,41.15,77842.55,0.4591,0.30357,0,0.0049,0.0651,-0.0174,0.0758,0.0,-0.0218
1123,36,East,Salaried,IT,2025Q3,77536.51,704.0,49.2,0.0,59.34,245173.49,0.5136,0.06392,0,0.0119,-0.0409,0.0089,-0.0414,0.0,-0.0067
1124,41,North,Salaried,Manufacturing,2025Q3,54395.96,580.0,70.82,60.56,46.42,26479.88,0.4883,0.43753,0,0.0263,0.1617,0.1335,0.0297,0.0,-0.0289
1125,42,North,Business,Retail,2025Q3,74549.57,630.0,,55.03,20.03,120352.38,0.4913,0.21048,0,0.0144,0.0362,0.0562,0.0104,0.0,0.0
1126,41,West,Business,Transport,2025Q3,86292.34,737.0,33.08,56.17,80.27,86507.0,0.3694,0.05033,0,0.0061,-0.0833,-0.0084,0.0041,0.0065,0.0
1127,63,West,Salaried,IT,2025Q3,78040.66,583.0,36.59,21.98,60.65,256979.08,0.4239,0.12682,0,-0.0585,0.0528,-0.0067,-0.0366,0.0109,-0.012
1128,43,East,Salaried,Retail,2025Q3,93749.47,731.0,10.52,11.08,45.99,85771.71,0.3483,0.02429,0,0.001,-0.0257,-0.0145,-0.0108,0.0,-0.0023
1129,41,South,Salaried,Construction,2025Q3,62592.98,564.0,50.4,61.33,67.53,195287.81,0.4722,0.28913,0,0.0246,0.1729,0.0449,0.0298,0.0,-0.0274
1130,21,East,Business,Manufacturing,2025Q3,66031.79,552.0,57.89,77.5,60.94,187185.13,0.4734,0.5974,1,0.1655,0.263,0.0871,0.0802,0.0,0.0
1131,34,North,Business,Construction,2025Q3,65856.43,558.0,58.0,52.85,88.2,181669.27,0.4674,0.40122,1,0.074,0.2182,0.086,0.0084,0.0,0.0
1132,41,South,SelfEmployed,Retail,2025Q3,99676.98,668.0,49.22,65.72,68.66,202885.73,0.405,0.21818,0,0.0176,-0.034,0.0283,0.0289,0.0,0.0444
1133,36,South,Business,IT,2025Q3,71509.71,710.0,43.64,37.92,56.86,143754.59,0.4031,0.09668,0,0.0169,-0.0646,0.0053,-0.0115,0.0,0.0
1134,59,West,Salaried,Manufacturing,2025Q3,109756.2,748.0,22.04,55.29,73.87,114857.43,0.5257,0.02227,0,-0.011,-0.043,-0.0099,0.0014,0.0026,-0.0029
1135,42,West,Salaried,IT,2025Q3,93133.78,742.0,43.12,74.96,59.28,98571.93,0.4172,0.07025,1,0.0056,-0.1071,0.0042,0.0183,0.0079,-0.0087
1136,58,East,Salaried,Transport,2025Q3,80273.06,719.0,27.89,41.1,63.68,172359.29,0.45,0.01995,0,-0.0119,-0.0301,-0.0074,-0.0031,0.0,-0.0035
1137,45,North,Business,IT,2025Q3,92134.02,603.0,46.4,74.09,84.52,106422.82,0.4815,0.23367,0,0.0,0.0883,0.0242,0.0525,0.0,0.0
1138,44,South,Business,Construction,2025Q3,82173.24,603.0,25.78,12.04,36.63,167729.28,0.43,0.13313,0,0.0026,0.0395,-0.0298,-0.051,0.0,0.0
1139,43,North,Business,Construction,2025Q3,99623.0,714.0,46.3,34.51,42.73,86512.19,0.4481,0.07115,0,0.0033,-0.0586,0.0073,-0.0123,0.0,0.0
1140,44,West,SelfEmployed,IT,2025Q3,80199.52,757.0,59.17,60.01,51.61,148908.35,0.3917,0.11829,0,0.0025,-0.1673,0.0301,0.0105,0.0105,0.0244
1141,63,North,Business,Healthcare,2025Q3,100285.35,590.0,44.03,89.86,54.54,77750.27,0.3485,0.21403,1,-0.0997,0.0946,0.0138,0.0726,0.0,0.0
1142,21,North,Salaried,Healthcare,2025Q3,55831.22,748.0,43.26,48.31,83.13,56925.83,0.3467,0.07726,0,0.0379,-0.1245,0.0047,-0.0015,0.0,-0.0094
1143,22,East,Salaried,IT,2025Q3,27420.12,529.0,52.61,25.25,31.71,30375.15,0.6293,0.46594,1,0.1516,0.2783,0.0619,-0.0741,0.0,-0.0299
1144,38,South,Business,Healthcare,2025Q3,83934.73,687.0,66.33,89.36,59.41,74401.78,0.5079,0.24904,1,0.0337,-0.0814,0.0823,0.0751,0.0,0.0
1145,44,East,Business,Manufacturing,2025Q3,102393.02,653.0,36.28,45.22,48.98,253731.54,0.4025,0.13716,0,0.0027,-0.0033,-0.0075,-0.0058,0.0,0.0
1146,52,North,Salaried,Transport,2025Q3,85384.98,646.0,46.34,62.63,94.01,45696.73,0.4829,0.11257,0,-0.0231,0.0047,0.0132,0.0157,0.0,-0.0137
1147,49,East,Salaried,Manufacturing,2025Q3,97329.82,662.0,62.18,40.64,77.68,199454.72,0.4408,0.11841,0,-0.0124,-0.0148,0.0398,-0.0125,0.0,-0.0134
1148,40,North,Salaried,Construction,2025Q3,65308.63,602.0,48.71,51.13,64.77,131380.02,0.5837,0.20472,0,0.0238,0.0799,0.0293,0.0024,0.0,-0.0219
1149,55,North,Salaried,Healthcare,2025Q3,77332.77,,5.96,35.63,79.38,75235.57,0.4031,0.01803,0,-0.008,-0.0135,-0.0237,-0.0047,0.0,-0.0032
1150,55,South,Salaried,Healthcare,2025Q3,65488.26,664.0,26.55,97.67,33.61,126755.3,0.4406,0.11554,0,-0.0281,-0.0147,-0.0269,0.0409,0.0,-0.0113
1151,46,North,Business,Healthcare,2025Q3,85196.59,724.0,50.02,74.21,100.0,86808.27,0.3378,0.12062,0,-0.0023,-0.0933,0.0153,0.0214,0.0,0.0
1152,55,East,Salaried,IT,2025Q3,120986.07,768.0,31.6,86.9,43.16,171343.47,0.3754,0.03785,0,-0.0102,-0.0784,-0.0058,0.0116,0.0,-0.0041
1153,47,North,Salaried,Transport,2025Q3,83359.78,669.0,,30.65,85.14,208333.28,0.2016,0.10864,0,-0.0054,-0.0213,0.0334,-0.0238,0.0,-0.0118
1154,38,North,Salaried,Manufacturing,2025Q3,59760.35,604.0,67.73,7.85,71.03,120472.81,0.4644,0.27179,0,0.0308,0.0721,0.0778,-0.0962,0.0,-0.0207
1155,52,East,Business,IT,2025Q3,79789.45,,28.56,41.56,65.29,223982.75,0.5312,0.16023,0,-0.0267,0.0719,-0.0315,-0.0133,0.0,0.0
1156,45,North,Business,IT,2025Q3,62826.45,775.0,,100.0,84.3,193066.59,0.5191,0.04969,0,0.0,-0.1085,-0.0182,0.0191,0.0,0.0
1157,44,East,Business,Healthcare,2025Q3,75752.92,767.0,32.22,40.92,79.93,96816.78,0.425,0.03082,0,0.0008,-0.0709,-0.0049,-0.0033,0.0,0.0
1158,60,East,SelfEmployed,Construction,2025Q3,111765.48,720.0,31.3,71.14,62.15,289192.32,0.3738,0.06253,0,-0.0283,-0.0607,-0.0105,0.0127,0.0,0.0147
1159,21,North,SelfEmployed,IT,2025Q3,55313.43,664.0,62.58,25.45,51.57,107303.48,0.3569,0.26915,0,0.1124,-0.0317,0.0803,-0.0623,0.0,0.0555
1160,28,East,Business,Healthcare,2025Q3,59052.91,715.0,21.43,29.76,62.46,65862.33,0.3667,0.06578,0,0.0209,-0.0531,-0.0236,-0.0146,0.0,0.0
1161,31,North,Business,Construction,2025Q3,63732.69,749.0,49.88,46.24,57.94,147131.0,0.265,0.06351,0,0.0234,-0.1207,0.0128,-0.0032,0.0,0.0
1162,40,South,Salaried,Manufacturing,2025Q3,83790.65,618.0,60.21,94.41,67.08,172343.62,0.4186,0.3623,1,0.0309,0.0747,0.0849,0.1089,0.0,-0.0276
1163,41,North,Business,Retail,2025Q3,86537.26,662.0,51.11,72.21,80.41,249086.58,0.3252,0.16317,1,0.0163,-0.0208,0.0312,0.0369,0.0,0.0
1164,27,East,Salaried,Construction,2025Q3,49110.32,585.0,44.98,2.83,69.37,149529.53,0.4025,0.22694,0,0.072,0.0954,0.0161,-0.1093,0.0,-0.0207
1165,33,East,Business,Construction,2025Q3,75249.01,651.0,35.4,62.67,63.7,119551.56,0.4108,0.24342,0,0.0429,-0.0016,-0.0136,0.0207,0.0,0.0
1166,35,South,Salaried,Retail,2025Q3,107305.9,765.0,67.58,22.73,46.92,299112.48,0.4136,0.0627,0,0.013,-0.1171,0.0228,-0.0199,0.0,-0.0067
1167,71,West,Business,Transport,2025Q3,136953.22,733.0,34.08,33.01,66.49,403914.97,0.2664,0.02707,0,-0.0225,-0.0311,-0.0027,-0.0048,0.0024,0.0
1168,64,South,Salaried,IT,2025Q3,120135.26,669.0,53.17,59.23,26.08,297840.33,0.3934,0.09327,0,-0.0492,-0.0169,0.0174,0.0078,0.0,-0.0093
1169,39,West,Salaried,Transport,2025Q3,39662.13,477.0,35.46,78.77,44.05,86651.96,0.5429,0.4892,0,0.0411,0.4144,-0.0217,0.0852,0.0293,-0.0286
1170,40,East,Salaried,Retail,2025Q3,69380.16,615.0,8.53,77.68,72.12,134367.68,0.5517,0.13401,0,0.0157,0.0395,-0.0924,0.0347,0.0,-0.0148
1171,31,West,SelfEmployed,Manufacturing,2025Q3,60393.8,667.0,33.69,55.29,77.7,132989.96,0.4156,0.21297,0,0.0554,-0.0316,-0.0209,0.01,0.0185,0.0437
1172,23,West,Business,Manufacturing,2025Q3,81589.12,645.0,35.5,55.6,59.59,89695.93,0.605,0.17396,1,0.0926,0.0097,-0.0166,0.0119,0.0209,0.0
1173,43,West,SelfEmployed,Transport,2025Q3,101876.52,662.0,35.71,77.62,64.02,140389.61,0.4793,0.196,1,0.0089,-0.0223,-0.0143,0.0486,0.0188,0.0445
1174,33,North,Business,Retail,2025Q3,86675.67,,27.44,13.34,67.41,168687.07,0.4233,0.06879,0,0.0189,-0.021,-0.0182,-0.0345,0.0,0.0
1175,43,East,Business,Retail,2025Q3,74095.54,,48.01,88.2,73.63,239892.19,0.5361,0.22951,1,0.0109,0.0527,0.0305,0.0807,0.0,0.0
1176,26,East,Salaried,IT,2025Q3,47601.76,659.0,49.79,31.81,55.97,65116.71,0.3838,0.13776,0,0.0593,-0.0137,0.0246,-0.0315,0.0,-0.0168
1177,36,East,Business,Healthcare,2025Q3,94670.28,650.0,33.11,53.73,40.34,103106.87,0.3437,0.17504,0,0.0282,0.0,-0.0177,0.0054,0.0,0.0
1178,46,North,Salaried,Manufacturing,2025Q3,90461.32,612.0,32.97,37.08,67.74,168103.36,0.5151,0.06785,0,-0.003,0.0381,-0.0159,-0.0176,0.0,-0.0134
1179,48,West,Business,Retail,2025Q3,96837.14,786.0,21.19,22.57,99.17,138066.29,0.4224,0.01685,0,-0.0014,-0.0518,-0.0072,-0.0061,0.0018,0.0
1180,49,North,Business,Manufacturing,2025Q3,97536.24,628.0,42.07,58.15,41.55,338991.04,0.5187,0.18674,0,-0.0154,0.0294,0.0054,0.0125,0.0,0.0
1181,29,South,Salaried,Construction,2025Q3,63102.21,507.0,60.05,53.2,57.46,115757.24,0.5592,0.5952,0,0.1108,0.3618,0.099,0.0093,0.0,-0.0285
1182,53,South,Salaried,Retail,2025Q3,88643.74,781.0,60.06,45.68,52.28,171559.62,0.5425,0.0418,0,-0.0079,-0.0924,0.0106,-0.0017,0.0,-0.004
1183,35,North,Business,Retail,2025Q3,95487.3,602.0,28.41,44.64,100.0,311186.65,0.3282,0.18019,0,0.0397,0.069,-0.0385,-0.0102,0.0,0.0
1184,51,East,Business,Healthcare,2025Q3,108342.98,721.0,69.86,81.57,40.79,324417.19,0.3743,0.11048,0,-0.0199,-0.1144,0.0531,0.0366,0.0,0.0
1185,44,North,Business,Construction,2025Q3,91124.54,614.0,32.21,96.24,56.79,254259.33,0.4171,0.24442,1,0.0051,0.0657,-0.0299,0.0879,0.0,0.0
1186,29,East,Business,Transport,2025Q3,76317.11,699.0,21.74,75.56,52.71,203884.65,0.5037,0.10265,0,0.0366,-0.0644,-0.0409,0.0264,0.0,0.0
1187,41,East,SelfEmployed,Retail,2025Q3,79428.63,657.0,16.21,54.1,34.91,121429.47,0.4549,0.10484,0,0.0109,-0.0081,-0.0579,0.0049,0.0,0.0272
1188,48,South,Salaried,Healthcare,2025Q3,65254.05,728.0,20.78,11.98,33.83,131309.21,0.4938,0.02013,0,-0.0018,-0.0269,-0.0094,-0.0116,0.0,-0.0026
1189,51,East,Salaried,Healthcare,2025Q3,67725.49,645.0,43.34,61.8,71.37,124706.98,0.4519,0.10744,0,-0.0192,0.0058,0.007,0.0144,0.0,-0.0134
1190,42,North,SelfEmployed,Construction,2025Q3,91691.21,615.0,33.88,62.77,74.17,157744.77,0.4383,0.214,0,0.015,0.0632,-0.0231,0.0269,0.0,0.0505
1191,61,East,Salaried,Construction,2025Q3,78168.36,677.0,27.89,64.97,48.81,143921.54,0.4725,0.04396,0,-0.0277,-0.0171,-0.0136,0.0084,0.0,-0.0064
1192,55,West,SelfEmployed,Healthcare,2025Q3,108250.81,634.0,24.44,22.9,88.18,317006.42,0.454,0.10016,0,-0.0266,0.0139,-0.0299,-0.0315,0.0097,0.0225
1193,41,North,Business,Healthcare,2025Q3,87075.83,529.0,20.62,66.7,14.98,86041.28,0.501,0.29442,1,0.0244,0.2165,-0.0908,0.0429,0.0,0.0
1194,52,East,Salaried,IT,2025Q3,97652.71,,23.76,82.35,34.83,255667.62,0.4905,0.11055,1,-0.0245,0.035,-0.0425,0.0391,0.0,-0.0146
1195,65,South,Salaried,Healthcare,2025Q3,106065.26,850.0,54.25,26.38,43.51,283602.81,0.3922,0.01,0,-0.0059,-0.0594,0.002,-0.0026,0.0,-0.001
1196,66,East,Salaried,Construction,2025Q3,110672.74,536.0,66.85,63.06,59.82,157866.88,0.546,0.33777,0,-0.1399,0.2065,0.1064,0.0337,0.0,-0.027
1197,30,East,Business,Transport,2025Q3,69525.42,676.0,67.84,30.14,50.98,120252.91,0.4225,0.20149,0,0.0547,-0.0466,0.0692,-0.0383,0.0,0.0
1198,34,South,Business,Retail,2025Q3,89060.19,,48.99,45.71,55.98,182546.19,0.4435,0.21391,1,0.0433,0.0117,0.0264,-0.0081,0.0,0.0
1199,60,East,Salaried,Retail,2025Q3,103381.98,785.0,30.12,27.13,69.7,192892.33,0.3002,0.01203,0,-0.0059,-0.0376,-0.0025,-0.0036,0.0,-0.0015
1200,32,North,Salaried,Construction,2025Q3,36976.12,584.0,27.31,40.28,89.14,21489.86,0.5292,0.222,1,0.0532,0.0944,-0.0446,-0.0197,0.0,-0.0203
1201,29,South,Salaried,Transport,2025Q3,92830.48,667.0,50.1,40.45,76.05,91370.56,0.5585,0.1504,0,0.0492,-0.0257,0.0242,-0.0153,0.0,-0.0161
1202,39,West,Salaried,Manufacturing,2025Q3,111987.15,707.0,34.06,57.07,61.12,187342.6,0.2634,0.0862,0,0.0115,-0.06,-0.0092,0.006,0.0084,-0.0093
1203,49,North,Salaried,Transport,2025Q3,97251.19,648.0,44.59,67.59,58.4,72815.82,0.4795,0.14456,0,-0.0136,0.0025,0.0104,0.0228,0.0,-0.0146
1204,43,East,Salaried,IT,2025Q3,89305.85,608.0,68.89,74.76,82.03,105112.99,0.4305,0.30823,0,0.0124,0.0944,0.1151,0.0629,0.0,-0.0273
1205,37,North,SelfEmployed,Retail,2025Q3,87997.65,658.0,41.47,33.66,97.68,273347.28,0.41,0.13305,0,0.0274,-0.012,0.0039,-0.0277,0.0,0.0358
1206,37,East,Salaried,Transport,2025Q3,63578.2,639.0,74.45,55.92,72.77,134861.2,0.4816,0.32705,0,0.0424,0.0235,0.1153,0.014,0.0,-0.0246
1207,36,East,Salaried,Transport,2025Q3,66516.94,639.0,19.97,23.84,50.2,192997.63,0.429,0.08402,0,0.0171,0.0087,-0.0358,-0.027,0.0,-0.0095
1208,34,South,Salaried,IT,2025Q3,84059.29,723.0,45.16,45.56,65.18,203340.12,0.4334,0.08901,1,0.0187,-0.0781,0.0068,-0.0038,0.0,-0.0087
1209,69,North,Salaried,IT,2025Q3,80682.09,687.0,43.02,48.94,71.61,94821.41,0.3858,0.03559,0,-0.0379,-0.0203,0.0024,-0.0005,0.0,-0.0052
1210,47,South,Salaried,Manufacturing,2025Q3,59307.1,698.0,22.25,27.7,48.9,188627.04,0.5311,0.03391,0,-0.002,-0.0238,-0.0147,-0.0106,0.0,-0.0044
1211,54,West,Salaried,Transport,2025Q3,77548.07,682.0,50.83,60.3,77.32,159046.08,0.3977,0.07859,0,-0.0248,-0.036,0.0176,0.0104,0.0102,-0.0112
1212,39,South,Business,Healthcare,2025Q3,98012.56,725.0,62.49,44.57,65.28,178648.93,0.3404,0.10851,0,0.0138,-0.1005,0.0331,-0.0059,0.0,0.0
1213,42,South,Business,Construction,2025Q3,73313.15,749.0,73.24,51.4,83.29,78697.84,0.4206,0.0844,0,0.0069,-0.1409,0.0431,0.0014,0.0,0.0
1214,36,East,Business,Construction,2025Q3,79442.51,641.0,44.58,74.94,40.47,106940.57,0.3639,0.21284,0,0.0416,0.0171,0.0158,0.0487,0.0,0.0
1215,21,South,Salaried,Manufacturing,2025Q3,53079.84,716.0,7.6,38.59,25.17,36329.91,0.4232,0.07197,0,0.0246,-0.0496,-0.0427,-0.0071,0.0,-0.0062
1216,29,South,Business,IT,2025Q3,58986.35,572.0,45.63,66.7,52.14,68411.26,0.5866,0.44743,0,0.1035,0.1846,0.0271,0.0478,0.0,0.0
1217,24,South,Business,Healthcare,2025Q3,28784.18,507.0,49.87,79.74,60.47,99001.14,0.474,0.70745,0,0.1383,0.3741,0.0442,0.0818,0.0,0.0
1218,21,North,Business,Transport,2025Q3,51522.77,784.0,34.24,78.4,23.98,142596.78,0.2723,0.0605,0,0.0348,-0.1847,-0.0083,0.0202,0.0,0.0
1219,31,East,SelfEmployed,IT,2025Q3,76695.96,637.0,41.44,43.86,47.83,65630.63,0.3988,0.18329,1,0.0639,0.025,0.0052,-0.0136,0.0,0.0502
1220,59,West,SelfEmployed,Transport,2025Q3,105950.58,,30.27,26.6,85.67,132157.25,0.483,0.07449,0,-0.0276,-0.0201,-0.0126,-0.0188,0.0068,0.0156
1221,44,West,SelfEmployed,Construction,2025Q3,92598.53,577.0,35.86,32.38,70.67,173716.18,0.4616,0.19837,0,0.0055,0.128,-0.0166,-0.0437,0.023,0.055
1222,58,West,Business,Manufacturing,2025Q3,114272.3,574.0,54.28,13.09,62.76,162985.53,0.5102,0.1672,0,-0.0601,0.0932,0.0384,-0.0748,0.017,0.0
1223,49,South,Salaried,IT,2025Q3,68924.89,612.0,60.22,63.09,38.88,135220.9,0.3902,0.2061,0,-0.0205,0.0659,0.064,0.0267,0.0,-0.022
1224,53,North,SelfEmployed,Transport,2025Q3,76669.04,704.0,17.67,64.46,85.01,100497.21,0.3756,0.05178,0,-0.0141,-0.044,-0.031,0.0092,0.0,0.015
1225,34,East,Business,IT,2025Q3,88451.04,625.0,29.82,50.58,51.65,128087.29,0.4869,0.16206,0,0.0398,0.0359,-0.0311,0.001,0.0,0.0
1226,50,West,Salaried,Retail,2025Q3,77288.5,637.0,12.58,17.73,61.9,248365.47,0.5609,0.04425,0,-0.0075,0.0067,-0.0353,-0.0232,0.0057,-0.0064
1227,52,East,Business,Construction,2025Q3,114227.42,609.0,67.41,39.96,68.15,204203.8,0.4109,0.1845,0,-0.0354,0.0676,0.0797,-0.0214,0.0,0.0
1228,38,South,Business,Healthcare,2025Q3,92164.72,739.0,51.93,78.37,63.43,252414.98,0.3993,0.10832,1,0.0169,-0.132,0.0202,0.0277,0.0,0.0
1229,50,East,SelfEmployed,Retail,2025Q3,112208.77,719.0,5.98,61.41,89.84,218021.95,0.4913,0.05213,0,-0.0062,-0.045,-0.0388,0.0053,0.0,0.0109
1230,50,East,Salaried,IT,2025Q3,72720.35,,36.97,65.23,71.5,127326.11,0.446,0.10458,0,-0.0175,0.0274,-0.0074,0.0203,0.0,-0.0149
1231,38,West,Salaried,Retail,2025Q3,89515.62,707.0,33.46,100.0,66.77,194144.8,0.4586,0.13278,0,0.0204,-0.088,-0.0154,0.0537,0.0129,-0.0141
1232,32,East,Business,Manufacturing,2025Q3,116524.17,643.0,25.9,55.22,58.27,305073.9,0.3707,0.16371,0,0.041,0.0096,-0.0398,0.0078,0.0,0.0
1233,31,South,Business,Healthcare,2025Q3,79967.37,,54.58,0.51,68.64,273297.74,0.4323,0.16289,0,0.044,0.0176,0.0339,-0.0932,0.0,0.0
1234,45,North,Business,Construction,2025Q3,100587.52,657.0,54.21,23.78,55.8,67136.93,0.3753,0.10936,0,0.0,-0.008,0.0256,-0.0357,0.0,0.0
1235,48,South,Business,Retail,2025Q3,77550.49,704.0,42.31,54.72,63.79,147579.57,0.2738,0.06707,0,-0.006,-0.0525,0.0031,0.0038,0.0,0.0
1236,35,South,Salaried,Construction,2025Q3,83693.02,599.0,27.73,48.41,53.17,224308.81,0.3746,0.20474,0,0.0383,0.0698,-0.0396,-0.0029,0.0,-0.0187
1237,44,West,SelfEmployed,Retail,2025Q3,104023.05,694.0,27.87,44.22,50.01,169798.03,0.448,0.09642,1,0.0023,-0.0489,-0.0222,-0.0059,0.0095,0.022
1238,50,South,Salaried,Transport,2025Q3,72199.84,830.0,38.7,44.6,41.68,142406.27,0.4086,0.01,0,-0.002,-0.0774,-0.0004,-0.0009,0.0,-0.0017
1239,51,South,Salaried,Healthcare,2025Q3,92550.87,672.0,30.69,30.74,54.58,58670.84,0.4813,0.05035,0,-0.009,-0.0134,-0.01,-0.0127,0.0,-0.0063
1240,61,South,Business,Manufacturing,2025Q3,111048.51,662.0,37.91,56.22,53.26,152011.97,0.464,0.07676,1,-0.0381,-0.0098,-0.003,0.0051,0.0,0.0
1241,58,East,Business,Manufacturing,2025Q3,110334.14,654.0,46.93,78.68,96.59,158146.29,0.4083,0.11184,0,-0.0478,-0.0052,0.0152,0.0349,0.0,0.0
1242,33,South,Business,Healthcare,2025Q3,95416.36,,,86.11,79.84,160781.07,0.2658,0.09724,0,0.0267,-0.0518,-0.0595,0.0332,0.0,0.0
1243,63,North,Business,Retail,2025Q3,117140.19,550.0,25.87,85.49,57.32,280331.4,0.371,0.2456,0,-0.1008,0.1393,-0.0537,0.0666,0.0,0.0
1244,38,West,SelfEmployed,Manufacturing,2025Q3,75798.22,776.0,37.46,26.97,51.53,232181.16,0.4718,0.03931,0,0.0078,-0.1143,-0.0023,-0.0136,0.0049,0.0114
1245,55,South,Business,IT,2025Q3,115599.33,727.0,63.05,47.56,72.3,61468.6,0.3332,0.06892,0,-0.0196,-0.0758,0.0234,-0.0018,0.0,0.0
1246,45,South,Salaried,Retail,2025Q3,96613.41,616.0,51.53,41.1,98.85,140840.41,0.4334,0.14801,0,0.0,0.0469,0.0304,-0.0157,0.0,-0.0178
1247,39,North,Business,Transport,2025Q3,76224.5,662.0,37.94,61.02,75.93,118004.51,0.4283,0.1145,0,0.0189,-0.0166,-0.005,0.0151,0.0,0.0
1248,24,East,Business,Retail,2025Q3,72667.62,622.0,44.44,46.18,25.6,223790.6,0.3265,0.289,0,0.0987,0.0558,0.017,-0.0091,0.0,0.0
1249,42,East,Business,Manufacturing,2025Q3,57063.53,680.0,36.38,43.04,77.26,122224.2,0.4436,0.10521,1,0.0064,-0.03,-0.0059,-0.0069,0.0,0.0
1250,27,West,Salaried,Retail,2025Q3,70904.76,664.0,55.24,80.0,80.81,198052.04,0.5448,0.24081,0,0.0902,-0.0322,0.0574,0.0669,0.0236,-0.0249
1251,55,North,Business,Transport,2025Q3,122616.12,,44.94,50.16,100.0,240495.9,0.4169,0.09589,0,-0.0237,-0.0243,0.0071,0.0001,0.0,0.0
1252,61,West,Salaried,Healthcare,2025Q3,86368.69,590.0,58.46,50.73,55.03,188104.44,0.427,0.20385,0,-0.0823,0.0871,0.0535,0.0014,0.0188,-0.0202
1253,35,East,SelfEmployed,Transport,2025Q3,78001.85,627.0,16.31,57.09,62.77,232210.64,0.3429,0.12964,0,0.038,0.0346,-0.0811,0.0123,0.0,0.0404
1254,47,North,Salaried,Transport,2025Q3,74436.48,738.0,25.1,62.88,69.0,31114.55,0.3748,0.02943,0,-0.0021,-0.0559,-0.0125,0.0052,0.0,-0.0046
1255,36,North,Business,Construction,2025Q3,76589.87,624.0,42.39,63.0,44.72,228589.5,0.4799,0.24998,0,0.0416,0.0467,0.0084,0.0265,0.0,0.0
1256,37,North,Business,IT,2025Q3,88579.08,480.0,45.9,82.15,42.91,187905.01,0.4865,0.58795,1,0.0521,0.429,0.0271,0.0914,0.0,0.0
1257,53,West,Business,Manufacturing,2025Q3,84683.63,650.0,76.41,19.72,67.99,258024.96,0.3923,0.14179,0,-0.0318,0.0,0.074,-0.054,0.0151,0.0
1258,44,North,Salaried,IT,2025Q3,71465.02,824.0,9.08,55.14,29.14,35865.7,0.4471,0.01069,0,0.0003,-0.0584,-0.0091,0.0006,0.0,-0.0014
1259,63,South,Salaried,Retail,2025Q3,76518.08,718.0,37.47,45.75,33.66,78288.32,0.3828,0.03413,1,-0.0196,-0.0329,-0.0016,-0.0016,0.0,-0.0039
1260,39,East,Salaried,Healthcare,2025Q3,81803.38,620.0,36.75,41.38,76.31,83280.69,0.4038,0.15353,1,0.0201,0.0373,-0.0084,-0.0136,0.0,-0.0159
1261,55,West,SelfEmployed,Manufacturing,2025Q3,97906.29,657.0,41.81,64.67,69.96,63470.72,0.4363,0.19902,1,-0.0409,-0.0105,0.0048,0.022,0.0153,0.0359
1262,45,East,Salaried,Healthcare,2025Q3,68837.72,706.0,65.73,76.52,84.99,56807.8,0.5125,0.1192,0,0.0,-0.0894,0.0498,0.0332,0.0,-0.0147
1263,53,East,Business,IT,2025Q3,99467.42,541.0,52.02,34.98,69.26,158827.57,0.4533,0.28965,0,-0.0478,0.1783,0.0465,-0.0382,0.0,0.0
1264,39,North,Salaried,Retail,2025Q3,67226.95,602.0,12.34,85.11,60.21,68277.01,0.3735,0.19397,0,0.0236,0.0659,-0.0968,0.0545,0.0,-0.0185
1265,43,West,Business,Retail,2025Q3,110390.11,,62.54,16.5,85.78,112727.3,0.4582,0.11879,0,0.0052,-0.0452,0.0358,-0.0446,0.0108,0.0
1266,43,North,Salaried,Manufacturing,2025Q3,66861.78,768.0,62.09,60.99,51.54,121895.15,0.3597,0.07249,0,0.0031,-0.1307,0.0208,0.0071,0.0,-0.0072
1267,35,North,Business,Retail,2025Q3,94030.81,630.0,42.21,28.4,53.33,208861.76,0.4789,0.14892,1,0.034,0.0273,0.0058,-0.0378,0.0,0.0
1268,51,West,Business,Transport,2025Q3,84306.27,767.0,12.12,33.88,58.71,75476.22,0.2227,0.01948,0,-0.0031,-0.0428,-0.0126,-0.0036,0.0019,0.0
1269,51,North,Salaried,Retail,2025Q3,96656.29,609.0,35.57,49.32,69.01,223192.91,0.4448,0.11401,1,-0.0205,0.0437,-0.0105,-0.0009,0.0,-0.0144
1270,51,North,Business,Healthcare,2025Q3,115671.5,430.0,45.5,39.23,58.67,228965.11,0.4846,0.56679,1,-0.0406,0.4647,0.0271,-0.0313,0.0,0.0
1271,61,East,Salaried,Healthcare,2025Q3,110521.11,711.0,53.94,0.0,30.3,171832.61,0.3294,0.03168,0,-0.0157,-0.0262,0.0069,-0.0226,0.0,-0.0036
1272,60,South,Salaried,Retail,2025Q3,116578.3,,9.67,61.45,54.67,126426.27,0.314,0.03555,0,-0.015,-0.0193,-0.0237,0.0037,0.0,-0.0037
1273,40,North,SelfEmployed,Healthcare,2025Q3,85364.01,710.0,25.69,65.15,59.37,172317.71,0.3841,0.10232,0,0.0112,-0.0727,-0.0272,0.0143,0.0,0.0225
1274,48,East,Business,IT,2025Q3,116583.04,707.0,55.57,44.46,62.3,292911.07,0.322,0.08319,0,-0.0065,-0.0612,0.0206,-0.0051,0.0,0.0
1275,37,East,Business,Manufacturing,2025Q3,113635.24,,62.03,42.73,51.01,145967.62,0.1822,0.16247,0,0.0285,-0.0378,0.052,-0.0123,0.0,0.0
1276,44,East,Business,Retail,2025Q3,70503.06,642.0,44.89,39.8,70.11,151632.66,0.3363,0.14681,0,0.0032,0.0099,0.011,-0.0149,0.0,0.0
1277,37,North,Salaried,Transport,2025Q3,58541.71,645.0,56.38,10.35,27.79,34664.64,0.3318,0.17579,0,0.0226,0.0059,0.0318,-0.0622,0.0,-0.0138
1278,62,East,Business,Transport,2025Q3,79977.39,629.0,45.28,8.02,68.32,183558.36,0.4372,0.08022,0,-0.0379,0.0135,0.0065,-0.0406,0.0,0.0
1279,48,East,Salaried,Transport,2025Q3,98400.59,633.0,53.41,65.68,95.86,224616.79,0.3383,0.19124,0,-0.0128,0.0261,0.0364,0.0262,0.0,-0.0185
1280,42,North,Salaried,Healthcare,2025Q3,46746.42,537.0,40.32,71.42,47.86,72950.89,0.467,0.32608,0,0.0196,0.2308,0.0015,0.0586,0.0,-0.0287
1281,57,North,Salaried,Manufacturing,2025Q3,55362.84,577.0,45.68,61.13,61.15,136398.96,0.3768,0.18126,0,-0.0601,0.1014,0.0179,0.0209,0.0,-0.0202
1282,21,North,Business,Construction,2025Q3,50246.93,649.0,18.45,56.34,55.06,158774.5,0.4905,0.15706,0,0.0733,0.0015,-0.0682,0.0102,0.0,0.0
1283,22,South,Salaried,Transport,2025Q3,24610.38,508.0,49.55,65.22,55.4,61408.53,0.5072,0.66227,1,0.1583,0.3659,0.0457,0.0437,0.0,-0.0277
1284,53,North,Salaried,Retail,2025Q3,88698.84,523.0,17.96,63.75,39.43,145831.42,0.4479,0.20728,1,-0.0428,0.1652,-0.0884,0.0285,0.0,-0.0223
1285,45,East,Salaried,Manufacturing,2025Q3,57078.23,637.0,49.54,30.73,99.83,83166.01,0.4436,0.13566,0,0.0,0.0146,0.0191,-0.0271,0.0,-0.0135
1286,47,West,SelfEmployed,Manufacturing,2025Q3,55974.91,651.0,30.98,52.89,67.72,79741.87,0.4731,0.15172,0,-0.0072,-0.0014,-0.0243,0.0043,0.0146,0.0342
1287,29,North,Business,Retail,2025Q3,76446.28,639.0,43.92,41.49,46.58,217888.43,0.4362,0.20737,0,0.0615,0.0184,0.0121,-0.0167,0.0,0.0
1288,44,East,Salaried,Construction,2025Q3,76008.02,498.0,22.76,41.78,44.31,164190.58,0.492,0.29895,1,0.0059,0.2303,-0.0778,-0.0214,0.0,-0.0261
1289,66,North,Business,Retail,2025Q3,76843.9,766.0,29.94,73.08,61.23,119502.08,0.2183,0.02093,0,-0.0178,-0.0553,-0.005,0.0055,0.0,0.0
1290,53,North,Salaried,IT,2025Q3,70953.38,562.0,43.89,82.64,16.65,225160.3,0.4168,0.26274,1,-0.0489,0.1592,0.016,0.0751,0.0,-0.0257
1291,46,East,Business,Construction,2025Q3,91156.5,604.0,50.07,0.0,81.06,189811.89,0.3813,0.14673,0,-0.0033,0.0485,0.0216,-0.0857,0.0,0.0
1292,39,South,Salaried,Transport,2025Q3,64777.18,574.0,55.5,42.39,49.72,65413.0,0.5382,0.2971,0,0.0341,0.1433,0.0608,-0.0195,0.0,-0.0258
1293,40,West,Salaried,Healthcare,2025Q3,66169.3,748.0,19.6,41.24,67.78,165190.85,0.362,0.02673,0,0.0041,-0.057,-0.0155,-0.0034,0.0035,-0.004
1294,21,East,SelfEmployed,Transport,2025Q3,84227.17,689.0,13.98,73.55,68.71,258690.23,0.3599,0.16734,1,0.0721,-0.0669,-0.0834,0.0348,0.0,0.0367
1295,47,North,Salaried,Transport,2025Q3,117037.81,628.0,22.4,16.09,79.31,296251.92,0.4817,0.11643,0,-0.0036,0.0135,-0.0255,-0.0301,0.0,-0.0078
1296,53,South,Salaried,Retail,2025Q3,78160.63,623.0,20.95,0.0,69.85,128534.74,0.3154,0.04679,0,-0.0114,0.012,-0.0209,-0.0364,0.0,-0.0058
1297,27,North,Salaried,Construction,2025Q3,36606.13,672.0,63.07,66.06,74.86,116111.25,0.4129,0.29815,0,0.0797,-0.0468,0.0739,0.0334,0.0,-0.0226
1298,37,West,Business,Retail,2025Q3,80177.5,575.0,59.44,69.18,80.38,147766.58,0.2956,0.3481,1,0.0549,0.1881,0.0939,0.0564,0.0296,0.0
1299,31,East,Salaried,IT,2025Q3,67497.28,686.0,22.05,8.75,53.4,106811.64,0.3573,0.04849,0,0.0159,-0.0229,-0.0204,-0.0299,0.0,-0.0061
1300,33,South,Salaried,Healthcare,2025Q3,64840.99,623.0,65.36,45.26,100.0,136479.94,0.3999,0.30686,1,0.0612,0.0546,0.0882,-0.0114,0.0,-0.0244
1301,45,South,Salaried,Construction,2025Q3,87592.44,695.0,,81.66,67.06,84732.55,0.5283,0.14034,0,0.0,-0.0708,0.0389,0.0398,0.0,-0.0151
1302,21,East,Business,Transport,2025Q3,109814.37,693.0,11.93,24.28,59.44,137119.99,0.4005,0.06084,0,0.032,-0.0367,-0.0453,-0.0223,0.0,0.0
1303,51,East,Business,Retail,2025Q3,66163.82,620.0,21.52,50.22,43.18,116924.94,0.3668,0.10343,0,-0.0167,0.0269,-0.0398,0.0002,0.0,0.0
1304,52,North,Salaried,Construction,2025Q3,73772.57,520.0,11.45,59.18,55.86,69127.55,0.4623,0.2461,0,-0.0349,0.1533,-0.1114,0.018,0.0,-0.0209
1305,41,North,Salaried,IT,2025Q3,100740.58,643.0,36.61,16.59,68.04,173367.5,0.5452,0.12305,0,0.0085,0.0059,-0.0055,-0.0376,0.0,-0.01
1306,21,North,Salaried,Manufacturing,2025Q3,45603.18,561.0,38.28,35.6,61.91,128089.75,0.2943,0.39307,0,0.1339,0.1811,-0.0078,-0.0402,0.0,-0.0277
1307,33,South,Salaried,IT,2025Q3,80010.88,665.0,38.25,10.8,96.55,226531.74,0.4841,0.07619,0,0.0222,-0.0134,-0.0027,-0.0435,0.0,-0.0096
1308,58,South,Salaried,IT,2025Q3,99656.21,643.0,5.57,44.38,52.2,112122.91,0.4603,0.0409,0,-0.0176,0.003,-0.0388,-0.0028,0.0,-0.0052
1309,21,North,Salaried,IT,2025Q3,77263.84,620.0,15.16,30.6,73.59,232657.78,0.4287,0.13727,0,0.0641,0.0357,-0.0719,-0.0308,0.0,-0.0153
1310,40,South,Salaried,Construction,2025Q3,106540.12,572.0,42.16,52.57,37.49,186737.69,0.43,0.23975,0,0.0266,0.1342,0.0084,0.006,0.0,-0.0243
1311,31,South,SelfEmployed,Manufacturing,2025Q3,77995.31,741.0,47.96,61.97,100.0,73347.64,0.5106,0.12089,0,0.0367,-0.154,0.0163,0.0148,0.0,0.0291
1312,53,North,Business,Construction,2025Q3,67375.06,629.0,5.68,78.55,36.13,174500.16,0.4923,0.08818,0,-0.0205,0.0176,-0.0757,0.025,0.0,0.0
1313,37,West,Business,Healthcare,2025Q3,71792.67,820.0,17.5,99.31,100.0,63207.79,0.285,0.02791,0,0.0067,-0.1534,-0.0185,0.0151,0.0038,0.0
1314,48,East,SelfEmployed,Manufacturing,2025Q3,126648.95,662.0,54.36,52.57,57.28,309200.35,0.4251,0.19828,0,-0.0125,-0.0199,0.0378,0.0044,0.0,0.0393
1315,50,South,Salaried,Construction,2025Q3,55644.44,684.0,18.41,41.04,15.31,137414.61,0.5152,0.04532,0,-0.006,-0.018,-0.0213,-0.0046,0.0,-0.0051
1316,64,South,Business,Retail,2025Q3,117642.52,663.0,37.76,39.76,87.04,271301.7,0.466,0.05176,0,-0.0367,-0.0083,-0.0025,-0.0071,0.0,0.0
1317,42,South,Salaried,Healthcare,2025Q3,28638.83,683.0,16.89,26.77,61.65,87185.62,0.4369,0.04464,0,0.0034,-0.0179,-0.0238,-0.0132,0.0,-0.0053
1318,48,West,Business,Retail,2025Q3,69977.91,734.0,51.3,57.86,50.93,198951.25,0.2939,0.06349,1,-0.006,-0.0942,0.0142,0.0063,0.0079,0.0
1319,28,East,Salaried,Retail,2025Q3,77264.87,735.0,5.73,37.11,72.83,154447.97,0.5828,0.03022,0,0.0123,-0.0473,-0.0307,-0.0054,0.0,-0.0041
1320,57,South,Business,Manufacturing,2025Q3,103047.3,540.0,33.13,59.4,73.29,210425.0,0.5237,0.27352,0,-0.068,0.1594,-0.0266,0.0205,0.0,0.0
1321,36,West,SelfEmployed,Healthcare,2025Q3,69724.05,718.0,53.04,27.47,68.29,147627.57,0.5464,0.12447,0,0.0234,-0.1007,0.0241,-0.0306,0.0117,0.0273
1322,38,East,Salaried,Manufacturing,2025Q3,55641.59,694.0,47.76,37.75,82.7,137609.46,0.4362,0.08001,0,0.0144,-0.0469,0.0116,-0.0124,0.0,-0.01
1323,44,East,Salaried,Construction,2025Q3,39762.23,662.0,30.57,57.51,65.05,92875.98,0.4218,0.09829,0,0.0023,-0.0118,-0.0172,0.0074,0.0,-0.0107
1324,27,North,Business,Manufacturing,2025Q3,87881.31,,26.82,45.25,72.99,102061.93,0.3318,0.04047,0,0.0158,-0.105,-0.0117,-0.0023,0.0,0.0
1325,47,North,Business,Transport,2025Q3,88303.35,779.0,34.27,5.75,49.56,161462.86,0.4604,0.01406,0,-0.0009,-0.0491,-0.002,-0.0114,0.0,0.0
1326,55,East,Business,Retail,2025Q3,73206.43,722.0,17.37,47.67,75.31,164193.58,0.5221,0.0284,0,-0.0091,-0.0331,-0.016,-0.0008,0.0,0.0
1327,47,South,Salaried,IT,2025Q3,78943.4,623.0,36.4,30.36,49.65,210932.73,0.5203,0.11315,0,-0.0054,0.0249,-0.007,-0.0244,0.0,-0.0119
1328,27,East,Salaried,IT,2025Q3,70862.46,579.0,36.67,73.99,37.51,36655.19,0.6328,0.37552,0,0.1069,0.156,-0.0155,0.0636,0.0,-0.0282
1329,43,East,SelfEmployed,Manufacturing,2025Q3,79187.87,711.0,31.31,69.36,55.87,128342.62,0.4166,0.07508,0,0.0049,-0.078,-0.0166,0.0189,0.0,0.0238
1330,52,North,Salaried,Construction,2025Q3,84987.87,752.0,54.01,0.0,54.48,254160.39,0.3421,0.02465,0,-0.005,-0.0461,0.0057,-0.0188,0.0,-0.003
1331,23,North,Salaried,Construction,2025Q3,57486.28,522.0,20.87,65.63,78.56,87506.74,0.4929,0.44116,0,0.1421,0.2788,-0.0953,0.0456,0.0,-0.0297
1332,32,South,Salaried,Manufacturing,2025Q3,52177.69,734.0,10.73,56.56,30.94,20000.0,0.4624,0.02993,0,0.0123,-0.057,-0.0307,0.003,0.0,-0.0051
1333,54,North,Business,Retail,2025Q3,100676.67,643.0,,15.35,81.87,288600.61,0.4089,0.05243,0,-0.0159,0.0042,-0.0129,-0.0283,0.0,0.0
1334,47,East,Business,IT,2025Q3,106633.9,,39.98,67.32,47.54,105819.85,0.4636,0.38531,0,-0.0131,0.2225,-0.0001,0.0467,0.0,0.0
1335,49,East,Salaried,Construction,2025Q3,98823.59,692.0,36.29,19.84,10.7,213508.61,0.4299,0.05568,0,-0.005,-0.024,-0.0032,-0.018,0.0,-0.0053
1336,64,South,SelfEmployed,Construction,2025Q3,115933.13,722.0,35.58,73.2,35.85,239696.05,0.4418,0.04397,0,-0.037,-0.0619,-0.005,0.0135,0.0,0.0144
1337,49,East,Salaried,Healthcare,2025Q3,68048.24,636.0,19.98,33.78,53.85,214853.9,0.4432,0.07968,0,-0.0074,0.0091,-0.0301,-0.0134,0.0,-0.008
1338,51,South,Business,Healthcare,2025Q3,108451.83,588.0,22.28,14.6,68.88,276888.46,0.4661,0.07218,0,-0.0159,0.0461,-0.0362,-0.0446,0.0,0.0
1339,74,East,Salaried,Retail,2025Q3,111078.4,776.0,,94.66,57.33,277070.53,0.4343,0.02468,0,-0.0231,-0.0536,-0.0041,0.0079,0.0,-0.0024
1340,42,North,Salaried,Manufacturing,2025Q3,61125.24,615.0,,13.98,35.81,118896.14,0.5012,0.09131,0,0.007,0.0283,-0.0208,-0.0442,0.0,-0.0108
1341,35,East,Salaried,Healthcare,2025Q3,59242.37,,55.57,30.27,44.43,47681.93,0.3567,0.05609,0,0.0147,-0.0892,0.0161,-0.0156,0.0,-0.0075
1342,49,East,SelfEmployed,IT,2025Q3,100434.48,557.0,42.22,34.58,36.14,96363.07,0.3131,0.30665,0,-0.0237,0.1634,0.0091,-0.0398,0.0,0.0581
1343,49,North,Business,IT,2025Q3,119984.35,688.0,29.48,37.98,65.18,80964.53,0.3311,0.04707,0,-0.0062,-0.0264,-0.0121,-0.0081,0.0,0.0
1344,38,East,Business,Manufacturing,2025Q3,52689.91,686.0,55.52,63.37,58.19,100136.07,0.4518,0.16991,0,0.0243,-0.0598,0.0369,0.0201,0.0,0.0
1345,33,West,Business,Construction,2025Q3,110321.1,719.0,45.14,49.27,72.28,251088.38,0.3449,0.10144,0,0.0273,-0.0943,0.0092,-0.0008,0.0106,0.0
1346,69,North,Salaried,Construction,2025Q3,119154.87,762.0,16.28,70.09,24.6,109622.29,0.4095,0.01,0,-0.0137,-0.0339,-0.0087,0.0031,0.0,-0.0018
1347,48,East,Salaried,Healthcare,2025Q3,82884.13,605.0,2.0,56.18,49.32,205152.58,0.4387,0.07651,0,-0.0069,0.0323,-0.0826,0.0057,0.0,-0.0101
1348,36,West,Business,Retail,2025Q3,79167.1,695.0,16.78,11.19,100.0,97227.9,0.4171,0.04886,0,0.0101,-0.028,-0.0259,-0.026,0.0051,0.0
1349,54,West,Salaried,Manufacturing,2025Q3,91727.8,567.0,,60.1,72.82,98160.59,0.4959,0.30461,0,-0.0519,0.1388,0.0283,0.023,0.0227,-0.0241
1350,43,South,Salaried,Retail,2025Q3,63269.82,566.0,52.26,53.14,54.08,156855.96,0.5521,0.32138,1,0.0118,0.1581,0.0497,0.008,0.0,-0.0262
1351,41,East,Salaried,Construction,2025Q3,69801.49,621.0,11.44,34.26,40.25,162573.86,0.4363,0.09886,0,0.0082,0.0213,-0.0552,-0.0156,0.0,-0.0096
1352,50,West,SelfEmployed,Manufacturing,2025Q3,62549.51,688.0,48.54,93.62,82.15,76230.22,0.3308,0.17441,0,-0.0232,-0.0749,0.0258,0.0706,0.0184,0.0435
1353,30,East,Salaried,Healthcare,2025Q3,31752.59,774.0,47.93,61.38,90.65,97148.71,0.409,0.06992,0,0.0203,-0.1432,0.0086,0.0075,0.0,-0.0073
1354,48,North,Business,Transport,2025Q3,136281.52,786.0,60.32,68.72,37.03,114366.07,0.4369,0.05925,0,-0.0043,-0.1451,0.0168,0.0101,0.0,0.0
1355,65,North,Business,Construction,2025Q3,110735.35,636.0,53.21,69.48,38.92,130998.44,0.2521,0.10418,0,-0.0796,0.017,0.028,0.025,0.0,0.0
1356,49,East,Business,Construction,2025Q3,98866.4,681.0,59.63,38.76,65.58,224453.1,0.3589,0.12484,0,-0.011,-0.0366,0.0315,-0.0133,0.0,0.0
1357,40,South,Salaried,Retail,2025Q3,71546.81,724.0,45.81,61.93,67.45,152556.77,0.4039,0.08123,0,0.0094,-0.0814,0.0079,0.0096,0.0,-0.009
1358,38,North,Salaried,Construction,2025Q3,55400.07,712.0,45.28,54.95,69.66,95001.86,0.3674,0.08005,0,0.0139,-0.0694,0.0078,0.0045,0.0,-0.0097
1359,39,South,Business,Retail,2025Q3,80672.88,648.0,32.6,35.75,96.87,94709.93,0.439,0.10595,0,0.0155,0.0022,-0.0155,-0.0181,0.0,0.0
1360,41,East,Salaried,Construction,2025Q3,74641.4,665.0,51.12,21.13,40.57,21963.18,0.3723,0.08063,0,0.0093,-0.0152,0.0176,-0.0344,0.0,-0.0109
1361,40,South,Business,Construction,2025Q3,83560.51,653.0,16.68,48.53,60.8,158318.34,0.5014,0.09855,0,0.0107,-0.0027,-0.0457,-0.0014,0.0,0.0
1362,54,West,Salaried,Transport,2025Q3,71160.35,646.0,,60.91,74.42,200337.11,0.433,0.11334,0,-0.0268,0.0042,-0.0084,0.012,0.011,-0.0121
1363,25,East,Business,Manufacturing,2025Q3,82230.8,637.0,46.64,48.36,74.21,199180.37,0.2881,0.26329,0,0.0882,0.0254,0.0236,-0.0036,0.0,0.0
1364,53,West,Salaried,Healthcare,2025Q3,87190.56,652.0,60.53,43.99,47.04,111734.61,0.4853,0.13666,1,-0.0284,-0.0026,0.0412,-0.0086,0.0134,-0.0146
1365,40,West,Business,Healthcare,2025Q3,94172.34,632.0,30.35,48.6,47.83,307370.58,0.4974,0.15912,1,0.0174,0.0241,-0.0269,-0.0022,0.015,0.0
1366,48,North,Salaried,Transport,2025Q3,91990.81,583.0,53.47,41.69,50.82,292532.28,0.448,0.21407,0,-0.0149,0.1023,0.0432,-0.0178,0.0,-0.0215
1367,32,East,Salaried,Healthcare,2025Q3,61830.57,719.0,34.85,82.09,94.07,106623.21,0.2562,0.12035,0,0.0287,-0.0928,-0.0098,0.0301,0.0,-0.0115
1368,59,North,Business,Transport,2025Q3,101160.02,695.0,53.79,53.95,40.43,120178.9,0.4839,0.08282,0,-0.0321,-0.0423,0.017,0.0032,0.0,0.0
1369,58,West,Business,Retail,2025Q3,129984.15,788.0,25.18,37.3,53.51,167152.27,0.2974,0.01583,0,-0.0066,-0.0511,-0.0052,-0.0025,0.0017,0.0
1370,55,North,Salaried,Retail,2025Q3,68607.73,685.0,49.62,8.22,75.51,135221.79,0.3863,0.04444,0,-0.0138,-0.02,0.0077,-0.0274,0.0,-0.0055
1371,27,East,Business,IT,2025Q3,41674.63,632.0,36.47,43.66,38.22,43520.6,0.3879,0.15279,0,0.0684,0.0297,-0.0115,-0.0124,0.0,0.0
1372,53,East,Business,Transport,2025Q3,108799.7,617.0,19.04,35.31,65.16,276058.19,0.3239,0.05932,0,-0.0187,0.0237,-0.0379,-0.0144,0.0,0.0
1373,48,North,Business,Transport,2025Q3,82971.7,663.0,35.55,34.49,22.01,135727.02,0.4234,0.07458,0,-0.0064,-0.0111,-0.0067,-0.0147,0.0,0.0
1374,26,East,Salaried,IT,2025Q3,40107.68,698.0,59.15,68.74,63.85,97695.18,0.4269,0.22622,0,0.0685,-0.0941,0.0518,0.0321,0.0,-0.0191
1375,44,North,Business,Manufacturing,2025Q3,106634.28,643.0,21.69,49.75,61.05,113668.07,0.439,0.08778,0,0.0025,0.0066,-0.0376,-0.0003,0.0,0.0
1376,48,South,SelfEmployed,Construction,2025Q3,84694.17,560.0,,10.99,63.27,144002.82,0.4423,0.13624,0,-0.0111,0.089,-0.0784,-0.0702,0.0,0.0346
1377,50,South,Salaried,Construction,2025Q3,58355.85,610.0,44.38,61.61,42.62,139186.99,0.3819,0.15212,1,-0.0212,0.0551,0.0124,0.0193,0.0,-0.0181
1378,46,South,Salaried,Healthcare,2025Q3,112329.03,661.0,11.16,13.2,64.55,375393.51,0.5412,0.03019,0,-0.001,-0.0047,-0.0276,-0.0198,0.0,-0.0046
1379,47,East,Business,Manufacturing,2025Q3,64407.65,710.0,63.01,63.25,59.22,79047.12,0.4213,0.09874,0,-0.0058,-0.0855,0.039,0.0151,0.0,0.0
1380,60,West,SelfEmployed,Healthcare,2025Q3,96539.79,559.0,62.61,37.55,85.98,226029.09,0.3845,0.35525,0,-0.0998,0.1824,0.0938,-0.0344,0.0265,0.0642
1381,57,South,Business,Manufacturing,2025Q3,68393.02,678.0,54.61,49.91,72.76,163745.52,0.4529,0.08383,1,-0.0318,-0.0289,0.0214,-0.0001,0.0,0.0
1382,21,East,Salaried,IT,2025Q3,59871.85,675.0,37.82,47.45,31.02,127226.18,0.4479,0.13659,0,0.0667,-0.0382,-0.0056,-0.0039,0.0,-0.0158
1383,41,West,SelfEmployed,Construction,2025Q3,69460.04,629.0,64.63,44.74,43.35,160417.38,0.4841,0.2952,1,0.0238,0.048,0.0965,-0.0139,0.0255,0.0614
1384,42,East,Business,Retail,2025Q3,103646.95,620.0,59.53,52.61,47.67,58795.13,0.4354,0.25513,1,0.0153,0.0562,0.0654,0.0058,0.0,0.0
1385,25,North,Business,Construction,2025Q3,73287.05,610.0,29.48,49.8,63.61,87493.76,0.3917,0.25114,1,0.0866,0.0706,-0.0402,-0.0004,0.0,0.0
1386,45,West,SelfEmployed,Manufacturing,2025Q3,108910.94,670.0,61.02,89.13,56.62,261862.06,0.3109,0.23211,0,0.0,-0.0479,0.0799,0.0881,0.0244,0.0587
1387,58,North,Salaried,Manufacturing,2025Q3,80565.15,737.0,,52.93,56.53,192069.89,0.3546,0.02136,1,-0.0103,-0.0368,-0.0093,0.0008,0.0,-0.003
1388,32,East,Salaried,Transport,2025Q3,36018.2,741.0,34.85,53.44,100.0,102159.2,0.2631,0.05815,0,0.0173,-0.0868,-0.006,0.0023,0.0,-0.007
1389,48,East,Salaried,IT,2025Q3,83575.29,584.0,9.3,32.39,49.74,91866.18,0.4747,0.10208,0,-0.0075,0.0467,-0.0675,-0.0198,0.0,-0.0108
1390,34,East,Salaried,Manufacturing,2025Q3,62153.97,647.0,40.33,56.38,87.82,52149.59,0.3001,0.16481,0,0.0375,0.0044,0.0009,0.0101,0.0,-0.0169
1391,37,North,SelfEmployed,IT,2025Q3,44653.32,511.0,33.29,25.48,57.05,108418.59,0.4477,0.45578,0,0.0534,0.284,-0.033,-0.0729,0.0,0.0708
1392,60,North,Business,Manufacturing,2025Q3,86103.16,,30.76,73.3,16.43,182834.85,0.4799,0.06202,0,-0.0363,-0.0146,-0.0145,0.018,0.0,0.0
1393,38,East,Salaried,Construction,2025Q3,57031.62,701.0,35.35,15.34,63.83,144440.72,0.3903,0.0537,1,0.0085,-0.0345,-0.0046,-0.0239,0.0,-0.006
1394,49,North,Business,IT,2025Q3,123196.9,767.0,28.73,29.44,82.38,74330.93,0.3818,0.03071,0,-0.0025,-0.0521,-0.0053,-0.0058,0.0,0.0
1395,23,South,Salaried,Transport,2025Q3,69534.02,539.0,38.67,12.16,72.67,181513.11,0.5018,0.33068,0,0.1196,0.2026,-0.0059,-0.1067,0.0,-0.027
1396,64,East,Business,Transport,2025Q3,102440.77,586.0,58.54,57.23,65.12,256548.24,0.491,0.21341,0,-0.1018,0.0941,0.0551,0.0141,0.0,0.0
1397,51,East,Salaried,Transport,2025Q3,90475.66,670.0,21.01,38.67,60.47,163793.67,0.5035,0.05314,0,-0.0084,-0.0112,-0.0209,-0.0067,0.0,-0.0059
1398,42,North,Business,Retail,2025Q3,52189.72,550.0,51.8,63.09,50.11,31061.65,0.5076,0.38436,1,0.0201,0.2213,0.0555,0.0373,0.0,0.0
1399,50,South,Business,Transport,2025Q3,85931.69,672.0,41.44,26.54,77.92,104273.56,0.4484,0.0598,0,-0.0097,-0.0175,0.0019,-0.0207,0.0,0.0
1400,28,West,Salaried,Healthcare,2025Q3,68517.92,702.0,43.99,59.69,51.32,69298.77,0.2524,0.13711,0,0.0469,-0.082,0.0091,0.0131,0.0135,-0.0147
1401,57,South,Business,IT,2025Q3,105376.77,573.0,37.51,60.76,47.19,257641.46,0.4738,0.16011,0,-0.06,0.1051,-0.0082,0.0202,0.0,0.0
1402,40,North,Salaried,Construction,2025Q3,62391.59,669.0,26.52,52.66,68.21,76508.87,0.5535,0.09068,0,0.0103,-0.0177,-0.0234,0.0024,0.0,-0.0098
1403,42,North,Salaried,IT,2025Q3,73210.45,578.0,45.12,48.68,54.0,52088.92,0.5045,0.2678,0,0.0153,0.1182,0.0186,-0.003,0.0,-0.0231
1404,39,South,Salaried,Retail,2025Q3,77285.95,754.0,46.3,51.02,85.62,190282.97,0.4687,0.0393,0,0.0077,-0.0945,0.0058,0.0006,0.0,-0.0062
1405,38,West,Business,Transport,2025Q3,85131.58,674.0,25.19,27.96,69.35,259965.5,0.3652,0.08096,0,0.0131,-0.0214,-0.0244,-0.0215,0.0083,0.0
1406,52,South,SelfEmployed,Manufacturing,2025Q3,106398.07,616.0,16.58,24.34,44.44,289369.56,0.4339,0.09218,0,-0.0183,0.0278,-0.0488,-0.0301,0.0,0.023
1407,47,North,Salaried,IT,2025Q3,84136.64,576.0,39.36,59.97,37.11,163685.81,0.4986,0.28107,0,-0.0101,0.1134,-0.0023,0.0205,0.0,-0.022
1408,51,South,Business,IT,2025Q3,106202.33,686.0,50.08,39.89,48.53,171769.7,0.4503,0.09993,0,-0.0134,-0.0347,0.0137,-0.0095,0.0,0.0
1409,44,North,Business,IT,2025Q3,121543.99,752.0,54.08,57.97,100.0,79100.46,0.455,0.07479,0,0.0017,-0.1109,0.0151,0.0056,0.0,0.0
1410,50,North,Salaried,Transport,2025Q3,95995.11,608.0,57.25,82.12,55.25,156591.33,0.3515,0.3101,0,-0.0282,0.08,0.0617,0.0682,0.0,-0.024
1411,39,West,SelfEmployed,IT,2025Q3,110537.25,630.0,43.94,37.94,75.17,125773.93,0.3711,0.21863,0,0.0284,0.0366,0.0137,-0.0266,0.0206,0.0488
1412,69,East,Salaried,Construction,2025Q3,86105.54,609.0,33.79,34.8,33.89,242460.78,0.3383,0.07237,0,-0.0579,0.024,-0.0085,-0.0127,0.0,-0.0082
1413,27,North,Salaried,Healthcare,2025Q3,31736.55,766.0,37.97,40.87,38.34,68592.28,0.4076,0.04576,0,0.0184,-0.1046,-0.0019,-0.0052,0.0,-0.0058
1414,58,South,Business,Manufacturing,2025Q3,100774.95,530.0,18.11,48.86,56.23,208608.59,0.4545,0.16452,0,-0.0625,0.1315,-0.0767,-0.0021,0.0,0.0
1415,59,North,SelfEmployed,IT,2025Q3,93139.27,747.0,27.08,61.51,94.02,134320.13,0.378,0.03863,0,-0.0173,-0.0651,-0.0107,0.0047,0.0,0.0096
1416,35,North,Salaried,Retail,2025Q3,93869.45,634.0,37.15,47.38,34.19,226573.95,0.3786,0.1522,0,0.0331,0.0216,-0.0076,-0.0041,0.0,-0.0163
1417,69,East,SelfEmployed,Healthcare,2025Q3,85859.2,655.0,33.73,93.73,47.41,171298.94,0.3583,0.11773,0,-0.0916,-0.006,-0.014,0.0459,0.0,0.0286
1418,55,South,Salaried,Retail,2025Q3,84180.18,637.0,39.47,57.26,78.03,164878.4,0.4322,0.10516,0,-0.0296,0.0128,-0.001,0.008,0.0,-0.0119
1419,55,East,Salaried,IT,2025Q3,92893.23,676.0,16.0,65.18,91.85,273482.98,0.507,0.05103,0,-0.0152,-0.0156,-0.0287,0.0081,0.0,-0.0061
1420,44,West,Business,Healthcare,2025Q3,92501.85,610.0,19.58,47.19,68.75,121930.47,0.5669,0.16188,0,0.0034,0.0455,-0.0571,-0.0041,0.0139,0.0
1421,42,North,Business,Retail,2025Q3,85812.47,732.0,50.41,70.26,73.52,130049.99,0.5245,0.08152,1,0.0066,-0.1057,0.0156,0.018,0.0,0.0
1422,42,West,SelfEmployed,Retail,2025Q3,88354.23,735.0,24.67,43.48,42.06,59796.32,0.3603,0.0476,0,0.0045,-0.0789,-0.0196,-0.0045,0.0063,0.0147
1423,48,South,Business,Healthcare,2025Q3,113723.76,593.0,,33.83,33.54,154479.99,0.3528,0.1499,0,-0.0101,0.058,-0.0328,-0.0243,0.0,0.0
1424,59,North,Salaried,Healthcare,2025Q3,116843.42,705.0,39.52,67.92,37.08,206624.61,0.4789,0.06254,0,-0.0239,-0.0407,-0.0005,0.01,0.0,-0.0065
1425,46,East,Business,Retail,2025Q3,93090.53,636.0,23.1,46.74,42.53,256901.81,0.5344,0.10558,1,-0.0025,0.013,-0.0347,-0.0036,0.0,0.0
1426,34,North,Business,Manufacturing,2025Q3,67014.78,664.0,55.7,53.4,64.51,89752.7,0.456,0.16163,0,0.0432,-0.025,0.044,0.0062,0.0,0.0
1427,53,East,Business,Retail,2025Q3,126421.61,764.0,17.89,69.6,35.61,239088.26,0.3858,0.02512,0,-0.0062,-0.0589,-0.0137,0.0053,0.0,0.0
1428,54,East,Business,Manufacturing,2025Q3,80302.6,614.0,38.02,51.06,65.01,91720.8,0.39,0.14411,0,-0.0328,0.0407,-0.0048,0.0015,0.0,0.0
1429,51,North,Salaried,Retail,2025Q3,114230.42,723.0,26.02,44.72,53.7,295154.57,0.4504,0.02722,0,-0.0058,-0.0376,-0.0101,-0.0021,0.0,-0.004
1430,52,West,Business,Manufacturing,2025Q3,122094.44,691.0,40.5,36.22,48.75,289037.14,0.4592,0.05897,0,-0.0134,-0.0344,0.0006,-0.0111,0.0071,0.0
1431,41,North,Salaried,Transport,2025Q3,99809.18,647.0,30.04,71.36,77.7,74700.2,0.4512,0.13076,1,0.0125,0.0038,-0.0248,0.027,0.0,-0.0145
1432,34,East,Business,Construction,2025Q3,94037.04,685.0,37.62,40.48,40.82,105909.53,0.3267,0.12176,0,0.0247,-0.0406,-0.0044,-0.0108,0.0,0.0
1433,34,North,Salaried,Healthcare,2025Q3,28675.18,677.0,57.54,46.88,88.71,54010.32,0.3386,0.1538,0,0.0349,-0.0416,0.0392,-0.0048,0.0,-0.0158
1434,26,North,Salaried,Healthcare,2025Q3,40795.83,581.0,27.0,54.31,76.62,71780.71,0.4441,0.25156,0,0.0919,0.1229,-0.0543,0.0101,0.0,-0.0244
1435,47,South,Salaried,IT,2025Q3,83923.99,619.0,26.87,54.22,40.2,83981.03,0.5217,0.11575,0,-0.006,0.0315,-0.0305,0.0052,0.0,-0.0132
1436,43,West,Salaried,Manufacturing,2025Q3,62638.35,589.0,32.95,70.3,84.04,91558.75,0.5216,0.22438,0,0.0102,0.103,-0.0271,0.0423,0.0216,-0.0229
1437,39,North,Salaried,Transport,2025Q3,65524.96,,61.58,46.46,37.84,71490.45,0.3987,0.18422,0,0.0251,0.0151,0.0592,-0.0068,0.0,-0.0196
1438,21,West,Business,Manufacturing,2025Q3,81030.55,751.0,36.56,78.28,85.86,130309.07,0.246,0.13372,0,0.0546,-0.1723,-0.0074,0.0313,0.012,0.0
1439,30,North,Salaried,IT,2025Q3,60040.46,700.0,,42.53,66.66,37169.49,0.5168,0.09277,0,0.0395,-0.074,0.0343,-0.0102,0.0,-0.0138
1440,56,South,Salaried,Construction,2025Q3,64557.63,563.0,35.17,56.16,28.42,126627.52,0.5572,0.23023,0,-0.0521,0.1079,-0.0154,0.0112,0.0,-0.0192
1441,37,South,Salaried,Retail,2025Q3,85341.86,641.0,57.03,43.96,34.09,69405.23,0.4406,0.25259,0,0.0315,0.0145,0.0461,-0.0112,0.0,-0.0188
1442,48,North,Salaried,IT,2025Q3,88568.25,676.0,,94.05,51.9,220806.45,0.384,0.14286,1,-0.0104,-0.0379,0.0105,0.0522,0.0,-0.015
1443,29,West,Salaried,Transport,2025Q3,57718.07,711.0,46.87,40.29,77.36,94692.36,0.3816,0.09098,1,0.035,-0.0811,0.0121,-0.0114,0.0107,-0.0117
1444,60,South,Business,Healthcare,2025Q3,117902.79,616.0,15.03,42.28,56.59,302099.44,0.5139,0.08481,0,-0.0327,0.0207,-0.0403,-0.0063,0.0,0.0
1445,42,East,Business,Construction,2025Q3,90610.85,576.0,12.65,50.52,56.09,182634.82,0.4964,0.17614,0,0.0115,0.0863,-0.091,0.0009,0.0,0.0
1446,47,East,Salaried,IT,2025Q3,102364.5,656.0,55.12,42.13,60.8,301405.15,0.3912,0.11118,0,-0.0061,-0.0072,0.0286,-0.0104,0.0,-0.0133
1447,70,South,Salaried,Transport,2025Q3,101821.74,699.0,54.92,54.92,20.1,303864.45,0.5865,0.04203,1,-0.0456,-0.0326,0.0123,0.0027,0.0,-0.006
1448,61,East,Salaried,Healthcare,2025Q3,114830.7,676.0,76.74,75.04,76.48,274614.66,0.296,0.13684,0,-0.065,-0.0393,0.0701,0.0336,0.0,-0.0156
1449,41,West,Salaried,IT,2025Q3,39274.25,600.0,14.22,51.24,86.79,91794.69,0.3969,0.14754,0,0.0132,0.0553,-0.0755,0.0018,0.0141,-0.0154
1450,37,East,Business,Transport,2025Q3,92665.94,779.0,45.77,52.05,75.79,121129.1,0.336,0.055,0,0.0091,-0.1227,0.0049,0.0011,0.0,0.0
1451,40,East,Business,Construction,2025Q3,79938.49,,21.62,42.96,51.53,255327.33,0.4349,0.09587,1,0.011,-0.0028,-0.0355,-0.0073,0.0,0.0
1452,50,East,Business,Construction,2025Q3,80637.08,673.0,26.15,36.89,42.3,215823.5,0.51,0.06323,0,-0.0082,-0.0156,-0.0173,-0.0093,0.0,0.0
1453,43,East,Business,IT,2025Q3,110653.01,615.0,29.96,50.12,38.36,149046.94,0.506,0.14574,0,0.0071,0.0436,-0.0279,0.0002,0.0,0.0
1454,40,South,Salaried,Healthcare,2025Q3,88103.57,735.0,44.12,48.17,37.34,93453.88,0.4079,0.06595,0,0.0071,-0.0765,0.0043,-0.0012,0.0,-0.0068
1455,60,East,Salaried,Manufacturing,2025Q3,53983.42,699.0,27.38,73.81,100.0,145111.51,0.3042,0.04596,0,-0.0231,-0.0313,-0.0128,0.0114,0.0,-0.0057
1456,43,South,Salaried,IT,2025Q3,87678.92,681.0,38.54,26.9,58.42,162978.6,0.4931,0.08862,0,0.0033,-0.0242,-0.0018,-0.0191,0.0,-0.0077
1457,69,East,Salaried,IT,2025Q3,108894.66,582.0,51.31,80.0,78.09,306580.29,0.3605,0.17868,0,-0.1273,0.0928,0.0333,0.0508,0.0,-0.0196
1458,45,West,Salaried,Retail,2025Q3,63584.71,734.0,56.05,44.77,76.99,180394.22,0.366,0.07279,0,0.0,-0.0874,0.0178,-0.0041,0.0072,-0.008
1459,64,West,Salaried,IT,2025Q3,78664.53,711.0,,51.27,62.85,87652.47,0.4001,0.07162,0,-0.0319,-0.0429,0.0079,0.0007,0.0053,-0.006
1460,48,East,Salaried,Construction,2025Q3,50669.65,,45.23,24.57,41.37,88352.88,0.3353,0.04583,0,-0.0032,-0.0484,0.0037,-0.013,0.0,-0.0047
1461,55,East,Business,Healthcare,2025Q3,94524.43,663.0,35.73,60.36,70.37,281764.29,0.3568,0.09976,0,-0.0253,-0.0122,-0.0071,0.0095,0.0,0.0
1462,36,East,Salaried,IT,2025Q3,65305.22,655.0,28.9,26.87,38.35,166134.96,0.4967,0.08955,0,0.0177,-0.0044,-0.019,-0.0243,0.0,-0.0098
1463,35,North,Business,Construction,2025Q3,96945.94,648.0,46.62,56.21,72.05,85767.81,0.5445,0.19285,0,0.0396,0.0034,0.0197,0.0113,0.0,0.0
1464,49,South,Salaried,Healthcare,2025Q3,85048.85,815.0,21.19,54.07,39.26,233301.57,0.3638,0.01267,0,-0.0015,-0.0621,-0.0059,0.0006,0.0,-0.0016
1465,55,North,Salaried,IT,2025Q3,66521.65,,39.91,40.84,51.28,105117.87,0.2946,0.09399,0,-0.0289,0.0244,-0.0002,-0.0106,0.0,-0.0116
1466,44,North,Business,Construction,2025Q3,94999.74,579.0,20.79,2.56,51.24,193738.18,0.4748,0.08542,1,0.0027,0.0563,-0.0435,-0.0691,0.0,0.0
1467,30,West,Salaried,Healthcare,2025Q3,58527.18,635.0,37.34,95.53,87.98,192698.12,0.3771,0.3194,0,0.0793,0.0331,-0.0112,0.0999,0.0243,-0.0255
1468,29,West,SelfEmployed,Construction,2025Q3,53373.13,624.0,21.14,24.81,11.32,125624.15,0.4654,0.14775,0,0.0586,0.0395,-0.064,-0.0502,0.0175,0.0412
1469,28,South,Salaried,Transport,2025Q3,32688.87,746.0,31.59,54.0,100.0,56593.62,0.4175,0.06581,0,0.0215,-0.0937,-0.0101,0.0026,0.0,-0.007
1470,25,North,Salaried,Healthcare,2025Q3,69846.46,568.0,27.18,31.94,43.88,83030.22,0.3057,0.24291,0,0.091,0.1323,-0.0515,-0.0431,0.0,-0.0234
1471,45,East,Salaried,Construction,2025Q3,84635.15,622.0,25.26,71.06,57.53,130723.42,0.4061,0.12174,0,0.0,0.0334,-0.0397,0.028,0.0,-0.0152
1472,56,South,Business,Manufacturing,2025Q3,111521.84,673.0,36.6,39.65,68.27,127865.39,0.4688,0.07943,0,-0.0208,-0.0166,-0.0041,-0.0077,0.0,0.0
1473,44,East,Salaried,Manufacturing,2025Q3,62591.6,746.0,2.0,31.46,66.55,164848.94,0.3864,0.01285,0,0.0005,-0.0297,-0.0183,-0.0041,0.0,-0.0021
1474,21,West,Business,Transport,2025Q3,73079.44,708.0,9.16,61.09,76.87,198020.58,0.3195,0.0832,0,0.0432,-0.0694,-0.0666,0.0106,0.0096,0.0
1475,42,South,SelfEmployed,Retail,2025Q3,57143.45,770.0,50.86,20.02,72.21,114309.46,0.438,0.04182,0,0.0036,-0.1072,0.0087,-0.0187,0.0,0.0115
1476,42,North,SelfEmployed,Manufacturing,2025Q3,64141.51,684.0,40.36,38.91,100.0,150950.42,0.2824,0.11517,0,0.0081,-0.0431,0.0007,-0.014,0.0,0.0266
1477,67,North,Business,Manufacturing,2025Q3,112007.18,646.0,26.43,63.19,74.63,143540.95,0.4476,0.06035,0,-0.0503,0.0027,-0.0191,0.0092,0.0,0.0
1478,28,North,Salaried,Healthcare,2025Q3,66022.35,718.0,53.58,81.15,57.65,93042.31,0.3606,0.19256,0,0.0527,-0.1243,0.0323,0.0429,0.0,-0.0164
1479,40,South,Business,Construction,2025Q3,57781.28,567.0,27.77,26.83,48.94,186590.58,0.4913,0.15889,0,0.021,0.1063,-0.0412,-0.0473,0.0,0.0
1480,63,North,Salaried,Manufacturing,2025Q3,73764.2,544.0,28.72,34.55,48.42,199561.55,0.4463,0.25282,1,-0.0721,0.0914,-0.0294,-0.0238,0.0,-0.015
1481,49,North,Business,Manufacturing,2025Q3,88622.93,726.0,25.47,55.75,85.86,198128.0,0.4398,0.03522,0,-0.0048,-0.0502,-0.0135,0.0027,0.0,0.0
1482,50,North,Business,IT,2025Q3,113353.34,674.0,68.51,4.06,95.1,307851.59,0.528,0.14148,0,-0.0119,-0.0237,0.0364,-0.0556,0.0,0.0
1483,45,North,Salaried,IT,2025Q3,61964.15,726.0,41.76,77.87,80.08,153192.73,0.4564,0.08789,0,0.0,-0.0811,0.0024,0.0197,0.0,-0.0086
1484,48,East,Salaried,Transport,2025Q3,81830.36,602.0,41.13,26.01,5.0,196291.27,0.4984,0.12885,1,-0.0099,0.0494,0.0026,-0.0364,0.0,-0.0143
1485,53,North,Business,IT,2025Q3,103217.07,747.0,45.46,38.38,15.06,260119.08,0.4402,0.03804,1,-0.0088,-0.0628,0.0037,-0.0052,0.0,0.0
1486,35,West,SelfEmployed,Healthcare,2025Q3,71105.55,706.0,8.36,53.74,59.85,69688.45,0.2706,0.07432,0,0.0182,-0.0581,-0.0601,0.0032,0.0083,0.0193
1487,54,North,Business,Manufacturing,2025Q3,104524.36,658.0,28.5,49.13,56.67,307227.58,0.4311,0.07813,0,-0.0192,-0.0062,-0.0173,-0.0007,0.0,0.0
1488,29,North,Business,IT,2025Q3,52991.5,674.0,45.28,26.8,60.4,67707.33,0.4407,0.1119,0,0.0416,-0.032,0.0112,-0.0339,0.0,0.0
1489,48,North,Salaried,Healthcare,2025Q3,67495.83,684.0,37.93,85.87,85.03,58369.82,0.4598,0.11802,0,-0.0082,-0.0408,-0.004,0.0342,0.0,-0.0119
1490,46,East,Business,Retail,2025Q3,118318.48,602.0,73.29,0.0,84.04,114507.94,0.4375,0.20563,0,-0.0045,0.0716,0.0863,-0.1131,0.0,0.0
1491,37,North,Business,Retail,2025Q3,111485.77,634.0,29.44,23.32,63.5,261582.25,0.4903,0.09454,0,0.0202,0.0162,-0.0226,-0.0357,0.0,0.0
1492,44,South,Business,IT,2025Q3,105872.57,683.0,53.09,33.99,29.52,218765.36,0.3392,0.10542,0,0.0025,-0.0372,0.0209,-0.0184,0.0,0.0
1493,37,North,Salaried,Transport,2025Q3,89207.06,631.0,50.9,27.11,35.42,197641.93,0.5936,0.16412,0,0.0272,0.0255,0.0265,-0.0395,0.0,-0.0164
1494,32,West,Business,Retail,2025Q3,47033.6,560.0,40.29,74.83,61.35,88764.25,0.5037,0.42523,1,0.088,0.2188,0.0014,0.0725,0.0296,0.0
1495,40,North,Business,Construction,2025Q3,70023.47,,43.19,11.52,68.34,133199.88,0.3434,0.06818,0,0.009,-0.0258,0.0042,-0.0382,0.0,0.0
1496,32,South,Business,Transport,2025Q3,74300.17,,33.36,82.26,35.65,174200.71,0.5125,0.1217,0,0.0315,-0.0967,-0.0139,0.0332,0.0,0.0
1497,48,West,Salaried,Healthcare,2025Q3,122781.55,733.0,6.43,41.88,73.21,140160.99,0.3092,0.02876,0,-0.002,-0.0334,-0.0217,-0.0024,0.0026,-0.0029
1498,31,North,Salaried,Transport,2025Q3,58364.49,696.0,43.59,18.06,24.95,52243.28,0.4122,0.07439,1,0.0234,-0.0441,0.0049,-0.0317,0.0,-0.0089
1499,52,North,Salaried,Construction,2025Q3,96308.28,716.0,44.85,1.78,6.74,71609.49,0.4136,0.03536,0,-0.0063,-0.0301,0.0027,-0.0223,0.0,-0.0037
1500,31,East,Salaried,Construction,2025Q3,70810.7,727.0,47.37,43.27,42.5,172157.42,0.3678,0.0955,0,0.0242,-0.0876,0.0101,-0.0061,0.0,-0.0092
1501,38,North,Salaried,Retail,2025Q3,76710.22,665.0,39.01,32.56,87.46,133471.81,0.4125,0.11573,0,0.0154,-0.015,-0.0017,-0.0194,0.0,-0.0107
1502,37,North,Business,Construction,2025Q3,83976.45,516.0,53.53,53.2,90.45,253791.51,0.4795,0.53297,0,0.0559,0.3191,0.0674,0.0096,0.0,0.0
1503,59,South,Salaried,Transport,2025Q3,67599.41,739.0,24.14,38.09,28.1,120200.1,0.3105,0.0169,0,-0.0092,-0.0313,-0.0072,-0.003,0.0,-0.0025
1504,48,North,Business,IT,2025Q3,45679.05,599.0,61.49,69.03,29.63,96707.55,0.4672,0.342,0,-0.0182,0.1052,0.0832,0.0463,0.0,0.0
1505,42,West,Salaried,Construction,2025Q3,96973.16,583.0,,44.87,75.22,142789.94,0.4512,0.17062,0,0.0118,0.0831,-0.0576,-0.0091,0.0167,-0.018
1506,49,East,Salaried,Manufacturing,2025Q3,69103.04,585.0,36.27,38.67,51.19,103237.23,0.6058,0.16989,0,-0.0154,0.0737,-0.0101,-0.0189,0.0,-0.0166
1507,21,East,Business,Transport,2025Q3,36391.96,829.0,48.89,69.41,87.33,56754.78,0.4836,0.04976,0,0.0263,-0.2404,0.0086,0.011,0.0,0.0
1508,44,North,Business,IT,2025Q3,98583.3,690.0,29.76,53.02,74.89,221359.01,0.3548,0.0667,0,0.0019,-0.0363,-0.0153,0.0024,0.0,0.0
1509,66,East,Business,IT,2025Q3,118038.21,589.0,49.98,65.04,78.33,169156.16,0.4376,0.16615,0,-0.1049,0.0808,0.0282,0.0256,0.0,0.0
1510,45,East,Business,IT,2025Q3,105422.06,614.0,32.52,73.27,43.56,120036.4,0.3846,0.15938,0,0.0,0.0546,-0.0245,0.04,0.0,0.0
1511,45,North,Salaried,IT,2025Q3,96682.88,660.0,39.89,41.54,68.88,118206.7,0.4036,0.08399,0,0.0,-0.0097,-0.0002,-0.0089,0.0,-0.0106
1512,50,West,SelfEmployed,IT,2025Q3,72558.25,697.0,35.1,48.84,100.0,179319.07,0.4798,0.07693,0,-0.0123,-0.0529,-0.0085,-0.0012,0.0095,0.022
1513,54,East,Business,IT,2025Q3,83950.33,679.0,28.77,66.56,62.84,118613.29,0.4091,0.07981,0,-0.0189,-0.0246,-0.0167,0.0123,0.0,0.0
1514,22,East,Business,Transport,2025Q3,65163.34,597.0,74.02,0.0,59.1,186770.44,0.4061,0.30274,1,0.1282,0.1177,0.1343,-0.1447,0.0,0.0
1515,25,North,Salaried,Retail,2025Q3,73389.52,682.0,24.56,45.76,51.29,39295.29,0.4647,0.08769,0,0.0395,-0.0358,-0.0308,-0.0046,0.0,-0.0111
1516,46,North,SelfEmployed,Healthcare,2025Q3,47652.5,618.0,2.0,43.05,27.96,70407.14,0.2838,0.10258,0,-0.0026,0.0282,-0.0938,-0.0079,0.0,0.0245
1517,36,East,Salaried,Construction,2025Q3,70807.71,731.0,25.14,56.23,38.02,187519.37,0.3682,0.0688,0,0.0108,-0.0644,-0.0163,0.0035,0.0,-0.0061
1518,58,East,Business,IT,2025Q3,120078.19,664.0,40.1,30.38,42.16,285587.22,0.5322,0.05593,1,-0.0252,-0.0097,0.0001,-0.0154,0.0,0.0
1519,41,South,Salaried,Retail,2025Q3,89035.42,608.0,31.97,72.1,27.11,65883.17,0.5556,0.16244,1,0.0173,0.0637,-0.0269,0.039,0.0,-0.0198
1520,23,North,Business,Retail,2025Q3,84554.11,707.0,54.3,31.77,29.13,97133.37,0.512,0.10622,1,0.0556,-0.089,0.0292,-0.0269,0.0,0.0
1521,30,East,Salaried,Retail,2025Q3,82234.01,686.0,53.71,37.9,11.04,94590.22,0.3164,0.11186,0,0.0401,-0.0511,0.0277,-0.0171,0.0,-0.014
1522,21,North,Salaried,Retail,2025Q3,18000.0,628.0,32.91,33.38,44.35,60766.57,0.3361,0.16583,1,0.0803,0.0334,-0.0221,-0.0317,0.0,-0.0186
1523,41,South,Salaried,Construction,2025Q3,102042.44,,11.08,75.06,73.5,310507.07,0.367,0.07721,0,0.0053,-0.0442,-0.0373,0.0131,0.0,-0.0063
1524,42,East,SelfEmployed,Transport,2025Q3,87847.29,703.0,17.47,2.12,53.67,298877.06,0.41,0.04742,0,0.0031,-0.0296,-0.0214,-0.029,0.0,0.0101
1525,39,North,Salaried,Retail,2025Q3,95223.72,742.0,37.48,87.31,53.76,90450.22,0.3367,0.07087,0,0.0108,-0.107,-0.0036,0.0256,0.0,-0.0087
1526,56,North,Business,Construction,2025Q3,80356.58,708.0,12.97,80.41,75.34,206705.67,0.2728,0.06076,0,-0.015,-0.0363,-0.0294,0.0131,0.0,0.0
1527,57,North,Business,Manufacturing,2025Q3,70831.12,645.0,,35.57,93.78,124988.84,0.5035,0.06464,0,-0.0258,0.0036,-0.0112,-0.0124,0.0,0.0
1528,42,West,Business,Healthcare,2025Q3,121054.8,,60.74,70.59,100.0,289729.48,0.5251,0.49921,0,0.021,0.265,0.1029,0.0616,0.03,0.0
1529,21,South,Business,Healthcare,2025Q3,53322.61,673.0,43.49,50.86,62.89,76061.64,0.3722,0.17716,0,0.083,-0.042,0.0105,0.0016,0.0,0.0
1530,51,East,Salaried,Manufacturing,2025Q3,76404.72,683.0,38.73,84.36,54.36,57648.37,0.4729,0.11617,0,-0.016,-0.0373,-0.0023,0.031,0.0,-0.0112
1531,50,West,SelfEmployed,Construction,2025Q3,98594.18,663.0,21.35,68.91,51.74,80084.51,0.4984,0.12221,0,-0.016,-0.0163,-0.0464,0.0226,0.0124,0.029
1532,47,East,Business,Construction,2025Q3,107311.96,455.0,40.91,96.25,71.82,191457.32,0.3054,0.72781,0,-0.0122,0.4782,0.004,0.1317,0.0,0.0
1533,55,South,SelfEmployed,Retail,2025Q3,113011.49,706.0,33.86,13.63,56.87,348348.6,0.4594,0.04622,0,-0.0131,-0.0337,-0.0053,-0.0219,0.0,0.0108
1534,31,South,Salaried,IT,2025Q3,68020.95,598.0,41.82,52.21,56.95,50126.86,0.4408,0.29329,1,0.0682,0.0947,0.007,0.0051,0.0,-0.0238
1535,66,South,Salaried,Construction,2025Q3,76522.43,707.0,49.63,10.07,58.27,164979.15,0.2065,0.01987,0,-0.0208,-0.0227,0.0047,-0.0161,0.0,-0.0034
1536,33,East,Business,Retail,2025Q3,93519.39,776.0,52.37,36.59,41.16,82321.81,0.4649,0.03844,0,0.0141,-0.1269,0.0108,-0.0085,0.0,0.0
1537,52,West,Salaried,Manufacturing,2025Q3,95906.01,643.0,40.06,97.49,13.36,56415.97,0.4363,0.14211,0,-0.0311,0.0112,0.0002,0.0705,0.0172,-0.0186
1538,25,East,Salaried,Transport,2025Q3,25929.37,690.0,46.19,58.3,46.62,59578.37,0.2858,0.14141,0,0.0588,-0.0654,0.0152,0.0123,0.0,-0.016
1539,34,South,Salaried,Retail,2025Q3,92236.33,662.0,,69.66,89.15,153929.15,0.4551,0.10538,0,0.032,-0.0161,-0.0255,0.0252,0.0,-0.0146
1540,61,South,Salaried,IT,2025Q3,46232.64,696.0,56.12,59.31,88.21,105169.9,0.4259,0.08575,0,-0.0353,-0.0409,0.0182,0.0069,0.0,-0.0082
1541,41,West,SelfEmployed,Healthcare,2025Q3,99619.48,667.0,23.81,57.91,78.8,133880.42,0.4648,0.13357,0,0.0128,-0.0238,-0.0432,0.0109,0.0136,0.0319
1542,53,North,Business,Manufacturing,2025Q3,87386.02,625.0,34.68,36.51,50.13,75607.32,0.2815,0.1134,0,-0.0226,0.0227,-0.0102,-0.0159,0.0,0.0
1543,47,East,SelfEmployed,Transport,2025Q3,99099.17,598.0,57.79,32.41,44.19,215137.29,0.4217,0.25391,0,-0.0112,0.0976,0.0644,-0.0437,0.0,0.0551
1544,43,North,Business,Construction,2025Q3,98983.5,768.0,30.29,35.92,92.49,221610.69,0.3077,0.03209,0,0.0015,-0.067,-0.0058,-0.0049,0.0,0.0
1545,59,East,Business,IT,2025Q3,103531.79,690.0,16.55,0.0,38.34,314171.18,0.4005,0.01471,0,-0.0097,-0.0111,-0.012,-0.0165,0.0,0.0
1546,41,East,Salaried,Construction,2025Q3,81119.56,716.0,31.43,46.2,60.79,191878.95,0.2685,0.05167,0,0.0053,-0.0499,-0.0091,-0.0023,0.0,-0.0063
1547,24,South,Salaried,Transport,2025Q3,56143.92,687.0,60.27,53.28,93.79,20000.0,0.3252,0.2052,0,0.075,-0.0708,0.055,0.006,0.0,-0.0192
1548,35,North,Salaried,Retail,2025Q3,80451.11,726.0,2.0,34.38,62.48,244258.59,0.5241,0.03023,0,0.0065,-0.0335,-0.0293,-0.0054,0.0,-0.0034
1549,50,East,Salaried,Transport,2025Q3,120434.89,599.0,39.64,45.13,54.13,245532.32,0.5383,0.14532,0,-0.019,0.0594,-0.0009,-0.0077,0.0,-0.0162
1550,48,South,Salaried,Healthcare,2025Q3,55157.7,666.0,27.86,59.55,83.2,37860.94,0.4996,0.05918,0,-0.0063,-0.0138,-0.0195,0.0079,0.0,-0.0092
1551,27,South,Business,Healthcare,2025Q3,18013.37,694.0,35.32,67.47,61.44,61556.72,0.5298,0.16357,0,0.0505,-0.069,-0.0117,0.0234,0.0,0.0
1552,36,South,Salaried,IT,2025Q3,61017.86,748.0,32.42,21.65,63.92,156131.23,0.2436,0.03052,0,0.0071,-0.0576,-0.0051,-0.0126,0.0,-0.004
1553,38,South,Salaried,Retail,2025Q3,61587.53,842.0,53.37,30.51,90.29,192891.25,0.3558,0.01786,0,0.0033,-0.1181,0.0044,-0.0048,0.0,-0.0024
1554,40,East,Salaried,Transport,2025Q3,65303.77,688.0,38.86,64.57,9.1,139547.17,0.4337,0.14228,0,0.0119,-0.0444,-0.0021,0.0147,0.0,-0.0113
1555,29,North,Salaried,Healthcare,2025Q3,45524.1,615.0,54.17,60.96,67.18,107216.52,0.4088,0.30902,0,0.0861,0.0751,0.0566,0.0272,0.0,-0.026
1556,37,South,Salaried,Construction,2025Q3,85103.82,579.0,58.55,77.58,44.67,222596.22,0.3035,0.38783,0,0.0529,0.1686,0.0859,0.0771,0.0,-0.0293
1557,36,West,SelfEmployed,Retail,2025Q3,51636.07,598.0,38.48,76.66,55.86,80489.1,0.5164,0.3727,0,0.0585,0.1261,-0.0073,0.0736,0.0284,0.0692
1558,52,North,Salaried,Healthcare,2025Q3,91013.95,607.0,32.25,100.0,62.26,84833.42,0.492,0.22585,0,-0.0339,0.0669,-0.0265,0.0814,0.0,-0.0203
1559,53,South,Salaried,Retail,2025Q3,95292.38,463.0,44.03,41.56,46.49,171575.58,0.4433,0.40001,0,-0.0556,0.346,0.0197,-0.025,0.0,-0.0297
1560,42,East,Business,Manufacturing,2025Q3,94596.39,614.0,47.12,82.73,64.57,116637.38,0.5077,0.30096,0,0.0167,0.0729,0.0279,0.0724,0.0,0.0
1561,40,West,SelfEmployed,Transport,2025Q3,88868.58,709.0,19.55,27.76,67.71,125919.1,0.4168,0.0747,0,0.0077,-0.0504,-0.0285,-0.0175,0.0066,0.0153
1562,46,East,Business,Retail,2025Q3,109586.81,665.0,41.78,100.0,64.07,293376.61,0.473,0.17898,0,-0.0042,-0.0258,0.0052,0.0729,0.0,0.0
1563,35,East,Business,Transport,2025Q3,83564.18,642.0,33.94,58.0,62.23,115878.51,0.3571,0.19319,0,0.0354,0.0119,-0.0175,0.0129,0.0,0.0
1564,31,North,Business,Retail,2025Q3,72763.06,550.0,31.27,59.92,57.65,188103.28,0.4816,0.37146,0,0.0865,0.2083,-0.0417,0.0274,0.0,0.0
1565,34,South,Business,Construction,2025Q3,90454.67,731.0,26.94,69.78,58.04,71377.08,0.4191,0.06413,0,0.018,-0.087,-0.0195,0.0143,0.0,0.0
1566,37,West,Salaried,Healthcare,2025Q3,80206.59,695.0,27.99,18.18,61.59,154309.27,0.3932,0.04138,0,0.0106,-0.0322,-0.0139,-0.0236,0.0059,-0.0066
1567,31,West,SelfEmployed,Manufacturing,2025Q3,88014.26,659.0,58.09,24.36,41.15,199808.4,0.2104,0.24354,1,0.063,-0.0182,0.0587,-0.0596,0.0209,0.0495
1568,46,East,Business,Transport,2025Q3,61676.93,510.0,32.18,50.54,85.4,181203.51,0.4902,0.36944,1,-0.0065,0.2507,-0.0367,0.0015,0.0,0.0
1569,52,South,Business,Construction,2025Q3,94596.43,627.0,56.3,55.61,58.18,44422.18,0.4547,0.21031,0,-0.0311,0.0348,0.0437,0.0098,0.0,0.0
1570,27,South,Business,IT,2025Q3,56223.37,689.0,40.1,93.82,51.93,170424.68,0.3382,0.23364,1,0.0706,-0.079,0.0003,0.0731,0.0,0.0
1571,44,North,Salaried,Construction,2025Q3,85797.37,658.0,19.88,27.12,67.92,226713.45,0.4705,0.08055,0,0.0015,-0.0049,-0.0259,-0.0167,0.0,-0.0068
1572,42,West,Business,Transport,2025Q3,101980.77,673.0,41.05,81.88,57.71,99496.54,0.439,0.15446,1,0.0115,-0.0385,0.0029,0.0471,0.0162,0.0
1573,48,East,Salaried,IT,2025Q3,74360.57,,18.99,42.16,84.85,40542.7,0.4403,0.03801,0,-0.003,-0.0291,-0.0177,-0.0034,0.0,-0.0044
1574,44,South,Salaried,Healthcare,2025Q3,62573.18,671.0,47.71,41.85,77.89,91936.85,0.39,0.08783,0,0.0025,-0.0225,0.0128,-0.009,0.0,-0.0112
1575,28,North,Salaried,Retail,2025Q3,72045.34,704.0,34.68,44.4,61.86,64363.88,0.2719,0.10027,0,0.0308,-0.0597,-0.0088,-0.0054,0.0,-0.0099
1576,30,South,Business,Manufacturing,2025Q3,75701.64,603.0,51.68,41.28,78.78,117833.6,0.309,0.25906,0,0.0789,0.0947,0.0459,-0.0221,0.0,0.0
1577,44,North,Salaried,Manufacturing,2025Q3,101376.4,577.0,60.94,58.7,64.71,211103.68,0.508,0.36556,1,0.0061,0.1487,0.085,0.0226,0.0,-0.027
1578,55,East,Business,Construction,2025Q3,132513.15,692.0,10.23,39.31,36.92,158225.07,0.3253,0.02797,0,-0.0099,-0.0178,-0.0244,-0.0042,0.0,0.0
1579,21,East,Business,Healthcare,2025Q3,88012.8,706.0,30.62,16.97,77.8,229453.38,0.3441,0.08786,0,0.0363,-0.0571,-0.0145,-0.0335,0.0,0.0
1580,48,North,Salaried,Retail,2025Q3,83487.83,695.0,18.65,42.11,21.99,161384.15,0.4789,0.04957,0,-0.0034,-0.0241,-0.0202,-0.0038,0.0,-0.0049
1581,57,East,Salaried,IT,2025Q3,120260.35,669.0,72.53,58.05,5.0,202117.58,0.2499,0.10456,0,-0.0439,-0.0261,0.0592,0.0108,0.0,-0.0145
1582,42,West,SelfEmployed,IT,2025Q3,86232.97,638.0,30.96,17.15,73.96,234889.09,0.3032,0.10607,0,0.0093,0.0143,-0.022,-0.0518,0.0131,0.0306
1583,50,North,Salaried,Transport,2025Q3,72474.51,,16.96,60.8,68.87,148292.27,0.4822,0.05936,0,-0.008,-0.016,-0.0305,0.0066,0.0,-0.0068
1584,36,South,Salaried,Retail,2025Q3,56343.87,686.0,73.85,73.97,67.54,62148.83,0.4216,0.22684,0,0.0406,-0.0759,0.0957,0.0458,0.0,-0.0215
1585,43,South,SelfEmployed,Retail,2025Q3,70136.97,690.0,26.38,80.56,87.79,70537.2,0.254,0.12002,0,0.006,-0.0568,-0.0331,0.0351,0.0,0.0294
1586,26,North,Business,Retail,2025Q3,74385.34,837.0,12.05,55.43,59.51,150117.98,0.3269,0.01705,0,0.0076,-0.1102,-0.0134,0.0011,0.0,0.0
1587,21,East,Business,Retail,2025Q3,78335.56,597.0,19.47,8.3,52.43,206159.58,0.4601,0.1468,0,0.0742,0.0664,-0.0651,-0.0815,0.0,0.0
1588,54,East,Business,Transport,2025Q3,74227.18,850.0,40.29,62.25,75.93,168366.68,0.2693,0.01493,0,-0.004,-0.1001,0.0001,0.0019,0.0,0.0
1589,33,North,Business,Transport,2025Q3,72719.33,,38.73,69.28,45.72,205472.91,0.3381,0.31938,1,0.0731,0.1617,-0.0059,0.0513,0.0,0.0
1590,39,North,Business,IT,2025Q3,90031.32,686.0,24.62,32.68,55.24,225865.65,0.2798,0.06739,0,0.0093,-0.028,-0.0209,-0.0135,0.0,0.0
1591,29,West,Business,Retail,2025Q3,88785.27,579.0,30.24,46.4,65.05,159383.54,0.5201,0.28034,0,0.0854,0.1365,-0.0426,-0.0092,0.0247,0.0
1592,28,South,Salaried,Retail,2025Q3,60833.39,,38.85,58.64,66.65,70737.77,0.5001,0.12671,0,0.0467,-0.0451,-0.0027,0.0117,0.0,-0.0147
1593,42,East,Salaried,Transport,2025Q3,78301.15,727.0,59.18,87.32,53.34,236231.85,0.4609,0.14397,0,0.0085,-0.1206,0.0347,0.0396,0.0,-0.0132
1594,36,East,Salaried,IT,2025Q3,46206.6,662.0,,42.37,50.19,71908.58,0.5219,0.14147,0,0.0245,-0.0148,0.0069,-0.0101,0.0,-0.0134
1595,48,East,Business,IT,2025Q3,77887.84,726.0,28.99,67.61,37.6,66923.32,0.5033,0.04486,0,-0.0044,-0.0616,-0.0122,0.0097,0.0,0.0
1596,49,East,Business,Transport,2025Q3,94104.49,631.0,,54.96,44.26,278239.45,0.3129,0.11268,0,-0.0131,0.0218,-0.0133,0.0066,0.0,0.0
1597,48,East,Business,Manufacturing,2025Q3,103489.92,,50.32,52.39,96.38,115447.54,0.5528,0.44031,0,-0.0204,0.2642,0.0487,0.0069,0.0,0.0
1598,47,East,Salaried,Transport,2025Q3,82563.46,703.0,64.88,77.27,54.69,68985.68,0.4179,0.10506,0,-0.0065,-0.0821,0.0473,0.0332,0.0,-0.0144
1599,61,South,SelfEmployed,Retail,2025Q3,83721.16,662.0,20.33,29.71,63.79,74085.9,0.5753,0.06881,0,-0.0279,-0.0071,-0.0239,-0.0138,0.0,0.0134
1600,32,South,Salaried,Manufacturing,2025Q3,60641.88,627.0,55.83,53.07,30.17,80394.77,0.7064,0.25441,1,0.0619,0.0444,0.0546,0.0068,0.0,-0.0232
1601,43,South,Salaried,Transport,2025Q3,102013.09,632.0,33.0,48.6,100.0,116804.18,0.4181,0.11136,0,0.0059,0.0197,-0.0158,-0.0018,0.0,-0.0135
1602,56,South,Business,Retail,2025Q3,111296.65,688.0,12.01,14.85,42.77,243873.69,0.3898,0.02519,0,-0.0088,-0.0126,-0.0181,-0.0127,0.0,0.0
1603,58,North,Business,IT,2025Q3,100374.41,605.0,8.84,75.12,36.5,108774.13,0.4126,0.13059,0,-0.0395,0.0383,-0.0746,0.0252,0.0,0.0
1604,28,South,Business,Construction,2025Q3,57834.94,686.0,59.35,66.24,58.78,129887.96,0.4207,0.15819,0,0.0699,-0.0745,0.0584,0.0312,0.0,0.0
1605,41,South,Salaried,Retail,2025Q3,60159.32,741.0,,48.75,42.15,113023.66,0.4142,0.08594,0,0.0072,-0.1029,0.0239,-0.001,0.0,-0.0085
1606,59,North,SelfEmployed,Healthcare,2025Q3,97318.63,800.0,28.89,42.25,67.3,190030.89,0.586,0.02205,0,-0.0083,-0.0686,-0.0043,-0.0017,0.0,0.0046
1607,50,North,Business,Manufacturing,2025Q3,101067.05,756.0,34.61,48.0,29.77,250714.03,0.4019,0.0309,0,-0.0047,-0.0651,-0.0036,-0.0008,0.0,0.0
1608,46,East,Business,Healthcare,2025Q3,102680.14,671.0,9.48,63.56,82.74,69651.61,0.3858,0.06479,0,-0.0017,-0.0157,-0.0489,0.0093,0.0,0.0
1609,42,East,Salaried,Construction,2025Q3,80883.74,678.0,50.19,49.16,78.8,109542.89,0.4187,0.11148,0,0.0079,-0.0337,0.0183,-0.001,0.0,-0.0122
1610,40,East,Business,IT,2025Q3,80435.75,633.0,37.55,33.31,57.63,184957.58,0.3675,0.14928,0,0.0154,0.0202,-0.0058,-0.0249,0.0,0.0
1611,47,East,Business,Transport,2025Q3,84200.11,628.0,13.16,36.62,26.89,123607.41,0.301,0.06961,0,-0.0042,0.0158,-0.0487,-0.0124,0.0,0.0
1612,41,West,Business,Transport,2025Q3,124845.8,719.0,41.28,47.73,43.75,109214.6,0.3915,0.07718,0,0.0076,-0.0745,0.0018,-0.002,0.0081,0.0
1613,44,East,Business,Retail,2025Q3,80683.59,639.0,15.77,27.48,61.25,148293.09,0.618,0.07084,0,0.0018,0.0077,-0.0399,-0.0203,0.0,0.0
1614,45,North,Business,Retail,2025Q3,68349.33,685.0,46.92,55.33,35.79,72679.15,0.4863,0.11811,0,0.0,-0.0424,0.0124,0.0059,0.0,0.0
1615,37,West,Salaried,Healthcare,2025Q3,39903.09,595.0,20.68,30.55,39.04,104744.05,0.4084,0.22111,0,0.0263,0.0618,-0.0559,-0.0321,0.0146,-0.0159
1616,50,North,Business,Construction,2025Q3,89742.6,753.0,43.39,27.0,80.99,83859.32,0.4195,0.02756,0,-0.0045,-0.0599,0.002,-0.0096,0.0,0.0
1617,75,East,Business,Healthcare,2025Q3,135519.71,638.0,,100.0,63.1,127096.18,0.6328,0.09172,0,-0.0969,0.0103,-0.0227,0.0387,0.0,0.0
1618,24,East,Business,Healthcare,2025Q3,62332.94,,2.0,90.68,62.47,129945.56,0.414,0.06328,0,0.0306,-0.0914,-0.0702,0.0265,0.0,0.0
1619,48,South,Salaried,Construction,2025Q3,105895.26,612.0,53.94,51.17,70.55,98438.47,0.3696,0.17783,0,-0.0133,0.0565,0.0394,0.0022,0.0,-0.0192
1620,36,East,Salaried,Construction,2025Q3,68368.93,609.0,54.81,66.72,56.72,193464.29,0.4473,0.25658,1,0.0496,0.0846,0.0577,0.04,0.0,-0.0256
1621,50,South,Salaried,Transport,2025Q3,101072.05,750.0,29.65,70.46,58.81,114617.45,0.4439,0.02801,0,-0.0053,-0.0658,-0.008,0.0077,0.0,-0.0045
1622,45,North,Business,Healthcare,2025Q3,77961.02,617.0,42.39,46.34,69.12,153470.87,0.4724,0.20259,1,0.0,0.0454,0.0066,-0.0063,0.0,0.0
1623,52,North,Salaried,Transport,2025Q3,69540.1,553.0,45.01,54.22,76.18,185380.91,0.5777,0.27209,0,-0.0394,0.1519,0.0188,0.0096,0.0,-0.0237
1624,57,North,Salaried,IT,2025Q3,89038.82,589.0,45.53,42.23,69.96,67201.62,0.4568,0.15434,0,-0.0486,0.0681,0.0137,-0.0124,0.0,-0.0161
1625,46,North,Business,Transport,2025Q3,101185.98,718.0,65.61,75.62,89.21,364367.88,0.2163,0.11268,0,-0.0032,-0.1096,0.0476,0.0309,0.0,0.0
1626,56,East,Business,IT,2025Q3,98278.77,712.0,44.67,75.93,60.49,237132.5,0.4435,0.0725,0,-0.0239,-0.0621,0.0061,0.0186,0.0,0.0
1627,21,South,Salaried,Healthcare,2025Q3,60264.38,608.0,32.28,82.36,33.06,111141.42,0.4745,0.28695,0,0.1294,0.0934,-0.0351,0.0798,0.0,-0.0271
1628,61,South,Salaried,Transport,2025Q3,101592.75,617.0,44.85,53.85,81.77,193715.02,0.4661,0.11746,0,-0.0551,0.0329,0.0097,0.0047,0.0,-0.0131
1629,48,East,Business,Transport,2025Q3,68730.9,706.0,31.12,95.69,55.1,103465.88,0.34,0.09804,0,-0.0073,-0.0665,-0.0161,0.037,0.0,0.0
1630,56,North,Salaried,Manufacturing,2025Q3,80363.13,749.0,,46.32,44.63,108745.79,0.5523,0.01817,0,-0.007,-0.0372,-0.009,-0.0009,0.0,-0.0025
1631,31,North,Salaried,Transport,2025Q3,54663.71,655.0,57.52,93.03,74.25,100561.32,0.3388,0.26846,0,0.0748,-0.0116,0.0675,0.0954,0.0,-0.0256
1632,35,East,Salaried,Retail,2025Q3,59137.8,698.0,46.55,37.81,67.42,107329.58,0.3322,0.08152,0,0.0201,-0.0528,0.01,-0.0125,0.0,-0.0102
1633,46,West,SelfEmployed,Construction,2025Q3,92823.8,719.0,8.21,19.46,34.43,239333.89,0.385,0.04021,0,-0.001,-0.0368,-0.029,-0.0147,0.0038,0.0088
1634,44,South,Salaried,Transport,2025Q3,66613.79,,27.06,92.61,73.41,166016.25,0.479,0.0302,0,0.0008,-0.114,-0.0083,0.0115,0.0,-0.0036
1635,47,North,Business,Retail,2025Q3,57308.6,,50.12,62.53,97.49,120778.47,0.5612,0.23443,1,-0.0117,0.1296,0.0399,0.03,0.0,0.0
1636,56,East,Salaried,Manufacturing,2025Q3,82242.66,615.0,12.98,59.42,66.47,61795.77,0.491,0.09194,0,-0.0263,0.0246,-0.0508,0.0081,0.0,-0.0095
1637,25,West,Salaried,Transport,2025Q3,39440.69,626.0,25.95,40.07,54.88,43808.3,0.5074,0.19335,0,0.0681,0.0355,-0.045,-0.0182,0.0169,-0.0183
1638,55,South,Business,Retail,2025Q3,109533.98,716.0,80.58,29.41,26.61,359159.38,0.3002,0.08645,0,-0.0242,-0.0752,0.0448,-0.021,0.0,0.0
1639,44,North,Salaried,Healthcare,2025Q3,90202.55,643.0,32.7,31.49,100.0,75907.81,0.294,0.11538,0,0.0022,0.006,-0.0125,-0.0196,0.0,-0.0102
1640,42,North,Salaried,Healthcare,2025Q3,34753.08,681.0,55.32,51.05,49.66,77387.5,0.3869,0.11881,0,0.0085,-0.0405,0.0284,0.0013,0.0,-0.0131
1641,28,East,Salaried,Construction,2025Q3,47363.82,668.0,62.01,44.7,31.84,66035.82,0.4921,0.20786,0,0.0643,-0.033,0.0602,-0.0102,0.0,-0.0196
1642,50,West,Business,Manufacturing,2025Q3,102460.71,660.0,23.46,5.31,62.22,268322.83,0.4969,0.05403,0,-0.0071,-0.0055,-0.0182,-0.0325,0.0054,0.0
1643,21,East,Business,IT,2025Q3,44640.25,667.0,42.26,85.26,80.16,60281.29,0.352,0.3018,0,0.111,-0.0384,0.0088,0.0749,0.0,0.0
1644,51,South,Salaried,Healthcare,2025Q3,96087.9,730.0,70.94,38.77,84.72,99454.87,0.3213,0.06452,0,-0.0113,-0.0806,0.0298,-0.0089,0.0,-0.0079
1645,28,East,Salaried,Healthcare,2025Q3,80187.7,594.0,45.35,75.25,46.56,70088.51,0.5406,0.33535,0,0.1013,0.1274,0.0243,0.0667,0.0,-0.0281
1646,45,East,Salaried,IT,2025Q3,73683.72,650.0,75.85,32.48,58.03,223389.02,0.4427,0.19971,0,0.0,0.0,0.0804,-0.0322,0.0,-0.0179
1647,43,South,Business,Construction,2025Q3,75869.59,577.0,27.81,51.41,60.01,152768.78,0.2873,0.24012,1,0.0092,0.1041,-0.0435,0.0028,0.0,0.0
1648,57,East,Salaried,Retail,2025Q3,45809.78,675.0,66.75,69.39,79.53,43095.49,0.3288,0.15659,1,-0.0426,-0.0341,0.049,0.0239,0.0,-0.0141
1649,42,South,SelfEmployed,IT,2025Q3,96552.46,647.0,38.27,66.36,71.86,109900.7,0.4674,0.21476,0,0.0132,0.0053,-0.0056,0.0299,0.0,0.0442
1650,36,South,Business,Healthcare,2025Q3,119545.67,733.0,32.76,42.1,65.41,304141.03,0.3035,0.04119,0,0.0117,-0.0713,-0.008,-0.0051,0.0,0.0
1651,38,East,Business,Healthcare,2025Q3,117621.72,660.0,48.24,59.2,78.3,119124.33,0.3453,0.17375,0,0.0258,-0.0161,0.022,0.015,0.0,0.0
1652,58,South,Business,Healthcare,2025Q3,99790.48,630.0,36.22,62.87,32.76,181508.93,0.3587,0.11825,0,-0.0433,0.021,-0.0081,0.0151,0.0,0.0
1653,50,West,Business,IT,2025Q3,76431.84,643.0,36.65,44.75,68.42,93048.18,0.4999,0.14164,1,-0.0152,0.0077,-0.0071,-0.0067,0.0118,0.0
1654,40,South,Salaried,Retail,2025Q3,87177.24,777.0,45.76,23.5,64.43,160328.0,0.3823,0.03425,0,0.0036,-0.0775,0.003,-0.0102,0.0,-0.0035
1655,41,South,SelfEmployed,Healthcare,2025Q3,78716.36,553.0,9.08,34.26,59.0,205671.9,0.5956,0.23722,0,0.0185,0.1304,-0.1229,-0.0339,0.0,0.0468
1656,27,South,SelfEmployed,Construction,2025Q3,77006.37,617.0,25.22,39.66,55.01,54972.21,0.4047,0.17139,1,0.0774,0.0582,-0.0566,-0.0228,0.0,0.049
1657,48,East,Salaried,Retail,2025Q3,84749.53,662.0,49.56,48.57,62.68,106418.8,0.4064,0.09445,0,-0.0084,-0.0134,0.0171,-0.0017,0.0,-0.0121
1658,25,South,Business,Transport,2025Q3,75274.06,617.0,53.86,83.03,48.6,212352.59,0.4658,0.39675,1,0.1263,0.0844,0.0652,0.0917,0.0,0.0
1659,52,East,Salaried,IT,2025Q3,101413.25,693.0,,67.96,100.0,227787.34,0.3625,0.07512,0,-0.0156,-0.0422,0.0053,0.0144,0.0,-0.0092
1660,45,South,Business,Transport,2025Q3,110782.03,656.0,42.41,30.05,87.18,318142.59,0.2975,0.10182,0,0.0,-0.0061,0.0042,-0.0235,0.0,0.0
1661,70,South,Business,Healthcare,2025Q3,104691.62,677.0,44.44,88.4,81.86,84436.46,0.3898,0.10612,0,-0.0714,-0.0257,0.0065,0.0291,0.0,0.0
1662,32,East,SelfEmployed,IT,2025Q3,56283.98,668.0,53.32,46.27,49.41,189163.55,0.3613,0.24562,0,0.0562,-0.0359,0.0424,-0.0078,0.0,0.0473
1663,43,North,Salaried,IT,2025Q3,29815.91,653.0,15.18,62.79,40.86,64808.65,0.4163,0.07207,0,0.0042,-0.0026,-0.0469,0.0111,0.0,-0.0097
1664,64,East,Business,Transport,2025Q3,102469.1,572.0,29.85,27.34,55.76,105837.38,0.4069,0.09552,0,-0.0635,0.0598,-0.0214,-0.0294,0.0,0.0
1665,57,South,Business,Transport,2025Q3,82720.15,,36.81,38.05,62.28,148091.74,0.4559,0.05212,0,-0.0223,-0.0154,-0.0038,-0.0087,0.0,0.0
1666,36,South,Salaried,Retail,2025Q3,76045.54,540.0,41.13,70.83,31.03,114750.29,0.4378,0.41181,1,0.0597,0.2412,0.0055,0.0592,0.0,-0.0294
1667,46,East,Business,IT,2025Q3,86454.4,614.0,4.25,28.66,69.6,231693.25,0.3108,0.08256,0,-0.0019,0.0224,-0.0651,-0.0192,0.0,0.0
1668,44,East,Business,Construction,2025Q3,86606.28,693.0,17.88,49.21,81.64,204631.57,0.3626,0.06456,1,0.0014,-0.0303,-0.028,-0.0005,0.0,0.0
1669,47,East,Business,Manufacturing,2025Q3,108015.39,741.0,37.73,58.36,15.29,263375.34,0.2995,0.04654,0,-0.0027,-0.0748,-0.0022,0.0045,0.0,0.0
1670,36,South,SelfEmployed,Transport,2025Q3,83650.58,820.0,54.21,25.5,41.99,254564.95,0.5217,0.03615,0,0.0079,-0.1602,0.0087,-0.0118,0.0,0.0092
1671,43,South,Salaried,Transport,2025Q3,72699.58,631.0,31.3,8.89,84.56,87784.89,0.4378,0.10239,0,0.0039,0.0137,-0.0134,-0.0436,0.0,-0.0091
1672,26,East,Salaried,Retail,2025Q3,89855.66,601.0,27.33,67.96,67.48,53299.62,0.498,0.21347,0,0.0894,0.0904,-0.0518,0.0395,0.0,-0.0238
1673,45,East,Salaried,Transport,2025Q3,89886.68,696.0,46.46,100.0,42.67,171829.8,0.4037,0.15034,0,0.0,-0.0711,0.0145,0.0566,0.0,-0.0147
1674,49,East,Salaried,Construction,2025Q3,72714.5,787.0,32.75,58.1,74.71,224168.74,0.5263,0.02555,0,-0.0027,-0.0738,-0.0035,0.0021,0.0,-0.0029
1675,41,East,Salaried,Transport,2025Q3,66317.44,764.0,52.09,62.32,48.12,158850.87,0.2867,0.05337,0,0.0056,-0.1163,0.0115,0.0073,0.0,-0.0067
1676,26,East,Business,Transport,2025Q3,88690.83,590.0,34.46,28.55,55.28,54024.09,0.3852,0.24425,0,0.0849,0.1013,-0.0211,-0.0506,0.0,0.0
1677,55,North,Salaried,Retail,2025Q3,89251.22,650.0,20.16,80.33,37.22,293285.64,0.5165,0.09053,0,-0.0243,0.0,-0.0362,0.0242,0.0,-0.0098
1678,48,East,Business,Retail,2025Q3,74119.13,718.0,60.73,39.71,60.34,145780.53,0.3623,0.07284,0,-0.0061,-0.0724,0.0246,-0.0092,0.0,0.0
1679,36,North,Salaried,Retail,2025Q3,84604.83,723.0,57.8,73.6,80.36,149564.02,0.3421,0.10943,0,0.0244,-0.1141,0.0331,0.0271,0.0,-0.0134
1680,41,South,Salaried,Retail,2025Q3,95630.18,700.0,22.71,61.36,50.45,173537.77,0.3651,0.0549,0,0.0062,-0.0408,-0.0234,0.0075,0.0,-0.0074
1681,27,East,Business,Retail,2025Q3,96665.0,629.0,44.33,61.9,72.91,177058.86,0.5894,0.3429,0,0.0878,0.0432,0.0168,0.0273,0.0,0.0
1682,33,South,Business,Manufacturing,2025Q3,108569.48,700.0,32.77,61.05,59.0,314002.36,0.5736,0.0949,0,0.0269,-0.0625,-0.014,0.0115,0.0,0.0
1683,38,South,Salaried,Construction,2025Q3,107545.57,723.0,47.91,60.35,81.58,172557.46,0.4347,0.0864,0,0.0138,-0.0856,0.0113,0.009,0.0,-0.0097
1684,58,West,SelfEmployed,IT,2025Q3,127439.26,597.0,23.99,54.23,50.74,280923.56,0.4618,0.19169,0,-0.0578,0.0677,-0.0502,0.0071,0.0163,0.0384
1685,37,East,Business,Healthcare,2025Q3,90531.91,750.0,51.95,69.32,91.1,108456.97,0.4552,0.08369,0,0.0162,-0.1352,0.0171,0.0167,0.0,0.0
1686,51,South,Salaried,Transport,2025Q3,78248.3,727.0,,32.03,73.63,112807.38,0.4319,0.04965,0,-0.0085,-0.0587,0.0138,-0.0112,0.0,-0.0059
1687,38,West,Business,IT,2025Q3,52367.17,610.0,22.84,42.75,64.88,155638.63,0.4556,0.17745,0,0.0252,0.052,-0.0528,-0.0123,0.0158,0.0
1688,47,South,Salaried,Transport,2025Q3,78595.62,723.0,39.08,80.3,65.61,220979.56,0.3659,0.06086,0,-0.0037,-0.074,-0.0012,0.0203,0.0,-0.0082
1689,42,East,Salaried,Retail,2025Q3,83244.45,715.0,57.46,51.8,50.7,255376.49,0.3555,0.0687,0,0.0066,-0.0772,0.0245,0.0017,0.0,-0.0102
1690,54,North,Business,Healthcare,2025Q3,100483.95,718.0,21.98,40.83,49.41,88635.86,0.4434,0.02787,0,-0.0087,-0.033,-0.0131,-0.0036,0.0,0.0
1691,38,North,Salaried,Healthcare,2025Q3,36312.02,767.0,27.3,70.77,65.24,83081.34,0.3977,0.05444,0,0.007,-0.0921,-0.0111,0.0086,0.0,-0.0049
1692,27,South,Business,Healthcare,2025Q3,70240.82,659.0,48.59,66.42,36.03,124039.57,0.5418,0.2176,1,0.0787,-0.0183,0.0295,0.0336,0.0,0.0
1693,29,North,Business,Transport,2025Q3,88815.98,683.0,35.43,19.4,47.97,70712.79,0.3952,0.09112,0,0.0303,-0.0342,-0.0077,-0.0347,0.0,0.0
1694,38,South,Salaried,Healthcare,2025Q3,51833.53,481.0,12.8,64.06,41.25,77033.47,0.4126,0.34775,0,0.0462,0.3082,-0.1347,0.0399,0.0,-0.0292
1695,30,North,Business,Transport,2025Q3,81082.44,736.0,32.88,51.02,71.44,141944.04,0.2805,0.08591,0,0.0225,-0.091,-0.0097,0.0008,0.0,0.0
1696,49,East,Salaried,Healthcare,2025Q3,87969.29,729.0,65.94,63.66,71.74,63235.18,0.3384,0.08147,0,-0.0092,-0.0969,0.0328,0.012,0.0,-0.0099
1697,39,North,Salaried,IT,2025Q3,91323.42,752.0,71.01,48.24,85.36,89137.86,0.2768,0.07538,0,0.0117,-0.1324,0.0359,-0.0016,0.0,-0.0094
1698,70,North,Salaried,Healthcare,2025Q3,129926.9,596.0,,58.21,53.31,244908.07,0.5382,0.08744,0,-0.0757,0.038,-0.0219,0.0077,0.0,-0.0103
1699,25,West,SelfEmployed,Transport,2025Q3,59799.13,725.0,23.39,7.72,43.84,53945.74,0.3672,0.10136,0,0.0276,-0.0737,-0.024,-0.0395,0.0071,0.0165
1700,46,East,Salaried,Manufacturing,2025Q3,80807.63,729.0,30.67,28.31,30.61,134003.03,0.3384,0.03441,0,-0.0009,-0.0409,-0.0063,-0.0091,0.0,-0.0039
1701,32,West,Business,Healthcare,2025Q3,83771.25,616.0,66.83,64.28,65.42,269923.5,0.4778,0.39837,0,0.0839,0.0861,0.1203,0.0405,0.0286,0.0
1702,39,South,Salaried,Construction,2025Q3,82888.75,732.0,51.47,100.0,87.94,146447.44,0.5547,0.07631,0,0.0169,-0.133,0.0225,0.0511,0.0,-0.0134
1703,46,North,Salaried,Healthcare,2025Q3,87173.26,691.0,61.43,56.08,58.51,166428.15,0.379,0.14138,0,-0.0029,-0.0542,0.0368,0.0072,0.0,-0.0127
1704,21,East,Business,IT,2025Q3,95650.1,545.0,53.98,32.76,60.53,127322.2,0.3735,0.45627,1,0.1605,0.2569,0.0692,-0.0516,0.0,0.0
1705,47,East,Salaried,Transport,2025Q3,36436.66,700.0,16.89,50.98,59.88,63329.13,0.3784,0.03627,0,-0.0023,-0.0286,-0.0231,0.0005,0.0,-0.0051
1706,65,North,Salaried,Construction,2025Q3,102124.38,608.0,22.82,28.34,65.08,266325.2,0.2935,0.05172,0,-0.0398,0.021,-0.0222,-0.0162,0.0,-0.007
1707,39,West,Business,IT,2025Q3,94973.4,546.0,26.86,75.5,79.94,235595.41,0.5051,0.44742,0,0.0389,0.2181,-0.0637,0.0693,0.0279,0.0
1708,47,East,Business,Construction,2025Q3,89165.87,685.0,29.65,49.06,98.38,173223.65,0.4614,0.06806,0,-0.0037,-0.029,-0.0145,-0.0007,0.0,0.0
1709,55,East,Salaried,Transport,2025Q3,44847.82,656.0,27.15,71.17,69.97,54203.12,0.3902,0.06339,0,-0.0236,-0.0051,-0.0215,0.0172,0.0,-0.0095
1710,42,South,Business,Manufacturing,2025Q3,87802.07,755.0,29.01,44.62,71.29,198085.85,0.3011,0.03415,0,0.0028,-0.0689,-0.0083,-0.0023,0.0,0.0
1711,38,East,Business,Construction,2025Q3,72509.91,672.0,48.25,73.12,55.21,88122.32,0.6118,0.15404,0,0.0265,-0.0377,0.0225,0.0365,0.0,0.0
1712,21,North,Salaried,IT,2025Q3,85203.2,713.0,40.17,12.28,57.84,172337.0,0.3071,0.07759,0,0.0344,-0.0631,0.0002,-0.0372,0.0,-0.0086
1713,51,West,Business,Construction,2025Q3,103755.24,695.0,57.52,48.54,57.57,140139.24,0.3517,0.09712,0,-0.0166,-0.0557,0.0283,-0.0016,0.0106,0.0
1714,43,South,Salaried,Healthcare,2025Q3,60481.27,729.0,42.03,59.87,52.68,94864.32,0.4026,0.04714,0,0.0032,-0.0737,0.0023,0.0065,0.0,-0.0073
1715,33,North,Salaried,Retail,2025Q3,28852.39,600.0,27.18,42.1,62.55,85078.83,0.5139,0.17508,0,0.0438,0.0667,-0.0405,-0.0142,0.0,-0.0182
1716,45,North,Salaried,Transport,2025Q3,87231.12,674.0,41.02,55.91,72.5,120662.15,0.407,0.0951,0,0.0,-0.0255,0.0018,0.006,0.0,-0.0109
1717,38,East,Business,Retail,2025Q3,97830.69,650.0,13.82,55.54,61.27,161026.04,0.4303,0.08041,0,0.0161,0.0,-0.0573,0.0058,0.0,0.0
1718,38,West,SelfEmployed,Retail,2025Q3,74416.02,704.0,2.0,71.07,54.39,149176.13,0.4576,0.05798,0,0.0134,-0.0564,-0.0772,0.0168,0.0084,0.0196
1719,51,West,SelfEmployed,Healthcare,2025Q3,100866.16,677.0,48.29,61.67,62.52,129218.82,0.6745,0.1627,0,-0.0234,-0.0432,0.0206,0.0176,0.0151,0.0355
1720,29,East,Business,Manufacturing,2025Q3,70931.13,618.0,54.29,56.64,40.8,231729.6,0.3924,0.30258,0,0.0876,0.0704,0.058,0.0169,0.0,0.0
1721,56,West,Business,Retail,2025Q3,120709.87,637.0,39.15,67.35,76.07,114185.87,0.3913,0.13675,0,-0.0417,0.0165,-0.0021,0.0234,0.014,0.0
1722,29,East,Business,Manufacturing,2025Q3,95068.33,772.0,31.74,18.23,51.74,100467.88,0.3762,0.03711,0,0.0115,-0.0816,-0.0056,-0.0144,0.0,0.0
1723,37,South,Salaried,Transport,2025Q3,39899.34,545.0,16.53,31.45,36.9,100704.72,0.5186,0.15034,0,0.0335,0.1273,-0.0857,-0.0381,0.0,-0.0199
1724,65,East,SelfEmployed,Construction,2025Q3,77486.55,708.0,56.67,17.52,69.23,180375.81,0.6092,0.05248,0,-0.0356,-0.042,0.0142,-0.0229,0.0,0.0129
1725,56,North,Salaried,IT,2025Q3,123063.07,744.0,45.88,60.07,70.23,158075.6,0.3857,0.04503,0,-0.0137,-0.0651,0.0043,0.0044,0.0,-0.0049
1726,45,North,Business,Manufacturing,2025Q3,108379.53,699.0,42.66,57.1,42.8,84608.28,0.4547,0.08444,0,0.0,-0.0534,0.0041,0.0065,0.0,0.0
1727,34,South,Business,IT,2025Q3,58977.14,794.0,37.92,78.48,72.47,42787.94,0.2044,0.0399,0,0.013,-0.1563,-0.002,0.0142,0.0,0.0
1728,38,North,Salaried,IT,2025Q3,42033.16,724.0,30.49,55.74,72.68,52520.95,0.4068,0.05077,0,0.0096,-0.0629,-0.0111,0.0036,0.0,-0.0068
1729,45,West,Salaried,Retail,2025Q3,80339.9,686.0,20.19,34.1,99.5,119733.0,0.4138,0.04679,0,0.0,-0.0228,-0.0228,-0.01,0.0055,-0.0061
1730,44,West,Business,Construction,2025Q3,70138.32,628.0,42.04,50.95,55.3,151263.79,0.5167,0.14283,1,0.0041,0.0332,0.006,0.0017,0.0171,0.0
1731,43,South,Salaried,Transport,2025Q3,69099.27,687.0,29.38,6.74,58.91,170768.11,0.3732,0.0437,0,0.0021,-0.0193,-0.0092,-0.026,0.0,-0.005
1732,44,East,Salaried,IT,2025Q3,74848.97,706.0,31.22,39.02,47.86,180258.57,0.3101,0.04904,1,0.0013,-0.0381,-0.0089,-0.0065,0.0,-0.0059
1733,42,South,SelfEmployed,Transport,2025Q3,80272.11,660.0,65.49,0.0,69.87,50201.23,0.4424,0.13217,0,0.0102,-0.0143,0.0529,-0.0915,0.0,0.0336
1734,28,North,Salaried,Construction,2025Q3,81577.69,609.0,37.23,55.23,59.91,172325.81,0.3171,0.27723,0,0.0768,0.0733,-0.0103,0.0114,0.0,-0.0228
1735,38,South,Business,Retail,2025Q3,118325.61,578.0,2.0,41.86,79.76,100070.44,0.3884,0.12857,0,0.0219,0.0711,-0.1179,-0.0121,0.0,0.0
1736,54,North,Salaried,Manufacturing,2025Q3,76079.48,673.0,29.43,45.09,51.32,163303.68,0.4238,0.07051,0,-0.0146,-0.0147,-0.0121,-0.0031,0.0,-0.0066
1737,29,South,Salaried,Construction,2025Q3,41848.14,559.0,21.98,27.51,69.44,61519.11,0.2676,0.21422,0,0.0679,0.1273,-0.0684,-0.0501,0.0,-0.0214
1738,42,North,Business,IT,2025Q3,95899.23,628.0,35.77,33.29,55.24,213778.1,0.4147,0.11096,0,0.0092,0.0249,-0.0098,-0.0243,0.0,0.0
1739,35,North,Salaried,Construction,2025Q3,96966.64,495.0,15.21,63.24,23.15,174267.27,0.6082,0.35702,0,0.0647,0.2895,-0.1224,0.0373,0.0,-0.029
1740,45,North,Salaried,Construction,2025Q3,69342.13,717.0,44.94,16.41,72.56,196306.94,0.2752,0.04332,0,0.0,-0.0425,0.0039,-0.0198,0.0,-0.0052
1741,40,West,Salaried,Healthcare,2025Q3,87406.46,738.0,33.26,59.13,25.04,50099.32,0.342,0.04761,0,0.0071,-0.0805,-0.0077,0.0056,0.0061,-0.0068
1742,60,North,SelfEmployed,IT,2025Q3,83031.56,665.0,30.39,30.15,56.81,170293.87,0.4693,0.06664,0,-0.0307,-0.0108,-0.0127,-0.0161,0.0,0.016
1743,50,South,Salaried,IT,2025Q3,81482.88,785.0,40.39,11.02,57.12,141842.61,0.4455,0.01439,0,-0.0023,-0.0493,0.0001,-0.009,0.0,-0.0019
1744,30,South,SelfEmployed,Healthcare,2025Q3,50185.04,752.0,36.77,74.98,59.83,40162.24,0.3964,0.10038,0,0.0342,-0.1625,-0.0064,0.0256,0.0,0.0256
1745,51,South,SelfEmployed,Retail,2025Q3,90194.98,693.0,35.84,77.24,60.95,180883.87,0.3975,0.11357,0,-0.0181,-0.0573,-0.0087,0.0292,0.0,0.027
1746,35,South,Salaried,Retail,2025Q3,65503.81,652.0,34.41,36.13,60.75,154265.18,0.5591,0.12905,0,0.0246,-0.0022,-0.0114,-0.0174,0.0,-0.0123
1747,38,North,Business,Transport,2025Q3,96246.21,636.0,,35.92,67.26,206204.94,0.4494,0.12861,0,0.022,0.0175,-0.0057,-0.0216,0.0,0.0
1748,47,East,Salaried,IT,2025Q3,110405.11,698.0,43.49,42.48,57.83,84360.12,0.3261,0.06653,0,-0.0035,-0.0402,0.0041,-0.0057,0.0,-0.0076
1749,39,East,Business,Transport,2025Q3,79199.88,,41.49,30.18,100.0,182293.5,0.4371,0.12897,1,0.0167,0.0,0.0031,-0.0275,0.0,0.0
1750,54,East,SelfEmployed,Healthcare,2025Q3,56704.88,697.0,56.03,34.06,53.15,121202.28,0.4003,0.07534,0,-0.0233,-0.0532,0.0235,-0.0173,0.0,0.0222
1751,35,East,Business,Construction,2025Q3,78962.13,702.0,29.25,57.9,35.55,65915.72,0.3742,0.0938,0,0.0196,-0.0569,-0.0185,0.0072,0.0,0.0
1752,37,South,SelfEmployed,Retail,2025Q3,82787.72,644.0,41.81,93.63,31.8,119837.17,0.2951,0.34221,0,0.0458,0.0139,0.0077,0.0998,0.0,0.0603
1753,37,South,Salaried,Healthcare,2025Q3,73034.2,735.0,77.14,40.2,73.17,91893.97,0.3972,0.12112,0,0.0191,-0.124,0.0516,-0.0115,0.0,-0.0117
1754,38,North,Business,Construction,2025Q3,82466.39,644.0,37.34,70.51,28.17,223649.25,0.4762,0.15516,0,0.0275,0.0097,-0.0081,0.034,0.0,0.0
1755,56,South,Salaried,IT,2025Q3,113278.87,661.0,37.97,55.76,35.81,172843.7,0.4837,0.06553,1,-0.0252,-0.0092,-0.003,0.0048,0.0,-0.0091
1756,51,North,Business,Construction,2025Q3,99451.86,594.0,17.79,11.21,32.92,103749.28,0.448,0.08155,0,-0.0136,0.0361,-0.0404,-0.0427,0.0,0.0
1757,63,South,Salaried,IT,2025Q3,90913.67,642.0,26.59,47.46,69.14,165303.69,0.4331,0.05707,0,-0.0346,0.0046,-0.0166,-0.0017,0.0,-0.0069
1758,69,East,Salaried,Manufacturing,2025Q3,84201.29,807.0,36.3,44.7,86.61,206059.96,0.3278,0.01,0,-0.0093,-0.0433,-0.0008,-0.0006,0.0,-0.0012
1759,33,North,Salaried,Transport,2025Q3,34359.21,599.0,46.54,80.22,41.12,47581.69,0.5228,0.32218,1,0.0705,0.112,0.0285,0.0756,0.0,-0.0273
1760,45,North,Salaried,Manufacturing,2025Q3,82526.17,690.0,48.39,81.11,68.44,254747.26,0.3184,0.12615,0,0.0,-0.0556,0.0169,0.0348,0.0,-0.0135
1761,31,East,Salaried,IT,2025Q3,68417.52,629.0,43.22,56.29,7.26,156337.93,0.3932,0.14593,0,0.0584,0.0362,0.0106,0.0124,0.0,-0.0208
1762,35,South,Salaried,Transport,2025Q3,48532.05,509.0,50.87,74.71,45.11,61841.99,0.4124,0.59709,0,0.0696,0.3501,0.0539,0.0737,0.0,-0.0292
1763,37,East,Business,Manufacturing,2025Q3,83601.3,698.0,22.01,44.78,72.05,244847.23,0.4018,0.0823,0,0.0122,-0.0401,-0.0254,-0.0039,0.0,0.0
1764,32,West,Salaried,Transport,2025Q3,62310.67,622.0,45.82,72.63,53.75,173964.92,0.5423,0.27099,0,0.0691,0.0593,0.0234,0.0527,0.0241,-0.0254
1765,32,West,SelfEmployed,Manufacturing,2025Q3,61658.99,682.0,38.21,50.21,79.88,72586.46,0.3213,0.18022,0,0.0465,-0.0567,-0.0052,0.0004,0.0166,0.0392
1766,42,South,Business,Construction,2025Q3,74620.41,727.0,40.0,72.15,15.34,101459.76,0.4229,0.10483,0,0.0059,-0.0883,0.0,0.0174,0.0,0.0
1767,31,North,Salaried,Healthcare,2025Q3,71291.47,676.0,32.2,74.39,45.3,126691.91,0.4425,0.13928,0,0.0405,-0.0378,-0.0197,0.0314,0.0,-0.015
1768,53,East,Business,IT,2025Q3,94735.39,682.0,22.75,63.76,69.05,96070.01,0.3392,0.06593,0,-0.0145,-0.0241,-0.0236,0.009,0.0,0.0
1769,34,East,Salaried,Construction,2025Q3,56062.12,601.0,18.56,31.69,68.8,156932.4,0.4292,0.17653,0,0.0318,0.051,-0.0578,-0.0275,0.0,-0.0145
1770,75,East,Business,IT,2025Q3,103089.9,708.0,43.13,38.75,70.34,114470.76,0.3355,0.04173,0,-0.0361,-0.0247,0.0017,-0.0041,0.0,0.0
1771,39,South,Salaried,Manufacturing,2025Q3,68860.27,647.0,45.97,64.55,64.15,84921.88,0.4366,0.14605,0,0.0226,0.0046,0.0163,0.0234,0.0,-0.0177
1772,45,North,Business,Retail,2025Q3,108240.7,,35.93,67.66,37.12,199222.75,0.4621,0.37577,1,0.0,0.2538,-0.0196,0.0493,0.0,0.0
1773,30,North,Salaried,Manufacturing,2025Q3,66819.52,,37.76,51.48,44.42,164121.75,0.5248,0.09602,0,0.0268,-0.0745,-0.0035,0.0013,0.0,-0.0096
1774,63,North,Salaried,IT,2025Q3,88531.8,737.0,26.48,41.13,100.0,272010.95,0.3358,0.02149,0,-0.0125,-0.03,-0.006,-0.0022,0.0,-0.0025
1775,56,North,Business,Construction,2025Q3,107052.83,761.0,46.05,52.21,34.81,97914.19,0.3749,0.039,0,-0.0119,-0.0736,0.0038,0.0009,0.0,0.0
1776,47,West,Business,Construction,2025Q3,117958.93,808.0,38.97,41.87,31.69,69553.43,0.3423,0.01457,0,-0.0013,-0.0956,-0.0005,-0.0023,0.0026,0.0
1777,29,North,Business,Healthcare,2025Q3,86027.45,713.0,32.15,42.0,73.6,199965.67,0.514,0.05734,0,0.0272,-0.0678,-0.0123,-0.0073,0.0,0.0
1778,46,East,Business,Healthcare,2025Q3,97183.62,695.0,51.86,91.12,38.81,149868.72,0.3724,0.19447,1,-0.0036,-0.0741,0.0276,0.0524,0.0,0.0
1779,32,West,Business,Retail,2025Q3,91393.53,734.0,48.32,37.54,95.84,88565.15,0.3268,0.09675,0,0.0244,-0.1049,0.0121,-0.0124,0.0089,0.0
1780,60,South,Salaried,IT,2025Q3,87255.75,600.0,13.43,59.17,100.0,60377.6,0.3829,0.09131,0,-0.0393,0.0346,-0.0521,0.0083,0.0,-0.0099
1781,53,South,Business,IT,2025Q3,102113.22,546.0,38.79,51.36,55.18,318970.3,0.4005,0.22072,0,-0.0455,0.1602,-0.0047,0.0031,0.0,0.0
1782,45,East,Business,Transport,2025Q3,82798.8,628.0,22.67,21.02,66.19,208303.49,0.3887,0.07748,0,0.0,0.0167,-0.0305,-0.0306,0.0,0.0
1783,21,South,Salaried,Healthcare,2025Q3,27090.04,747.0,40.23,20.26,23.51,72751.98,0.3251,0.06211,0,0.0268,-0.0916,0.0002,-0.0223,0.0,-0.0067
1784,33,South,Salaried,Manufacturing,2025Q3,71971.05,615.0,2.0,46.22,80.63,163650.83,0.441,0.08292,1,0.0274,0.0308,-0.0948,-0.0043,0.0,-0.0117
1785,52,East,Salaried,Manufacturing,2025Q3,89140.24,692.0,,5.04,15.23,299276.82,0.3089,0.0332,0,-0.0078,-0.0208,0.0008,-0.0252,0.0,-0.0046
1786,57,East,Salaried,Retail,2025Q3,82221.17,699.0,49.39,88.27,33.21,255938.09,0.4565,0.09705,0,-0.032,-0.0556,0.0144,0.0316,0.0,-0.0105
1787,56,East,Salaried,Healthcare,2025Q3,105144.78,677.0,36.23,40.04,62.37,199494.36,0.4213,0.05931,0,-0.018,-0.0172,-0.004,-0.0064,0.0,-0.0064
1788,26,West,SelfEmployed,Retail,2025Q3,54511.14,573.0,19.36,38.25,70.95,184398.79,0.5842,0.31025,0,0.1058,0.1559,-0.0968,-0.0319,0.026,0.0628
1789,47,South,Salaried,Construction,2025Q3,46515.08,683.0,69.3,74.91,30.32,118401.85,0.4533,0.19352,0,-0.008,-0.0568,0.0668,0.0376,0.0,-0.0174
1790,55,East,Business,Retail,2025Q3,88051.91,631.0,56.5,44.9,49.15,200933.28,0.4634,0.17062,0,-0.0388,0.0244,0.0369,-0.0079,0.0,0.0
1791,26,East,Business,Retail,2025Q3,46763.09,776.0,29.5,62.32,26.77,64269.84,0.5442,0.03959,0,0.0215,-0.1316,-0.0118,0.0071,0.0,0.0
1792,44,East,Business,Retail,2025Q3,96784.65,737.0,33.82,35.4,53.66,270007.27,0.4318,0.053,0,0.0011,-0.0579,-0.005,-0.0073,0.0,0.0
1793,47,East,Business,Construction,2025Q3,79862.6,634.0,6.3,49.0,43.98,89877.84,0.4159,0.09062,0,-0.004,0.0113,-0.0621,-0.0008,0.0,0.0
1794,41,East,Salaried,Construction,2025Q3,90724.41,780.0,45.57,69.31,47.29,204829.28,0.3125,0.04708,0,0.0046,-0.1205,0.0046,0.0091,0.0,-0.0055
1795,24,West,Salaried,Retail,2025Q3,75048.38,683.0,16.09,29.04,73.02,61487.61,0.5322,0.07731,0,0.0336,-0.0308,-0.0426,-0.0204,0.0083,-0.0092
1796,40,South,SelfEmployed,Manufacturing,2025Q3,63450.47,546.0,48.66,59.61,65.63,68798.4,0.3832,0.51614,0,0.0348,0.253,0.043,0.0287,0.0,0.0739
1797,40,East,Business,IT,2025Q3,72554.08,655.0,54.42,0.0,71.22,44726.78,0.3346,0.111,0,0.0121,-0.0051,0.0235,-0.0694,0.0,0.0
1798,42,North,Business,IT,2025Q3,98519.91,771.0,36.88,75.84,57.42,152702.92,0.2943,0.04751,0,0.0038,-0.1157,-0.003,0.0128,0.0,0.0
1799,38,East,Salaried,IT,2025Q3,87937.12,,20.97,35.76,74.34,229981.14,0.3834,0.16378,0,0.0203,0.0467,-0.0488,-0.0203,0.0,-0.014
1800,39,East,Business,IT,2025Q3,49972.83,655.0,,46.12,59.3,57933.46,0.4292,0.12979,0,0.0234,-0.0082,0.0469,-0.0069,0.0,0.0
1801,44,East,Business,Construction,2025Q3,95770.08,568.0,38.03,45.85,50.17,259747.61,0.4352,0.22638,0,0.0052,0.13,-0.0074,-0.0094,0.0,0.0
1802,49,South,Business,Construction,2025Q3,55643.37,578.0,39.49,26.55,71.41,165889.28,0.4947,0.18528,0,-0.0166,0.0866,-0.0015,-0.0441,0.0,0.0
1803,41,South,Business,Construction,2025Q3,78126.71,603.0,23.1,24.86,51.53,124764.61,0.3567,0.12238,0,0.0116,0.046,-0.0414,-0.0365,0.0,0.0
1804,39,South,Business,Construction,2025Q3,105885.82,577.0,41.09,59.47,53.41,260876.57,0.3833,0.32791,0,0.0341,0.1392,0.0046,0.0233,0.0,0.0
1805,45,North,SelfEmployed,Healthcare,2025Q3,138775.86,618.0,34.75,60.5,81.37,320116.05,0.451,0.17828,0,0.0,0.0541,-0.0184,0.0207,0.0,0.0468
1806,23,North,Business,Healthcare,2025Q3,67501.17,778.0,16.74,28.52,79.48,127887.72,0.3056,0.02901,0,0.0137,-0.083,-0.0171,-0.0086,0.0,0.0
1807,49,West,Salaried,Manufacturing,2025Q3,57751.91,658.0,,59.9,54.06,105234.32,0.3157,0.19227,0,-0.0158,-0.0123,0.0462,0.0155,0.0156,-0.017
1808,44,South,SelfEmployed,IT,2025Q3,74457.14,713.0,66.15,60.27,77.46,166856.59,0.2831,0.12591,0,0.0037,-0.1151,0.0581,0.0158,0.0,0.0361
1809,44,West,Salaried,IT,2025Q3,76889.25,734.0,54.29,39.68,34.44,82685.05,0.3942,0.06138,0,0.0017,-0.0829,0.0151,-0.0078,0.0068,-0.0076
1810,55,North,Business,Healthcare,2025Q3,88535.66,585.0,51.9,19.54,54.17,118090.85,0.4447,0.14956,0,-0.0417,0.0757,0.0298,-0.0559,0.0,0.0
1811,23,East,Salaried,IT,2025Q3,40153.17,603.0,66.24,47.17,44.96,53067.27,0.4347,0.40594,0,0.1334,0.114,0.1156,-0.0081,0.0,-0.0289
1812,22,East,Business,Retail,2025Q3,63216.7,712.0,21.24,56.03,59.96,141463.62,0.5032,0.09796,1,0.0414,-0.0749,-0.0365,0.0059,0.0,0.0
1813,47,East,Salaried,Transport,2025Q3,85520.39,617.0,21.05,46.7,74.69,94636.4,0.4632,0.10302,0,-0.0052,0.0286,-0.0401,-0.0037,0.0,-0.0115
1814,44,East,Salaried,Transport,2025Q3,72650.64,708.0,31.37,34.97,71.11,200266.32,0.4072,0.04372,0,0.0012,-0.0376,-0.0082,-0.0086,0.0,-0.0056
1815,46,East,Salaried,Transport,2025Q3,61631.15,774.0,42.77,58.27,68.39,107598.09,0.4919,0.03571,0,-0.001,-0.09,0.0018,0.0032,0.0,-0.0043
1816,39,West,Salaried,Construction,2025Q3,59138.88,561.0,33.32,75.84,62.75,165587.94,0.5367,0.3416,0,0.0371,0.1811,-0.0309,0.0667,0.0267,-0.0277
1817,51,East,Salaried,Transport,2025Q3,74550.55,636.0,21.68,31.05,56.81,121113.29,0.374,0.06395,0,-0.0109,0.0087,-0.0259,-0.0151,0.0,-0.0076
1818,54,North,Salaried,Healthcare,2025Q3,66710.32,647.0,38.09,41.44,84.02,167247.63,0.4953,0.10269,0,-0.0208,0.0024,-0.0029,-0.008,0.0,-0.0094
1819,49,North,Salaried,IT,2025Q3,67471.39,624.0,36.49,100.0,29.07,180510.75,0.5784,0.17043,0,-0.0187,0.0424,-0.0116,0.0804,0.0,-0.0201
1820,41,East,Salaried,Healthcare,2025Q3,84585.45,619.0,51.46,54.4,46.66,151805.77,0.5805,0.21866,1,0.0179,0.0507,0.0353,0.0086,0.0,-0.0205
1821,21,South,Business,Transport,2025Q3,65854.22,627.0,38.71,20.13,68.23,91123.91,0.5137,0.17096,0,0.0854,0.0369,-0.0041,-0.0627,0.0,0.0
1822,52,East,Business,Manufacturing,2025Q3,66337.23,659.0,7.53,37.49,90.56,154417.06,0.4554,0.06341,0,-0.0093,-0.0045,-0.0381,-0.007,0.0,0.0
1823,57,East,SelfEmployed,Healthcare,2025Q3,113849.08,671.0,44.17,31.35,53.08,336122.36,0.4434,0.08775,0,-0.0305,-0.0201,0.0064,-0.0194,0.0,0.0209
1824,51,South,Salaried,Healthcare,2025Q3,89500.96,725.0,63.31,56.37,54.78,80313.79,0.5178,0.06017,0,-0.0124,-0.0806,0.0264,0.0051,0.0,-0.0087
1825,34,East,Salaried,Healthcare,2025Q3,41803.61,,38.46,54.77,34.2,82085.53,0.3177,0.13409,0,0.0329,-0.0109,-0.0037,0.0067,0.0,-0.015
1826,51,East,Business,Healthcare,2025Q3,90423.18,736.0,53.79,34.0,49.17,60453.55,0.4988,0.03759,0,-0.0083,-0.0673,0.0112,-0.0096,0.0,0.0
1827,53,East,Salaried,Retail,2025Q3,69542.22,620.0,,88.84,74.16,206202.75,0.4484,0.14022,0,-0.0316,0.0384,-0.0282,0.0516,0.0,-0.0163
1828,61,East,SelfEmployed,Manufacturing,2025Q3,111184.3,578.0,47.05,49.87,91.59,321237.18,0.3789,0.25813,0,-0.0902,0.1139,0.0246,-0.0003,0.0,0.05
1829,34,West,SelfEmployed,Manufacturing,2025Q3,68010.26,639.0,26.09,37.97,54.13,222312.07,0.3368,0.2178,0,0.0409,0.0171,-0.0446,-0.0222,0.017,0.0399
1830,42,East,Business,Healthcare,2025Q3,87590.08,,34.06,21.14,44.02,77972.35,0.2767,0.06994,0,0.0044,-0.0303,-0.0069,-0.0222,0.0,0.0
1831,52,West,SelfEmployed,Construction,2025Q3,87494.5,719.0,34.18,28.32,61.4,72679.36,0.4485,0.05313,0,-0.0109,-0.0548,-0.0063,-0.015,0.0058,0.0134
1832,45,North,Salaried,Healthcare,2025Q3,49957.58,759.0,45.63,20.59,27.71,99594.42,0.5431,0.03209,0,0.0,-0.0612,0.003,-0.0118,0.0,-0.0036
1833,32,East,Salaried,Healthcare,2025Q3,90197.13,680.0,24.81,43.81,84.71,60609.72,0.3771,0.09376,0,0.0236,-0.0285,-0.026,-0.0058,0.0,-0.0095
1834,49,East,Salaried,Transport,2025Q3,92121.94,711.0,14.56,28.53,35.39,65226.7,0.3378,0.03862,0,-0.003,-0.0237,-0.0166,-0.0074,0.0,-0.0032
1835,50,South,Business,IT,2025Q3,82647.1,753.0,45.52,65.25,66.28,85467.45,0.4881,0.04572,0,-0.0072,-0.0916,0.0051,0.0081,0.0,0.0
1836,45,North,Salaried,IT,2025Q3,80053.51,607.0,44.92,35.14,65.98,77977.94,0.4516,0.19699,0,0.0,0.0532,0.0126,-0.0251,0.0,-0.0166
1837,46,East,Business,Retail,2025Q3,110034.12,646.0,39.8,66.48,72.55,82367.12,0.5292,0.126,0,-0.0036,0.0055,-0.0005,0.0234,0.0,0.0
1838,41,South,Business,Construction,2025Q3,89003.34,848.0,52.93,58.81,65.11,172673.31,0.2801,0.03109,0,0.0026,-0.1611,0.0056,0.0025,0.0,0.0
1839,60,West,Business,Manufacturing,2025Q3,133121.58,718.0,34.76,62.2,60.05,233172.32,0.4559,0.04444,1,-0.0239,-0.0496,-0.0052,0.0064,0.0053,0.0
1840,34,South,Salaried,Healthcare,2025Q3,119221.32,695.0,42.5,67.73,68.57,69400.52,0.557,0.10743,0,0.0289,-0.0627,0.0052,0.0207,0.0,-0.0132
1841,38,North,Salaried,Construction,2025Q3,68029.81,721.0,32.4,91.85,76.69,179975.02,0.3187,0.08659,0,0.0149,-0.0882,-0.0133,0.0338,0.0,-0.0104
1842,44,East,Salaried,Manufacturing,2025Q3,65214.46,569.0,33.86,29.32,95.93,153163.61,0.4302,0.15954,1,0.0041,0.097,-0.0188,-0.0394,0.0,-0.0183
1843,54,South,Salaried,Healthcare,2025Q3,66890.63,616.0,43.44,66.61,37.95,94293.74,0.4105,0.16754,0,-0.0363,0.0435,0.0089,0.0246,0.0,-0.0166
1844,28,North,Business,Transport,2025Q3,36455.66,591.0,74.27,56.76,23.22,62796.83,0.5081,0.54049,1,0.1159,0.1552,0.1632,0.0202,0.0,0.0
1845,30,East,Business,Construction,2025Q3,100566.61,688.0,49.88,71.39,29.06,307640.46,0.5151,0.1331,0,0.0548,-0.071,0.0278,0.0354,0.0,0.0
1846,22,East,Business,Retail,2025Q3,64537.11,635.0,46.78,50.44,23.73,63033.67,0.3782,0.26278,1,0.107,0.0312,0.0258,0.001,0.0,0.0
1847,44,North,Salaried,Retail,2025Q3,91456.4,666.0,50.38,73.87,36.01,263507.41,0.6217,0.12791,0,0.0036,-0.024,0.0248,0.0332,0.0,-0.0161
1848,32,East,Salaried,IT,2025Q3,84276.14,639.0,2.0,19.58,33.47,84851.86,0.4359,0.07262,0,0.0182,0.0067,-0.0622,-0.0251,0.0,-0.0074
1849,40,East,Business,Transport,2025Q3,67642.54,549.0,43.11,25.91,51.67,57334.94,0.4174,0.33845,0,0.0276,0.1684,0.0125,-0.0622,0.0,0.0
1850,51,East,Business,Construction,2025Q3,80245.34,720.0,52.57,35.48,77.1,218583.96,0.5172,0.05508,0,-0.0097,-0.0582,0.012,-0.0101,0.0,0.0
1851,37,South,Business,Healthcare,2025Q3,115804.36,540.0,39.35,46.36,72.53,243421.66,0.4772,0.33197,0,0.0499,0.2166,-0.003,-0.0101,0.0,0.0
1852,47,North,Business,Healthcare,2025Q3,92138.83,611.0,37.31,49.02,47.56,231630.96,0.4111,0.12639,1,-0.0078,0.0502,-0.0074,-0.0016,0.0,0.0
1853,41,West,Salaried,IT,2025Q3,61114.82,571.0,22.96,31.72,49.28,133834.55,0.4118,0.23534,0,0.0158,0.0948,-0.0554,-0.0344,0.0169,-0.0182
1854,51,East,Business,Healthcare,2025Q3,78186.88,600.0,31.07,26.2,100.0,253067.06,0.6132,0.14249,1,-0.0184,0.0456,-0.0196,-0.0326,0.0,0.0
1855,49,North,Salaried,IT,2025Q3,77653.8,674.0,24.66,33.58,71.9,56941.4,0.3396,0.03537,0,-0.0056,-0.0141,-0.0167,-0.0102,0.0,-0.006
1856,36,East,Salaried,IT,2025Q3,95642.1,744.0,53.99,10.4,63.45,56618.2,0.4847,0.05072,0,0.0097,-0.0725,0.0107,-0.0256,0.0,-0.0055
1857,42,North,Business,Construction,2025Q3,101237.88,,62.03,41.66,62.43,74716.52,0.3962,0.33857,0,0.0197,0.2061,0.0978,-0.0239,0.0,0.0
1858,55,East,Salaried,Healthcare,2025Q3,88871.72,622.0,68.96,46.72,54.22,193383.46,0.3875,0.16886,1,-0.0455,0.0415,0.0712,-0.0059,0.0,-0.0186
1859,48,East,Business,Healthcare,2025Q3,122893.38,541.0,24.4,57.7,100.0,191988.15,0.4591,0.21767,1,-0.0164,0.1633,-0.0641,0.0173,0.0,0.0
1860,29,West,Business,Construction,2025Q3,102323.95,619.0,27.31,51.67,56.2,257948.83,0.4756,0.16316,1,0.0669,0.0527,-0.0464,0.0034,0.0198,0.0
1861,51,West,Salaried,Manufacturing,2025Q3,88014.2,665.0,26.0,87.45,62.99,52746.68,0.2907,0.107,0,-0.0173,-0.0169,-0.03,0.0362,0.011,-0.0121
1862,32,North,Salaried,IT,2025Q3,114870.15,712.0,21.7,65.87,27.02,147985.31,0.3622,0.09776,0,0.0207,-0.0607,-0.0284,0.0117,0.0,-0.0084
1863,60,East,Salaried,IT,2025Q3,85646.38,516.0,21.96,64.22,47.27,67402.92,0.5567,0.20216,0,-0.0826,0.1662,-0.07,0.0289,0.0,-0.022
1864,55,South,Salaried,Transport,2025Q3,105364.51,697.0,29.75,56.02,48.99,373032.61,0.493,0.05524,0,-0.0144,-0.0296,-0.0102,0.0032,0.0,-0.0057
1865,47,East,Business,Retail,2025Q3,86326.06,594.0,51.99,59.79,69.73,192119.66,0.4239,0.30069,0,-0.011,0.1013,0.0437,0.0221,0.0,0.0
1866,46,East,Business,IT,2025Q3,108751.27,577.0,26.51,43.14,44.5,92792.64,0.359,0.19826,1,-0.0041,0.0898,-0.043,-0.0124,0.0,0.0
1867,42,North,Salaried,Retail,2025Q3,69429.03,665.0,54.85,50.19,60.97,142883.94,0.4395,0.18357,0,0.0096,-0.0205,0.0312,0.0003,0.0,-0.0147
1868,51,North,Salaried,Transport,2025Q3,90304.63,703.0,59.88,90.27,47.87,141880.91,0.4756,0.14576,0,-0.0196,-0.0791,0.0376,0.0442,0.0,-0.0138
1869,40,North,Salaried,Construction,2025Q3,115122.45,653.0,42.56,46.46,37.99,330964.89,0.441,0.16391,0,0.0144,-0.0036,0.0055,-0.0047,0.0,-0.0136
1870,47,North,Salaried,Retail,2025Q3,95533.33,586.0,57.67,18.7,37.17,74150.62,0.5623,0.16102,0,-0.0088,0.0864,0.0488,-0.0648,0.0,-0.0192
1871,54,North,Business,Manufacturing,2025Q3,108283.14,653.0,16.22,63.33,56.53,75606.03,0.4049,0.08192,0,-0.0189,-0.0022,-0.0392,0.01,0.0,0.0
1872,38,West,SelfEmployed,Transport,2025Q3,64355.35,611.0,29.07,67.25,62.06,65326.46,0.3357,0.3442,0,0.0383,0.0791,-0.0466,0.0403,0.0238,0.0571
1873,37,South,Salaried,Construction,2025Q3,72788.12,701.0,41.03,51.4,56.13,220623.26,0.3621,0.07526,0,0.016,-0.0553,0.0016,0.0013,0.0,-0.0099
1874,31,East,Salaried,Manufacturing,2025Q3,45855.95,733.0,41.57,6.68,43.34,157312.69,0.3986,0.02396,0,0.0138,-0.0588,0.0013,-0.0278,0.0,-0.0053
1875,32,East,Salaried,IT,2025Q3,80865.57,729.0,60.87,76.31,57.24,71314.73,0.3436,0.11205,1,0.0376,-0.1375,0.0423,0.0332,0.0,-0.0148
1876,24,East,Business,Healthcare,2025Q3,88213.8,659.0,22.02,53.06,53.55,185473.7,0.3828,0.12849,0,0.0585,-0.0126,-0.0502,0.0045,0.0,0.0
1877,52,South,Business,Construction,2025Q3,94666.56,736.0,29.41,41.17,39.16,227683.88,0.4743,0.03527,0,-0.0067,-0.0464,-0.0073,-0.0034,0.0,0.0
1878,64,West,Business,Manufacturing,2025Q3,138643.58,591.0,36.64,74.14,61.66,89366.76,0.3832,0.16904,0,-0.0933,0.0785,-0.0103,0.0396,0.0173,0.0
1879,60,East,Business,Transport,2025Q3,132512.13,781.0,29.7,3.46,96.21,99073.96,0.275,0.0102,0,-0.0052,-0.0315,-0.0023,-0.0075,0.0,0.0
1880,26,East,Business,Transport,2025Q3,77193.64,590.0,21.32,50.46,57.01,42491.07,0.5133,0.22533,0,0.0849,0.1013,-0.0754,0.001,0.0,0.0
1881,52,West,Salaried,IT,2025Q3,93079.2,,30.38,36.1,30.78,216481.0,0.5239,0.24595,0,-0.0385,0.1748,-0.0378,-0.0326,0.0218,-0.0232
1882,60,East,SelfEmployed,Manufacturing,2025Q3,87507.77,753.0,34.07,80.83,89.37,267483.54,0.3085,0.0491,0,-0.024,-0.0899,-0.0059,0.0148,0.0,0.0124
1883,39,South,Salaried,Healthcare,2025Q3,66300.75,612.0,61.16,53.34,85.14,52155.98,0.4974,0.24332,0,0.0314,0.0731,0.0739,0.0077,0.0,-0.024
1884,45,West,SelfEmployed,Transport,2025Q3,65195.86,668.0,21.68,28.98,88.65,42191.51,0.3308,0.09986,0,0.0,-0.0171,-0.034,-0.0223,0.0091,0.0211
1885,22,South,Business,Manufacturing,2025Q3,62289.93,590.0,51.04,73.04,59.16,124485.6,0.3906,0.52491,0,0.1513,0.1547,0.0542,0.0676,0.0,0.0
1886,47,East,Business,Construction,2025Q3,91521.0,821.0,58.35,0.0,44.33,181823.2,0.2793,0.01304,0,-0.0009,-0.0803,0.0049,-0.0128,0.0,0.0
1887,32,North,Salaried,Retail,2025Q3,35013.39,784.0,29.8,59.17,42.14,60787.55,0.3439,0.03788,0,0.0108,-0.1054,-0.0079,0.0037,0.0,-0.0045
1888,46,North,Business,Transport,2025Q3,102882.65,,42.16,20.21,82.82,104923.27,0.4324,0.02157,0,-0.0008,-0.064,0.0011,-0.0114,0.0,0.0
1889,27,South,Business,Manufacturing,2025Q3,93798.31,666.0,47.21,37.83,92.12,103064.36,0.4435,0.12572,0,0.0583,-0.0257,0.0189,-0.0211,0.0,0.0
1890,50,North,Business,IT,2025Q3,95957.48,727.0,44.58,42.71,41.59,114037.73,0.3355,0.0603,0,-0.0072,-0.0599,0.0042,-0.0044,0.0,0.0
1891,55,West,SelfEmployed,IT,2025Q3,45049.64,656.0,,68.02,9.6,126645.18,0.4406,0.21211,0,-0.0409,-0.009,-0.0018,0.0267,0.0153,0.0359
1892,35,North,Salaried,Healthcare,2025Q3,63046.13,736.0,27.14,96.48,59.64,129354.63,0.428,0.07624,1,0.0184,-0.1035,-0.0212,0.0328,0.0,-0.0093
1893,31,East,Salaried,Transport,2025Q3,38919.05,632.0,48.6,8.85,41.91,136332.24,0.5102,0.18667,0,0.0413,0.0224,0.0197,-0.0712,0.0,-0.0152
1894,21,North,Business,Construction,2025Q3,59026.86,768.0,32.01,57.82,45.85,157962.45,0.4149,0.0596,0,0.0314,-0.1404,-0.0106,0.0056,0.0,0.0
1895,41,West,Salaried,IT,2025Q3,99134.85,629.0,38.46,96.45,55.24,188012.09,0.4939,0.24553,1,0.0206,0.0412,-0.0059,0.0907,0.022,-0.0234
1896,38,South,Salaried,Construction,2025Q3,26479.48,636.0,40.81,35.4,68.2,95112.31,0.4376,0.17096,0,0.021,0.0167,0.0019,-0.0215,0.0,-0.0144
1897,27,North,Salaried,Retail,2025Q3,45705.47,628.0,51.7,34.03,44.38,45438.12,0.37,0.19063,1,0.0737,0.0383,0.0372,-0.0343,0.0,-0.0211
1898,49,North,Salaried,Transport,2025Q3,95132.25,673.0,68.85,53.19,62.72,170564.94,0.4324,0.16047,0,-0.014,-0.0332,0.056,0.0045,0.0,-0.015
1899,39,East,Salaried,Retail,2025Q3,58565.33,634.0,26.2,66.23,57.48,184933.77,0.5303,0.13355,0,0.0191,0.02,-0.0368,0.022,0.0,-0.0152
1900,32,West,Business,Transport,2025Q3,65888.26,693.0,38.84,62.47,13.89,133648.43,0.5139,0.1254,0,0.0385,-0.0673,-0.0028,0.0171,0.0139,0.0
1901,38,West,Business,IT,2025Q3,121883.31,627.0,14.25,40.11,70.9,224363.29,0.229,0.10849,0,0.0189,0.0238,-0.0648,-0.0129,0.0119,0.0
1902,56,South,Business,IT,2025Q3,108310.97,714.0,61.7,30.34,50.98,258514.77,0.4554,0.04093,0,-0.0197,-0.0537,0.0201,-0.0146,0.0,0.0
1903,51,South,Business,Construction,2025Q3,113817.44,,38.7,76.95,34.72,81008.6,0.3484,0.05538,0,-0.0077,-0.0947,-0.0011,0.0119,0.0,0.0
1904,43,North,Business,IT,2025Q3,98704.05,665.0,33.21,30.96,45.48,146260.04,0.4543,0.08451,0,0.0041,-0.0132,-0.0108,-0.0188,0.0,0.0
1905,51,South,Salaried,IT,2025Q3,84910.55,811.0,38.84,5.84,64.06,83902.2,0.2619,0.01006,0,-0.0019,-0.0475,-0.0002,-0.0071,0.0,-0.0013
1906,31,East,Salaried,Healthcare,2025Q3,86752.45,737.0,39.64,16.03,60.92,67592.55,0.3626,0.04013,0,0.0142,-0.0646,-0.0003,-0.0212,0.0,-0.0055
1907,44,North,Salaried,Manufacturing,2025Q3,109996.24,805.0,,35.32,72.89,273266.59,0.2449,0.01565,0,0.0004,-0.0616,-0.0046,-0.0028,0.0,-0.0019
1908,46,East,Salaried,Transport,2025Q3,47196.7,656.0,57.01,80.84,68.73,87683.35,0.3908,0.21506,0,-0.0043,-0.0103,0.0468,0.0505,0.0,-0.0191
1909,39,West,Salaried,Healthcare,2025Q3,70564.29,547.0,48.32,21.86,36.57,184039.04,0.5122,0.29532,1,0.0345,0.1815,0.0341,-0.0759,0.0249,-0.026
1910,49,North,Business,Construction,2025Q3,94422.42,612.0,50.55,81.48,5.0,233047.22,0.4764,0.29281,0,-0.022,0.0718,0.0383,0.0656,0.0,0.0
1911,35,North,Salaried,IT,2025Q3,59873.01,619.0,27.12,76.75,62.42,170241.73,0.61,0.20816,0,0.0411,0.0491,-0.0444,0.0465,0.0,-0.0199
1912,50,North,Salaried,Transport,2025Q3,98759.09,595.0,26.25,52.96,72.62,92330.21,0.4055,0.13455,0,-0.0174,0.057,-0.0358,0.0041,0.0,-0.0148
1913,50,North,Business,Transport,2025Q3,100723.98,511.0,36.18,0.0,55.95,86892.73,0.4059,0.2548,0,-0.0253,0.1657,-0.0136,-0.1209,0.0,0.0
1914,21,North,Business,Retail,2025Q3,104658.51,730.0,50.8,21.95,73.21,224048.57,0.5104,0.08549,0,0.0432,-0.1051,0.0167,-0.0325,0.0,0.0
1915,57,East,Salaried,Construction,2025Q3,107204.8,534.0,46.03,34.06,39.97,78481.11,0.3308,0.19373,0,-0.065,0.1538,0.0207,-0.0357,0.0,-0.022
1916,21,North,Business,Healthcare,2025Q3,94564.64,723.0,25.56,86.08,53.08,211894.57,0.4174,0.12495,0,0.0574,-0.1175,-0.0354,0.0405,0.0,0.0
1917,37,East,Business,IT,2025Q3,62815.04,809.0,48.68,35.48,41.59,125313.71,0.4121,0.0302,0,0.0059,-0.121,0.0047,-0.0055,0.0,0.0
1918,55,West,Salaried,IT,2025Q3,71090.45,607.0,22.45,31.0,73.95,198387.37,0.2577,0.08502,0,-0.0253,0.0313,-0.0326,-0.0201,0.0092,-0.0101
1919,41,West,SelfEmployed,Construction,2025Q3,67973.55,686.0,27.41,52.14,41.79,61895.21,0.3277,0.13872,0,0.0109,-0.0469,-0.0282,0.0026,0.0117,0.0272
1920,28,East,Business,Retail,2025Q3,100116.14,633.0,40.52,16.99,100.0,315461.0,0.3242,0.17042,0,0.0536,0.0233,0.0014,-0.0601,0.0,0.0
1921,32,North,Business,Construction,2025Q3,62490.83,716.0,19.26,47.46,49.96,155149.77,0.4711,0.05853,0,0.0174,-0.0563,-0.028,-0.0017,0.0,0.0
1922,55,North,Salaried,IT,2025Q3,68717.18,579.0,22.58,30.43,75.96,188983.06,0.401,0.10403,0,-0.0292,0.0536,-0.0373,-0.024,0.0,-0.0117
1923,23,North,Salaried,IT,2025Q3,36615.6,651.0,62.83,100.0,50.22,94499.54,0.4063,0.40278,1,0.1351,-0.0026,0.103,0.132,0.0,-0.0291
1924,56,West,SelfEmployed,Construction,2025Q3,144054.49,,59.86,27.81,86.75,213618.49,0.2683,0.07186,0,-0.0217,-0.0877,0.0206,-0.0184,0.007,0.0162
1925,43,West,Business,Healthcare,2025Q3,87239.83,657.0,74.64,90.46,85.99,235823.2,0.3603,0.34002,0,0.0124,-0.0174,0.1345,0.0989,0.0263,0.0
1926,31,South,Salaried,IT,2025Q3,73537.98,549.0,45.21,22.92,53.52,211670.85,0.3996,0.30671,0,0.0776,0.1824,0.0219,-0.0737,0.0,-0.0263
1927,38,South,Business,Healthcare,2025Q3,64768.89,744.0,48.32,53.78,65.49,48523.86,0.3771,0.05644,0,0.0118,-0.1055,0.0102,0.0029,0.0,0.0
1928,33,South,Business,Retail,2025Q3,98066.65,572.0,35.52,59.01,85.48,218396.24,0.4303,0.29625,1,0.0688,0.1549,-0.0199,0.0232,0.0,0.0
1929,54,North,Business,IT,2025Q3,67774.0,665.0,32.39,51.12,66.09,83117.67,0.5399,0.07901,0,-0.0196,-0.0123,-0.0113,0.0009,0.0,0.0
1930,52,West,Business,Transport,2025Q3,80277.95,700.0,51.95,49.77,41.59,146226.23,0.4653,0.09063,0,-0.017,-0.0552,0.0174,-0.0002,0.0092,0.0
1931,25,North,Business,Manufacturing,2025Q3,60435.27,,59.79,66.95,61.4,127173.88,0.2791,0.22164,1,0.0959,-0.0408,0.0709,0.0383,0.0,0.0
1932,40,South,Salaried,Construction,2025Q3,76039.69,833.0,50.59,57.18,45.04,93491.77,0.4449,0.02306,0,0.0033,-0.1381,0.0048,0.0021,0.0,-0.0032
1933,35,South,Salaried,Manufacturing,2025Q3,53324.52,710.0,24.56,44.2,63.02,22856.48,0.4769,0.04762,0,0.013,-0.0468,-0.0187,-0.0038,0.0,-0.0067
1934,58,North,Salaried,Retail,2025Q3,115731.97,646.0,44.27,33.16,44.25,75177.09,0.4344,0.0944,0,-0.0296,0.003,0.0057,-0.0154,0.0,-0.0088
1935,29,South,Salaried,Manufacturing,2025Q3,71258.02,701.0,25.68,44.35,67.46,32171.44,0.4885,0.07642,1,0.0252,-0.0484,-0.022,-0.0047,0.0,-0.0086
1936,62,West,Business,Construction,2025Q3,94487.14,674.0,32.81,44.08,24.22,58555.32,0.5153,0.06254,0,-0.0322,-0.0163,-0.0084,-0.004,0.0062,0.0
1937,44,North,Business,Healthcare,2025Q3,108657.11,663.0,64.18,43.65,37.56,92643.94,0.3841,0.15848,0,0.0037,-0.0202,0.0549,-0.0105,0.0,0.0
1938,31,East,SelfEmployed,Retail,2025Q3,64920.88,,,49.68,44.14,141930.63,0.3205,0.10955,0,0.0359,-0.0353,-0.0528,-0.0004,0.0,0.0285
1939,37,South,Salaried,Retail,2025Q3,58772.14,630.0,72.7,16.99,56.8,99768.28,0.4797,0.19026,0,0.0338,0.0333,0.086,-0.0716,0.0,-0.0201
1940,35,North,Business,Healthcare,2025Q3,98724.68,674.0,46.79,25.39,29.76,62177.91,0.3539,0.1187,0,0.0245,-0.0286,0.0126,-0.0323,0.0,0.0
1941,30,North,Salaried,IT,2025Q3,18949.16,626.0,30.54,66.3,42.33,20000.0,0.457,0.19366,0,0.0592,0.0391,-0.0321,0.0296,0.0,-0.02
1942,45,North,Business,Construction,2025Q3,104826.71,531.0,39.09,0.0,75.56,162511.94,0.3861,0.2371,0,0.0,0.1499,-0.0032,-0.1198,0.0,0.0
1943,30,North,Salaried,Transport,2025Q3,50264.29,738.0,27.04,74.33,77.94,32814.33,0.4746,0.07179,0,0.0229,-0.0955,-0.0189,0.0168,0.0,-0.0082
1944,21,South,Business,Healthcare,2025Q3,57137.07,622.0,29.25,35.7,9.33,55947.77,0.3765,0.21359,1,0.0886,0.0456,-0.0372,-0.0294,0.0,0.0
1945,40,East,Salaried,Manufacturing,2025Q3,107346.46,670.0,39.17,84.73,48.27,66760.51,0.4036,0.15611,0,0.0168,-0.0299,-0.0021,0.0453,0.0,-0.0158
1946,24,East,Salaried,Manufacturing,2025Q3,48138.17,608.0,32.74,74.98,85.5,36553.53,0.4202,0.27685,1,0.1067,0.0866,-0.0311,0.0585,0.0,-0.0256
1947,36,West,Business,Manufacturing,2025Q3,100706.46,610.0,23.07,40.8,67.72,228837.46,0.3282,0.16206,0,0.0326,0.0534,-0.0532,-0.0161,0.0163,0.0
1948,34,South,Business,IT,2025Q3,86726.41,589.0,34.46,43.08,68.15,62213.7,0.5352,0.2687,0,0.0513,0.1002,-0.0207,-0.0154,0.0,0.0
1949,34,East,Salaried,Manufacturing,2025Q3,73593.84,724.0,16.97,83.05,71.28,142416.47,0.5044,0.0902,0,0.0168,-0.0721,-0.035,0.0208,0.0,-0.0079
1950,66,East,Salaried,Healthcare,2025Q3,90990.24,741.0,17.65,76.01,40.82,228956.98,0.3842,0.02587,0,-0.0169,-0.0357,-0.012,0.0058,0.0,-0.0027
1951,45,North,Salaried,Manufacturing,2025Q3,71151.12,,17.49,69.4,64.28,65565.09,0.3625,0.05111,0,0.0,-0.0105,-0.0408,0.0159,0.0,-0.0095
1952,47,South,SelfEmployed,IT,2025Q3,113903.79,624.0,64.74,73.17,69.43,128434.31,0.4179,0.31354,1,-0.0127,0.0613,0.1017,0.0597,0.0,0.0642
1953,24,South,Salaried,Manufacturing,2025Q3,74448.28,545.0,44.49,24.07,62.14,168358.28,0.4238,0.37105,0,0.1233,0.2122,0.0206,-0.0747,0.0,-0.0283
1954,37,East,Business,Retail,2025Q3,75405.74,714.0,47.53,52.52,52.13,63887.05,0.4033,0.07967,1,0.0177,-0.0804,0.0122,0.0026,0.0,0.0
1955,46,South,Business,Transport,2025Q3,73674.23,614.0,38.18,31.05,59.04,132891.68,0.4152,0.11386,0,-0.0033,0.0403,-0.0043,-0.0291,0.0,0.0
1956,33,North,Business,IT,2025Q3,70279.47,584.0,46.1,23.51,37.2,176015.81,0.378,0.2388,0,0.0581,0.1121,0.0223,-0.0646,0.0,0.0
1957,54,West,Salaried,Construction,2025Q3,102366.91,662.0,56.81,51.61,72.28,331692.19,0.5138,0.12827,1,-0.0296,-0.0148,0.0316,0.002,0.0122,-0.0134
1958,31,North,Salaried,Construction,2025Q3,85216.45,637.0,44.53,38.9,31.29,294300.44,0.4149,0.18748,1,0.0487,0.0193,0.0125,-0.0197,0.0,-0.0177
1959,41,West,Business,Manufacturing,2025Q3,97988.98,557.0,64.25,44.34,43.67,105954.16,0.6146,0.41483,1,0.0272,0.217,0.113,-0.0167,0.0292,0.0
1960,38,East,Business,Construction,2025Q3,56198.12,566.0,37.41,37.0,73.64,161645.33,0.4652,0.24643,0,0.0361,0.1383,-0.0101,-0.0312,0.0,0.0
1961,46,East,Salaried,Retail,2025Q3,91068.02,,47.58,20.4,65.81,52586.38,0.3836,0.05644,0,-0.0017,-0.0259,0.0086,-0.0253,0.0,-0.0077
1962,37,East,Business,Retail,2025Q3,107864.41,615.0,49.26,85.33,50.32,164139.89,0.4172,0.34512,0,0.0471,0.0782,0.0392,0.0854,0.0,0.0
1963,41,North,Salaried,Healthcare,2025Q3,76124.02,695.0,23.09,51.43,25.75,147959.58,0.3824,0.06328,0,0.0059,-0.0341,-0.0217,0.0009,0.0,-0.007
1964,41,East,Business,Healthcare,2025Q3,123636.46,,38.68,16.27,59.08,97476.52,0.412,0.089,0,0.0076,-0.0171,-0.0019,-0.034,0.0,0.0
1965,36,East,Business,Retail,2025Q3,59722.53,731.0,8.54,52.0,47.4,85035.32,0.4171,0.04028,0,0.0085,-0.0515,-0.032,0.0009,0.0,0.0
1966,49,East,Salaried,Retail,2025Q3,92526.54,,35.92,81.47,69.61,236591.9,0.3542,0.16729,0,-0.0187,0.0711,-0.0135,0.0543,0.0,-0.0201
1967,47,North,Salaried,Manufacturing,2025Q3,60036.02,676.0,33.53,69.09,49.67,58679.61,0.3367,0.08509,0,-0.0047,-0.0264,-0.0112,0.0171,0.0,-0.0103
1968,43,North,Salaried,Transport,2025Q3,93853.75,703.0,32.58,36.59,24.99,218506.29,0.4714,0.05997,0,0.0027,-0.0374,-0.0078,-0.0085,0.0,-0.0062
1969,39,South,Business,Construction,2025Q3,97231.5,,31.48,37.12,32.33,327408.8,0.4801,0.11341,0,0.02,0.0404,-0.0229,-0.0207,0.0,0.0
1970,53,South,Salaried,IT,2025Q3,116224.4,737.0,46.19,26.94,51.46,67685.1,0.271,0.0317,1,-0.0078,-0.0475,0.0036,-0.0098,0.0,-0.004
1971,41,East,Business,Healthcare,2025Q3,96994.75,547.0,23.83,31.67,62.18,33836.64,0.5054,0.232,0,0.0188,0.1384,-0.061,-0.0404,0.0,0.0
1972,41,East,Salaried,Construction,2025Q3,65727.89,,67.76,33.46,36.72,81297.58,0.5112,0.3266,0,0.0206,0.0849,0.0902,-0.0393,0.0,-0.0233
1973,45,East,SelfEmployed,IT,2025Q3,75760.74,544.0,47.08,15.7,44.83,53758.71,0.4848,0.29688,0,0.0,0.1921,0.03,-0.0953,0.0,0.0615
1974,63,East,Salaried,Healthcare,2025Q3,88296.81,610.0,25.15,38.23,75.85,89999.78,0.3092,0.06952,0,-0.0413,0.0241,-0.0222,-0.0099,0.0,-0.0083
1975,29,North,Salaried,Construction,2025Q3,53006.97,649.0,48.36,55.57,82.19,96141.21,0.3209,0.2548,1,0.0627,0.0018,0.0256,0.0105,0.0,-0.02
1976,52,South,Salaried,Manufacturing,2025Q3,107147.96,717.0,53.92,38.89,65.54,274393.94,0.4003,0.04909,0,-0.011,-0.0528,0.0126,-0.0073,0.0,-0.0065
1977,23,South,Business,Transport,2025Q3,94761.49,649.0,43.91,52.78,54.3,255951.09,0.5784,0.26542,0,0.0909,0.0019,0.0135,0.0058,0.0,0.0
1978,46,North,Salaried,Healthcare,2025Q3,50561.79,620.0,21.91,83.68,47.57,46209.29,0.3949,0.16044,1,-0.0036,0.0377,-0.0525,0.0449,0.0,-0.016
1979,61,North,Salaried,Healthcare,2025Q3,91690.48,555.0,73.8,88.38,70.78,193368.7,0.5092,0.40704,0,-0.1112,0.2159,0.1502,0.106,0.0,-0.0294
1980,49,South,Salaried,Manufacturing,2025Q3,81324.85,577.0,48.23,46.51,53.67,206247.71,0.4015,0.23595,0,-0.0199,0.1085,0.0271,-0.0073,0.0,-0.0214
1981,46,North,Business,Transport,2025Q3,78436.68,681.0,18.04,67.36,78.4,159050.73,0.5526,0.07067,0,-0.0019,-0.0265,-0.0356,0.0128,0.0,0.0
1982,38,East,SelfEmployed,Healthcare,2025Q3,86188.5,720.0,41.35,44.33,79.45,162325.93,0.4063,0.13486,0,0.0154,-0.0891,0.0023,-0.006,0.0,0.0226
1983,44,North,Salaried,Healthcare,2025Q3,101995.32,631.0,34.47,37.27,68.2,198714.4,0.3371,0.07812,0,0.0027,0.0188,-0.0113,-0.0158,0.0,-0.0123
1984,41,North,Salaried,IT,2025Q3,89052.56,742.0,38.1,23.43,50.05,224384.58,0.3301,0.033,0,0.0036,-0.0552,-0.0013,-0.0124,0.0,-0.0042
1985,35,North,Salaried,Transport,2025Q3,91847.23,595.0,18.9,49.91,51.59,106614.86,0.375,0.16062,0,0.0354,0.0683,-0.0671,-0.0002,0.0,-0.0174
1986,41,East,Salaried,Healthcare,2025Q3,60067.58,633.0,38.87,71.86,27.13,74903.66,0.4428,0.17431,0,0.0158,0.0257,-0.0033,0.0352,0.0,-0.0182
1987,46,East,SelfEmployed,IT,2025Q3,86157.14,639.0,24.7,19.96,58.95,87572.55,0.3756,0.11619,1,-0.0025,0.0102,-0.0305,-0.0367,0.0,0.0234
1988,36,South,Salaried,Retail,2025Q3,54718.34,764.0,32.41,41.68,58.33,78939.3,0.348,0.03217,0,0.0075,-0.0773,-0.0055,-0.0035,0.0,-0.0043
1989,35,North,Business,Transport,2025Q3,86909.74,669.0,44.2,40.62,32.45,205971.53,0.5766,0.13955,0,0.0284,-0.0254,0.0092,-0.0132,0.0,0.0
1990,29,West,SelfEmployed,Transport,2025Q3,76130.12,538.0,30.37,53.43,100.0,148993.46,0.4198,0.51005,0,0.1101,0.2741,-0.048,0.0103,0.03,0.0744
1991,48,East,Business,Construction,2025Q3,111577.08,725.0,33.35,53.78,71.12,87438.26,0.4154,0.05756,0,-0.0041,-0.0571,-0.0067,0.0021,0.0,0.0
1992,50,East,Business,IT,2025Q3,119742.85,786.0,51.12,59.82,43.19,352953.93,0.3581,0.0366,0,-0.0054,-0.1106,0.0072,0.004,0.0,0.0
1993,47,East,Salaried,Construction,2025Q3,90801.59,643.0,23.78,89.73,100.0,130981.46,0.426,0.13721,1,-0.0065,0.0085,-0.0414,0.0453,0.0,-0.0142
1994,55,East,Business,Manufacturing,2025Q3,85116.94,599.0,27.63,28.85,50.08,33281.42,0.4987,0.10043,0,-0.0288,0.0413,-0.0251,-0.0258,0.0,0.0
1995,45,West,SelfEmployed,Construction,2025Q3,60260.89,719.0,17.93,27.64,76.61,129053.99,0.2275,0.04007,0,0.0,-0.0488,-0.0245,-0.0137,0.0051,0.0119
1996,48,South,Salaried,Retail,2025Q3,88660.36,794.0,24.83,53.44,61.75,48100.47,0.3891,0.02384,0,-0.0015,-0.064,-0.0062,0.0007,0.0,-0.0022
1997,47,East,Salaried,IT,2025Q3,105409.38,718.0,40.07,79.96,50.76,292481.5,0.3736,0.06597,0,-0.004,-0.0712,0.0001,0.0214,0.0,-0.0088
1998,43,North,SelfEmployed,Healthcare,2025Q3,82353.75,550.0,48.23,15.83,53.26,174037.64,0.4765,0.30458,1,0.0121,0.186,0.0349,-0.0953,0.0,0.0619
1999,38,East,Salaried,Construction,2025Q3,42806.92,711.0,25.1,55.29,88.73,90312.92,0.3899,0.05051,0,0.0099,-0.0498,-0.0187,0.0034,0.0,-0.007
2000,68,South,Salaried,Retail,2025Q3,134825.61,,47.76,43.57,77.52,188605.3,0.399,0.04877,0,-0.0377,-0.0213,0.0063,-0.0035,0.0,-0.0055
2001,39,North,Salaried,Manufacturing,2025Q3,80009.28,,39.68,66.79,57.55,63740.16,0.4704,0.23362,0,0.0301,0.0958,-0.0012,0.0358,0.0,-0.0231
2002,37,West,SelfEmployed,Transport,2025Q3,80480.55,748.0,15.88,61.82,18.99,132938.02,0.3492,0.07931,0,0.0117,-0.1,-0.0345,0.0077,0.0066,0.0152
2003,49,West,Salaried,Healthcare,2025Q3,59176.52,690.0,40.79,49.07,66.09,101771.82,0.5709,0.08308,1,-0.0083,-0.0373,0.0011,-0.0008,0.008,-0.0089
2004,47,North,Salaried,Manufacturing,2025Q3,78691.89,749.0,57.11,58.73,35.07,54613.49,0.3159,0.05637,0,-0.0032,-0.0981,0.0164,0.0056,0.0,-0.007
2005,29,West,Business,Healthcare,2025Q3,89563.91,588.0,,33.52,70.77,238841.96,0.5643,0.15356,1,0.0559,0.0786,-0.1134,-0.0305,0.0167,0.0
2006,56,South,Business,Manufacturing,2025Q3,110554.37,687.0,70.08,65.6,45.72,130460.86,0.3153,0.13055,0,-0.0396,-0.0542,0.0554,0.0201,0.0,0.0
2007,43,South,Business,Construction,2025Q3,77562.03,599.0,28.23,78.5,47.81,34541.15,0.4243,0.24365,0,0.0097,0.0834,-0.0439,0.0544,0.0,0.0
2008,32,West,Business,Retail,2025Q3,78872.82,677.0,11.61,50.2,47.24,109298.14,0.4429,0.08813,0,0.0254,-0.0271,-0.0579,0.0002,0.0092,0.0
2009,57,South,Business,IT,2025Q3,91311.88,760.0,40.21,39.03,80.41,32625.24,0.3144,0.02536,0,-0.01,-0.0562,0.0001,-0.0035,0.0,0.0
2010,51,South,Salaried,Healthcare,2025Q3,111954.91,563.0,51.3,44.81,24.67,343552.43,0.3778,0.214,0,-0.0325,0.1349,0.0395,-0.0117,0.0,-0.023
2011,30,East,Salaried,IT,2025Q3,79207.73,,33.51,65.37,74.76,155239.01,0.4341,0.4308,0,0.0864,0.1671,-0.0295,0.0398,0.0,-0.0273
2012,64,North,Salaried,Healthcare,2025Q3,84261.97,725.0,42.99,47.08,66.85,248810.88,0.4729,0.03112,0,-0.0214,-0.0384,0.0018,-0.0011,0.0,-0.004
2013,51,South,Salaried,IT,2025Q3,60967.55,,71.92,21.61,58.55,134604.23,0.4309,0.09223,0,-0.0183,-0.0105,0.0508,-0.0395,0.0,-0.0128
2014,44,South,Business,Manufacturing,2025Q3,95700.67,740.0,41.29,68.95,51.04,67242.75,0.5476,0.05456,0,0.0017,-0.0931,0.0016,0.0126,0.0,0.0
2015,61,East,Business,Healthcare,2025Q3,97129.29,605.0,,26.38,69.73,89738.7,0.4884,0.2085,1,-0.086,0.073,0.1179,-0.0523,0.0,0.0
2016,46,North,Business,Transport,2025Q3,84970.48,663.0,58.23,57.34,51.2,159243.49,0.3864,0.21111,0,-0.0038,-0.02,0.0429,0.0114,0.0,0.0
2017,44,North,Business,Manufacturing,2025Q3,70266.15,707.0,38.82,6.94,51.02,41358.58,0.192,0.04229,0,0.0012,-0.035,-0.001,-0.0274,0.0,0.0
2018,37,East,Salaried,Transport,2025Q3,51194.64,674.0,42.66,50.38,61.28,105179.54,0.295,0.1072,0,0.0207,-0.0295,0.0053,0.0005,0.0,-0.0127
2019,50,North,Business,Manufacturing,2025Q3,99028.06,538.0,32.89,46.5,94.4,293071.55,0.4455,0.29108,1,-0.0279,0.1674,-0.0283,-0.0082,0.0,0.0
2020,49,South,Business,Healthcare,2025Q3,90396.19,850.0,41.99,4.72,29.74,126893.34,0.2323,0.01,0,-0.001,-0.0629,0.0003,-0.006,0.0,0.0
2021,44,East,SelfEmployed,IT,2025Q3,128637.26,674.0,46.98,55.32,70.01,364712.29,0.4037,0.17308,0,0.0037,-0.0381,0.0176,0.0083,0.0,0.0357
2022,35,East,Salaried,Transport,2025Q3,78296.56,569.0,31.53,23.77,57.14,229356.89,0.4737,0.20633,0,0.0412,0.1072,-0.0285,-0.0552,0.0,-0.0199
2023,45,North,Business,IT,2025Q3,70869.49,681.0,15.92,49.86,55.59,98912.09,0.3932,0.04866,0,0.0,-0.0219,-0.033,-0.0001,0.0,0.0
2024,43,West,Salaried,Construction,2025Q3,47158.55,689.0,,38.94,29.46,99416.32,0.3921,0.09903,0,0.0054,-0.0502,0.0327,-0.0139,0.0114,-0.0125
2025,29,East,Salaried,Healthcare,2025Q3,69367.08,728.0,53.58,15.43,24.88,68490.08,0.5568,0.05168,0,0.0233,-0.0785,0.0152,-0.0313,0.0,-0.008
2026,28,South,Business,Construction,2025Q3,69156.39,723.0,15.33,24.99,66.8,98441.87,0.4072,0.04266,0,0.0163,-0.0495,-0.0263,-0.0146,0.0,0.0
2027,50,East,Business,Retail,2025Q3,120066.55,645.0,40.74,26.75,34.61,64472.36,0.4182,0.08505,0,-0.0123,0.0045,0.0012,-0.0259,0.0,0.0
2028,21,East,Business,Manufacturing,2025Q3,75073.55,543.0,54.43,69.61,80.33,83476.27,0.3854,0.58122,1,0.1661,0.2842,0.0707,0.0574,0.0,0.0
2029,46,East,Salaried,IT,2025Q3,41814.63,691.0,52.78,66.39,39.68,116019.14,0.4129,0.11441,0,-0.0028,-0.0523,0.0225,0.0177,0.0,-0.0123
2030,39,East,Salaried,Healthcare,2025Q3,52850.36,548.0,26.9,96.28,71.02,157133.61,0.4249,0.35322,0,0.0387,0.2139,-0.0634,0.1199,0.0,-0.0287
2031,58,East,Business,IT,2025Q3,91144.92,743.0,53.71,36.74,48.48,120732.52,0.5391,0.03615,0,-0.0159,-0.0615,0.0089,-0.0063,0.0,0.0
2032,39,West,Salaried,Transport,2025Q3,79156.66,610.0,38.24,36.03,47.52,64742.78,0.487,0.1635,0,0.023,0.055,-0.0052,-0.0256,0.0167,-0.0181
2033,51,East,Business,Retail,2025Q3,78050.46,703.0,,50.97,41.72,201906.44,0.5226,0.06845,0,-0.0116,-0.0481,0.0052,0.0007,0.0,0.0
2034,40,East,Business,Healthcare,2025Q3,89850.72,615.0,23.29,40.18,68.74,206616.36,0.4564,0.14047,0,0.0153,0.0384,-0.0434,-0.0142,0.0,0.0
2035,45,East,Salaried,Transport,2025Q3,52549.3,627.0,2.0,35.18,74.31,86720.7,0.5352,0.04757,0,0.0,0.0127,-0.0599,-0.0108,0.0,-0.0071
2036,52,West,SelfEmployed,Transport,2025Q3,91011.34,606.0,25.56,49.2,53.69,263271.81,0.3628,0.18865,0,-0.0303,0.0598,-0.0459,-0.0014,0.0168,0.0395
2037,39,West,Business,Healthcare,2025Q3,92860.47,709.0,,63.48,71.82,238881.31,0.4268,0.1224,1,0.0163,-0.0855,0.013,0.0158,0.0119,0.0
2038,55,North,Business,Healthcare,2025Q3,126907.19,618.0,34.71,1.53,60.25,98315.14,0.3692,0.07656,0,-0.0209,0.0201,-0.0073,-0.0495,0.0,0.0
2039,33,North,Business,Transport,2025Q3,85220.36,712.0,48.4,35.41,33.32,147483.28,0.3706,0.09287,0,0.0242,-0.0742,0.013,-0.0155,0.0,0.0
2040,47,East,Salaried,Construction,2025Q3,63698.77,620.0,55.7,17.14,67.57,91025.48,0.4413,0.14049,0,-0.0066,0.0336,0.0322,-0.0523,0.0,-0.0144
2041,54,South,Salaried,Transport,2025Q3,111574.09,644.0,32.71,44.62,53.99,112912.36,0.353,0.07302,0,-0.0202,0.0046,-0.0112,-0.0048,0.0,-0.0091
2042,51,East,Business,Retail,2025Q3,93702.8,662.0,31.14,57.52,7.71,149654.28,0.3063,0.09473,0,-0.0145,-0.0112,-0.0153,0.007,0.0,0.0
2043,65,East,Salaried,IT,2025Q3,108524.2,,3.01,72.57,52.18,116151.56,0.4992,0.04258,0,-0.0247,-0.0082,-0.0356,0.0081,0.0,-0.0043
2044,36,West,Business,Construction,2025Q3,72467.88,597.0,13.24,38.46,26.13,158380.5,0.3116,0.14706,0,0.0308,0.0634,-0.0849,-0.0194,0.0154,0.0
2045,29,South,Business,Construction,2025Q3,78834.01,708.0,16.56,50.34,35.37,124627.27,0.5424,0.06372,0,0.0237,-0.0539,-0.0368,0.0003,0.0,0.0
2046,33,East,Business,IT,2025Q3,66377.18,642.0,46.91,10.99,55.02,223230.09,0.365,0.149,0,0.0347,0.01,0.0154,-0.0646,0.0,0.0
2047,51,North,Salaried,Manufacturing,2025Q3,87800.68,697.0,32.87,29.07,58.5,135736.23,0.4564,0.03738,0,-0.0072,-0.026,-0.006,-0.0111,0.0,-0.005
2048,49,East,Salaried,Construction,2025Q3,94668.91,659.0,29.45,52.56,43.3,182181.89,0.4744,0.06974,1,-0.0085,-0.0075,-0.0167,0.0022,0.0,-0.0091
2049,45,North,SelfEmployed,IT,2025Q3,75693.61,700.0,27.62,18.1,70.55,150798.16,0.3215,0.05984,0,0.0,-0.0371,-0.0146,-0.0239,0.0,0.0138
2050,32,South,Business,Construction,2025Q3,69981.86,632.0,25.54,75.21,57.71,60681.04,0.4706,0.18967,1,0.0524,0.03,-0.0506,0.0444,0.0,0.0
2051,52,East,Business,Construction,2025Q3,104322.73,606.0,52.78,59.52,51.52,88329.89,0.4566,0.25498,0,-0.035,0.0707,0.0401,0.0187,0.0,0.0
2052,31,East,Business,Retail,2025Q3,64149.71,689.0,39.49,28.1,60.87,71062.74,0.4644,0.08755,0,0.0286,-0.0436,-0.0009,-0.025,0.0,0.0
2053,57,East,Business,Manufacturing,2025Q3,75077.01,626.0,53.86,15.39,84.1,173379.44,0.5327,0.0905,0,-0.0356,0.022,0.023,-0.0453,0.0,0.0
2054,75,South,SelfEmployed,Retail,2025Q3,117957.54,759.0,2.91,32.18,16.99,341390.77,0.4544,0.01,0,-0.0123,-0.0214,-0.0103,-0.0022,0.0,0.0025
2055,48,North,Business,Retail,2025Q3,92361.45,665.0,46.52,28.21,85.99,98418.51,0.3528,0.0952,0,-0.007,-0.0143,0.01,-0.0235,0.0,0.0
2056,50,North,Business,Transport,2025Q3,93780.53,567.0,30.26,21.23,47.67,64146.76,0.4457,0.15984,1,-0.019,0.085,-0.0269,-0.0501,0.0,0.0
2057,39,West,Salaried,Construction,2025Q3,80579.27,620.0,33.5,17.05,44.42,240312.23,0.3721,0.13234,0,0.0168,0.0311,-0.0146,-0.0489,0.0122,-0.0134
2058,24,West,Business,Healthcare,2025Q3,84593.51,592.0,59.65,42.93,51.96,131793.67,0.4017,0.40242,0,0.1342,0.1444,0.0923,-0.0209,0.0291,0.0
2059,37,South,Salaried,IT,2025Q3,66501.97,733.0,31.76,64.11,42.27,99589.36,0.4375,0.07242,0,0.0114,-0.077,-0.01,0.0088,0.0,-0.0071
2060,32,North,Salaried,Construction,2025Q3,44691.95,713.0,45.87,32.36,39.19,32121.92,0.4539,0.0578,0,0.022,-0.0655,0.0079,-0.0163,0.0,-0.0089
2061,28,South,Business,Manufacturing,2025Q3,64805.44,656.0,21.71,57.79,76.94,68796.84,0.472,0.12424,0,0.0483,-0.0082,-0.0502,0.0109,0.0,0.0
2062,63,East,Salaried,Healthcare,2025Q3,103329.35,680.0,38.58,40.79,63.19,69827.95,0.44,0.04583,0,-0.0277,-0.0167,-0.0013,-0.0051,0.0,-0.0055
2063,47,South,Business,IT,2025Q3,95855.25,654.0,12.54,61.47,21.65,235415.84,0.4614,0.06998,0,-0.0042,-0.0032,-0.0501,0.0094,0.0,0.0
2064,48,North,SelfEmployed,Transport,2025Q3,77404.33,719.0,37.08,30.7,73.48,79211.82,0.367,0.05527,0,-0.0048,-0.0585,-0.0033,-0.0141,0.0,0.0144
2065,41,South,Salaried,Transport,2025Q3,58881.04,,44.17,54.18,70.57,152272.63,0.5198,0.07613,0,0.0087,-0.0494,0.0066,0.004,0.0,-0.0103
2066,42,North,Salaried,Manufacturing,2025Q3,85020.81,708.0,55.7,50.64,30.31,205829.95,0.4606,0.08788,0,0.0067,-0.0683,0.0228,0.0006,0.0,-0.0104
2067,55,South,Business,Healthcare,2025Q3,96610.26,647.0,24.91,77.97,63.61,74796.66,0.4269,0.11108,0,-0.0289,0.003,-0.0314,0.0272,0.0,0.0
2068,44,North,Salaried,IT,2025Q3,89248.9,617.0,29.54,60.29,72.41,257221.84,0.5292,0.13457,0,0.0035,0.0398,-0.0281,0.0148,0.0,-0.0156
2069,50,East,Business,IT,2025Q3,111928.04,705.0,27.69,53.63,27.91,330648.3,0.367,0.04497,0,-0.0074,-0.0395,-0.0136,0.0021,0.0,0.0
2070,42,South,Business,Transport,2025Q3,83268.88,765.0,33.94,15.66,65.71,258334.49,0.3968,0.02304,0,0.002,-0.0582,-0.0031,-0.0123,0.0,0.0
2071,40,North,Salaried,Transport,2025Q3,89193.65,735.0,22.58,36.44,46.5,96183.89,0.4693,0.04002,0,0.0042,-0.047,-0.0131,-0.0056,0.0,-0.0041
2072,29,East,Business,Manufacturing,2025Q3,79691.38,768.0,3.48,30.39,70.84,182306.05,0.2888,0.02742,0,0.0081,-0.0555,-0.0232,-0.0058,0.0,0.0
2073,22,South,Business,Manufacturing,2025Q3,75719.65,671.0,21.32,29.91,41.33,133467.79,0.598,0.09641,0,0.0466,-0.0236,-0.0404,-0.0247,0.0,0.0
2074,41,East,Salaried,IT,2025Q3,33602.52,594.0,37.22,48.34,80.84,85509.97,0.4,0.20982,0,0.017,0.0793,-0.0089,-0.0031,0.0,-0.0195
2075,45,West,Salaried,Healthcare,2025Q3,59123.42,,35.63,53.3,55.13,98095.91,0.4088,0.18983,0,0.0,0.0709,-0.0138,0.006,0.0178,-0.0192
2076,30,North,Salaried,Transport,2025Q3,46599.5,,46.83,54.16,47.7,80553.85,0.3927,0.08499,0,0.0225,-0.1193,0.0082,0.0031,0.0,-0.0081
2077,44,West,Salaried,Manufacturing,2025Q3,69964.21,533.0,51.48,75.75,45.55,64751.49,0.5277,0.48453,1,0.007,0.2755,0.0567,0.0759,0.0298,-0.03
2078,45,East,Salaried,Retail,2025Q3,78658.32,762.0,30.81,58.64,77.48,153361.0,0.4551,0.03173,0,0.0,-0.0715,-0.0064,0.0031,0.0,-0.004
2079,21,East,Business,Healthcare,2025Q3,72794.51,606.0,12.63,20.99,45.54,228911.06,0.5628,0.19757,0,0.0697,0.0537,-0.0861,-0.0514,0.0,0.0
2080,34,South,Salaried,Healthcare,2025Q3,71843.45,791.0,44.45,52.46,81.21,164219.56,0.373,0.03354,1,0.0101,-0.1226,0.0032,0.0011,0.0,-0.0048
2081,48,South,Salaried,IT,2025Q3,66971.0,655.0,37.84,60.86,64.27,188880.88,0.4522,0.1126,0,-0.0083,-0.0054,-0.0042,0.0118,0.0,-0.012
2082,48,North,Salaried,Transport,2025Q3,91744.53,709.0,33.86,75.77,32.29,54884.09,0.2838,0.08544,1,-0.0055,-0.0546,-0.0082,0.0172,0.0,-0.008
2083,31,West,Business,IT,2025Q3,111567.19,822.0,57.53,44.61,60.52,218954.58,0.2816,0.05097,0,0.0143,-0.1946,0.013,-0.0029,0.0049,0.0
2084,46,East,Salaried,Manufacturing,2025Q3,71140.15,,45.21,44.82,60.94,160619.7,0.4244,0.11292,0,-0.0031,0.014,0.0111,-0.0071,0.0,-0.0139
2085,55,South,Salaried,Healthcare,2025Q3,73653.97,636.0,39.97,71.74,31.64,105860.96,0.461,0.11079,0,-0.0342,0.016,-0.0001,0.0261,0.0,-0.0138
2086,53,East,Business,Healthcare,2025Q3,86464.03,613.0,40.62,51.93,60.17,93450.15,0.4368,0.12079,0,-0.0309,0.045,0.0016,0.0029,0.0,0.0
2087,43,North,Salaried,IT,2025Q3,76338.42,592.0,51.6,12.84,70.84,106853.37,0.4897,0.21032,0,0.0077,0.0721,0.0302,-0.0722,0.0,-0.0176
2088,39,North,Business,Healthcare,2025Q3,76736.26,638.0,26.97,8.12,82.56,156004.77,0.4272,0.06805,0,0.0118,0.0094,-0.0219,-0.0467,0.0,0.0
2089,37,East,Salaried,Construction,2025Q3,38254.09,622.0,23.92,88.5,81.69,50206.88,0.4186,0.2194,0,0.0332,0.0445,-0.0561,0.0634,0.0,-0.0198
2090,49,South,Salaried,Construction,2025Q3,53978.47,575.0,34.25,10.3,100.0,20000.0,0.6458,0.09929,0,-0.0127,0.0659,-0.0131,-0.0619,0.0,-0.0137
2091,46,East,Salaried,Construction,2025Q3,95863.42,646.0,19.15,44.32,60.01,257787.89,0.4078,0.11117,0,-0.0019,0.0029,-0.0338,-0.0048,0.0,-0.0086
2092,51,East,Business,Transport,2025Q3,120072.29,691.0,37.27,67.43,71.08,346279.16,0.4941,0.0655,0,-0.0136,-0.041,-0.0042,0.0144,0.0,0.0
2093,45,East,SelfEmployed,Healthcare,2025Q3,113398.01,599.0,39.55,9.18,47.88,289708.59,0.3409,0.17077,0,0.0,0.0652,-0.0013,-0.0804,0.0,0.0382
2094,53,East,Salaried,Manufacturing,2025Q3,87873.48,649.0,36.9,24.21,97.68,176273.23,0.4377,0.08045,0,-0.0152,0.0007,-0.0039,-0.0218,0.0,-0.0078
2095,45,North,SelfEmployed,Transport,2025Q3,66763.7,,32.22,20.57,42.18,173174.13,0.3364,0.03073,0,0.0,-0.0688,-0.0056,-0.014,0.0,0.0088
2096,53,East,Salaried,Manufacturing,2025Q3,75915.71,563.0,64.45,87.62,96.78,171845.95,0.6164,0.42676,1,-0.0548,0.1969,0.1101,0.1023,0.0,-0.0292
2097,54,East,Business,Construction,2025Q3,72855.02,791.0,53.05,92.4,94.22,201652.76,0.3335,0.04592,0,-0.013,-0.1446,0.0107,0.0186,0.0,0.0
2098,35,North,Business,IT,2025Q3,55061.94,614.0,36.45,31.85,44.3,126662.51,0.4376,0.18348,0,0.0365,0.0496,-0.0104,-0.0334,0.0,0.0
2099,24,North,Salaried,Retail,2025Q3,62294.73,674.0,39.49,60.75,80.73,64810.48,0.3532,0.19268,0,0.0658,-0.0395,-0.0014,0.0169,0.0,-0.0171
2100,61,North,Salaried,Construction,2025Q3,100702.21,747.0,,54.78,69.13,183606.32,0.3229,0.039,0,-0.0222,-0.071,0.0135,0.0022,0.0,-0.0051
2101,47,North,Salaried,Manufacturing,2025Q3,113650.72,768.0,28.65,41.82,51.76,303599.85,0.3801,0.02989,0,-0.0013,-0.0564,-0.0057,-0.0023,0.0,-0.0029
2102,25,South,Business,Manufacturing,2025Q3,72104.32,692.0,22.55,12.21,57.28,138506.14,0.4418,0.06972,0,0.0271,-0.0347,-0.025,-0.0339,0.0,0.0
2103,36,North,Salaried,Manufacturing,2025Q3,44058.97,613.0,41.63,98.76,65.31,108784.51,0.5251,0.39113,0,0.0513,0.08,0.0069,0.1102,0.0,-0.0263
2104,52,East,Business,Construction,2025Q3,95705.43,,44.62,8.05,67.21,127465.14,0.3962,0.09676,0,-0.0208,0.0387,0.0088,-0.06,0.0,0.0
2105,41,North,Salaried,Manufacturing,2025Q3,67915.73,621.0,45.82,52.67,89.88,179735.62,0.39,0.16713,0,0.0162,0.0431,0.0168,0.0048,0.0,-0.0187
2106,38,North,SelfEmployed,Retail,2025Q3,69457.83,788.0,51.24,33.75,71.42,197151.46,0.482,0.04815,0,0.0085,-0.1439,0.0097,-0.0101,0.0,0.0125
2107,59,South,Salaried,Transport,2025Q3,95387.49,634.0,26.28,70.18,44.6,243062.89,0.5606,0.07334,0,-0.0375,0.0134,-0.0251,0.0179,0.0,-0.0103
2108,32,North,Business,Healthcare,2025Q3,58039.49,,15.46,66.61,74.87,126495.01,0.4096,0.11276,0,0.0276,-0.0355,-0.0523,0.0161,0.0,0.0
2109,35,West,Salaried,Construction,2025Q3,69952.99,589.0,28.65,26.47,25.05,220170.13,0.4861,0.17917,0,0.0379,0.0796,-0.0361,-0.0457,0.0171,-0.0185
2110,46,South,Salaried,Manufacturing,2025Q3,89228.14,,47.31,30.62,52.27,220904.19,0.5852,0.1636,1,-0.0044,0.0927,0.0218,-0.0389,0.0,-0.0194
2111,48,North,Salaried,Healthcare,2025Q3,104855.28,662.0,23.25,13.9,54.19,281722.6,0.6352,0.03908,0,-0.0038,-0.006,-0.0168,-0.0228,0.0,-0.0055
2112,49,North,Salaried,Healthcare,2025Q3,85786.77,638.0,7.06,52.29,73.17,151005.36,0.4652,0.05531,1,-0.0071,0.0075,-0.0528,0.0016,0.0,-0.0076
2113,54,South,Business,Construction,2025Q3,118476.17,643.0,40.31,63.64,95.42,91499.78,0.4902,0.14321,0,-0.0301,0.0081,0.0007,0.0167,0.0,0.0
2114,46,East,Salaried,Transport,2025Q3,69509.87,,28.93,38.28,64.35,159731.5,0.47,0.20153,0,-0.0043,0.1099,-0.0362,-0.0225,0.0,-0.0191
2115,49,East,Business,IT,2025Q3,89722.78,655.0,10.37,42.61,52.77,173726.4,0.3073,0.05614,0,-0.0064,-0.0031,-0.0418,-0.005,0.0,0.0
2116,41,South,SelfEmployed,Construction,2025Q3,105261.25,765.0,39.19,89.97,46.03,309182.37,0.415,0.08277,0,0.0086,-0.1666,-0.0013,0.0316,0.0,0.0213
2117,45,East,Salaried,Transport,2025Q3,51911.48,602.0,31.82,68.6,76.7,119082.98,0.554,0.17867,1,0.0,0.0669,-0.026,0.0313,0.0,-0.0188
2118,45,South,Salaried,Manufacturing,2025Q3,69343.47,721.0,64.82,77.65,56.1,226261.52,0.3424,0.15418,0,0.0,-0.1073,0.0423,0.0301,0.0,-0.013
2119,46,East,Salaried,IT,2025Q3,97812.03,424.0,39.42,0.0,49.94,214670.71,0.3582,0.43396,0,-0.0069,0.3819,-0.0029,-0.1487,0.0,-0.0298
2120,52,East,Salaried,Manufacturing,2025Q3,79099.99,605.0,47.38,60.04,79.03,150149.04,0.4905,0.20611,0,-0.031,0.0626,0.021,0.0173,0.0,-0.0186
2121,50,North,Salaried,Transport,2025Q3,75959.16,530.0,37.72,53.53,83.39,207395.34,0.329,0.27838,0,-0.0297,0.1919,-0.0095,0.0087,0.0,-0.0253
2122,44,East,Business,IT,2025Q3,85924.02,744.0,28.44,20.46,40.81,71135.05,0.2688,0.03773,0,0.0008,-0.0472,-0.0071,-0.0115,0.0,0.0
2123,35,East,Salaried,Transport,2025Q3,69708.73,720.0,30.2,25.03,30.07,217241.67,0.2722,0.03644,0,0.0106,-0.0473,-0.0092,-0.0148,0.0,-0.0054
2124,45,South,Salaried,Construction,2025Q3,96149.51,590.0,55.3,43.19,58.04,256940.66,0.2883,0.26106,1,0.0,0.0976,0.0504,-0.015,0.0,-0.0222
2125,44,West,SelfEmployed,Manufacturing,2025Q3,100336.17,680.0,,18.48,37.2,310831.3,0.5016,0.10454,0,0.0029,-0.0389,0.0192,-0.0454,0.0119,0.0278
2126,46,West,Business,IT,2025Q3,92706.23,742.0,14.18,30.43,34.46,77327.02,0.4064,0.03831,0,-0.0007,-0.0425,-0.0169,-0.0067,0.0029,0.0
2127,68,North,Business,IT,2025Q3,131962.99,,18.02,37.84,39.19,342310.05,0.5563,0.01513,0,-0.0118,-0.0266,-0.0072,-0.0021,0.0,0.0
2128,38,East,Salaried,Retail,2025Q3,76452.27,632.0,18.91,60.62,80.93,118410.9,0.4926,0.09304,1,0.0195,0.0197,-0.0529,0.013,0.0,-0.0135
2129,49,East,Business,Construction,2025Q3,110664.16,510.0,,32.45,73.01,81143.99,0.6414,0.3541,1,-0.027,0.2713,0.0687,-0.0512,0.0,0.0
2130,56,East,SelfEmployed,Transport,2025Q3,75989.35,599.0,10.3,38.16,100.0,98584.71,0.3938,0.11818,0,-0.0329,0.0426,-0.0707,-0.0142,0.0,0.0252
2131,45,South,Salaried,Healthcare,2025Q3,107893.95,712.0,50.58,70.54,47.16,119332.43,0.4348,0.10197,0,0.0,-0.0747,0.0162,0.0186,0.0,-0.0105
2132,70,West,Salaried,Healthcare,2025Q3,103063.83,803.0,44.37,9.19,86.6,159465.48,0.272,0.01,0,-0.0087,-0.0364,0.0007,-0.0054,0.001,-0.0011
2133,40,East,Business,Manufacturing,2025Q3,37630.43,656.0,40.35,53.0,69.87,108704.98,0.4032,0.14127,0,0.0158,-0.008,0.0008,0.0042,0.0,0.0
2134,48,East,Business,Construction,2025Q3,124171.49,619.0,30.43,56.57,48.87,272546.13,0.5531,0.13436,0,-0.0105,0.0365,-0.0248,0.0093,0.0,0.0
2135,35,North,Business,Retail,2025Q3,82690.99,823.0,57.02,57.17,57.07,172048.25,0.3637,0.04969,0,0.0098,-0.1826,0.0115,0.0033,0.0,0.0
2136,40,South,Business,Retail,2025Q3,79981.11,688.0,39.82,36.97,48.78,227356.14,0.3954,0.07286,0,0.0102,-0.0383,-0.0003,-0.0129,0.0,0.0
2137,47,West,Salaried,Manufacturing,2025Q3,67497.7,577.0,,24.57,65.17,189861.8,0.4513,0.11913,0,-0.006,0.0615,-0.0631,-0.0357,0.0119,-0.0131
2138,53,East,Business,Retail,2025Q3,106711.03,652.0,18.62,81.43,79.73,312425.22,0.4383,0.08643,0,-0.0212,-0.0019,-0.0439,0.028,0.0,0.0
2139,48,North,Business,Construction,2025Q3,78309.0,,11.68,29.16,52.63,231374.56,0.4118,0.02116,0,-0.002,-0.0307,-0.0175,-0.0066,0.0,0.0
2140,58,West,SelfEmployed,Transport,2025Q3,85915.68,655.0,57.21,23.43,76.97,254188.27,0.5324,0.11855,0,-0.0462,-0.0062,0.0336,-0.0399,0.0128,0.0298
2141,43,East,Business,Manufacturing,2025Q3,79848.19,714.0,60.79,48.44,85.42,80855.52,0.3474,0.0884,0,0.0049,-0.0832,0.0316,-0.0017,0.0,0.0
2142,40,East,Business,IT,2025Q3,81839.55,551.0,55.38,31.74,89.88,156330.64,0.4456,0.36968,0,0.031,0.1953,0.0661,-0.0512,0.0,0.0
2143,74,North,Business,Transport,2025Q3,108426.25,562.0,35.71,71.12,36.54,202013.76,0.4661,0.13101,1,-0.1426,0.0948,-0.0121,0.0319,0.0,0.0
2144,48,East,Business,Construction,2025Q3,109650.65,610.0,15.18,42.17,59.02,67160.79,0.3692,0.10844,0,-0.0079,0.0336,-0.0549,-0.0089,0.0,0.0
2145,36,North,Salaried,Transport,2025Q3,73379.12,641.0,21.14,73.97,74.19,63586.72,0.3949,0.12756,1,0.0278,0.0116,-0.0521,0.0313,0.0,-0.0152
2146,36,South,Business,IT,2025Q3,90574.66,683.0,22.18,57.87,38.27,170974.54,0.4773,0.08968,0,0.0185,-0.0342,-0.0335,0.0074,0.0,0.0
2147,34,East,Salaried,Manufacturing,2025Q3,77690.84,703.0,37.27,39.46,33.81,245903.13,0.343,0.07202,0,0.0185,-0.0513,-0.0038,-0.0092,0.0,-0.0087
2148,54,West,Salaried,Construction,2025Q3,83024.3,828.0,60.2,72.51,59.47,169089.59,0.5871,0.02723,0,-0.0082,-0.1486,0.0097,0.0069,0.0033,-0.0037
2149,40,South,Salaried,Construction,2025Q3,53734.43,610.0,60.14,33.68,51.74,124862.42,0.5724,0.25642,0,0.0228,0.0656,0.0607,-0.0351,0.0,-0.0211
2150,45,West,Salaried,IT,2025Q3,109093.1,639.0,30.19,40.96,56.55,122931.65,0.4455,0.09971,0,0.0,0.0109,-0.0201,-0.0107,0.0108,-0.0119
2151,43,West,Business,Retail,2025Q3,106495.62,612.0,2.22,59.64,50.57,126219.26,0.4869,0.13362,1,0.0058,0.0375,-0.1047,0.0117,0.0121,0.0
2152,52,North,Salaried,Retail,2025Q3,111930.89,,19.33,52.99,100.0,329543.94,0.4601,0.03144,0,-0.0058,-0.0386,-0.0136,0.001,0.0,-0.0034
2153,35,North,Salaried,Transport,2025Q3,86221.69,737.0,57.02,33.18,50.77,113338.67,0.4419,0.06553,0,0.0159,-0.0923,0.0188,-0.0141,0.0,-0.0081
2154,32,East,Business,IT,2025Q3,71613.31,630.0,41.71,14.2,71.71,167341.65,0.4421,0.12049,0,0.04,0.0254,0.0042,-0.0622,0.0,0.0
2155,46,East,Salaried,Transport,2025Q3,35236.4,800.0,32.31,47.59,70.37,20000.0,0.5951,0.01647,0,-0.0005,-0.0735,-0.0031,-0.0006,0.0,-0.0024
2156,51,South,Business,Healthcare,2025Q3,74876.26,612.0,31.19,32.0,26.22,55799.43,0.3833,0.13447,0,-0.0175,0.0347,-0.0185,-0.023,0.0,0.0
2157,48,East,Business,Retail,2025Q3,105757.4,,25.99,48.65,89.32,182752.07,0.3685,0.04222,0,-0.0033,-0.0499,-0.0119,-0.0006,0.0,0.0
2158,35,East,Salaried,Retail,2025Q3,65768.54,759.0,18.74,38.74,72.52,123503.63,0.3952,0.02863,0,0.0067,-0.0591,-0.0142,-0.0039,0.0,-0.0035
2159,51,East,Salaried,IT,2025Q3,74442.7,567.0,71.15,32.21,63.14,52421.25,0.5082,0.26551,0,-0.0355,0.1475,0.1091,-0.0455,0.0,-0.0251
2160,36,East,Business,IT,2025Q3,38580.04,699.0,65.5,42.1,81.15,88389.99,0.5713,0.18093,0,0.0275,-0.0779,0.0507,-0.0118,0.0,0.0
2161,38,North,Business,Healthcare,2025Q3,85063.71,475.0,24.85,46.38,59.04,62452.57,0.4886,0.41783,1,0.0481,0.3472,-0.0756,-0.0108,0.0,0.0
2162,34,North,Salaried,Healthcare,2025Q3,47227.99,716.0,9.94,63.29,77.64,120979.78,0.4507,0.05193,0,0.0129,-0.0487,-0.0381,0.0071,0.0,-0.0061
2163,58,North,Salaried,IT,2025Q3,75261.11,585.0,40.7,57.31,22.48,157014.3,0.4811,0.17844,0,-0.0566,0.0771,0.0019,0.0118,0.0,-0.0173
2164,51,West,Salaried,Healthcare,2025Q3,97301.87,,35.64,94.08,76.35,163286.13,0.4037,0.07942,0,-0.0159,-0.0592,-0.008,0.038,0.0101,-0.0112
2165,51,West,Business,Manufacturing,2025Q3,78475.44,711.0,48.05,51.11,63.67,173969.95,0.5055,0.06716,0,-0.0127,-0.0628,0.0106,0.0009,0.008,0.0
2166,58,East,Salaried,Transport,2025Q3,71493.59,736.0,51.67,33.2,63.99,20000.0,0.4317,0.03135,0,-0.0142,-0.0491,0.0069,-0.0073,0.0,-0.0042
2167,75,North,Salaried,Construction,2025Q3,106940.45,721.0,19.28,44.34,43.15,195923.95,0.4817,0.01767,0,-0.0193,-0.0174,-0.0076,-0.001,0.0,-0.0019
2168,25,East,Salaried,Retail,2025Q3,74302.52,664.0,58.48,60.5,55.62,107503.31,0.3992,0.22318,0,0.0864,-0.029,0.0603,0.022,0.0,-0.0224
2169,36,North,SelfEmployed,Transport,2025Q3,69251.29,634.0,32.35,70.08,55.04,58338.99,0.3898,0.199,0,0.0434,0.0309,-0.0293,0.0416,0.0,0.0509
2170,37,South,Salaried,Transport,2025Q3,95809.88,,47.73,77.51,37.22,82401.59,0.3983,0.1555,0,0.0328,-0.0088,0.0232,0.0467,0.0,-0.0195
2171,35,North,Salaried,Manufacturing,2025Q3,44583.95,584.0,33.82,25.63,67.17,122954.4,0.4745,0.16547,1,0.0386,0.0862,-0.0194,-0.0483,0.0,-0.0188
2172,32,East,Business,Healthcare,2025Q3,53727.0,646.0,52.76,76.17,91.46,142405.51,0.5183,0.22427,0,0.0663,0.0087,0.0478,0.0579,0.0,0.0
2173,41,North,Business,Manufacturing,2025Q3,60292.85,640.0,2.0,46.99,31.57,42324.14,0.5987,0.08426,0,0.0073,0.0072,-0.0721,-0.0025,0.0,0.0
2174,31,East,Salaried,IT,2025Q3,34260.69,606.0,49.81,27.61,69.8,61068.08,0.4569,0.24581,0,0.0599,0.0719,0.0318,-0.0495,0.0,-0.0213
2175,48,West,Business,Healthcare,2025Q3,100357.88,542.0,24.69,43.52,51.59,172275.51,0.6144,0.24812,1,-0.016,0.1566,-0.0613,-0.0148,0.0217,0.0
2176,45,East,Business,Retail,2025Q3,73999.79,573.0,39.18,74.64,49.28,42711.14,0.5045,0.29503,1,0.0,0.1466,-0.0035,0.0589,0.0,0.0
2177,49,North,SelfEmployed,Retail,2025Q3,62816.54,446.0,57.92,58.06,61.5,149638.52,0.4454,0.74471,0,-0.0221,0.5055,0.0777,0.02,0.0,0.0644
2178,50,West,Salaried,Manufacturing,2025Q3,87936.34,639.0,25.15,21.34,61.8,243339.88,0.4409,0.077,0,-0.0095,0.0073,-0.0216,-0.0255,0.0073,-0.0081
2179,51,East,Salaried,IT,2025Q3,96831.09,685.0,22.64,21.5,63.69,297155.75,0.4768,0.0296,0,-0.0062,-0.0157,-0.0139,-0.0136,0.0,-0.0043
2180,40,South,Salaried,Manufacturing,2025Q3,91015.45,478.0,32.05,20.89,37.38,164341.0,0.5554,0.33202,0,0.0319,0.2864,-0.0376,-0.0842,0.0,-0.0283
2181,67,East,Business,Retail,2025Q3,127155.12,,,31.91,81.8,211904.04,0.38,0.04225,0,-0.0297,-0.0118,-0.007,-0.0086,0.0,0.0
2182,47,West,SelfEmployed,Transport,2025Q3,69874.14,652.0,21.2,49.7,61.62,68952.83,0.3983,0.12577,0,-0.0061,-0.0024,-0.0459,-0.0004,0.0122,0.0284
2183,24,South,Business,Retail,2025Q3,77669.64,580.0,39.7,23.22,71.88,144699.91,0.4252,0.30792,0,0.1038,0.1292,-0.0012,-0.0697,0.0,0.0
2184,33,East,SelfEmployed,Healthcare,2025Q3,82743.69,631.0,40.53,38.58,84.29,161117.78,0.4183,0.19903,0,0.0533,0.0345,0.0018,-0.0249,0.0,0.0481
2185,25,South,Salaried,Healthcare,2025Q3,50052.1,731.0,45.41,78.84,21.58,57043.52,0.4236,0.11086,0,0.0495,-0.1332,0.0114,0.0332,0.0,-0.0137
2186,44,North,SelfEmployed,Manufacturing,2025Q3,86665.54,594.0,24.89,83.59,72.61,201531.84,0.5981,0.30542,0,0.0057,0.1087,-0.0657,0.0752,0.0,0.0574
2187,43,East,Salaried,Healthcare,2025Q3,52270.87,665.0,22.9,82.11,56.72,97233.44,0.3886,0.09462,0,0.0052,-0.0166,-0.0369,0.0313,0.0,-0.0119
2188,39,North,Business,Healthcare,2025Q3,74903.2,684.0,36.1,8.51,80.38,150443.94,0.2844,0.04718,0,0.009,-0.0253,-0.0046,-0.0356,0.0,0.0
2189,66,South,Business,Healthcare,2025Q3,117192.17,604.0,34.08,84.82,43.97,263840.96,0.3073,0.13557,1,-0.0912,0.0539,-0.0158,0.046,0.0,0.0
2190,50,South,Salaried,Construction,2025Q3,108235.77,729.0,34.39,50.02,78.71,322066.42,0.4652,0.03813,0,-0.0057,-0.0498,-0.0045,0.0,0.0,-0.0048
2191,52,North,Salaried,Manufacturing,2025Q3,103625.91,687.0,26.68,49.72,38.9,157722.46,0.3709,0.06682,0,-0.0102,-0.0233,-0.0143,-0.0002,0.0,-0.006
2192,34,South,Business,Manufacturing,2025Q3,93595.45,643.0,43.28,70.64,68.04,290072.93,0.4515,0.1974,0,0.0487,0.013,0.0111,0.0399,0.0,0.0
2193,33,East,Business,Healthcare,2025Q3,82234.6,821.0,22.92,63.48,65.69,196549.67,0.311,0.02446,0,0.0069,-0.1179,-0.0097,0.0036,0.0,0.0
2194,44,South,Salaried,Transport,2025Q3,74345.85,729.0,36.05,6.89,56.89,168174.63,0.388,0.0415,0,0.0008,-0.0376,-0.0023,-0.0188,0.0,-0.0036
2195,46,North,Business,Healthcare,2025Q3,66443.2,545.0,33.1,34.53,39.36,113565.91,0.4382,0.20694,0,-0.0052,0.1501,-0.0261,-0.0356,0.0,0.0
2196,24,West,Business,Construction,2025Q3,57660.88,,37.46,39.95,52.63,56310.89,0.3782,0.24629,0,0.0861,0.0292,-0.009,-0.0217,0.0202,0.0
2197,42,West,Business,Manufacturing,2025Q3,74448.61,828.0,56.96,18.73,78.46,38491.98,0.4641,0.02047,0,0.0018,-0.1208,0.0066,-0.0102,0.0026,0.0
2198,44,South,Salaried,Retail,2025Q3,86045.67,593.0,16.97,69.94,89.76,188909.5,0.5522,0.17307,0,0.0038,0.0688,-0.0729,0.0301,0.0,-0.017
2199,42,South,Salaried,Healthcare,2025Q3,90909.06,665.0,2.0,79.66,99.08,278491.82,0.4734,0.10576,0,0.0054,-0.0118,-0.0704,0.0205,0.0,-0.0085
2200,35,North,Salaried,IT,2025Q3,80858.32,744.0,28.49,47.77,70.54,249250.34,0.5581,0.05028,0,0.0104,-0.0705,-0.0107,-0.0011,0.0,-0.0053
2201,38,North,Business,Construction,2025Q3,106588.0,704.0,19.58,54.57,65.03,92692.53,0.3034,0.06451,0,0.0106,-0.0455,-0.0288,0.0032,0.0,0.0
2202,42,South,Salaried,Healthcare,2025Q3,75200.64,714.0,2.0,47.75,68.98,102694.46,0.3882,0.02538,0,0.0023,-0.0288,-0.032,-0.0008,0.0,-0.0037
2203,45,West,Salaried,IT,2025Q3,58907.26,710.0,65.94,50.18,98.57,127782.57,0.3786,0.10711,0,0.0,-0.0831,0.0415,0.0002,0.0112,-0.0123
2204,51,East,Business,Manufacturing,2025Q3,96101.21,662.0,46.96,72.59,70.41,161022.28,0.4801,0.12548,0,-0.0211,-0.0164,0.0157,0.029,0.0,0.0
2205,56,South,Salaried,Transport,2025Q3,73452.93,606.0,48.67,9.16,61.74,75061.08,0.3421,0.07786,0,-0.031,0.0355,0.0144,-0.053,0.0,-0.0112
2206,41,West,Business,Healthcare,2025Q3,99841.48,690.0,33.43,58.69,54.49,222840.48,0.4669,0.0712,0,0.0097,-0.0476,-0.0126,0.0091,0.0104,0.0
2207,39,South,SelfEmployed,Transport,2025Q3,72736.43,633.0,44.73,48.26,56.8,118462.36,0.318,0.2025,0,0.0282,0.0312,0.0162,-0.0037,0.0,0.0484
2208,49,North,Business,IT,2025Q3,93426.43,627.0,31.24,32.3,67.73,248551.52,0.4954,0.09955,1,-0.0105,0.0206,-0.0169,-0.0208,0.0,0.0
2209,51,South,Salaried,IT,2025Q3,94485.2,761.0,51.03,36.93,44.97,108401.15,0.481,0.0394,0,-0.0057,-0.0696,0.0063,-0.0053,0.0,-0.004
2210,39,North,Salaried,Retail,2025Q3,57860.3,634.0,41.03,88.31,47.47,174389.92,0.3425,0.20124,0,0.0278,0.0291,0.0036,0.0697,0.0,-0.0215
2211,53,West,Salaried,Manufacturing,2025Q3,101151.58,776.0,37.42,18.79,58.72,272438.41,0.354,0.01886,0,-0.0045,-0.0509,-0.0009,-0.0081,0.002,-0.0023
2212,55,South,Salaried,Manufacturing,2025Q3,61343.27,677.0,38.62,44.29,50.96,106805.46,0.5133,0.04525,0,-0.018,-0.0192,-0.0016,-0.004,0.0,-0.0072
2213,58,East,Salaried,Healthcare,2025Q3,93817.92,649.0,61.45,83.85,71.93,257094.01,0.5392,0.15035,0,-0.0576,0.0015,0.0522,0.0499,0.0,-0.0176
2214,64,South,Business,IT,2025Q3,107063.82,,40.68,20.06,73.48,205868.48,0.3532,0.11772,0,-0.0891,0.1158,0.0019,-0.0572,0.0,0.0
2215,34,West,Business,Construction,2025Q3,96592.15,,21.53,37.96,65.25,174143.49,0.4037,0.03463,0,0.0061,-0.0921,-0.0101,-0.0035,0.0026,0.0
2216,44,East,Business,Healthcare,2025Q3,65961.27,660.0,43.38,48.93,69.8,116018.37,0.4763,0.12547,0,0.003,-0.0122,0.007,-0.0014,0.0,0.0
2217,44,South,Salaried,Transport,2025Q3,48145.76,506.0,45.82,57.08,62.35,72928.62,0.4772,0.44357,0,0.0069,0.2992,0.0284,0.0208,0.0,-0.0297
2218,43,North,Business,Transport,2025Q3,103300.8,727.0,35.68,46.23,5.0,126501.3,0.5154,0.05862,0,0.0028,-0.063,-0.0045,-0.0023,0.0,0.0
2219,37,West,Salaried,IT,2025Q3,62363.4,657.0,37.17,28.3,42.48,63221.17,0.3813,0.1592,0,0.0196,-0.0076,-0.0055,-0.0276,0.011,-0.012
2220,28,East,Salaried,Transport,2025Q3,59665.56,597.0,20.94,57.84,74.15,160055.49,0.4129,0.20158,1,0.0695,0.0822,-0.0711,0.0154,0.0,-0.0209
2221,45,North,Salaried,Retail,2025Q3,64724.52,723.0,39.55,45.79,43.22,63844.03,0.3492,0.04274,0,0.0,-0.0557,-0.0004,-0.0025,0.0,-0.0061
2222,36,West,SelfEmployed,Manufacturing,2025Q3,92930.59,487.0,18.57,61.81,77.11,211989.12,0.5042,0.64294,0,0.0628,0.3838,-0.1017,0.0352,0.0298,0.0747
2223,45,North,Salaried,Transport,2025Q3,81985.89,611.0,33.99,68.32,78.23,221704.76,0.4197,0.14643,0,0.0,0.054,-0.0181,0.0297,0.0,-0.0181
2224,35,South,Salaried,IT,2025Q3,71931.95,640.0,27.29,15.3,54.69,124169.47,0.5008,0.10746,0,0.0198,0.0084,-0.0224,-0.0393,0.0,-0.01
2225,32,East,Business,Manufacturing,2025Q3,58846.83,,53.73,70.73,48.19,146930.48,0.3759,0.13896,1,0.0385,-0.1162,0.03,0.0275,0.0,0.0
2226,47,South,Salaried,Transport,2025Q3,87427.1,812.0,62.8,42.4,60.19,289387.59,0.3575,0.03032,0,-0.0016,-0.1185,0.0101,-0.0026,0.0,-0.0035
2227,46,South,Business,Retail,2025Q3,74640.17,643.0,19.69,66.15,59.12,97335.22,0.4502,0.08533,0,-0.0027,0.0072,-0.0457,0.0173,0.0,0.0
2228,50,North,Salaried,IT,2025Q3,69246.05,691.0,37.93,58.87,72.54,86162.21,0.351,0.1063,0,-0.0096,-0.0354,-0.0027,0.0066,0.0,-0.0082
2229,68,North,Business,IT,2025Q3,87723.74,847.0,33.03,88.79,13.18,160114.2,0.4441,0.01095,0,-0.0104,-0.0821,-0.0017,0.0043,0.0,0.0
2230,47,North,Salaried,Manufacturing,2025Q3,75582.25,660.0,45.43,48.14,45.32,207536.87,0.4831,0.09313,0,-0.0054,-0.0107,0.0097,-0.0021,0.0,-0.0118
2231,49,North,Salaried,Transport,2025Q3,99360.52,,39.54,39.13,39.75,213302.35,0.4693,0.06387,0,-0.0065,-0.0311,-0.0005,-0.0076,0.0,-0.0069
2232,32,West,Salaried,Transport,2025Q3,68980.51,576.0,31.8,36.71,9.63,68464.6,0.376,0.22942,0,0.062,0.1215,-0.032,-0.0311,0.0219,-0.0232
2233,30,East,Salaried,IT,2025Q3,55147.22,793.0,39.5,25.18,50.1,86354.74,0.5054,0.03064,0,0.0096,-0.0953,-0.0003,-0.0095,0.0,-0.0035
2234,61,South,Salaried,Transport,2025Q3,92964.63,612.0,34.57,65.78,30.01,211264.39,0.297,0.09568,0,-0.0548,0.0368,-0.0117,0.0182,0.0,-0.013
2235,34,South,Salaried,Healthcare,2025Q3,68565.05,678.0,63.43,23.77,52.25,102551.24,0.4812,0.13125,0,0.0307,-0.0386,0.0439,-0.0395,0.0,-0.014
2236,33,East,Salaried,Transport,2025Q3,66989.24,,25.3,65.59,50.24,66461.55,0.4339,0.09661,0,0.028,-0.0304,-0.0314,0.0165,0.0,-0.012
2237,44,North,Business,Transport,2025Q3,93892.02,666.0,42.12,43.08,69.07,256772.5,0.4797,0.09282,0,0.0026,-0.0178,0.0039,-0.0081,0.0,0.0
2238,43,North,Salaried,Transport,2025Q3,56080.1,630.0,46.15,9.21,55.0,131253.29,0.4217,0.08868,0,0.0051,0.0187,0.0109,-0.0549,0.0,-0.0117
2239,34,East,Business,Healthcare,2025Q3,83617.69,676.0,45.02,80.74,26.17,234000.85,0.4296,0.21429,0,0.0427,-0.0477,0.0149,0.0501,0.0,0.0
2240,41,South,Business,Healthcare,2025Q3,56405.53,779.0,33.23,0.0,66.93,77749.93,0.4428,0.01703,0,0.0019,-0.0527,-0.0026,-0.0144,0.0,0.0
2241,58,East,Salaried,IT,2025Q3,98661.22,815.0,59.89,46.2,100.0,96468.17,0.3741,0.01927,0,-0.0085,-0.091,0.0064,-0.0009,0.0,-0.0025
2242,35,West,SelfEmployed,Manufacturing,2025Q3,55750.51,648.0,4.58,53.15,81.5,31260.58,0.4499,0.13923,0,0.0286,0.0025,-0.103,0.0042,0.013,0.0304
2243,29,East,Business,IT,2025Q3,98396.76,629.0,20.5,0.0,73.58,223006.85,0.4591,0.11347,0,0.032,0.018,-0.039,-0.0652,0.0,0.0
2244,54,North,Salaried,Construction,2025Q3,40685.75,605.0,48.62,57.71,56.09,121567.36,0.6233,0.15081,0,-0.0391,0.06,0.0233,0.0129,0.0,-0.0179
2245,49,North,Business,IT,2025Q3,125339.65,843.0,23.92,33.26,50.18,331625.33,0.2366,0.01,0,-0.001,-0.0612,-0.0034,-0.002,0.0,0.0
2246,37,North,Business,Healthcare,2025Q3,54894.03,669.0,22.98,42.53,48.79,64031.88,0.5291,0.07387,0,0.016,-0.0179,-0.0308,-0.0073,0.0,0.0
2247,27,East,Business,IT,2025Q3,53801.18,736.0,30.52,77.55,64.81,55354.12,0.4381,0.09208,0,0.0355,-0.1181,-0.0176,0.0249,0.0,0.0
2248,36,West,SelfEmployed,Transport,2025Q3,81883.03,,25.43,51.14,37.28,156059.38,0.4383,0.12015,0,0.0207,-0.0729,-0.0298,0.0012,0.0104,0.0242
2249,43,West,Business,Manufacturing,2025Q3,100936.87,810.0,48.19,40.29,64.41,47518.22,0.2742,0.01967,0,0.0016,-0.1213,0.0044,-0.0035,0.0033,0.0
2250,57,North,Salaried,Retail,2025Q3,82299.06,643.0,52.47,44.25,46.73,186908.81,0.5267,0.08991,0,-0.0359,0.007,0.0211,-0.0066,0.0,-0.0118
2251,33,East,Business,Retail,2025Q3,96866.91,585.0,39.41,87.07,25.71,109075.52,0.3641,0.37576,0,0.076,0.1507,-0.0028,0.0987,0.0,0.0
2252,43,East,Salaried,Construction,2025Q3,60462.02,786.0,54.87,56.9,46.45,143456.29,0.5022,0.04473,0,0.0022,-0.1214,0.0104,0.0032,0.0,-0.0051
2253,51,East,Salaried,Retail,2025Q3,74805.54,721.0,15.82,28.56,85.02,144408.6,0.3636,0.02819,0,-0.0041,-0.0256,-0.0136,-0.0065,0.0,-0.0028
2254,21,East,Salaried,Retail,2025Q3,49562.6,691.0,39.21,37.26,62.77,32041.31,0.5354,0.08922,0,0.0538,-0.0553,-0.0016,-0.0168,0.0,-0.013
2255,55,North,Salaried,Construction,2025Q3,75908.87,764.0,59.57,21.82,5.0,214312.31,0.3353,0.03571,0,-0.0087,-0.0635,0.0089,-0.0108,0.0,-0.0034
2256,31,North,Business,Healthcare,2025Q3,44184.79,695.0,53.63,38.06,46.53,137943.47,0.3415,0.13825,1,0.0376,-0.0659,0.0274,-0.0168,0.0,0.0
2257,48,West,Salaried,Construction,2025Q3,78855.99,767.0,60.98,83.37,78.07,238900.74,0.3832,0.07281,0,-0.0061,-0.1532,0.0246,0.0237,0.008,-0.0088
2258,47,South,Business,Construction,2025Q3,91329.87,677.0,28.56,44.34,54.03,80768.64,0.363,0.05395,0,-0.0037,-0.0217,-0.0163,-0.0045,0.0,0.0
2259,56,South,Salaried,Retail,2025Q3,105907.29,721.0,52.68,18.59,70.48,196734.16,0.388,0.03276,0,-0.0124,-0.0396,0.0079,-0.0157,0.0,-0.0044
2260,50,South,Business,Healthcare,2025Q3,72953.0,696.0,31.17,57.48,52.09,49580.39,0.5506,0.07598,0,-0.0089,-0.0379,-0.0114,0.0052,0.0,0.0
2261,21,South,Business,Retail,2025Q3,58490.67,,47.52,39.36,63.68,187536.72,0.3917,0.24629,0,0.103,0.0236,0.0268,-0.0244,0.0,0.0
2262,35,West,Business,Healthcare,2025Q3,104262.84,646.0,58.97,60.35,60.71,212376.65,0.4471,0.26213,0,0.0513,0.0086,0.0677,0.0237,0.0229,0.0
2263,46,North,SelfEmployed,Construction,2025Q3,90779.2,633.0,25.29,42.67,47.08,218566.35,0.5651,0.11425,0,-0.0033,0.0201,-0.0378,-0.0105,0.0,0.031
2264,42,North,Business,IT,2025Q3,98788.83,678.0,8.31,79.8,71.43,128753.87,0.441,0.08965,0,0.0059,-0.0256,-0.0604,0.0225,0.0,0.0
2265,49,East,Salaried,IT,2025Q3,88361.81,629.0,67.56,27.97,90.63,74261.51,0.5292,0.15563,0,-0.0156,0.0285,0.0608,-0.0386,0.0,-0.0167
2266,53,East,Salaried,Construction,2025Q3,92041.69,690.0,45.81,22.37,67.69,162941.73,0.4623,0.04779,0,-0.0117,-0.0254,0.0052,-0.0182,0.0,-0.006
2267,51,North,Business,Construction,2025Q3,129778.9,687.0,36.29,68.63,62.08,280743.19,0.4987,0.08372,0,-0.014,-0.0375,-0.006,0.0159,0.0,0.0
2268,42,North,Salaried,Transport,2025Q3,75547.73,674.0,35.41,3.92,43.14,102300.98,0.418,0.04694,0,0.004,-0.0148,-0.0048,-0.0353,0.0,-0.0063
2269,24,North,SelfEmployed,Healthcare,2025Q3,47495.82,675.0,4.46,44.22,78.76,80325.1,0.4695,0.09416,0,0.0448,-0.0294,-0.0894,-0.0068,0.0,0.0256
2270,39,North,SelfEmployed,Transport,2025Q3,90698.35,622.0,41.34,65.61,49.78,170662.19,0.5862,0.22559,1,0.0323,0.0573,0.0053,0.0359,0.0,0.0559
2271,49,North,SelfEmployed,Retail,2025Q3,78002.07,641.0,29.51,0.0,71.21,26484.92,0.4084,0.07016,0,-0.0084,0.0068,-0.0164,-0.0554,0.0,0.019
2272,32,North,Salaried,Transport,2025Q3,62921.13,546.0,38.84,49.42,75.23,88763.18,0.5016,0.28574,0,0.0785,0.2063,-0.0053,-0.0016,0.0,-0.028
2273,51,East,Business,IT,2025Q3,103663.26,652.0,38.48,15.09,79.75,296331.15,0.3767,0.07573,0,-0.0117,-0.0014,-0.002,-0.0326,0.0,0.0
2274,54,West,SelfEmployed,Transport,2025Q3,77915.62,593.0,2.0,7.41,80.12,204501.03,0.5346,0.07268,1,-0.0209,0.0361,-0.0777,-0.0472,0.0085,0.0198
2275,45,West,Business,Healthcare,2025Q3,82414.69,667.0,45.84,24.55,79.4,198421.83,0.2921,0.09311,0,0.0,-0.018,0.01,-0.0308,0.0102,0.0
2276,21,South,Business,IT,2025Q3,78565.27,611.0,41.02,43.97,34.88,77424.36,0.4216,0.28748,1,0.1171,0.0797,0.0042,-0.0151,0.0,0.0
2277,30,South,Salaried,Healthcare,2025Q3,53224.39,521.0,,32.47,42.82,49301.1,0.5573,0.3723,0,0.0962,0.2644,0.0152,-0.0516,0.0,-0.0292
2278,65,West,Business,Construction,2025Q3,127120.94,813.0,35.07,72.36,32.55,175674.59,0.3624,0.01442,0,-0.0129,-0.0802,-0.0018,0.0041,0.002,0.0
2279,38,East,Salaried,IT,2025Q3,52549.16,644.0,38.78,49.81,31.2,82303.55,0.2905,0.14249,1,0.0217,0.0077,-0.0029,-0.0003,0.0,-0.0149
2280,22,East,Salaried,Healthcare,2025Q3,38088.56,758.0,40.76,37.24,90.51,60746.63,0.3322,0.08227,0,0.0276,-0.1131,0.0009,-0.0092,0.0,-0.0071
2281,58,North,Salaried,Construction,2025Q3,122609.01,624.0,42.39,19.18,40.28,139264.48,0.386,0.09061,0,-0.0305,0.0182,0.0034,-0.0311,0.0,-0.0091
2282,44,South,SelfEmployed,Retail,2025Q3,56155.92,775.0,45.61,52.93,37.47,139237.61,0.5137,0.06791,0,0.0014,-0.1315,0.0055,0.0018,0.0,0.0136
2283,56,South,Business,Manufacturing,2025Q3,101019.1,582.0,42.52,93.3,58.88,214952.32,0.5186,0.23618,0,-0.0662,0.1249,0.0101,0.0924,0.0,0.0
2284,47,East,Salaried,Manufacturing,2025Q3,111726.71,672.0,67.6,32.54,45.08,104410.26,0.4953,0.11305,0,-0.0059,-0.0273,0.046,-0.0234,0.0,-0.0129
2285,49,North,Business,Transport,2025Q3,94685.35,,26.38,35.12,100.0,133596.04,0.3554,0.13651,0,-0.0141,0.0658,-0.0363,-0.023,0.0,0.0
2286,48,West,Salaried,Manufacturing,2025Q3,103541.87,837.0,32.0,24.66,54.53,150275.47,0.3664,0.01341,0,-0.0009,-0.0656,-0.0018,-0.0036,0.0012,-0.0013
2287,52,East,Salaried,Manufacturing,2025Q3,94644.55,643.0,65.09,74.05,68.9,84640.55,0.5584,0.22556,1,-0.033,0.0119,0.068,0.0419,0.0,-0.0198
2288,69,East,Salaried,Healthcare,2025Q3,98070.37,716.0,35.53,68.39,44.39,312995.78,0.48,0.03337,0,-0.0308,-0.0341,-0.0031,0.0066,0.0,-0.0042
2289,55,North,Salaried,Construction,2025Q3,83248.39,691.0,52.91,38.18,26.76,268144.7,0.3765,0.04325,0,-0.0189,-0.0329,0.0138,-0.009,0.0,-0.0076
2290,27,East,Business,Construction,2025Q3,37252.29,658.0,40.17,34.82,45.43,20000.0,0.4915,0.12771,0,0.0546,-0.0117,0.0004,-0.0251,0.0,0.0
2291,49,East,Business,Healthcare,2025Q3,89455.99,695.0,34.36,27.24,45.64,97214.87,0.3129,0.05578,1,-0.0056,-0.0295,-0.0056,-0.0147,0.0,0.0
2292,57,North,Business,IT,2025Q3,106579.93,752.0,53.78,41.64,45.5,41249.66,0.3271,0.0359,0,-0.0144,-0.0701,0.0089,-0.0038,0.0,0.0
2293,57,East,Business,Manufacturing,2025Q3,106569.93,705.0,,70.44,28.0,287438.15,0.2615,0.07312,0,-0.0267,-0.054,0.0082,0.0152,0.0,0.0
2294,39,East,Salaried,Transport,2025Q3,115585.46,671.0,13.46,48.91,62.72,197489.68,0.4151,0.07133,0,0.0094,-0.0154,-0.0403,-0.0008,0.0,-0.0076
2295,57,East,Business,Retail,2025Q3,107457.25,695.0,40.78,76.33,53.26,340648.98,0.4663,0.09572,1,-0.0283,-0.0446,0.0011,0.0203,0.0,0.0
2296,54,North,Salaried,IT,2025Q3,96042.62,790.0,22.08,32.16,29.16,183082.05,0.3053,0.0102,0,-0.0033,-0.0407,-0.005,-0.0028,0.0,-0.0015
2297,72,West,SelfEmployed,Construction,2025Q3,129869.34,632.0,58.34,0.0,62.13,89609.89,0.4304,0.09844,0,-0.0835,0.0149,0.0257,-0.0623,0.0093,0.0216
2298,36,South,Salaried,IT,2025Q3,78229.02,534.0,66.06,100.0,75.24,216362.53,0.4049,0.70459,0,0.0598,0.3084,0.1264,0.1461,0.0,-0.0271
2299,38,North,Business,Transport,2025Q3,83751.12,585.0,67.98,52.72,83.95,242389.51,0.4069,0.45271,0,0.0455,0.1518,0.1224,0.0077,0.0,0.0
2300,41,North,Salaried,Transport,2025Q3,71538.63,590.0,43.72,65.13,11.59,88890.9,0.3687,0.24276,0,0.021,0.1066,0.0141,0.0335,0.0,-0.0238
2301,39,North,Salaried,Transport,2025Q3,64888.22,600.0,30.61,30.67,45.38,52021.69,0.5482,0.15204,0,0.0196,0.056,-0.0249,-0.0312,0.0,-0.0155
2302,34,North,Salaried,Manufacturing,2025Q3,74695.8,602.0,43.15,18.02,32.58,221055.13,0.3929,0.19472,1,0.04,0.0636,0.0089,-0.0623,0.0,-0.018
2303,21,South,Salaried,IT,2025Q3,51934.23,658.0,22.96,51.4,46.95,156142.23,0.4087,0.14108,0,0.0635,-0.011,-0.0464,0.002,0.0,-0.0151
2304,39,East,SelfEmployed,Healthcare,2025Q3,90448.86,677.0,75.53,4.18,87.77,235931.98,0.3799,0.15935,0,0.0219,-0.0452,0.0767,-0.0903,0.0,0.0374
2305,48,North,Salaried,Healthcare,2025Q3,61136.43,676.0,57.11,42.12,45.46,47983.68,0.4475,0.07559,0,-0.0078,-0.029,0.027,-0.0089,0.0,-0.0114
2306,39,West,Salaried,Retail,2025Q3,73843.27,610.0,42.87,70.49,50.5,84988.94,0.6446,0.23247,0,0.0311,0.0758,0.0109,0.0446,0.0225,-0.0238
2307,65,North,Salaried,IT,2025Q3,122537.21,728.0,53.95,57.87,43.42,280628.83,0.627,0.0377,0,-0.0296,-0.0523,0.01,0.0037,0.0,-0.0052
2308,44,East,SelfEmployed,Transport,2025Q3,79656.78,696.0,30.13,53.61,92.52,53857.57,0.3978,0.07522,0,0.0023,-0.0522,-0.018,0.0036,0.0,0.0223
2309,58,West,Salaried,Manufacturing,2025Q3,121474.03,768.0,20.27,86.36,14.0,138916.48,0.4236,0.02791,0,-0.0116,-0.0661,-0.0127,0.0095,0.003,-0.0034
2310,47,East,Business,Manufacturing,2025Q3,96346.09,718.0,2.59,56.26,48.87,56639.83,0.4846,0.03658,0,-0.0018,-0.0328,-0.0328,0.0022,0.0,0.0
2311,53,East,Salaried,Manufacturing,2025Q3,82782.85,636.0,39.33,6.1,42.69,177266.27,0.5369,0.05977,0,-0.0148,0.0086,-0.0008,-0.0399,0.0,-0.0076
2312,47,East,SelfEmployed,Manufacturing,2025Q3,88499.13,749.0,34.67,44.72,25.58,187582.96,0.4478,0.03352,0,-0.0027,-0.0838,-0.0052,-0.003,0.0,0.0122
2313,59,North,Salaried,Manufacturing,2025Q3,83594.38,679.0,46.31,90.36,82.04,243009.64,0.5099,0.10049,0,-0.0421,-0.0333,0.011,0.0367,0.0,-0.0116
2314,45,North,Salaried,Manufacturing,2025Q3,40949.99,714.0,38.21,41.19,23.94,31655.57,0.4422,0.05385,0,0.0,-0.0473,-0.0018,-0.0054,0.0,-0.0062
2315,49,South,Business,Healthcare,2025Q3,111043.15,709.0,45.58,89.01,50.81,334951.0,0.3606,0.10967,0,-0.0111,-0.079,0.0101,0.0369,0.0,0.0
2316,48,North,Salaried,Retail,2025Q3,118768.84,652.0,50.98,70.52,58.43,174626.13,0.5189,0.13706,0,-0.0112,-0.0029,0.0264,0.0293,0.0,-0.0162
2317,41,South,Business,Retail,2025Q3,96647.73,667.0,14.64,39.01,44.98,276680.74,0.4368,0.0531,0,0.0065,-0.0124,-0.0386,-0.0085,0.0,0.0
2318,48,North,Salaried,IT,2025Q3,89043.78,651.0,51.9,24.23,25.31,223010.45,0.4581,0.11138,0,-0.0076,-0.001,0.0189,-0.0305,0.0,-0.011
2319,69,West,Salaried,Healthcare,2025Q3,94913.33,602.0,,55.48,56.63,118283.94,0.3401,0.10573,0,-0.0786,0.0385,-0.0164,0.0058,0.0103,-0.0113
2320,41,West,Business,IT,2025Q3,108840.2,514.0,46.28,75.95,44.76,330271.47,0.4178,0.52308,1,0.0278,0.3362,0.0312,0.0776,0.0298,0.0
2321,49,East,Business,Manufacturing,2025Q3,94493.11,613.0,54.36,13.27,76.17,211679.23,0.4139,0.11118,0,-0.0141,0.0425,0.0313,-0.0622,0.0,0.0
2322,58,East,Business,Transport,2025Q3,108109.96,674.0,54.47,50.65,70.32,242001.29,0.4655,0.09615,0,-0.0355,-0.0247,0.0216,0.0007,0.0,0.0
2323,57,North,SelfEmployed,Construction,2025Q3,67226.1,734.0,40.07,3.09,98.89,211900.55,0.546,0.02575,0,-0.0115,-0.0425,0.0,-0.0216,0.0,0.0076
2324,44,North,Salaried,Construction,2025Q3,66171.85,714.0,40.86,40.53,62.2,122544.54,0.4716,0.05877,0,0.0014,-0.0503,0.0009,-0.0062,0.0,-0.0066
2325,21,East,Salaried,Retail,2025Q3,61612.36,641.0,52.27,11.6,71.79,74164.14,0.4203,0.18452,1,0.0793,0.0142,0.0335,-0.0782,0.0,-0.0184
2326,50,East,SelfEmployed,Retail,2025Q3,105429.81,614.0,13.98,60.37,52.82,73752.09,0.3653,0.19527,1,-0.018,0.0421,-0.0763,0.0146,0.0,0.033
2327,21,South,Business,Manufacturing,2025Q3,86828.92,648.0,22.77,32.84,94.23,114826.43,0.5322,0.13937,0,0.0637,0.0026,-0.0471,-0.0268,0.0,0.0
2328,60,South,Salaried,Transport,2025Q3,61674.74,594.0,33.53,73.48,60.21,182758.81,0.4768,0.204,0,-0.0622,0.0636,-0.0174,0.0328,0.0,-0.0161
2329,46,South,Salaried,Retail,2025Q3,50899.96,516.0,,36.11,57.95,157272.6,0.2225,0.22403,0,-0.0049,0.1603,-0.0905,-0.0301,0.0,-0.0214
2330,55,North,Business,Manufacturing,2025Q3,111114.47,555.0,33.65,34.11,70.81,207918.37,0.5483,0.16483,0,-0.0454,0.1094,-0.0197,-0.0301,0.0,0.0
2331,34,South,Business,IT,2025Q3,68257.45,753.0,32.78,12.47,47.1,170231.75,0.4255,0.02766,0,0.0086,-0.0632,-0.005,-0.0179,0.0,0.0
2332,27,South,Business,Healthcare,2025Q3,91502.67,786.0,39.39,56.6,50.01,139995.47,0.2121,0.04596,0,0.0204,-0.1478,-0.0006,0.0039,0.0,0.0
2333,47,East,Business,IT,2025Q3,64056.97,711.0,37.09,58.83,70.8,188362.77,0.4601,0.07229,0,-0.0036,-0.0564,-0.0037,0.0064,0.0,0.0
2334,44,West,SelfEmployed,Manufacturing,2025Q3,81928.62,656.0,55.11,68.67,74.64,122061.1,0.4363,0.26532,0,0.0054,-0.0129,0.054,0.0408,0.0225,0.0536
2335,39,East,Salaried,Healthcare,2025Q3,70583.74,565.0,47.17,62.41,71.94,120906.43,0.3561,0.26783,1,0.0365,0.1708,0.0313,0.0324,0.0,-0.0273
2336,45,East,Salaried,Construction,2025Q3,85248.41,649.0,36.86,56.83,58.4,269742.91,0.5951,0.13515,0,0.0,0.0011,-0.0066,0.0081,0.0,-0.0128
2337,74,East,Business,Transport,2025Q3,99139.12,702.0,32.67,61.11,65.41,286383.35,0.4485,0.04388,0,-0.0394,-0.0247,-0.0052,0.0041,0.0,0.0
2338,53,North,Business,Transport,2025Q3,63398.25,716.0,37.24,63.33,79.21,203630.43,0.3697,0.04197,0,-0.0134,-0.0545,-0.0031,0.0081,0.0,0.0
2339,56,East,Salaried,IT,2025Q3,89582.91,707.0,37.52,67.97,38.12,154340.22,0.3489,0.06557,0,-0.0185,-0.0434,-0.0026,0.0102,0.0,-0.0066
2340,53,South,Business,Construction,2025Q3,108275.74,742.0,78.3,14.39,60.03,100291.24,0.384,0.07281,0,-0.0128,-0.0828,0.0286,-0.0268,0.0,0.0
2341,60,East,Salaried,Manufacturing,2025Q3,108234.19,792.0,14.68,37.84,5.0,160604.61,0.3691,0.01,0,-0.0046,-0.0324,-0.0058,-0.0014,0.0,-0.0011
2342,42,North,Salaried,Healthcare,2025Q3,67446.07,632.0,23.18,12.29,74.8,122520.71,0.4839,0.06531,0,0.0053,0.0119,-0.0255,-0.0361,0.0,-0.0083
2343,21,West,SelfEmployed,Manufacturing,2025Q3,76962.27,850.0,20.83,55.31,44.35,192946.08,0.3423,0.02845,0,0.0159,-0.2025,-0.0147,0.002,0.0036,0.0083
2344,42,West,Salaried,Transport,2025Q3,82643.93,523.0,42.31,83.86,44.88,194434.44,0.4428,0.53962,1,0.021,0.3002,0.0115,0.1,0.0299,-0.03
2345,53,North,Business,Transport,2025Q3,122603.29,607.0,41.67,67.72,57.56,363404.65,0.4592,0.17805,0,-0.0368,0.0623,0.0051,0.0305,0.0,0.0
2346,33,North,Salaried,IT,2025Q3,64803.02,674.0,28.83,34.64,72.38,55641.84,0.3881,0.07674,0,0.0222,-0.0224,-0.0186,-0.0151,0.0,-0.0096
2347,42,North,Salaried,Retail,2025Q3,42761.81,697.0,52.34,59.12,100.0,100446.8,0.4057,0.11195,0,0.0076,-0.0592,0.021,0.0098,0.0,-0.0118
2348,36,East,Business,Construction,2025Q3,82282.13,648.0,,55.68,28.94,210822.91,0.5427,0.22289,0,0.0339,0.0032,0.0112,0.0098,0.0,0.0
2349,61,East,Salaried,Manufacturing,2025Q3,92592.11,626.0,53.01,53.13,43.01,185044.92,0.4011,0.12268,0,-0.0573,0.0259,0.0256,0.004,0.0,-0.0136
2350,52,North,Salaried,Healthcare,2025Q3,92227.5,810.0,57.26,19.33,64.57,109334.69,0.3614,0.01577,0,-0.0036,-0.0749,0.0049,-0.0074,0.0,-0.0021
2351,51,East,Business,Manufacturing,2025Q3,69411.72,623.0,3.9,76.93,45.47,181969.89,0.3759,0.09355,0,-0.0159,0.0233,-0.0848,0.0251,0.0,0.0
2352,51,South,Salaried,Transport,2025Q3,76383.19,591.0,48.97,22.08,76.72,32589.3,0.5366,0.16436,0,-0.0225,0.0651,0.0213,-0.0476,0.0,-0.0158
2353,44,South,Business,Transport,2025Q3,106325.86,775.0,17.36,39.93,56.64,169731.08,0.2486,0.01614,0,0.0006,-0.0557,-0.0113,-0.0026,0.0,0.0
2354,46,South,Salaried,Retail,2025Q3,75626.46,718.0,,69.1,77.71,184482.85,0.3373,0.07044,0,-0.0019,-0.0677,0.0026,0.0136,0.0,-0.0083
2355,31,South,Salaried,Transport,2025Q3,58496.78,734.0,36.83,39.78,55.03,93491.83,0.4552,0.04941,0,0.0181,-0.0763,-0.0036,-0.0071,0.0,-0.0069
2356,21,South,Business,Construction,2025Q3,104313.88,673.0,37.52,49.74,70.9,286230.1,0.4074,0.14182,0,0.0754,-0.0388,-0.0071,-0.0004,0.0,0.0
2357,46,North,Salaried,Transport,2025Q3,58239.92,566.0,18.73,50.63,40.86,118407.98,0.5275,0.12544,0,-0.004,0.0944,-0.0684,0.0011,0.0,-0.0175
2358,48,South,Business,Transport,2025Q3,116496.78,666.0,54.49,49.45,98.75,180731.82,0.4064,0.11717,0,-0.0096,-0.0208,0.0288,-0.0007,0.0,0.0
2359,57,West,Salaried,Transport,2025Q3,105782.5,557.0,17.35,50.53,26.01,319385.34,0.4063,0.18013,0,-0.0488,0.0921,-0.0683,0.0008,0.0149,-0.0162
2360,61,South,Business,Retail,2025Q3,101947.0,676.0,50.01,52.71,45.84,74872.87,0.4086,0.05688,0,-0.0395,-0.0236,0.0134,0.0023,0.0,0.0
2361,61,West,SelfEmployed,IT,2025Q3,98407.97,704.0,15.09,49.64,31.59,187940.08,0.3053,0.04848,1,-0.0233,-0.0331,-0.0265,-0.0002,0.0048,0.0111
2362,33,East,Business,IT,2025Q3,80143.74,733.0,37.71,28.3,76.01,156674.73,0.3324,0.04974,0,0.0152,-0.0723,-0.0025,-0.0154,0.0,0.0
2363,40,East,Salaried,Transport,2025Q3,75375.06,,66.87,13.9,70.79,64129.18,0.4991,0.11292,0,0.0154,-0.0052,0.0509,-0.0585,0.0,-0.0145
2364,49,North,Salaried,Healthcare,2025Q3,69498.26,711.0,75.79,69.96,35.64,94377.73,0.3854,0.13755,0,-0.0132,-0.0964,0.0621,0.0248,0.0,-0.0142
2365,72,East,Business,IT,2025Q3,108193.33,599.0,12.1,70.96,79.94,218228.5,0.4429,0.09836,1,-0.0757,0.0325,-0.0515,0.0165,0.0,0.0
2366,60,North,Salaried,Transport,2025Q3,83705.96,726.0,26.73,55.42,46.03,240255.61,0.4109,0.03709,0,-0.0143,-0.035,-0.0084,0.0018,0.0,-0.0035
2367,56,North,Business,Manufacturing,2025Q3,95680.64,706.0,29.64,55.24,67.75,181064.07,0.2824,0.04893,0,-0.0158,-0.0364,-0.0101,0.0027,0.0,0.0
2368,40,North,Business,Transport,2025Q3,81506.39,606.0,74.08,27.87,72.44,152971.23,0.3182,0.28443,0,0.0278,0.0882,0.1178,-0.0572,0.0,0.0
2369,34,North,Salaried,Construction,2025Q3,26365.15,696.0,,0.0,55.1,60094.49,0.4419,0.0542,0,0.0129,-0.0307,-0.0031,-0.038,0.0,-0.0061
2370,53,West,Business,Construction,2025Q3,100557.68,734.0,55.19,42.53,78.2,105898.08,0.3653,0.08964,0,-0.0138,-0.0778,0.0148,-0.0052,0.0064,0.0
2371,32,West,Salaried,Construction,2025Q3,55405.58,665.0,42.8,6.26,57.12,75550.97,0.4046,0.09342,0,0.0278,-0.0156,0.0048,-0.0571,0.0101,-0.0111
2372,41,East,Salaried,Construction,2025Q3,39397.4,604.0,18.81,52.06,66.77,75782.2,0.4928,0.16154,0,0.0126,0.0492,-0.0578,0.0029,0.0,-0.0147
2373,43,North,Business,IT,2025Q3,83499.08,672.0,8.24,76.69,54.52,205067.44,0.345,0.07192,0,0.004,-0.0196,-0.0606,0.0205,0.0,0.0
2374,62,West,Business,Transport,2025Q3,100042.77,698.0,28.19,34.44,22.64,142406.25,0.3654,0.0321,0,-0.0213,-0.0242,-0.0094,-0.0073,0.0041,0.0
2375,40,East,Business,Manufacturing,2025Q3,110054.4,604.0,75.07,35.71,57.53,75269.92,0.4154,0.38801,1,0.0294,0.0981,0.1295,-0.0382,0.0,0.0
2376,21,South,Salaried,Healthcare,2025Q3,45293.86,591.0,42.12,25.87,42.53,147362.52,0.4751,0.26979,0,0.111,0.1079,0.0083,-0.0607,0.0,-0.0243
2377,50,South,Business,Construction,2025Q3,108120.22,695.0,,48.97,87.85,259747.48,0.383,0.09453,0,-0.0123,-0.0501,0.0218,-0.001,0.0,0.0
2378,36,East,Business,IT,2025Q3,108390.62,716.0,15.31,47.27,32.72,335218.66,0.3538,0.05457,0,0.0106,-0.0479,-0.0292,-0.0016,0.0,0.0
2379,44,North,Salaried,Manufacturing,2025Q3,64394.76,806.0,32.8,25.58,84.5,161873.03,0.5084,0.01267,0,0.0004,-0.0625,-0.0023,-0.005,0.0,-0.0019
2380,43,South,Salaried,Retail,2025Q3,73945.05,705.0,50.46,68.08,56.42,194568.38,0.4114,0.09349,0,0.0049,-0.0693,0.0174,0.018,0.0,-0.0114
2381,41,East,Business,Healthcare,2025Q3,119116.45,578.0,20.54,100.0,68.12,238573.21,0.5051,0.27873,0,0.0231,0.1383,-0.0878,0.1103,0.0,0.0
2382,53,North,Business,IT,2025Q3,102921.57,799.0,36.98,74.18,32.4,312732.26,0.2306,0.02865,0,-0.0066,-0.0981,-0.0016,0.0067,0.0,0.0
2383,27,South,SelfEmployed,Transport,2025Q3,75127.5,732.0,23.92,45.57,53.82,209942.03,0.2957,0.08653,0,0.0306,-0.0979,-0.0275,-0.0041,0.0,0.0198
2384,38,East,Salaried,Retail,2025Q3,62969.43,,51.22,45.3,46.71,62487.04,0.5185,0.39458,0,0.0469,0.267,0.0535,-0.0138,0.0,-0.0295
2385,52,East,Business,Transport,2025Q3,110266.91,590.0,44.38,36.7,100.0,283517.06,0.4292,0.23272,0,-0.03,0.0758,0.0122,-0.0241,0.0,0.0
2386,37,West,Business,Transport,2025Q3,83686.43,627.0,48.93,36.25,46.21,122772.51,0.4046,0.2068,1,0.0344,0.0386,0.0279,-0.0285,0.019,0.0
2387,26,East,Business,Manufacturing,2025Q3,41522.15,717.0,51.94,69.08,83.07,84927.3,0.328,0.15859,0,0.0581,-0.1227,0.0289,0.0279,0.0,0.0
2388,51,East,Business,Construction,2025Q3,90605.81,498.0,,70.04,83.35,265749.44,0.5586,0.48089,0,-0.0414,0.3009,-0.0277,0.0573,0.0,0.0
2389,56,East,Salaried,IT,2025Q3,65202.78,,54.05,22.27,82.79,74385.24,0.4792,0.06855,0,-0.0256,-0.0016,0.0182,-0.028,0.0,-0.0092
2390,44,East,Salaried,Construction,2025Q3,77720.34,713.0,28.56,56.06,48.12,66287.1,0.4002,0.04812,0,0.0014,-0.0473,-0.0126,0.0035,0.0,-0.0063
2391,22,East,Business,Manufacturing,2025Q3,54396.9,467.0,48.01,72.44,96.1,134863.64,0.5112,0.76636,0,0.1363,0.4631,0.0307,0.0529,0.0,0.0
2392,52,North,Salaried,Transport,2025Q3,91506.31,711.0,6.46,40.3,100.0,250755.45,0.3818,0.01817,0,-0.005,-0.0215,-0.0215,-0.0028,0.0,-0.0029
2393,26,East,Salaried,Retail,2025Q3,60305.74,,26.06,43.35,67.34,157861.8,0.3486,0.06307,1,0.026,-0.0648,-0.0193,-0.0051,0.0,-0.0078
2394,47,East,SelfEmployed,Transport,2025Q3,63935.84,602.0,75.05,63.31,50.69,99898.44,0.4028,0.51297,0,-0.0137,0.1209,0.156,0.0384,0.0,0.0709
2395,34,South,Salaried,Manufacturing,2025Q3,57834.31,582.0,47.78,63.94,42.79,162393.48,0.5125,0.4105,1,0.0647,0.1421,0.0337,0.0361,0.0,-0.0272
2396,31,West,SelfEmployed,Transport,2025Q3,83170.13,601.0,47.78,57.44,69.44,193756.7,0.4131,0.45199,1,0.0907,0.1219,0.0371,0.0215,0.0287,0.0703
2397,39,East,SelfEmployed,IT,2025Q3,99863.87,478.0,24.82,53.59,61.3,288891.53,0.4923,0.58962,1,0.0419,0.3883,-0.0741,0.0107,0.0,0.0749
2398,42,South,Salaried,Retail,2025Q3,57656.42,638.0,20.49,56.55,63.65,94412.97,0.3973,0.11137,0,0.0075,0.0116,-0.042,0.007,0.0,-0.0116
2399,37,North,Business,Construction,2025Q3,64646.07,675.0,33.77,41.89,33.04,66615.41,0.4939,0.09107,0,0.018,-0.0271,-0.0115,-0.0089,0.0,0.0
2400,50,North,Salaried,Retail,2025Q3,116217.73,577.0,36.93,23.41,60.66,262162.61,0.401,0.18368,0,-0.0181,0.0736,-0.0077,-0.0438,0.0,-0.0154
2401,39,South,Business,Retail,2025Q3,86024.18,726.0,68.63,13.75,82.88,176763.29,0.5231,0.06592,0,0.0112,-0.0846,0.0322,-0.0373,0.0,0.0
2402,55,South,Business,Transport,2025Q3,102246.44,667.0,54.3,61.1,76.3,96351.25,0.3757,0.13902,1,-0.0327,-0.0211,0.027,0.0133,0.0,0.0
2403,47,North,SelfEmployed,Retail,2025Q3,73090.96,678.0,39.74,50.38,51.72,58207.65,0.3719,0.10849,0,-0.0059,-0.0359,-0.0005,0.0005,0.0,0.0278
2404,36,North,Salaried,Healthcare,2025Q3,72373.96,633.0,39.05,58.02,57.82,203101.49,0.5937,0.1632,0,0.0334,0.0253,-0.0028,0.0134,0.0,-0.018
2405,34,North,Salaried,Retail,2025Q3,97571.72,711.0,50.13,29.76,30.63,214214.49,0.3208,0.085,0,0.0194,-0.0638,0.0133,-0.0193,0.0,-0.0091
2406,26,East,SelfEmployed,Healthcare,2025Q3,72078.57,748.0,16.9,50.26,46.69,87023.4,0.3902,0.09206,0,0.026,-0.1055,-0.0347,0.0002,0.0,0.0162
2407,47,East,Salaried,Healthcare,2025Q3,97569.34,632.0,7.26,49.73,53.2,133304.93,0.5147,0.08876,0,-0.0037,0.0118,-0.0566,-0.0002,0.0,-0.0082
2408,40,South,Business,Retail,2025Q3,87621.71,712.0,49.89,76.14,72.67,219083.2,0.2823,0.12791,0,0.0141,-0.0932,0.0195,0.0297,0.0,0.0
2409,21,North,Salaried,Retail,2025Q3,36535.54,,,66.74,45.87,41489.41,0.4265,0.13184,0,0.0593,-0.0984,-0.0019,0.0212,0.0,-0.0142
2410,38,North,Salaried,Construction,2025Q3,58001.74,688.0,17.01,31.72,39.28,119930.56,0.2911,0.0557,0,0.0083,-0.0235,-0.0263,-0.0112,0.0,-0.0059
2411,34,North,Business,Construction,2025Q3,61579.56,774.0,4.48,59.1,75.15,123415.07,0.387,0.03352,0,0.0069,-0.0695,-0.0259,0.0027,0.0,0.0
2412,61,South,Business,Manufacturing,2025Q3,109920.16,611.0,52.3,31.57,51.55,332539.29,0.604,0.0944,0,-0.0578,0.0399,0.0246,-0.0263,0.0,0.0
2413,25,North,Business,Manufacturing,2025Q3,95630.0,631.0,29.66,0.0,43.22,267906.28,0.2461,0.11809,0,0.0479,0.0205,-0.0237,-0.0793,0.0,0.0
2414,28,South,Salaried,IT,2025Q3,64198.2,607.0,44.4,85.97,76.25,158819.67,0.4365,0.312,1,0.1,0.0995,0.0199,0.0915,0.0,-0.0279
2415,56,West,Business,Construction,2025Q3,95959.93,709.0,33.78,39.75,69.18,259227.29,0.3705,0.0442,0,-0.0155,-0.0384,-0.0058,-0.0057,0.005,0.0
2416,59,South,Business,Construction,2025Q3,89986.48,641.0,37.45,70.87,55.85,268127.14,0.3501,0.09364,0,-0.0462,0.0097,-0.0053,0.0231,0.0,0.0
2417,36,East,SelfEmployed,Manufacturing,2025Q3,82898.03,613.0,,33.45,52.97,115999.68,0.3181,0.14877,0,0.0365,0.0561,-0.0385,-0.033,0.0,0.0428
2418,37,North,Salaried,Transport,2025Q3,47113.62,773.0,36.78,30.24,67.59,41858.41,0.4724,0.02325,0,0.0057,-0.0753,-0.0019,-0.0076,0.0,-0.0036
2419,51,North,Salaried,Construction,2025Q3,61586.18,,47.23,35.97,70.78,73160.78,0.3968,0.02137,0,-0.0042,-0.0708,0.0031,-0.0042,0.0,-0.0029
2420,21,West,Salaried,Healthcare,2025Q3,71202.94,638.0,33.59,53.56,64.18,189131.91,0.283,0.24492,1,0.0962,0.0222,-0.0232,0.0074,0.0203,-0.0217
2421,24,South,Salaried,Manufacturing,2025Q3,52700.77,567.0,32.67,51.88,62.41,146432.81,0.3812,0.30163,0,0.116,0.1662,-0.0333,0.005,0.0,-0.0272
2422,41,East,Business,Manufacturing,2025Q3,82645.82,787.0,47.72,58.95,47.87,76782.54,0.3356,0.03772,0,0.0045,-0.1275,0.006,0.0043,0.0,0.0
2423,61,West,SelfEmployed,Retail,2025Q3,95956.81,692.0,48.79,37.08,49.07,132639.05,0.2871,0.08722,0,-0.0405,-0.042,0.0123,-0.0124,0.0086,0.0199
2424,39,East,Salaried,Transport,2025Q3,84265.68,689.0,19.8,48.89,56.56,177735.44,0.4209,0.06317,0,0.0088,-0.0294,-0.0273,-0.0008,0.0,-0.0072
2425,45,South,Business,IT,2025Q3,94579.05,667.0,37.54,29.45,40.78,82622.63,0.442,0.10656,0,0.0,-0.015,-0.0037,-0.0203,0.0,0.0
2426,56,East,Salaried,Manufacturing,2025Q3,73124.53,606.0,29.62,80.32,38.44,167166.31,0.4622,0.17229,0,-0.0435,0.0518,-0.0284,0.0407,0.0,-0.0159
2427,67,North,Business,Construction,2025Q3,98672.34,632.0,38.22,19.09,58.21,78067.33,0.5955,0.0493,0,-0.0448,0.01,-0.002,-0.0242,0.0,0.0
2428,38,North,Business,Transport,2025Q3,81788.01,706.0,60.94,29.92,79.79,204420.44,0.3326,0.09006,0,0.0164,-0.0709,0.032,-0.024,0.0,0.0
2429,44,North,Business,IT,2025Q3,96139.96,630.0,43.74,38.68,18.54,149862.34,0.3967,0.16401,0,0.0035,0.0254,0.0091,-0.0178,0.0,0.0
2430,64,West,Salaried,Retail,2025Q3,93060.82,689.0,72.63,100.0,52.17,160737.2,0.3717,0.13968,0,-0.0848,-0.0663,0.0698,0.0653,0.0155,-0.0168
2431,27,East,Salaried,IT,2025Q3,58159.18,661.0,41.51,64.87,65.45,60646.76,0.492,0.17701,0,0.0646,-0.019,0.0045,0.0255,0.0,-0.0188
2432,55,North,Salaried,Retail,2025Q3,86433.1,588.0,35.34,29.22,81.45,196437.83,0.5088,0.08961,0,-0.0324,0.0547,-0.0101,-0.0285,0.0,-0.0131
2433,33,North,Business,Retail,2025Q3,80147.96,770.0,37.69,66.09,96.0,168442.62,0.295,0.04643,1,0.0159,-0.1294,-0.0026,0.0097,0.0,0.0
2434,45,East,Salaried,IT,2025Q3,62553.11,700.0,40.28,59.35,54.84,166341.69,0.5256,0.09317,0,0.0,-0.0486,0.0004,0.0075,0.0,-0.0088
2435,41,West,SelfEmployed,IT,2025Q3,100926.92,682.0,43.17,54.02,99.45,240569.81,0.3437,0.16407,1,0.0145,-0.0531,0.0083,0.0064,0.0155,0.0363
2436,33,North,Business,Healthcare,2025Q3,72118.39,698.0,22.13,63.31,69.11,171793.66,0.479,0.07923,0,0.0235,-0.0525,-0.0332,0.012,0.0,0.0
2437,33,South,Salaried,Healthcare,2025Q3,68125.97,538.0,,49.28,76.28,138255.28,0.5302,0.3289,0,0.072,0.2136,-0.0265,-0.002,0.0,-0.0277
2438,47,West,Business,IT,2025Q3,56313.97,626.0,26.41,51.76,38.69,47247.22,0.4677,0.17308,0,-0.0066,0.0276,-0.0346,0.0024,0.0133,0.0
2439,55,West,Salaried,Transport,2025Q3,81726.86,556.0,54.47,13.84,69.07,182575.22,0.434,0.18866,0,-0.0498,0.1223,0.0436,-0.0803,0.019,-0.0204
2440,43,West,Business,IT,2025Q3,70007.4,,7.19,79.75,78.01,41465.36,0.3963,0.10102,0,0.0046,-0.0182,-0.0724,0.0262,0.0097,0.0
2441,45,North,Salaried,Construction,2025Q3,58977.61,682.0,40.51,38.15,46.21,144472.92,0.4548,0.08339,0,0.0,-0.0274,0.0007,-0.0101,0.0,-0.0085
2442,50,North,Salaried,Healthcare,2025Q3,124699.35,670.0,13.71,20.78,7.89,105305.24,0.4626,0.04538,0,-0.0051,-0.0083,-0.023,-0.0141,0.0,-0.0043
2443,33,South,Business,Transport,2025Q3,85291.47,740.0,44.92,36.9,62.98,76320.23,0.4528,0.05647,0,0.0177,-0.0928,0.0057,-0.0103,0.0,0.0
2444,52,North,Business,Transport,2025Q3,119968.4,558.0,31.62,37.79,55.7,238338.4,0.5165,0.15446,0,-0.032,0.1116,-0.0272,-0.0236,0.0,0.0
2445,53,West,Salaried,Retail,2025Q3,99195.46,606.0,8.93,30.37,86.89,330598.18,0.4703,0.06033,0,-0.0166,0.0266,-0.0546,-0.0176,0.0077,-0.0085
2446,73,North,Salaried,Manufacturing,2025Q3,119498.37,688.0,53.08,65.11,49.23,291239.07,0.5273,0.06312,0,-0.0588,-0.0266,0.0123,0.0088,0.0,-0.0067
2447,40,East,Salaried,Retail,2025Q3,68516.71,678.0,2.0,69.43,45.9,156358.42,0.3697,0.08269,0,0.0073,-0.0197,-0.0594,0.0117,0.0,-0.0071
2448,39,West,Salaried,IT,2025Q3,100115.24,571.0,37.5,4.9,36.57,284817.34,0.4585,0.20321,0,0.0237,0.0966,-0.0076,-0.0945,0.0172,-0.0185
2449,52,West,Business,Construction,2025Q3,113140.37,741.0,49.06,36.67,47.4,216918.69,0.351,0.04211,0,-0.0096,-0.0715,0.0075,-0.0077,0.0051,0.0
2450,53,East,Salaried,Retail,2025Q3,84544.03,765.0,60.03,38.25,100.0,201482.1,0.5827,0.04371,0,-0.0085,-0.08,0.0115,-0.0052,0.0,-0.0044
2451,38,West,SelfEmployed,Manufacturing,2025Q3,83039.21,689.0,12.24,44.21,28.27,163237.7,0.475,0.07784,0,0.0139,-0.0395,-0.0538,-0.0055,0.0088,0.0204
2452,40,North,SelfEmployed,Transport,2025Q3,77638.82,557.0,29.74,85.54,33.29,231903.2,0.5411,0.39761,0,0.034,0.2179,-0.0509,0.1004,0.0,0.0717
2453,50,South,Business,Construction,2025Q3,97040.31,671.0,55.34,30.1,58.91,244232.01,0.4559,0.09008,0,-0.0127,-0.0218,0.0233,-0.0226,0.0,0.0
2454,35,North,Salaried,Transport,2025Q3,66815.19,,56.42,82.37,99.49,96052.79,0.4114,0.17642,1,0.0398,-0.0627,0.0459,0.0533,0.0,-0.0193
2455,39,West,SelfEmployed,Transport,2025Q3,86067.61,642.0,58.49,44.78,74.83,171543.27,0.644,0.25102,0,0.0322,0.0172,0.0674,-0.0127,0.0233,0.0557
2456,45,West,Business,Healthcare,2025Q3,122919.53,,,82.58,91.05,298950.71,0.489,0.17346,0,0.0,-0.1968,0.0725,0.0419,0.0142,0.0
2457,55,North,Business,IT,2025Q3,78906.15,652.0,29.86,41.16,52.3,160787.43,0.4011,0.06576,0,-0.021,-0.0015,-0.0147,-0.0074,0.0,0.0
2458,37,North,Business,Transport,2025Q3,104962.39,803.0,,38.58,32.2,116960.62,0.3522,0.02292,0,0.0059,-0.1136,0.0022,-0.0043,0.0,0.0
2459,24,South,Business,Retail,2025Q3,66071.78,713.0,32.47,47.5,51.02,129656.02,0.4232,0.1062,0,0.0405,-0.0796,-0.014,-0.0026,0.0,0.0
2460,23,North,Salaried,Manufacturing,2025Q3,79653.94,679.0,6.4,76.43,57.51,178696.56,0.3741,0.09115,0,0.046,-0.0344,-0.0827,0.0266,0.0,-0.012
2461,30,East,Business,Healthcare,2025Q3,72097.98,723.0,36.56,51.48,60.22,39808.86,0.3741,0.07242,0,0.0273,-0.0863,-0.0055,0.0014,0.0,0.0
2462,30,North,Business,Retail,2025Q3,85529.57,,6.09,52.6,55.72,135465.34,0.266,0.03541,0,0.0105,-0.0705,-0.0286,0.0009,0.0,0.0
2463,42,East,Salaried,Retail,2025Q3,71040.8,721.0,29.67,62.01,71.81,179224.17,0.211,0.04926,0,0.0043,-0.0585,-0.0119,0.0071,0.0,-0.0067
2464,31,East,Salaried,Manufacturing,2025Q3,32849.34,655.0,14.51,28.65,45.76,20000.0,0.5839,0.0704,0,0.0233,-0.004,-0.0444,-0.02,0.0,-0.0089
2465,36,South,Salaried,Healthcare,2025Q3,99801.58,615.0,45.02,55.41,41.46,276774.11,0.3992,0.22096,0,0.0401,0.0589,0.0167,0.0109,0.0,-0.0213
2466,35,North,Salaried,Healthcare,2025Q3,50630.43,584.0,25.54,34.18,35.91,106997.81,0.4263,0.16874,0,0.037,0.0824,-0.0459,-0.0293,0.0,-0.0181
2467,39,West,Salaried,IT,2025Q3,72709.89,494.0,9.44,80.37,64.1,134429.2,0.4876,0.40371,0,0.0404,0.3062,-0.1516,0.0856,0.029,-0.0295
2468,59,East,Salaried,Transport,2025Q3,70256.41,672.0,51.85,57.21,62.12,210667.35,0.4755,0.0572,0,-0.0357,-0.0207,0.0167,0.0065,0.0,-0.0098
2469,51,South,Business,IT,2025Q3,72933.97,634.0,28.34,63.24,81.83,152857.8,0.4952,0.11431,0,-0.0186,0.0171,-0.0264,0.0155,0.0,0.0
2470,44,South,Business,Construction,2025Q3,87011.08,,31.09,3.13,90.94,248798.03,0.5144,0.09716,0,0.0019,0.0093,-0.0133,-0.0493,0.0,0.0
2471,39,West,Business,Retail,2025Q3,75516.8,730.0,22.36,63.55,35.85,236704.12,0.4455,0.06793,0,0.009,-0.0745,-0.0237,0.0087,0.0065,0.0
2472,39,East,Salaried,IT,2025Q3,50161.33,652.0,56.39,44.09,60.47,73060.28,0.4054,0.14999,0,0.0212,-0.003,0.0391,-0.0097,0.0,-0.0167
2473,48,East,Salaried,Transport,2025Q3,78662.21,789.0,42.33,16.38,55.89,141074.78,0.48,0.01879,0,-0.0015,-0.0578,0.0008,-0.0084,0.0,-0.0022
2474,50,East,Business,Healthcare,2025Q3,69425.68,621.0,28.19,50.09,29.27,210009.05,0.4234,0.13088,0,-0.0154,0.0295,-0.027,0.0001,0.0,0.0
2475,34,West,Business,Retail,2025Q3,83958.53,594.0,7.38,14.6,49.44,93348.95,0.5296,0.10576,1,0.0291,0.0518,-0.088,-0.0529,0.0122,0.0
2476,44,North,Salaried,IT,2025Q3,73408.12,574.0,78.17,61.44,91.33,124347.37,0.3309,0.48025,1,0.0068,0.1822,0.1686,0.0331,0.0,-0.0295
2477,22,East,Salaried,Healthcare,2025Q3,18000.0,709.0,69.67,79.55,47.35,53848.86,0.511,0.25018,0,0.0993,-0.138,0.0929,0.0595,0.0,-0.0229
2478,46,South,Business,IT,2025Q3,83084.02,738.0,61.09,8.61,44.02,206714.54,0.3254,0.04406,0,-0.0013,-0.0673,0.0155,-0.0277,0.0,0.0
2479,52,East,Salaried,Retail,2025Q3,91331.38,,26.75,47.34,58.96,239532.38,0.322,0.12492,1,-0.0185,0.0253,-0.0258,-0.0028,0.0,-0.011
2480,41,West,Salaried,Transport,2025Q3,53856.17,588.0,29.98,44.37,78.23,31912.73,0.3453,0.14231,0,0.0169,0.0855,-0.0333,-0.0108,0.0181,-0.0195
2481,64,West,SelfEmployed,Manufacturing,2025Q3,110912.26,764.0,44.41,4.23,53.91,259922.24,0.4038,0.01819,0,-0.0151,-0.0519,0.0019,-0.0158,0.0025,0.0057
2482,34,South,Salaried,Manufacturing,2025Q3,74488.23,561.0,23.7,68.16,62.55,190271.57,0.6415,0.31527,1,0.0592,0.1574,-0.0715,0.0428,0.0,-0.0254
2483,46,East,Business,IT,2025Q3,74181.01,729.0,22.17,61.77,14.31,64506.63,0.3842,0.05016,0,-0.0012,-0.0557,-0.0179,0.0057,0.0,0.0
2484,44,West,SelfEmployed,IT,2025Q3,83478.92,621.0,61.34,92.57,71.45,100297.24,0.4287,0.51276,0,0.0069,0.0764,0.101,0.1195,0.0293,0.072
2485,43,West,Salaried,Transport,2025Q3,89649.84,687.0,37.12,58.92,64.42,161707.65,0.476,0.06552,1,0.0047,-0.0413,-0.0051,0.0088,0.0098,-0.0109
2486,43,East,Business,Healthcare,2025Q3,74024.4,733.0,20.08,28.66,77.69,187549.46,0.3524,0.03533,0,0.0016,-0.0421,-0.0142,-0.0085,0.0,0.0
2487,45,North,Salaried,IT,2025Q3,72895.41,,53.24,59.32,22.65,167180.87,0.4008,0.08475,0,0.0,-0.0515,0.0222,0.01,0.0,-0.0117
2488,53,South,Business,Construction,2025Q3,119504.3,640.0,28.82,76.27,53.95,245192.9,0.4031,0.13045,0,-0.0261,0.0113,-0.0261,0.03,0.0,0.0
2489,59,West,SelfEmployed,Retail,2025Q3,81762.62,755.0,6.33,37.77,79.28,268246.23,0.5481,0.01967,0,-0.0093,-0.0406,-0.0184,-0.0031,0.0022,0.0051
2490,44,East,Business,IT,2025Q3,98964.85,680.0,19.84,66.75,48.86,257007.6,0.4231,0.09102,0,0.002,-0.0276,-0.0348,0.0135,0.0,0.0
2491,53,East,Salaried,Transport,2025Q3,64374.56,850.0,29.74,0.0,61.02,76300.1,0.4174,0.01,0,-0.0012,-0.0382,-0.0011,-0.004,0.0,-0.0006
2492,36,East,Business,Manufacturing,2025Q3,80602.69,544.0,41.52,80.45,51.81,197373.97,0.4076,0.51144,0,0.0619,0.2522,0.0076,0.0888,0.0,0.0
2493,52,South,Salaried,Transport,2025Q3,90941.08,543.0,40.75,65.61,52.3,75877.27,0.3738,0.26197,1,-0.0421,0.1791,0.0031,0.0372,0.0,-0.0254
2494,36,South,Salaried,Retail,2025Q3,25218.52,728.0,57.64,0.0,83.34,36707.44,0.4533,0.05031,0,0.0109,-0.0615,0.0146,-0.0382,0.0,-0.0061
2495,56,East,Salaried,Transport,2025Q3,76882.18,658.0,34.21,56.42,31.53,174768.46,0.4449,0.07798,0,-0.0245,-0.0064,-0.0085,0.0052,0.0,-0.0088
2496,68,North,Salaried,Healthcare,2025Q3,105027.97,714.0,30.55,4.3,58.99,230176.71,0.4875,0.02076,0,-0.0136,-0.0153,-0.0032,-0.011,0.0,-0.0019
2497,43,East,Salaried,Manufacturing,2025Q3,78865.19,585.0,57.92,34.56,65.04,250050.15,0.3793,0.2737,1,0.0102,0.108,0.0601,-0.0359,0.0,-0.0229
2498,21,East,Business,Healthcare,2025Q3,60597.19,664.0,53.66,62.94,78.76,119716.74,0.4152,0.27553,1,0.1106,-0.0313,0.0501,0.0294,0.0,0.0
2499,38,East,Salaried,Manufacturing,2025Q3,50417.52,691.0,34.58,45.01,57.56,79952.49,0.3101,0.08486,0,0.0127,-0.0385,-0.008,-0.0043,0.0,-0.0089
2500,58,South,Business,IT,2025Q3,114612.37,623.0,42.67,75.65,79.38,106811.36,0.3974,0.18842,0,-0.0552,0.0361,0.0071,0.0372,0.0,0.0
2501,50,East,Salaried,Manufacturing,2025Q3,75296.68,676.0,30.39,49.4,58.91,219280.42,0.3028,0.06736,0,-0.0088,-0.0192,-0.0124,-0.0004,0.0,-0.0075
2502,47,North,Business,Construction,2025Q3,103216.25,567.0,19.41,47.18,62.39,148570.58,0.4338,0.15146,0,-0.0083,0.0974,-0.068,-0.005,0.0,0.0
2503,55,North,Business,Construction,2025Q3,107444.02,687.0,73.16,72.17,61.63,161965.71,0.5192,0.16873,0,-0.04,-0.0606,0.068,0.0315,0.0,0.0
2504,49,South,Salaried,Healthcare,2025Q3,72146.47,758.0,29.33,40.57,73.11,95801.02,0.321,0.02409,0,-0.0028,-0.0511,-0.0056,-0.0028,0.0,-0.003
2505,57,North,Business,Construction,2025Q3,121706.11,576.0,,47.45,70.83,361338.57,0.3837,0.18068,0,-0.0572,0.096,0.0082,-0.0048,0.0,0.0
2506,54,West,Business,Retail,2025Q3,89003.0,572.0,13.75,50.35,37.74,76643.85,0.4414,0.13168,0,-0.0348,0.0797,-0.0793,0.0005,0.0146,0.0
2507,61,West,Salaried,Healthcare,2025Q3,112428.17,741.0,49.78,46.51,64.34,252907.8,0.3809,0.04145,0,-0.02,-0.0583,0.0065,-0.0015,0.0041,-0.0046
2508,48,North,Business,Healthcare,2025Q3,118083.27,571.0,18.71,73.52,70.81,291095.01,0.5168,0.22857,1,-0.0144,0.1109,-0.0799,0.0435,0.0,0.0
2509,54,East,Salaried,Construction,2025Q3,103602.06,717.0,64.85,33.33,89.23,90572.62,0.3001,0.0505,0,-0.0157,-0.0572,0.0224,-0.0122,0.0,-0.0071
2510,41,South,Salaried,Transport,2025Q3,69749.9,664.0,66.76,29.73,39.83,76295.72,0.2223,0.11721,0,0.0129,-0.0195,0.0528,-0.0318,0.0,-0.015
2511,37,East,Business,Construction,2025Q3,130247.42,632.0,47.05,24.64,70.77,76586.38,0.4389,0.20574,0,0.0272,0.0243,0.0176,-0.0443,0.0,0.0
2512,63,West,Business,Manufacturing,2025Q3,110533.2,760.0,39.84,0.88,53.04,113944.9,0.5243,0.01831,0,-0.01,-0.0351,-0.0,-0.0123,0.0018,0.0
2513,46,East,Business,Healthcare,2025Q3,96839.02,723.0,35.0,80.64,63.84,70880.33,0.3864,0.07602,0,-0.002,-0.0782,-0.0072,0.0218,0.0,0.0
2514,53,North,Salaried,Healthcare,2025Q3,83402.9,679.0,37.24,28.18,38.53,107316.27,0.449,0.0562,0,-0.0119,-0.0177,-0.0027,-0.0142,0.0,-0.0061
2515,45,North,Business,Transport,2025Q3,71264.2,514.0,44.55,42.75,59.73,176918.72,0.4687,0.36954,1,0.0,0.2644,0.0214,-0.0209,0.0,0.0
2516,38,South,Salaried,Manufacturing,2025Q3,93611.32,708.0,39.44,82.28,66.38,86064.51,0.4668,0.10277,0,0.0171,-0.0771,-0.0011,0.0314,0.0,-0.0119
2517,44,West,Salaried,IT,2025Q3,65396.74,,53.71,44.88,40.6,124467.46,0.426,0.26652,1,0.0054,0.1125,0.05,-0.0122,0.0227,-0.0241
2518,60,East,Salaried,Healthcare,2025Q3,106653.0,645.0,23.31,59.32,88.98,259282.87,0.4234,0.07703,0,-0.0309,0.0033,-0.0237,0.0065,0.0,-0.0077
2519,50,South,Business,Healthcare,2025Q3,116971.96,660.0,62.45,16.75,29.12,116358.29,0.5551,0.08284,0,-0.0138,-0.0107,0.0351,-0.0436,0.0,0.0
2520,25,North,SelfEmployed,Construction,2025Q3,77459.78,789.0,31.24,78.76,70.75,112431.47,0.4704,0.06706,0,0.0325,-0.2054,-0.0138,0.0219,0.0,0.0194
2521,42,West,Salaried,Healthcare,2025Q3,61444.55,643.0,26.07,45.32,11.43,157264.27,0.3746,0.08753,0,0.0078,0.0071,-0.0296,-0.0055,0.0109,-0.012
2522,64,South,Salaried,Transport,2025Q3,87560.59,563.0,43.8,25.6,54.9,233539.48,0.4047,0.15339,0,-0.0747,0.0782,0.0086,-0.0379,0.0,-0.0146
2523,42,East,Salaried,Healthcare,2025Q3,25712.63,760.0,44.82,25.58,69.59,36898.46,0.3413,0.03196,0,0.0025,-0.0688,0.0029,-0.0106,0.0,-0.004
2524,24,East,Salaried,IT,2025Q3,55603.58,709.0,10.21,85.18,74.25,80938.76,0.3169,0.07802,0,0.0382,-0.0696,-0.0626,0.0293,0.0,-0.0104
2525,65,North,Business,Manufacturing,2025Q3,124048.78,712.0,30.3,35.1,57.89,322503.8,0.3616,0.02648,0,-0.0197,-0.0255,-0.0057,-0.0052,0.0,0.0
2526,52,North,Salaried,Transport,2025Q3,78624.91,761.0,3.25,26.07,55.17,208967.06,0.3789,0.01,0,-0.0023,-0.0251,-0.0116,-0.0036,0.0,-0.0014
2527,43,South,Salaried,Manufacturing,2025Q3,64178.55,777.0,27.19,38.47,71.35,75719.28,0.3212,0.01689,1,0.0012,-0.0608,-0.0062,-0.0031,0.0,-0.0027
2528,40,South,Salaried,Retail,2025Q3,66740.56,599.0,27.88,49.0,79.01,171231.75,0.4863,0.19837,0,0.0184,0.0636,-0.0361,-0.0017,0.0,-0.0172
2529,56,East,Business,Construction,2025Q3,123376.59,565.0,42.76,51.34,87.59,257006.96,0.3234,0.21779,0,-0.0577,0.1215,0.0094,0.0028,0.0,0.0
2530,38,East,Salaried,IT,2025Q3,69321.42,,25.4,57.78,34.18,55363.28,0.3097,0.07053,0,0.0096,-0.055,-0.0178,0.0048,0.0,-0.0068
2531,57,North,Business,Construction,2025Q3,135842.49,642.0,29.18,53.16,55.99,106907.66,0.483,0.06678,0,-0.03,0.0066,-0.0184,0.0029,0.0,0.0
2532,50,South,Salaried,IT,2025Q3,70826.8,648.0,,62.24,16.13,35561.3,0.5803,0.17177,0,-0.0196,0.0029,0.0443,0.0187,0.0,-0.0167
2533,47,North,Salaried,Healthcare,2025Q3,82310.17,584.0,71.03,42.0,32.65,93227.78,0.4708,0.24323,0,-0.0118,0.1263,0.1111,-0.0203,0.0,-0.0255
2534,46,North,Salaried,Manufacturing,2025Q3,69698.77,700.0,23.27,93.59,45.92,56513.06,0.3433,0.11719,0,-0.0021,-0.0503,-0.028,0.0305,0.0,-0.0092
2535,42,East,Salaried,Construction,2025Q3,111240.76,687.0,54.31,37.25,77.3,101180.08,0.3255,0.07102,0,0.0069,-0.041,0.0218,-0.0139,0.0,-0.0108
2536,56,East,Salaried,Transport,2025Q3,89734.7,649.0,44.2,77.75,50.38,128488.77,0.3978,0.16428,0,-0.0376,0.0012,0.0089,0.032,0.0,-0.0137
2537,34,East,Salaried,Retail,2025Q3,105005.37,566.0,10.18,34.82,54.22,248419.64,0.5582,0.16519,0,0.0383,0.0926,-0.0993,-0.0267,0.0,-0.0173
2538,26,North,Salaried,Manufacturing,2025Q3,51937.7,742.0,25.34,16.59,66.0,107396.17,0.4364,0.03637,0,0.0151,-0.0594,-0.0122,-0.0175,0.0,-0.0046
2539,51,East,Salaried,IT,2025Q3,109496.43,677.0,2.0,11.32,46.59,197714.41,0.3191,0.02526,0,-0.0041,-0.0076,-0.0247,-0.013,0.0,-0.0028
2540,51,South,Salaried,Retail,2025Q3,84124.06,736.0,43.18,54.69,20.11,135263.34,0.4264,0.03794,0,-0.0077,-0.0627,0.0026,0.0023,0.0,-0.0054
2541,49,West,SelfEmployed,Manufacturing,2025Q3,103259.8,517.0,20.77,73.56,45.08,233614.58,0.5888,0.46517,0,-0.0276,0.2814,-0.0957,0.0675,0.0291,0.0715
2542,48,East,Salaried,IT,2025Q3,57345.2,664.0,40.14,22.68,57.59,53354.03,0.5171,0.07738,0,-0.0054,-0.0103,0.0002,-0.0237,0.0,-0.0079
2543,40,West,Business,Construction,2025Q3,93371.45,611.0,79.14,28.7,69.37,124626.44,0.5476,0.32483,1,0.0299,0.0862,0.1444,-0.0583,0.0257,0.0
2544,53,North,Salaried,Manufacturing,2025Q3,64555.83,662.0,63.49,56.49,55.87,208344.59,0.4873,0.13784,1,-0.0279,-0.0159,0.0454,0.0087,0.0,-0.0144
2545,43,South,Salaried,Manufacturing,2025Q3,79427.74,724.0,25.73,47.94,69.04,172952.29,0.299,0.05782,0,0.0022,-0.0476,-0.013,-0.001,0.0,-0.0051
2546,39,East,Business,Retail,2025Q3,58868.98,685.0,21.86,35.12,78.49,131697.34,0.3507,0.06971,0,0.0091,-0.0267,-0.0249,-0.0113,0.0,0.0
2547,41,South,SelfEmployed,Retail,2025Q3,79306.51,661.0,58.69,19.86,82.41,48606.33,0.5628,0.14336,0,0.0146,-0.0171,0.0445,-0.0551,0.0,0.0366
2548,66,East,Business,Transport,2025Q3,130221.02,661.0,21.92,54.8,63.45,402054.11,0.3964,0.05583,1,-0.036,-0.006,-0.0199,0.0026,0.0,0.0
2549,25,South,Salaried,Transport,2025Q3,68455.97,,53.86,62.36,37.26,99948.23,0.3094,0.46871,0,0.1359,0.2402,0.0687,0.037,0.0,-0.03
2550,49,West,Salaried,Transport,2025Q3,57988.9,598.0,81.77,58.82,35.1,128177.31,0.4942,0.33616,0,-0.0264,0.1203,0.1658,0.0242,0.0274,-0.0283
2551,26,North,SelfEmployed,Retail,2025Q3,33329.05,736.0,48.81,48.58,36.96,93242.59,0.4824,0.14033,0,0.0492,-0.1475,0.0186,-0.0019,0.0,0.0302
2552,43,West,Business,Retail,2025Q3,98745.0,626.0,56.94,24.77,38.5,290083.36,0.4295,0.16035,1,0.0083,0.0368,0.046,-0.0503,0.0175,0.0
2553,39,South,SelfEmployed,Manufacturing,2025Q3,107661.58,738.0,55.09,54.92,61.99,314055.25,0.4407,0.11098,0,0.0154,-0.1356,0.0263,0.0057,0.0,0.0262
2554,21,South,Salaried,Construction,2025Q3,37648.97,716.0,29.09,53.28,97.75,20000.0,0.3381,0.10142,0,0.0423,-0.0804,-0.0197,0.0032,0.0,-0.0104
2555,48,South,Salaried,Manufacturing,2025Q3,117053.27,720.0,42.64,19.11,64.24,88871.41,0.3659,0.05225,0,-0.0032,-0.0402,0.0019,-0.016,0.0,-0.0046
2556,40,North,Business,Healthcare,2025Q3,86983.12,683.0,22.7,41.35,58.32,239770.92,0.2712,0.07531,0,0.0083,-0.0268,-0.0254,-0.0069,0.0,0.0
2557,21,West,SelfEmployed,Transport,2025Q3,27743.52,630.0,58.64,56.06,79.24,44093.35,0.3486,0.38768,1,0.1556,0.0537,0.0897,0.0179,0.0295,0.0727
2558,53,West,Business,Transport,2025Q3,70704.15,650.0,20.64,46.28,43.43,207173.76,0.5424,0.06167,0,-0.0175,0.0,-0.0324,-0.0032,0.0081,0.0
2559,60,West,SelfEmployed,Transport,2025Q3,111959.08,704.0,49.22,4.87,80.84,211809.6,0.1434,0.06976,0,-0.0251,-0.0384,0.0084,-0.0342,0.0056,0.013
2560,60,West,SelfEmployed,Healthcare,2025Q3,100432.22,515.0,56.11,33.91,79.36,137164.79,0.4438,0.38935,1,-0.1042,0.2775,0.0756,-0.0475,0.0288,0.0706
2561,48,East,SelfEmployed,Retail,2025Q3,113979.98,745.0,30.13,32.45,61.18,147516.45,0.3515,0.03047,0,-0.0033,-0.0654,-0.0082,-0.0088,0.0,0.01
2562,45,South,Business,Retail,2025Q3,70033.75,626.0,26.46,60.3,100.0,215228.83,0.4835,0.11773,0,0.0,0.0285,-0.0354,0.014,0.0,0.0
2563,59,West,Salaried,Healthcare,2025Q3,91332.91,654.0,,100.0,82.3,71181.06,0.2554,0.14964,0,-0.0518,-0.0051,-0.0112,0.0551,0.0132,-0.0144
2564,63,North,Business,Transport,2025Q3,107921.7,655.0,23.72,50.95,60.91,209907.59,0.3647,0.05717,0,-0.0335,-0.003,-0.0199,0.0006,0.0,0.0
2565,56,East,Business,Retail,2025Q3,98925.74,657.0,40.5,21.64,57.13,248043.05,0.378,0.07251,0,-0.0214,-0.0048,0.0006,-0.024,0.0,0.0
2566,34,South,SelfEmployed,Manufacturing,2025Q3,67813.07,571.0,23.33,44.47,51.36,124840.89,0.4876,0.29345,1,0.0598,0.1456,-0.0737,-0.014,0.0,0.0583
2567,46,East,Salaried,Manufacturing,2025Q3,70971.41,670.0,24.49,48.23,57.39,112687.65,0.4197,0.05479,1,-0.0017,-0.0149,-0.0219,-0.0013,0.0,-0.0078
2568,49,South,Salaried,Construction,2025Q3,83343.62,700.0,46.75,64.65,57.96,80423.78,0.2775,0.06049,0,-0.0088,-0.0518,0.0096,0.0122,0.0,-0.0095
2569,24,South,Business,Manufacturing,2025Q3,78146.46,521.0,47.88,75.33,53.61,87851.54,0.4455,0.59106,0,0.1442,0.3379,0.0375,0.0734,0.0,0.0
2570,49,North,Salaried,IT,2025Q3,84746.31,572.0,33.3,78.6,55.72,245380.74,0.3926,0.25108,0,-0.0214,0.1249,-0.0258,0.0582,0.0,-0.023
2571,69,South,Salaried,IT,2025Q3,119907.78,721.0,11.66,59.82,36.15,210810.79,0.4397,0.01499,0,-0.0171,-0.021,-0.0136,0.002,0.0,-0.0023
2572,51,South,Salaried,Healthcare,2025Q3,60376.99,708.0,56.73,47.98,48.64,45357.24,0.3875,0.08404,0,-0.012,-0.0556,0.0192,-0.0016,0.0,-0.0084
2573,60,North,Salaried,Transport,2025Q3,57489.7,680.0,30.83,80.63,28.05,81299.82,0.5569,0.05647,0,-0.0315,-0.0238,-0.0124,0.0196,0.0,-0.0079
2574,46,North,Salaried,Retail,2025Q3,95805.37,614.0,71.0,40.35,68.29,190984.83,0.387,0.18315,0,-0.005,0.063,0.0922,-0.0213,0.0,-0.0221
2575,43,East,Business,Healthcare,2025Q3,72816.55,709.0,35.88,49.2,61.6,163142.43,0.3614,0.06693,0,0.0034,-0.0538,-0.0053,-0.0006,0.0,0.0
2576,48,South,Salaried,Retail,2025Q3,72469.44,578.0,40.17,42.64,57.55,80826.65,0.4101,0.21249,0,-0.0133,0.0942,0.0005,-0.014,0.0,-0.0192
2577,35,East,Business,Construction,2025Q3,71582.21,651.0,,1.11,77.72,115349.95,0.4117,0.10181,1,0.0183,-0.0008,-0.0141,-0.0551,0.0,0.0
2578,33,North,Salaried,Construction,2025Q3,54396.78,571.0,41.89,75.98,42.73,117190.67,0.5225,0.30884,0,0.0748,0.1736,0.0088,0.0697,0.0,-0.0285
2579,58,East,SelfEmployed,Retail,2025Q3,70051.25,649.0,,62.86,45.78,235685.69,0.3925,0.3729,0,-0.0832,0.0024,0.1791,0.0323,0.0,0.0609
2580,59,North,Business,Construction,2025Q3,93948.5,590.0,32.42,0.0,30.38,193512.56,0.4169,0.08315,0,-0.0343,0.0373,-0.012,-0.0572,0.0,0.0
2581,33,South,SelfEmployed,Healthcare,2025Q3,85487.96,711.0,58.42,70.04,80.46,91180.13,0.4347,0.18424,0,0.0487,-0.129,0.0529,0.036,0.0,0.044
2582,55,East,Salaried,Manufacturing,2025Q3,85529.23,689.0,39.45,41.32,72.11,252984.64,0.3381,0.05888,0,-0.0158,-0.0259,-0.0005,-0.0054,0.0,-0.0063
2583,43,East,Salaried,IT,2025Q3,83881.13,621.0,56.78,69.75,86.59,140688.34,0.4881,0.2935,0,0.0102,0.0542,0.0568,0.0412,0.0,-0.0229
2584,48,South,Business,Construction,2025Q3,85370.52,734.0,7.09,49.67,91.65,225901.51,0.3679,0.01941,0,-0.0022,-0.0371,-0.0231,-0.0001,0.0,0.0
2585,49,South,Business,Retail,2025Q3,111451.23,595.0,69.12,18.14,51.51,99188.96,0.3745,0.20842,0,-0.0199,0.087,0.0844,-0.0728,0.0,0.0
2586,55,North,Salaried,Transport,2025Q3,76449.49,658.0,43.46,48.58,45.78,204373.53,0.2776,0.077,0,-0.0243,-0.007,0.0052,-0.0013,0.0,-0.0097
2587,45,South,Business,Manufacturing,2025Q3,53645.97,618.0,33.72,28.23,24.09,56360.06,0.3505,0.13329,0,0.0,0.0327,-0.014,-0.0306,0.0,0.0
2588,60,South,Business,Healthcare,2025Q3,110799.23,710.0,52.45,21.1,38.04,256277.7,0.39,0.05391,0,-0.0205,-0.0362,0.0089,-0.0164,0.0,0.0
2589,47,East,Salaried,Construction,2025Q3,92212.93,704.0,40.3,67.07,53.5,128598.31,0.4012,0.07614,0,-0.004,-0.0532,0.0004,0.0131,0.0,-0.0088
2590,51,South,Business,Healthcare,2025Q3,86933.7,749.0,19.63,56.61,18.78,126408.5,0.3701,0.02692,0,-0.005,-0.0514,-0.0136,0.0021,0.0,0.0
2591,35,East,Salaried,Retail,2025Q3,89185.71,666.0,2.0,80.95,38.45,89456.45,0.3035,0.09326,0,0.0198,-0.015,-0.082,0.0252,0.0,-0.01
2592,68,South,Salaried,Healthcare,2025Q3,81987.54,459.0,67.22,39.32,58.34,224154.15,0.4774,0.44054,1,-0.159,0.3597,0.1282,-0.0319,0.0,-0.0299
2593,49,North,Business,Transport,2025Q3,107273.08,631.0,34.43,26.82,77.87,191576.98,0.3099,0.06704,0,-0.0102,0.0167,-0.0101,-0.027,0.0,0.0
2594,52,North,Salaried,Transport,2025Q3,114305.97,766.0,28.19,62.05,45.66,173586.68,0.2853,0.02818,0,-0.0054,-0.0607,-0.0066,0.0034,0.0,-0.0032
2595,26,North,Business,Construction,2025Q3,75161.16,638.0,29.44,29.66,62.56,59966.5,0.5185,0.17309,0,0.0558,0.016,-0.0288,-0.0337,0.0,0.0
2596,35,East,Business,Retail,2025Q3,78523.3,530.0,61.43,41.18,97.28,74929.92,0.4587,0.54141,1,0.0694,0.2869,0.1052,-0.0264,0.0,0.0
2597,58,East,SelfEmployed,Transport,2025Q3,94397.91,691.0,30.16,59.55,23.88,119592.41,0.4469,0.05979,0,-0.0287,-0.0369,-0.0144,0.0073,0.0,0.0178
2598,47,East,Salaried,Manufacturing,2025Q3,107709.32,696.0,48.31,45.23,81.72,75599.3,0.5234,0.08213,0,-0.0039,-0.0432,0.0106,-0.004,0.0,-0.0087
2599,23,South,Salaried,Retail,2025Q3,64050.09,611.0,32.65,37.25,67.62,141745.78,0.434,0.2594,1,0.0844,0.0624,-0.0254,-0.0265,0.0,-0.0206
2600,55,North,Salaried,Construction,2025Q3,124195.65,643.0,,17.14,85.33,146311.32,0.5042,0.06578,0,-0.013,0.003,-0.0222,-0.0194,0.0,-0.0052
2601,38,West,SelfEmployed,IT,2025Q3,83326.52,602.0,52.42,68.61,79.34,187771.81,0.4727,0.4383,0,0.0467,0.1203,0.0589,0.0531,0.0289,0.0707
2602,60,North,Business,Construction,2025Q3,93331.66,696.0,55.65,39.89,46.74,210786.14,0.3513,0.07535,0,-0.0302,-0.0378,0.0164,-0.0077,0.0,0.0
2603,43,South,Salaried,Manufacturing,2025Q3,64296.88,664.0,27.13,61.6,60.04,136006.76,0.4084,0.07836,0,0.0046,-0.0137,-0.0239,0.011,0.0,-0.0106
2604,46,West,Business,Manufacturing,2025Q3,93608.93,,37.4,58.69,30.79,79371.88,0.3889,0.22289,0,-0.0054,0.1187,-0.0101,0.0195,0.0224,0.0
2605,57,South,Business,Construction,2025Q3,65656.19,659.0,39.55,72.01,49.54,171466.36,0.4706,0.12432,1,-0.0364,-0.0098,-0.0009,0.0226,0.0,0.0
2606,34,North,Salaried,Manufacturing,2025Q3,58150.18,610.0,45.12,42.82,60.58,162078.54,0.5186,0.15813,0,0.0471,0.0646,0.0167,-0.0148,0.0,-0.0208
2607,33,North,Salaried,Healthcare,2025Q3,57649.64,759.0,69.54,40.35,66.07,134734.11,0.2773,0.08091,1,0.0212,-0.1423,0.0336,-0.0088,0.0,-0.0092
2608,42,East,Business,Healthcare,2025Q3,93216.22,721.0,32.82,23.62,75.79,219800.67,0.3297,0.0547,0,0.0033,-0.0462,-0.0063,-0.015,0.0,0.0
2609,53,North,Business,Retail,2025Q3,133752.73,652.0,32.72,36.06,91.66,154087.64,0.3955,0.08466,0,-0.0171,-0.0015,-0.0108,-0.0125,0.0,0.0
2610,29,East,Salaried,Retail,2025Q3,63186.7,666.0,35.19,55.51,51.29,99675.4,0.354,0.15434,0,0.0453,-0.0224,-0.0119,0.0077,0.0,-0.0149
2611,26,South,Business,IT,2025Q3,39892.14,729.0,22.92,30.02,82.9,20000.0,0.3784,0.05329,0,0.0215,-0.0655,-0.0203,-0.0136,0.0,0.0
2612,53,South,Salaried,Construction,2025Q3,67349.66,648.0,10.45,54.95,65.35,77666.22,0.4546,0.05328,0,-0.0133,0.0012,-0.0415,0.0031,0.0,-0.0068
2613,37,North,Business,IT,2025Q3,89121.18,712.0,40.14,80.28,33.85,159680.53,0.506,0.16057,0,0.0209,-0.0894,0.0003,0.0321,0.0,0.0
2614,40,East,Salaried,Healthcare,2025Q3,73773.91,760.0,46.44,38.21,56.99,107086.28,0.3459,0.05066,0,0.0052,-0.0844,0.0048,-0.0059,0.0,-0.005
2615,24,South,Business,Healthcare,2025Q3,101940.2,,38.04,19.08,62.32,215848.11,0.3887,0.20312,0,0.0712,0.0343,-0.0058,-0.0612,0.0,0.0
2616,37,East,Salaried,IT,2025Q3,86681.39,772.0,37.0,38.91,43.27,256166.89,0.4119,0.03305,0,0.0064,-0.0823,-0.002,-0.0045,0.0,-0.004
2617,44,South,Salaried,Construction,2025Q3,92442.08,752.0,23.62,16.7,39.19,173598.56,0.385,0.01805,0,0.0005,-0.039,-0.0075,-0.0095,0.0,-0.0025
2618,54,North,Business,Retail,2025Q3,95791.6,677.0,42.04,77.35,38.52,77685.99,0.2906,0.12612,0,-0.0264,-0.0317,0.0038,0.0274,0.0,0.0
2619,36,South,Salaried,Transport,2025Q3,88284.18,630.0,,49.87,49.13,100290.08,0.3628,0.16241,0,0.0327,0.0288,0.002,-0.0002,0.0,-0.0176
2620,62,South,Salaried,Manufacturing,2025Q3,75773.38,676.0,45.6,31.97,42.71,134621.64,0.3876,0.05107,0,-0.0283,-0.0156,0.0051,-0.0114,0.0,-0.0061
2621,36,South,Salaried,Construction,2025Q3,85929.3,643.0,43.18,35.68,84.61,119560.48,0.4893,0.14951,0,0.027,0.0088,0.0073,-0.0215,0.0,-0.0147
2622,36,East,Salaried,IT,2025Q3,63416.46,606.0,44.3,21.99,10.98,127031.12,0.5288,0.1756,0,0.0327,0.058,0.0118,-0.0528,0.0,-0.0176
2623,61,West,SelfEmployed,Healthcare,2025Q3,72936.12,,59.1,70.25,62.23,208518.78,0.3235,0.1708,0,-0.0613,-0.0706,0.0387,0.0259,0.0134,0.0313
2624,46,East,Business,Retail,2025Q3,103178.26,590.0,47.16,88.42,70.57,303905.25,0.3839,0.27861,1,-0.0062,0.1268,0.0308,0.0928,0.0,0.0
2625,38,East,Salaried,Transport,2025Q3,95455.79,637.0,45.69,15.13,40.74,205480.49,0.498,0.11676,0,0.0186,0.0138,0.0111,-0.0501,0.0,-0.0128
2626,42,East,Business,Healthcare,2025Q3,81581.17,638.0,10.12,70.95,55.36,62390.27,0.3917,0.15507,0,0.008,0.0124,-0.074,0.0225,0.0,0.0
2627,59,East,Business,Construction,2025Q3,132329.71,567.0,54.86,42.59,53.16,124753.68,0.482,0.25745,1,-0.0761,0.1219,0.048,-0.016,0.0,0.0
2628,60,North,Salaried,Transport,2025Q3,60293.06,705.0,33.23,75.88,58.45,75225.94,0.3898,0.04949,0,-0.0247,-0.0387,-0.007,0.0131,0.0,-0.0062
2629,35,East,Business,Retail,2025Q3,61057.72,,39.27,7.66,73.26,160781.28,0.429,0.12101,1,0.0239,0.0061,-0.0014,-0.0589,0.0,0.0
2630,44,West,Salaried,Retail,2025Q3,73058.93,748.0,17.63,52.96,71.47,195108.31,0.3569,0.03166,0,0.0009,-0.0564,-0.0171,0.0011,0.0035,-0.0039
2631,45,North,Salaried,Retail,2025Q3,69926.25,643.0,71.44,39.03,48.0,162569.53,0.5161,0.22585,1,0.0,0.0112,0.0763,-0.0205,0.0,-0.0186
2632,33,West,Salaried,Healthcare,2025Q3,53791.6,632.0,2.0,62.5,29.91,153435.22,0.3065,0.1326,0,0.0304,0.0189,-0.1034,0.0146,0.0118,-0.0129
2633,43,East,Salaried,Manufacturing,2025Q3,77206.2,598.0,61.81,49.35,63.3,86313.21,0.4107,0.23693,0,0.0108,0.0963,0.0762,-0.0015,0.0,-0.0241
2634,44,South,Salaried,Retail,2025Q3,66185.37,663.0,44.8,48.49,46.87,171389.81,0.5016,0.11262,0,0.0027,-0.0146,0.0089,-0.0018,0.0,-0.0122
2635,57,West,Salaried,Construction,2025Q3,80938.46,663.0,7.52,45.67,49.44,100374.31,0.4026,0.04499,0,-0.0158,-0.0061,-0.0353,-0.0021,0.0046,-0.0051
2636,57,North,Salaried,Retail,2025Q3,92411.65,710.0,70.58,82.37,64.47,204449.37,0.3939,0.12114,0,-0.0381,-0.0844,0.0481,0.0333,0.0,-0.0125
2637,40,North,Salaried,Healthcare,2025Q3,60084.34,665.0,46.22,44.15,51.3,57043.97,0.4952,0.12095,0,0.0135,-0.0179,0.0121,-0.0073,0.0,-0.0128
2638,42,South,Salaried,Manufacturing,2025Q3,71991.67,802.0,2.0,67.01,66.13,159391.0,0.4075,0.01611,0,0.0012,-0.0584,-0.0161,0.0027,0.0,-0.0018
2639,51,East,Business,IT,2025Q3,85380.3,691.0,31.24,61.83,100.0,213010.42,0.4768,0.074,0,-0.0116,-0.0352,-0.0121,0.0086,0.0,0.0
2640,38,South,Business,Transport,2025Q3,63598.83,593.0,46.55,67.55,73.72,41582.89,0.5392,0.28593,0,0.0405,0.1173,0.0275,0.0434,0.0,0.0
2641,50,West,Business,Transport,2025Q3,109846.64,587.0,65.41,25.68,86.9,336700.59,0.33,0.24181,1,-0.0276,0.1096,0.0848,-0.0596,0.0223,0.0
2642,43,North,SelfEmployed,Healthcare,2025Q3,113540.3,696.0,31.45,63.56,70.22,85468.78,0.3707,0.10396,1,0.0053,-0.0594,-0.0177,0.0147,0.0,0.0258
2643,33,North,Business,Retail,2025Q3,99962.3,591.0,2.0,55.41,61.54,227732.96,0.378,0.16207,0,0.0401,0.0694,-0.1293,0.0085,0.0,0.0
2644,33,East,Business,IT,2025Q3,86770.89,700.0,61.34,21.83,70.52,113442.85,0.4316,0.10713,0,0.0292,-0.0672,0.0358,-0.0381,0.0,0.0
2645,60,North,Salaried,Manufacturing,2025Q3,78552.49,721.0,45.97,43.33,69.55,50632.53,0.4814,0.04595,0,-0.0187,-0.0414,0.0041,-0.003,0.0,-0.0046
2646,42,East,Business,Retail,2025Q3,83735.46,723.0,2.28,98.47,77.26,174100.76,0.1974,0.04677,1,0.0042,-0.0601,-0.0552,0.0235,0.0,0.0
2647,62,South,Salaried,Transport,2025Q3,110926.38,601.0,43.48,39.38,61.19,107950.64,0.3134,0.08494,1,-0.057,0.0437,0.0068,-0.0134,0.0,-0.0126
2648,38,West,SelfEmployed,Manufacturing,2025Q3,37233.24,723.0,45.18,39.91,33.83,59486.48,0.2315,0.1418,1,0.0169,-0.1017,0.0093,-0.0118,0.0107,0.0248
2649,47,East,SelfEmployed,Transport,2025Q3,79861.32,682.0,32.8,57.92,30.64,94736.06,0.3424,0.095,0,-0.0055,-0.039,-0.0147,0.0089,0.0,0.0258
2650,70,North,SelfEmployed,Healthcare,2025Q3,120314.09,619.0,,36.1,69.22,113901.28,0.4357,0.09258,0,-0.067,0.0211,-0.0247,-0.0128,0.0,0.0188
2651,32,North,Salaried,Retail,2025Q3,44410.95,649.0,28.24,51.09,37.48,45117.17,0.551,0.14093,0,0.0355,0.0012,-0.0287,0.0015,0.0,-0.014
2652,23,North,Business,Transport,2025Q3,79420.99,692.0,32.79,38.12,73.73,176693.17,0.3016,0.09765,0,0.0477,-0.0543,-0.015,-0.0148,0.0,0.0
2653,58,West,SelfEmployed,Manufacturing,2025Q3,103085.81,614.0,43.68,56.85,86.77,116500.59,0.6248,0.20325,0,-0.0661,0.0576,0.0118,0.0132,0.019,0.045
2654,35,East,Business,Construction,2025Q3,56422.02,681.0,50.61,46.64,55.59,52421.98,0.4516,0.13126,0,0.0299,-0.0456,0.0232,-0.0048,0.0,0.0
2655,44,South,Business,Manufacturing,2025Q3,92265.61,758.0,,90.94,84.23,102536.3,0.4276,0.03619,0,0.0009,-0.0696,-0.0339,0.0129,0.0,0.0
2656,38,North,Salaried,Transport,2025Q3,59185.99,726.0,42.1,49.01,65.18,58073.77,0.451,0.05636,0,0.0108,-0.0724,0.0025,-0.0007,0.0,-0.0076
2657,47,West,Business,Manufacturing,2025Q3,100889.78,666.0,45.81,43.1,60.52,60064.63,0.3016,0.11301,0,-0.0059,-0.0193,0.0114,-0.0088,0.0118,0.0
2658,34,North,Business,IT,2025Q3,93756.2,676.0,40.71,70.65,61.46,195889.68,0.3638,0.15806,0,0.037,-0.0421,0.0019,0.0304,0.0,0.0
2659,42,East,Business,Manufacturing,2025Q3,96080.9,623.0,31.52,17.4,43.38,245820.41,0.3478,0.12659,0,0.0077,0.0251,-0.0172,-0.0433,0.0,0.0
2660,49,East,Salaried,Manufacturing,2025Q3,81506.66,625.0,60.72,85.22,40.83,43764.69,0.4803,0.24159,1,-0.0219,0.0487,0.0706,0.0719,0.0,-0.0235
2661,33,North,Business,Healthcare,2025Q3,85999.68,555.0,59.51,26.25,27.12,90093.12,0.3806,0.34538,0,0.076,0.205,0.0875,-0.0693,0.0,0.0
2662,36,South,Salaried,Manufacturing,2025Q3,47330.83,677.0,32.14,74.23,45.34,129195.67,0.3931,0.11111,0,0.0244,-0.0353,-0.0178,0.0277,0.0,-0.0134
2663,40,North,SelfEmployed,Healthcare,2025Q3,79546.47,706.0,36.67,80.05,100.0,210696.18,0.3467,0.14605,0,0.0158,-0.0906,-0.0081,0.0376,0.0,0.032
2664,28,South,Salaried,Retail,2025Q3,46963.3,655.0,50.35,36.43,30.13,140969.05,0.5321,0.12745,0,0.0563,-0.0078,0.0269,-0.0239,0.0,-0.0174
2665,39,West,Salaried,Manufacturing,2025Q3,89767.7,600.0,58.52,38.55,36.47,222578.58,0.3883,0.31357,0,0.0317,0.0939,0.0664,-0.0279,0.0229,-0.0242
2666,45,East,Salaried,Retail,2025Q3,88898.29,664.0,24.95,45.6,43.89,51429.13,0.3265,0.07081,0,0.0,-0.0108,-0.0225,-0.0035,0.0,-0.0083
2667,40,East,Salaried,Manufacturing,2025Q3,84347.22,751.0,21.26,61.67,44.83,94885.99,0.4226,0.03925,0,0.0046,-0.0665,-0.0157,0.0046,0.0,-0.0045
2668,41,East,Business,Healthcare,2025Q3,118842.85,721.0,42.39,26.04,65.39,150004.96,0.3896,0.05629,0,0.0055,-0.057,0.0024,-0.0168,0.0,0.0
2669,44,North,Business,IT,2025Q3,84760.41,658.0,20.02,45.6,47.76,164031.03,0.5289,0.07027,0,0.002,-0.0066,-0.0342,-0.0039,0.0,0.0
2670,37,East,Salaried,Healthcare,2025Q3,59517.87,799.0,6.88,41.1,56.03,96713.87,0.3919,0.01156,0,0.0028,-0.0542,-0.0128,-0.0016,0.0,-0.0018
2671,52,South,Salaried,IT,2025Q3,76535.15,844.0,24.87,22.67,43.01,82441.47,0.3734,0.01,0,-0.0014,-0.0458,-0.0023,-0.0025,0.0,-0.0008
2672,60,North,Business,Manufacturing,2025Q3,76259.74,627.0,44.67,25.01,50.5,82175.55,0.4978,0.06949,0,-0.0405,0.0185,0.0073,-0.0276,0.0,0.0
2673,39,South,Salaried,IT,2025Q3,43775.5,643.0,62.86,50.82,58.81,139100.61,0.4587,0.21496,0,0.026,0.0122,0.0646,0.0016,0.0,-0.0202
2674,49,East,Salaried,Construction,2025Q3,91379.85,707.0,26.66,50.43,57.31,72443.46,0.4629,0.04311,0,-0.005,-0.0356,-0.0128,0.0002,0.0,-0.0054
2675,41,East,SelfEmployed,Transport,2025Q3,55887.48,598.0,36.01,31.19,99.62,28689.03,0.4944,0.17542,0,0.0186,0.0824,-0.014,-0.041,0.0,0.047
2676,48,North,Salaried,Healthcare,2025Q3,59951.57,718.0,40.49,49.74,59.44,46736.65,0.3695,0.04714,0,-0.0043,-0.0522,0.0005,-0.0002,0.0,-0.0063
2677,61,West,Salaried,Retail,2025Q3,89169.04,667.0,27.62,33.77,55.81,173379.47,0.3175,0.05166,0,-0.0243,-0.009,-0.0122,-0.0094,0.005,-0.0056
2678,50,South,Business,IT,2025Q3,88679.9,685.0,26.37,76.76,10.06,76385.07,0.3931,0.10031,0,-0.0111,-0.0337,-0.0228,0.021,0.0,0.0
2679,24,North,Salaried,Construction,2025Q3,73641.74,621.0,43.36,45.73,64.8,116491.0,0.2691,0.20131,0,0.0911,0.0535,0.0121,-0.0095,0.0,-0.0226
2680,49,North,Business,Transport,2025Q3,96288.3,606.0,18.84,72.15,20.5,198910.81,0.376,0.20647,0,-0.0148,0.0519,-0.0622,0.0308,0.0,0.0
2681,58,East,Business,Construction,2025Q3,88927.56,525.0,25.72,10.76,71.03,257517.92,0.4317,0.13375,0,-0.0539,0.1107,-0.0412,-0.0721,0.0,0.0
2682,42,South,Salaried,Retail,2025Q3,91389.39,761.0,34.76,55.1,62.85,104770.61,0.4845,0.02772,0,0.0029,-0.0788,-0.004,0.0021,0.0,-0.0046
2683,55,South,Business,Construction,2025Q3,113718.24,724.0,43.16,61.11,75.96,149960.25,0.3815,0.0737,0,-0.0164,-0.0609,0.0032,0.0065,0.0,0.0
2684,36,North,Business,Manufacturing,2025Q3,58102.3,706.0,13.76,44.97,47.31,150863.25,0.5403,0.04367,0,0.0111,-0.0403,-0.033,-0.0031,0.0,0.0
2685,28,East,Business,Healthcare,2025Q3,80840.8,684.0,35.91,36.15,60.54,165689.02,0.4454,0.13923,0,0.0385,-0.0421,-0.0082,-0.0173,0.0,0.0
2686,46,East,Salaried,Manufacturing,2025Q3,64628.62,503.0,17.35,44.61,73.52,166746.59,0.3406,0.24632,1,-0.0055,0.2011,-0.0977,-0.0129,0.0,-0.0243
2687,25,South,Salaried,Construction,2025Q3,45254.12,609.0,27.05,64.33,41.41,101737.34,0.5257,0.23169,0,0.0875,0.0728,-0.0505,0.0301,0.0,-0.0226
2688,41,West,SelfEmployed,Manufacturing,2025Q3,114651.26,643.0,50.62,21.37,72.2,324410.0,0.5055,0.15354,0,0.0164,0.0114,0.0301,-0.0578,0.0175,0.0413
2689,58,North,Business,Construction,2025Q3,105536.88,586.0,,63.41,71.29,87632.49,0.3078,0.21708,0,-0.0602,0.0823,-0.0096,0.0226,0.0,0.0
2690,23,North,Salaried,Healthcare,2025Q3,52884.31,545.0,64.71,55.0,57.3,145116.86,0.5145,0.61311,0,0.1527,0.2744,0.1229,0.0148,0.0,-0.0293
2691,30,East,Salaried,Healthcare,2025Q3,64629.12,594.0,36.84,42.26,91.57,67209.37,0.5548,0.21266,1,0.0667,0.0921,-0.0115,-0.017,0.0,-0.0221
2692,33,East,Salaried,Retail,2025Q3,81536.32,663.0,53.49,43.2,70.31,88837.01,0.2437,0.15417,0,0.0393,-0.0198,0.0323,-0.011,0.0,-0.0165
2693,43,North,Business,Retail,2025Q3,77171.12,663.0,50.72,49.36,26.52,86568.72,0.329,0.15302,0,0.0065,-0.0179,0.0236,-0.0009,0.0,0.0
2694,40,East,Salaried,Healthcare,2025Q3,62544.7,722.0,37.79,84.49,79.77,168633.18,0.4705,0.08038,0,0.0105,-0.0867,-0.0036,0.0277,0.0,-0.01
2695,59,South,Salaried,Transport,2025Q3,101020.09,800.0,16.95,55.66,46.84,218964.33,0.3531,0.01393,0,-0.0052,-0.0435,-0.0063,0.0007,0.0,-0.0014
2696,54,East,Business,Transport,2025Q3,72404.99,,36.32,27.26,75.95,62809.32,0.5185,0.03937,1,-0.0109,-0.0324,-0.0029,-0.0119,0.0,0.0
2697,49,East,Salaried,Manufacturing,2025Q3,98033.89,648.0,29.48,38.42,65.91,304284.84,0.4968,0.06895,0,-0.0082,0.0015,-0.016,-0.0103,0.0,-0.0088
2698,46,West,Business,Retail,2025Q3,63606.76,,28.86,22.82,7.17,203291.5,0.4409,0.01561,0,-0.0006,-0.062,-0.005,-0.0077,0.0023,0.0
2699,48,South,Salaried,Retail,2025Q3,74876.2,552.0,40.49,6.42,72.1,121468.08,0.5485,0.13919,0,-0.0122,0.1046,0.0014,-0.0866,0.0,-0.0176
2700,35,East,Salaried,Transport,2025Q3,38821.01,519.0,14.81,22.43,55.57,40927.29,0.4012,0.25394,0,0.0465,0.1668,-0.1019,-0.0644,0.0,-0.0222
2701,53,East,Salaried,Manufacturing,2025Q3,64787.47,600.0,24.02,50.64,50.81,128278.06,0.4136,0.11779,0,-0.0246,0.0447,-0.0363,0.0008,0.0,-0.0126
2702,32,South,SelfEmployed,Retail,2025Q3,96258.0,,21.81,76.03,51.56,198643.88,0.5538,0.12947,0,0.0319,-0.0941,-0.0421,0.0279,0.0,0.0269
2703,53,North,Salaried,Healthcare,2025Q3,102600.24,671.0,33.93,69.91,75.78,99524.48,0.3855,0.07524,0,-0.0186,-0.0193,-0.0097,0.0164,0.0,-0.0096
2704,57,West,SelfEmployed,Transport,2025Q3,116123.8,583.0,25.71,22.58,41.57,98919.74,0.5319,0.11514,0,-0.0477,0.0716,-0.0399,-0.0467,0.0146,0.0341
2705,46,North,Business,Healthcare,2025Q3,66418.21,611.0,26.76,30.45,82.27,149339.77,0.4187,0.10548,1,-0.0029,0.0368,-0.0296,-0.026,0.0,0.0
2706,42,East,Salaried,Manufacturing,2025Q3,54980.99,576.0,40.17,27.35,29.61,147651.17,0.3855,0.25472,0,0.0127,0.0965,0.0005,-0.0456,0.0,-0.0193
2707,48,North,Salaried,Retail,2025Q3,85417.71,576.0,30.87,0.0,65.91,110807.76,0.3678,0.09143,0,-0.0083,0.0565,-0.0187,-0.0722,0.0,-0.012
2708,21,East,Salaried,Transport,2025Q3,67875.71,,38.08,44.31,75.45,112465.58,0.4249,0.05862,0,0.028,-0.1227,-0.0022,-0.0039,0.0,-0.007
2709,47,North,Salaried,Retail,2025Q3,64008.75,650.0,20.15,65.67,74.96,162754.68,0.5252,0.059,0,-0.0046,0.0,-0.0376,0.014,0.0,-0.0101
2710,43,West,Salaried,Construction,2025Q3,64379.42,780.0,24.75,42.45,63.68,140063.71,0.4145,0.0216,0,0.0013,-0.0683,-0.0082,-0.0022,0.0026,-0.0029
2711,43,East,Salaried,IT,2025Q3,54435.74,599.0,70.65,20.11,55.86,87118.66,0.4591,0.21871,0,0.0098,0.0849,0.0913,-0.0698,0.0,-0.022
2712,52,North,Salaried,Transport,2025Q3,112748.42,,26.84,29.41,49.0,163612.0,0.314,0.03956,0,-0.0077,-0.0213,-0.0107,-0.01,0.0,-0.0046
2713,43,East,SelfEmployed,IT,2025Q3,74250.8,675.0,4.3,40.77,35.55,264301.62,0.4123,0.06003,0,0.0032,-0.0184,-0.058,-0.0069,0.0,0.0156
2714,31,East,Salaried,Transport,2025Q3,64563.26,720.0,43.47,64.94,46.29,134235.89,0.4109,0.0778,0,0.0301,-0.0934,0.0061,0.015,0.0,-0.0113
2715,42,South,SelfEmployed,Construction,2025Q3,83405.6,677.0,26.67,43.98,40.77,100366.11,0.3411,0.08937,0,0.0073,-0.03,-0.0266,-0.0067,0.0,0.0239
2716,45,North,Salaried,IT,2025Q3,96501.17,727.0,41.9,61.97,37.49,96302.87,0.4287,0.05885,0,0.0,-0.0705,0.0021,0.0077,0.0,-0.0072
2717,45,East,Salaried,Retail,2025Q3,59455.6,698.0,36.57,46.21,96.07,130906.86,0.349,0.05258,0,0.0,-0.0389,-0.0041,-0.0027,0.0,-0.0074
2718,46,East,Business,Retail,2025Q3,113528.7,586.0,46.8,53.21,25.61,155273.02,0.412,0.22224,0,-0.0053,0.1084,0.0246,0.0071,0.0,0.0
2719,55,South,Salaried,Construction,2025Q3,62583.03,710.0,36.41,27.32,82.51,50893.32,0.4619,0.04019,0,-0.0104,-0.0296,-0.0024,-0.0101,0.0,-0.0041
2720,32,West,Business,IT,2025Q3,100882.96,653.0,34.38,32.91,35.27,245700.41,0.5479,0.12687,0,0.0383,-0.004,-0.0141,-0.0265,0.0138,0.0
2721,46,North,Salaried,Retail,2025Q3,46624.61,607.0,56.37,20.37,39.56,135960.18,0.557,0.17165,0,-0.0038,0.0541,0.0394,-0.0539,0.0,-0.0168
2722,58,North,Salaried,Construction,2025Q3,86418.0,707.0,2.51,61.24,39.23,141181.46,0.3898,0.02394,0,-0.0105,-0.0206,-0.0262,0.003,0.0,-0.0031
2723,25,East,Salaried,Transport,2025Q3,87857.87,723.0,16.79,41.59,37.79,128931.23,0.4395,0.04313,0,0.0221,-0.0583,-0.0289,-0.0053,0.0,-0.0064
2724,46,North,Business,Construction,2025Q3,105050.61,627.0,24.8,0.0,78.46,100800.32,0.48,0.06363,0,-0.0018,0.0142,-0.0218,-0.0489,0.0,0.0
2725,38,North,Salaried,Retail,2025Q3,77882.36,636.0,10.91,58.59,71.77,167951.98,0.4764,0.10467,0,0.0163,0.013,-0.0658,0.0089,0.0,-0.0113
2726,40,South,SelfEmployed,Healthcare,2025Q3,61228.53,566.0,30.33,69.43,55.35,49592.19,0.4608,0.44186,0,0.0319,0.1798,-0.046,0.0523,0.0,0.0665
2727,34,North,Salaried,IT,2025Q3,53473.58,537.0,28.75,30.14,100.0,137912.73,0.5645,0.24577,0,0.0566,0.1749,-0.0468,-0.0497,0.0,-0.0244
2728,42,North,Salaried,IT,2025Q3,98099.12,644.0,53.6,58.57,59.67,319581.21,0.3744,0.17357,1,0.0118,0.0094,0.036,0.0144,0.0,-0.0181
2729,64,East,Salaried,Transport,2025Q3,102202.11,714.0,36.59,43.39,61.2,157668.68,0.3077,0.03592,0,-0.0204,-0.0294,-0.0021,-0.0024,0.0,-0.0038
2730,30,East,Salaried,Retail,2025Q3,79124.49,621.0,34.59,1.41,46.29,212551.5,0.4598,0.14241,0,0.0369,0.0291,-0.0116,-0.0748,0.0,-0.013
2731,31,East,Business,Transport,2025Q3,80328.29,757.0,31.92,90.97,43.91,92474.83,0.359,0.07435,0,0.0253,-0.1437,-0.0131,0.0305,0.0,0.0
2732,30,East,Business,Manufacturing,2025Q3,73028.83,646.0,,43.52,49.34,109040.16,0.5762,0.12256,0,0.0394,0.0048,-0.0475,-0.0088,0.0,0.0
2733,63,South,Salaried,Manufacturing,2025Q3,106599.91,,52.25,52.43,77.03,192369.63,0.3856,0.11349,0,-0.053,0.0037,0.019,0.0025,0.0,-0.0108
2734,39,North,Salaried,Construction,2025Q3,75868.35,640.0,57.36,34.26,71.42,182934.91,0.5077,0.1763,0,0.0217,0.0145,0.0421,-0.0275,0.0,-0.0171
2735,44,East,Business,Manufacturing,2025Q3,87640.72,727.0,18.61,41.5,85.81,88433.82,0.4324,0.04258,0,0.0009,-0.0437,-0.018,-0.0037,0.0,0.0
2736,40,North,Salaried,Construction,2025Q3,46647.87,595.0,63.92,51.56,45.66,86044.05,0.3288,0.35046,1,0.0288,0.1114,0.091,0.0039,0.0,-0.026
2737,34,North,Business,Transport,2025Q3,98870.35,651.0,27.26,25.06,71.79,237041.71,0.4686,0.10838,0,0.0243,-0.001,-0.0252,-0.0301,0.0,0.0
2738,41,East,Salaried,IT,2025Q3,80920.47,623.0,25.96,85.27,66.11,76067.66,0.3788,0.18351,0,0.0159,0.0397,-0.0452,0.0542,0.0,-0.0184
2739,71,East,Salaried,Construction,2025Q3,89087.28,622.0,45.56,66.44,68.68,250375.52,0.6235,0.09093,0,-0.088,0.0248,0.0097,0.0166,0.0,-0.0115
2740,59,East,Salaried,Healthcare,2025Q3,110426.55,662.0,46.99,59.37,42.72,267034.2,0.3542,0.08427,0,-0.0369,-0.0112,0.0106,0.0086,0.0,-0.0101
2741,35,North,Salaried,Construction,2025Q3,71988.62,652.0,36.86,44.88,39.23,207918.34,0.347,0.12258,0,0.0278,-0.0024,-0.0071,-0.0069,0.0,-0.0138
2742,51,North,Business,IT,2025Q3,101741.18,732.0,32.46,31.25,70.78,283849.85,0.2183,0.03993,0,-0.0057,-0.0439,-0.0051,-0.0079,0.0,0.0
2743,35,South,Business,Transport,2025Q3,98510.12,659.0,56.76,70.66,77.46,259093.62,0.3571,0.23973,0,0.0464,-0.0182,0.0547,0.0415,0.0,0.0
2744,24,East,Business,Healthcare,2025Q3,84736.72,698.0,28.03,61.44,47.63,55871.6,0.4629,0.12361,0,0.0496,-0.0678,-0.0277,0.0138,0.0,0.0
2745,55,South,Business,Transport,2025Q3,105886.14,672.0,36.9,39.21,72.18,187174.68,0.3313,0.05508,1,-0.0193,-0.0164,-0.0039,-0.0083,0.0,0.0
2746,57,North,Salaried,Manufacturing,2025Q3,84005.47,755.0,65.1,24.14,83.99,108490.54,0.426,0.04099,0,-0.0127,-0.0652,0.0129,-0.0116,0.0,-0.0041
2747,56,North,Salaried,Manufacturing,2025Q3,122205.95,639.0,16.61,13.33,52.76,315545.34,0.4461,0.03547,0,-0.0138,0.0045,-0.0226,-0.021,0.0,-0.0049
2748,39,East,Salaried,Construction,2025Q3,57991.59,,,48.63,31.22,117784.96,0.347,0.11441,0,0.0166,0.0111,-0.0211,-0.0017,0.0,-0.0132
2749,42,East,Business,Construction,2025Q3,102327.49,711.0,54.4,42.52,33.72,164247.23,0.3907,0.1088,0,0.0065,-0.0708,0.0205,-0.0075,0.0,0.0
2750,52,North,Salaried,Healthcare,2025Q3,81390.54,,46.45,74.08,46.47,122098.34,0.3501,0.17258,0,-0.0269,0.0149,0.0158,0.0334,0.0,-0.016
2751,48,North,SelfEmployed,Healthcare,2025Q3,95484.85,694.0,52.3,69.83,51.08,108006.54,0.4749,0.13159,0,-0.011,-0.0726,0.0288,0.0279,0.0,0.0344
2752,40,North,Business,Retail,2025Q3,109301.62,819.0,16.83,48.86,59.28,145997.58,0.2167,0.01287,0,0.002,-0.0766,-0.009,-0.0002,0.0,0.0
2753,26,North,Business,Transport,2025Q3,68891.59,593.0,43.14,46.22,59.68,126026.9,0.5005,0.30784,1,0.1025,0.118,0.0134,-0.0099,0.0,0.0
2754,45,East,Business,IT,2025Q3,102433.05,764.0,33.44,22.65,54.55,148276.86,0.3239,0.0226,0,0.0,-0.0575,-0.0034,-0.0094,0.0,0.0
2755,56,North,Business,IT,2025Q3,106280.03,627.0,74.36,71.34,73.58,88622.21,0.439,0.20985,0,-0.063,0.0453,0.1088,0.0458,0.0,0.0
2756,31,East,Business,IT,2025Q3,67456.57,751.0,50.95,46.75,44.78,49773.36,0.4235,0.06757,0,0.0235,-0.1247,0.0141,-0.0028,0.0,0.0
2757,51,East,Business,Healthcare,2025Q3,119645.78,707.0,37.64,61.32,85.29,364202.11,0.4129,0.04105,0,-0.0111,-0.0506,-0.003,0.0079,0.0,0.0
2758,48,West,SelfEmployed,IT,2025Q3,100101.38,701.0,42.57,73.89,78.8,110556.74,0.5687,0.15786,1,-0.0103,-0.0808,0.006,0.0306,0.0136,0.0319
2759,52,West,Salaried,Retail,2025Q3,75078.1,650.0,38.87,35.56,77.34,233299.97,0.3882,0.10061,0,-0.017,0.0,-0.0018,-0.0149,0.0091,-0.0101
2760,54,North,Salaried,Retail,2025Q3,104564.69,643.0,49.18,29.79,46.81,68328.75,0.3145,0.11403,0,-0.0231,0.0062,0.0141,-0.0221,0.0,-0.0104
2761,36,North,Business,Manufacturing,2025Q3,68534.45,611.0,24.3,100.0,57.67,87631.46,0.6091,0.28508,1,0.047,0.0764,-0.0664,0.1019,0.0,0.0
2762,26,South,Salaried,Transport,2025Q3,58979.18,660.0,59.84,61.08,74.46,103356.29,0.4478,0.23166,1,0.0853,-0.021,0.0661,0.0238,0.0,-0.0229
2763,38,East,Business,IT,2025Q3,77573.97,647.0,16.8,41.87,56.0,113663.6,0.435,0.10926,0,0.0152,0.0027,-0.047,-0.0085,0.0,0.0
2764,54,North,Business,Retail,2025Q3,113223.62,673.0,41.28,75.28,46.02,74156.38,0.593,0.09515,0,-0.0265,-0.0266,0.0024,0.0256,0.0,0.0
2765,38,South,Salaried,Retail,2025Q3,61665.7,,24.81,41.22,45.21,164751.87,0.3473,0.17137,0,0.0304,0.1155,-0.0545,-0.0179,0.0,-0.0205
2766,36,North,Business,Construction,2025Q3,97152.7,662.0,38.69,55.16,46.19,300438.3,0.4111,0.13934,0,0.0281,-0.0169,-0.0032,0.0074,0.0,0.0
2767,24,North,Salaried,Construction,2025Q3,68400.28,746.0,53.81,35.5,36.78,175385.65,0.3016,0.08613,0,0.0341,-0.1206,0.0182,-0.0139,0.0,-0.0093
2768,63,East,Business,Healthcare,2025Q3,101045.52,724.0,10.6,47.63,100.0,61166.07,0.3875,0.01745,0,-0.0128,-0.0242,-0.0155,-0.0006,0.0,0.0
2769,53,East,Business,Retail,2025Q3,131734.92,662.0,35.29,41.97,20.95,148625.08,0.3035,0.06386,0,-0.0173,-0.0098,-0.0069,-0.0071,0.0,0.0
2770,52,East,Business,IT,2025Q3,84485.78,,14.96,31.46,40.38,115549.72,0.3651,0.01,0,-0.0016,-0.0463,-0.0048,-0.0018,0.0,0.0
2771,55,West,Salaried,Retail,2025Q3,60237.75,621.0,33.53,53.34,71.92,183948.89,0.4339,0.12717,0,-0.0327,0.0296,-0.0143,0.0041,0.012,-0.0132
2772,50,North,Business,Healthcare,2025Q3,111509.78,654.0,14.92,33.95,46.37,293946.34,0.4183,0.05446,0,-0.0079,-0.0024,-0.0331,-0.0111,0.0,0.0
2773,41,North,Salaried,Manufacturing,2025Q3,34310.66,561.0,40.59,60.67,52.97,70785.6,0.2722,0.40985,1,0.0231,0.1621,0.0025,0.0263,0.0,-0.0259
2774,42,South,Salaried,Manufacturing,2025Q3,100752.7,633.0,31.18,41.3,67.9,198060.15,0.49,0.10868,0,0.008,0.0172,-0.0186,-0.0107,0.0,-0.0124
2775,39,East,Business,Healthcare,2025Q3,88031.57,782.0,49.95,10.16,80.65,226833.54,0.358,0.03299,0,0.0044,-0.084,0.0051,-0.0169,0.0,0.0
2776,73,East,Salaried,Healthcare,2025Q3,76114.27,,57.66,61.66,54.53,47850.44,0.6382,0.07895,0,-0.0958,0.0139,0.0276,0.0119,0.0,-0.0113
2777,50,North,Salaried,IT,2025Q3,64027.64,556.0,38.17,62.03,78.44,100720.88,0.4181,0.27636,1,-0.0275,0.1469,-0.007,0.0265,0.0,-0.0235
2778,39,West,Business,Construction,2025Q3,56786.4,719.0,52.3,97.58,26.05,20000.0,0.3478,0.15614,0,0.0221,-0.1331,0.0315,0.0654,0.0161,0.0
2779,49,South,Salaried,Retail,2025Q3,87091.89,686.0,60.12,48.39,47.88,263328.84,0.4232,0.10006,0,-0.0106,-0.0418,0.0309,-0.0018,0.0,-0.0114
2780,33,South,Salaried,Retail,2025Q3,41915.54,716.0,23.25,52.03,69.9,54427.89,0.3012,0.0782,0,0.0161,-0.0557,-0.0216,0.0013,0.0,-0.007
2781,61,East,SelfEmployed,Retail,2025Q3,108037.6,640.0,60.96,58.53,99.46,133383.49,0.5246,0.17749,0,-0.0778,0.0162,0.0557,0.0151,0.0,0.0415
2782,37,West,Business,Healthcare,2025Q3,78913.17,592.0,37.41,70.43,40.69,222576.8,0.3687,0.26696,0,0.0463,0.1197,-0.0113,0.0504,0.0253,0.0
2783,50,East,Salaried,Manufacturing,2025Q3,72543.45,648.0,22.35,69.06,37.17,214623.96,0.3577,0.07449,0,-0.0122,0.0018,-0.0334,0.0171,0.0,-0.0103
2784,56,West,SelfEmployed,Construction,2025Q3,103668.23,698.0,42.78,55.01,66.83,169306.78,0.4739,0.09804,0,-0.0301,-0.0563,0.0047,0.0051,0.0099,0.0229
2785,48,North,Salaried,IT,2025Q3,90523.2,655.0,36.85,47.27,61.06,262225.77,0.4427,0.09251,0,-0.0072,-0.0046,-0.0053,-0.0027,0.0,-0.0104
2786,45,East,SelfEmployed,Transport,2025Q3,105224.45,686.0,15.49,66.54,45.63,119020.97,0.4303,0.08917,0,0.0,-0.0374,-0.0481,0.0147,0.0,0.0213
2787,44,East,SelfEmployed,Transport,2025Q3,72291.99,623.0,20.38,46.36,35.67,200852.16,0.3282,0.12,0,0.0035,0.0334,-0.0562,-0.0056,0.0,0.0337
2788,43,South,Salaried,Construction,2025Q3,74263.43,689.0,64.2,19.64,49.72,206870.0,0.4916,0.12362,0,0.0044,-0.0415,0.0323,-0.0344,0.0,-0.0102
2789,38,South,Business,Healthcare,2025Q3,73864.11,660.0,42.46,14.97,70.42,168402.56,0.3415,0.12222,0,0.0158,-0.01,0.0042,-0.0434,0.0,0.0
2790,39,West,SelfEmployed,Construction,2025Q3,82133.77,612.0,61.71,41.55,53.34,145952.95,0.3028,0.35715,1,0.0373,0.0885,0.0917,-0.0235,0.0269,0.065
2791,60,North,Salaried,Construction,2025Q3,76090.79,670.0,31.33,50.64,83.42,114478.49,0.4501,0.04111,0,-0.0257,-0.0123,-0.0095,0.0004,0.0,-0.0064
2792,43,South,Business,Manufacturing,2025Q3,82166.26,634.0,,100.0,57.28,178285.57,0.4159,0.24427,0,0.0087,0.0262,-0.0509,0.0778,0.0,0.0
2793,35,West,SelfEmployed,Healthcare,2025Q3,68057.99,702.0,11.07,45.36,72.03,92129.64,0.3902,0.09521,0,0.0181,-0.0529,-0.0537,-0.0041,0.0083,0.0192
2794,38,West,Salaried,Retail,2025Q3,75580.5,719.0,53.49,49.03,65.57,80964.69,0.4569,0.09653,1,0.0156,-0.0881,0.0208,-0.001,0.0098,-0.0108
2795,56,West,Business,Retail,2025Q3,101553.19,694.0,44.57,39.1,51.93,302385.09,0.3865,0.07976,0,-0.0215,-0.0365,0.0054,-0.0085,0.007,0.0
2796,51,West,SelfEmployed,Transport,2025Q3,99113.43,549.0,31.48,61.61,76.66,262907.4,0.3229,0.33025,0,-0.0391,0.1995,-0.0397,0.031,0.0268,0.0649
2797,50,North,Salaried,Retail,2025Q3,79174.06,594.0,25.32,54.17,35.65,100425.49,0.4199,0.11811,0,-0.0174,0.0582,-0.0386,0.0058,0.0,-0.0148
2798,41,West,Business,Transport,2025Q3,77564.45,617.0,56.03,33.96,48.93,39283.64,0.4621,0.23173,1,0.019,0.0573,0.0513,-0.0355,0.0203,0.0
2799,50,South,Salaried,Retail,2025Q3,84543.09,606.0,35.16,25.75,51.72,90263.61,0.4572,0.08369,0,-0.0142,0.0385,-0.0097,-0.0313,0.0,-0.0121
2800,37,East,Salaried,Manufacturing,2025Q3,52890.69,623.0,35.34,39.15,67.63,116275.77,0.4226,0.12215,0,0.0257,0.0331,-0.012,-0.0169,0.0,-0.0155
2801,41,South,Business,Healthcare,2025Q3,98244.84,723.0,28.39,29.45,72.62,251188.37,0.5948,0.04645,0,0.0043,-0.0474,-0.0105,-0.0112,0.0,0.0
2802,55,East,Salaried,Healthcare,2025Q3,80461.63,708.0,31.48,42.91,43.7,139663.84,0.54,0.03916,0,-0.0115,-0.0312,-0.0067,-0.0032,0.0,-0.0046
2803,54,East,Salaried,Retail,2025Q3,88381.35,631.0,46.8,51.11,40.88,249404.95,0.3381,0.09864,1,-0.0299,0.0208,0.0139,0.0014,0.0,-0.0135
2804,33,East,Business,Healthcare,2025Q3,84760.43,700.0,15.34,36.97,61.57,136915.71,0.3004,0.05279,0,0.0155,-0.0376,-0.0329,-0.009,0.0,0.0
2805,35,North,Salaried,Retail,2025Q3,96427.82,682.0,39.29,80.0,29.25,294125.26,0.5224,0.11537,1,0.0309,-0.0486,-0.0017,0.0386,0.0,-0.0153
2806,45,North,Business,Retail,2025Q3,98468.51,658.0,53.29,73.51,80.16,245357.43,0.5099,0.17108,0,0.0,-0.0136,0.0366,0.0386,0.0,0.0
2807,63,South,Salaried,Healthcare,2025Q3,94117.94,,36.64,42.95,55.52,223365.97,0.5151,0.02185,0,-0.0153,-0.0372,-0.0016,-0.0021,0.0,-0.003
2808,23,North,Salaried,Transport,2025Q3,44337.33,615.0,54.87,26.79,36.61,91968.91,0.4042,0.29494,1,0.1003,0.0669,0.0529,-0.0569,0.0,-0.0237
2809,47,East,Salaried,Construction,2025Q3,92842.93,664.0,59.45,47.34,36.21,282246.17,0.4098,0.12443,0,-0.0064,-0.0181,0.0374,-0.0036,0.0,-0.014
2810,29,North,Salaried,Retail,2025Q3,57336.3,589.0,52.46,45.06,66.26,45030.39,0.3066,0.30899,0,0.0885,0.1256,0.0515,-0.013,0.0,-0.0266
2811,37,East,Salaried,Retail,2025Q3,41941.36,592.0,29.4,46.62,65.72,62480.53,0.4593,0.17782,0,0.0319,0.0791,-0.0346,-0.0063,0.0,-0.019
2812,40,North,Business,IT,2025Q3,83588.41,567.0,37.43,39.24,44.63,108424.78,0.4055,0.19985,0,0.0256,0.1338,-0.0099,-0.0252,0.0,0.0
2813,39,North,Business,Healthcare,2025Q3,89646.82,593.0,43.53,24.91,57.72,109838.7,0.385,0.1973,0,0.0255,0.0822,0.0111,-0.0525,0.0,0.0
2814,38,East,Salaried,Manufacturing,2025Q3,55566.9,666.0,30.48,48.77,37.42,119609.83,0.4958,0.10264,0,0.0156,-0.0162,-0.0177,-0.0013,0.0,-0.0108
2815,44,South,Salaried,Retail,2025Q3,73572.75,639.0,29.95,40.28,54.83,147220.54,0.4189,0.10002,0,0.0024,0.01,-0.019,-0.0106,0.0,-0.011
2816,38,North,Business,IT,2025Q3,84013.31,642.0,28.99,42.24,89.51,63670.44,0.4963,0.13533,0,0.0194,0.0091,-0.0255,-0.0103,0.0,0.0
2817,28,North,Salaried,Transport,2025Q3,60293.66,640.0,78.7,50.07,100.0,155631.36,0.4224,0.35992,0,0.0957,0.0238,0.1448,0.0002,0.0,-0.027
2818,53,North,Business,Retail,2025Q3,121023.55,781.0,33.66,46.47,55.76,124700.0,0.4255,0.03266,0,-0.0054,-0.0654,-0.0029,-0.0009,0.0,0.0
2819,52,East,Business,Construction,2025Q3,74291.96,583.0,55.1,49.59,68.64,191868.37,0.3459,0.21164,0,-0.0383,0.1115,0.0519,-0.0009,0.0,0.0
2820,53,North,Salaried,Transport,2025Q3,120408.44,575.0,24.09,39.26,67.85,293837.63,0.3748,0.1331,0,-0.0272,0.0677,-0.04,-0.0151,0.0,-0.014
2821,27,South,Business,IT,2025Q3,74808.96,,65.23,55.92,25.58,231155.03,0.4802,0.42777,0,0.1147,0.1174,0.1148,0.0171,0.0,0.0
2822,47,East,SelfEmployed,IT,2025Q3,96843.8,655.0,31.94,32.21,37.0,201893.88,0.5611,0.10036,0,-0.0054,-0.0053,-0.0162,-0.0219,0.0,0.0252
2823,51,South,Business,Manufacturing,2025Q3,99301.05,695.0,,24.07,13.69,141517.29,0.4491,0.04474,0,-0.0086,-0.0294,-0.0011,-0.017,0.0,0.0
2824,33,East,SelfEmployed,Construction,2025Q3,42731.58,702.0,8.68,28.42,68.98,47640.41,0.4105,0.06407,0,0.0161,-0.0409,-0.0459,-0.0161,0.0,0.0146
2825,44,North,Salaried,Construction,2025Q3,56681.6,724.0,55.87,33.11,98.91,111763.27,0.5218,0.06484,0,0.0016,-0.0665,0.0157,-0.0126,0.0,-0.0072
2826,43,West,SelfEmployed,Retail,2025Q3,73363.03,653.0,59.33,19.67,81.32,52293.26,0.409,0.1579,0,0.0083,-0.005,0.0513,-0.0612,0.0174,0.041
2827,64,South,Business,Transport,2025Q3,126586.96,633.0,19.0,10.76,60.89,260786.35,0.3697,0.02904,0,-0.026,0.0065,-0.0195,-0.0224,0.0,0.0
2828,65,North,Salaried,Manufacturing,2025Q3,69682.22,,56.8,59.08,58.07,69287.35,0.3857,0.02648,0,-0.0206,-0.0722,0.0081,0.0029,0.0,-0.0036
2829,26,West,Business,Healthcare,2025Q3,59096.73,471.0,16.6,76.03,52.95,150047.12,0.52,0.59728,1,0.1302,0.4366,-0.1017,0.0755,0.0285,0.0
2830,71,East,Salaried,Healthcare,2025Q3,102967.32,664.0,48.11,60.27,81.19,160467.6,0.3213,0.07189,0,-0.0608,-0.01,0.0092,0.0071,0.0,-0.0077
2831,34,East,SelfEmployed,Construction,2025Q3,83211.42,689.0,33.39,37.37,64.31,206574.26,0.4242,0.09787,0,0.0275,-0.0508,-0.014,-0.0162,0.0,0.0269
2832,55,West,Salaried,IT,2025Q3,93568.98,787.0,59.38,10.24,61.25,183064.8,0.2416,0.02066,0,-0.0067,-0.0682,0.0068,-0.0126,0.0024,-0.0027
2833,55,North,Salaried,Retail,2025Q3,67887.91,547.0,41.99,52.22,37.93,77601.62,0.4395,0.1888,0,-0.0548,0.1479,0.0072,0.0048,0.0,-0.0226
2834,33,East,SelfEmployed,Healthcare,2025Q3,45036.16,631.0,52.9,12.64,72.02,77792.09,0.4216,0.17156,0,0.0513,0.0332,0.0403,-0.0851,0.0,0.0463
2835,49,East,Business,Manufacturing,2025Q3,104903.07,568.0,57.8,46.09,57.0,136857.87,0.4536,0.27103,0,-0.024,0.1516,0.069,-0.0099,0.0,0.0
2836,43,South,Business,Construction,2025Q3,115596.23,538.0,33.34,30.41,67.94,363356.13,0.3101,0.25438,1,0.0107,0.1687,-0.0266,-0.048,0.0,0.0
2837,50,North,SelfEmployed,Healthcare,2025Q3,82884.57,,37.54,0.0,79.98,45790.63,0.4369,0.07291,0,-0.0114,0.0033,-0.0038,-0.0589,0.0,0.0203
2838,47,North,Business,Construction,2025Q3,72795.64,717.0,20.22,80.57,27.3,122675.96,0.474,0.06031,0,-0.0032,-0.0567,-0.0261,0.0173,0.0,0.0
2839,57,West,Business,Transport,2025Q3,94662.15,742.0,33.2,20.37,54.09,34478.29,0.5079,0.01842,0,-0.0096,-0.0407,-0.0035,-0.0102,0.0027,0.0
2840,45,North,SelfEmployed,Transport,2025Q3,91693.13,624.0,68.83,40.17,51.19,179257.51,0.5528,0.28008,0,0.0,0.0549,0.1028,-0.0248,0.0,0.0574
2841,42,North,Business,Healthcare,2025Q3,84703.42,705.0,50.09,45.16,49.42,127646.88,0.4103,0.08597,0,0.0066,-0.0627,0.015,-0.0048,0.0,0.0
2842,56,East,Business,Retail,2025Q3,126829.49,647.0,21.29,37.65,37.66,110679.46,0.6268,0.04707,0,-0.02,0.0018,-0.025,-0.009,0.0,0.0
2843,50,East,Business,Healthcare,2025Q3,112749.47,698.0,64.1,58.22,45.45,290245.07,0.3499,0.1196,0,-0.0151,-0.0657,0.0408,0.0097,0.0,0.0
2844,52,North,Salaried,Retail,2025Q3,86218.09,739.0,44.22,31.7,38.03,259571.54,0.3381,0.02252,0,-0.0068,-0.0502,0.0026,-0.0078,0.0,-0.004
2845,37,East,Salaried,Construction,2025Q3,34222.19,647.0,51.29,56.4,76.5,29023.81,0.43,0.16332,0,0.0309,0.0048,0.0311,0.0111,0.0,-0.0185
2846,33,South,Salaried,Healthcare,2025Q3,53339.25,733.0,45.85,55.01,67.55,78192.71,0.4646,0.08882,0,0.021,-0.0961,0.008,0.0042,0.0,-0.0091
2847,38,East,Salaried,Transport,2025Q3,60435.6,578.0,44.72,17.69,66.16,112817.3,0.5042,0.14482,0,0.0297,0.099,0.0148,-0.0696,0.0,-0.02
2848,37,North,Salaried,Manufacturing,2025Q3,55960.91,705.0,6.04,53.19,21.46,150342.47,0.2188,0.04875,0,0.0084,-0.0333,-0.0388,0.0016,0.0,-0.0053
2849,53,North,Business,IT,2025Q3,102234.78,730.0,55.71,24.81,98.98,145903.79,0.3224,0.03726,0,-0.0108,-0.0576,0.0119,-0.0151,0.0,0.0
2850,55,East,Business,Construction,2025Q3,104405.96,723.0,2.0,22.36,51.83,280643.25,0.4633,0.01433,0,-0.005,-0.0189,-0.0175,-0.0061,0.0,0.0
2851,42,North,Business,Transport,2025Q3,58766.65,579.0,54.26,54.39,94.89,96297.1,0.3813,0.37897,1,0.018,0.1432,0.0588,0.0114,0.0,0.0
2852,60,South,Business,Manufacturing,2025Q3,119582.77,646.0,39.59,39.02,74.98,100056.08,0.4186,0.07051,0,-0.0362,0.0031,-0.0006,-0.0101,0.0,0.0
2853,59,North,SelfEmployed,Healthcare,2025Q3,97490.23,681.0,51.37,56.2,55.37,112072.32,0.4454,0.14298,0,-0.0449,-0.0383,0.0205,0.0071,0.0,0.0263
2854,47,East,Business,Healthcare,2025Q3,99837.55,690.0,40.53,56.4,100.0,127636.45,0.4522,0.08215,1,-0.0045,-0.0416,0.0008,0.0059,0.0,0.0
2855,35,West,SelfEmployed,Healthcare,2025Q3,89006.87,668.0,54.7,16.58,71.35,216759.3,0.4901,0.17218,0,0.0367,-0.0304,0.0384,-0.0654,0.0166,0.0391
2856,61,East,Business,Transport,2025Q3,92194.55,757.0,38.26,64.29,55.43,226446.79,0.4917,0.03603,0,-0.0167,-0.0633,-0.0011,0.0048,0.0,0.0
2857,43,West,Salaried,Healthcare,2025Q3,97460.3,572.0,42.49,54.27,52.18,226644.04,0.5054,0.30216,0,0.0112,0.1392,0.01,0.0103,0.0236,-0.0249
2858,45,West,Salaried,Healthcare,2025Q3,74047.72,644.0,44.48,35.09,80.64,56760.95,0.3314,0.12504,0,0.0,0.0069,0.0093,-0.0205,0.0123,-0.0135
2859,40,South,Salaried,IT,2025Q3,99325.85,545.0,68.06,45.01,49.27,147063.03,0.5112,0.41167,0,0.034,0.2387,0.1294,-0.0147,0.0,-0.0297
2860,34,South,SelfEmployed,Healthcare,2025Q3,58609.22,702.0,47.6,64.92,52.43,141218.31,0.4958,0.13446,0,0.0392,-0.0964,0.0204,0.0238,0.0,0.0383
2861,28,West,SelfEmployed,Transport,2025Q3,95188.44,698.0,16.93,40.97,48.06,248417.21,0.447,0.0815,0,0.0368,-0.0605,-0.0516,-0.0106,0.0107,0.0249
2862,51,West,Salaried,Healthcare,2025Q3,65728.29,850.0,28.98,94.54,44.89,167100.23,0.4607,0.02259,0,-0.0032,-0.1235,-0.0043,0.0073,0.002,-0.0022
2863,35,West,Salaried,Construction,2025Q3,113478.06,730.0,47.57,80.8,46.11,191030.5,0.4185,0.15147,0,0.0258,-0.1245,0.0147,0.0329,0.0118,-0.0129
2864,75,East,Salaried,Transport,2025Q3,86466.99,683.0,58.16,50.57,95.45,22341.59,0.4058,0.05317,0,-0.0607,-0.0211,0.0153,0.0003,0.0,-0.0062
2865,32,North,Salaried,Manufacturing,2025Q3,83918.56,677.0,26.45,42.98,80.15,164147.09,0.3503,0.06431,1,0.0247,-0.0265,-0.0239,-0.0069,0.0,-0.01
2866,30,West,SelfEmployed,IT,2025Q3,64576.9,638.0,73.84,43.94,64.71,84863.77,0.5944,0.37451,1,0.0963,0.0314,0.1485,-0.0177,0.0286,0.07
2867,50,West,SelfEmployed,Manufacturing,2025Q3,101970.4,669.0,40.81,34.79,49.05,158909.3,0.3372,0.10036,0,-0.015,-0.023,0.0016,-0.0199,0.0116,0.0271
2868,61,East,Salaried,Construction,2025Q3,90270.55,679.0,44.73,50.75,48.97,207856.36,0.417,0.05554,0,-0.0313,-0.0211,0.0052,0.0005,0.0,-0.0072
2869,45,West,Business,Healthcare,2025Q3,71957.85,526.0,17.93,63.13,52.67,143589.07,0.4424,0.28719,1,0.0,0.2131,-0.1026,0.0333,0.0256,0.0
2870,50,East,Business,IT,2025Q3,45757.06,673.0,55.85,18.31,95.78,90006.14,0.3127,0.09009,0,-0.0113,-0.0213,0.0211,-0.0338,0.0,0.0
2871,24,West,SelfEmployed,Manufacturing,2025Q3,110836.5,667.0,30.87,62.14,65.82,173884.02,0.4926,0.24575,0,0.09,-0.0355,-0.0346,0.0254,0.021,0.05
2872,37,North,Business,Construction,2025Q3,85714.44,779.0,26.07,68.54,74.95,214031.77,0.4223,0.05133,0,0.0076,-0.1049,-0.0119,0.0076,0.0,0.0
2873,32,West,SelfEmployed,Manufacturing,2025Q3,19916.46,651.0,,60.59,64.0,21351.81,0.4467,0.2207,1,0.0587,-0.002,-0.0263,0.0219,0.0208,0.0493
2874,23,North,Salaried,IT,2025Q3,62246.95,608.0,60.12,45.14,42.29,141523.23,0.392,0.35163,0,0.1232,0.0956,0.0843,-0.0133,0.0,-0.0275
2875,45,South,Business,IT,2025Q3,104012.56,678.0,45.45,59.67,62.05,100778.87,0.4628,0.13016,0,0.0,-0.0354,0.0107,0.0114,0.0,0.0
2876,21,North,Salaried,Transport,2025Q3,42128.55,665.0,23.77,76.58,38.48,108152.2,0.4014,0.20025,0,0.0763,-0.0248,-0.0513,0.0409,0.0,-0.0178
2877,29,South,Salaried,Transport,2025Q3,49449.62,651.0,29.51,46.72,83.91,20000.0,0.4656,0.10867,0,0.0435,-0.0013,-0.026,-0.0046,0.0,-0.0144
2878,38,North,Salaried,Healthcare,2025Q3,69942.85,573.0,60.55,48.52,45.03,189343.85,0.5693,0.36334,1,0.043,0.1613,0.0864,-0.004,0.0,-0.0277
2879,35,West,Business,Manufacturing,2025Q3,104246.7,649.0,34.22,94.92,48.56,49764.0,0.2324,0.25178,1,0.0483,0.002,-0.0221,0.0863,0.0216,0.0
2880,48,East,Salaried,IT,2025Q3,81099.28,621.0,,54.76,76.26,214518.74,0.5178,0.17023,0,-0.0118,0.0389,0.0181,0.0076,0.0,-0.017
2881,47,West,Salaried,Construction,2025Q3,104738.06,645.0,50.88,25.84,46.03,191237.82,0.6191,0.11789,0,-0.0059,0.0056,0.0206,-0.0334,0.0118,-0.013
2882,54,North,Business,Healthcare,2025Q3,120061.95,710.0,2.0,67.21,55.62,303783.43,0.5442,0.04281,0,-0.0087,-0.028,-0.0338,0.0058,0.0,0.0
2883,52,North,Salaried,Retail,2025Q3,78781.87,614.0,58.23,56.84,7.25,87661.5,0.5019,0.17028,0,-0.0325,0.0546,0.0508,0.0125,0.0,-0.0195
2884,57,East,Salaried,Healthcare,2025Q3,59130.57,645.0,24.36,33.58,53.55,106888.66,0.5271,0.04601,0,-0.02,0.0027,-0.0184,-0.011,0.0,-0.0065
2885,44,East,Salaried,Construction,2025Q3,71619.92,697.0,32.23,23.71,71.89,212227.21,0.3431,0.04002,0,0.0012,-0.0289,-0.0073,-0.016,0.0,-0.0056
2886,47,East,Business,Healthcare,2025Q3,102876.68,642.0,62.63,53.25,47.47,110325.76,0.4495,0.18563,0,-0.0089,0.0134,0.0612,0.006,0.0,0.0
2887,50,East,SelfEmployed,Retail,2025Q3,90178.08,837.0,61.15,46.68,71.19,74544.75,0.3501,0.03195,0,-0.0044,-0.1664,0.0103,-0.0012,0.0,0.0077
2888,46,East,Business,IT,2025Q3,103919.65,677.0,45.88,20.63,59.68,276933.98,0.3807,0.06966,0,-0.002,-0.0234,0.0078,-0.0285,0.0,0.0
2889,40,East,Business,IT,2025Q3,102641.56,576.0,49.66,46.05,81.76,247684.31,0.5325,0.33871,1,0.0285,0.1402,0.0389,-0.01,0.0,0.0
2890,40,West,SelfEmployed,Construction,2025Q3,89655.45,603.0,53.65,44.67,45.3,81992.14,0.4282,0.33971,1,0.0307,0.105,0.0583,-0.0145,0.0264,0.0638
2891,35,East,Business,Healthcare,2025Q3,77644.09,596.0,60.88,46.63,55.17,134760.45,0.2981,0.32823,0,0.0589,0.1167,0.0854,-0.009,0.0,0.0
2892,49,East,Salaried,Retail,2025Q3,89557.9,604.0,62.92,58.81,30.61,163335.46,0.4787,0.20565,0,-0.0214,0.082,0.0753,0.0192,0.0,-0.023
2893,43,South,Salaried,IT,2025Q3,115038.72,697.0,39.72,9.24,58.16,105305.47,0.4088,0.0631,0,0.0024,-0.029,-0.0002,-0.0271,0.0,-0.0056
2894,37,North,Business,IT,2025Q3,57582.17,585.0,26.2,23.53,51.57,65456.41,0.5057,0.16615,0,0.0289,0.0778,-0.0421,-0.049,0.0,0.0
2895,37,North,Salaried,Transport,2025Q3,78171.17,637.0,33.92,37.29,79.2,61656.67,0.3993,0.15677,1,0.022,0.0145,-0.0136,-0.0173,0.0,-0.0134
2896,31,East,Salaried,Healthcare,2025Q3,96976.06,738.0,40.04,77.18,47.51,301826.49,0.2589,0.08084,0,0.0272,-0.1161,0.0001,0.0233,0.0,-0.0103
2897,55,East,Salaried,Retail,2025Q3,64457.38,,37.15,100.0,51.53,210876.3,0.3583,0.20061,0,-0.0447,0.0367,-0.0085,0.0717,0.0,-0.0182
2898,45,South,Salaried,Transport,2025Q3,94619.8,706.0,21.8,48.11,46.5,181917.89,0.3347,0.04016,0,0.0,-0.0347,-0.0182,-0.001,0.0,-0.0054
2899,35,East,Salaried,Transport,2025Q3,88024.91,546.0,44.99,49.0,60.54,150401.93,0.3817,0.44256,0,0.0621,0.2098,0.0228,-0.0028,0.0,-0.0282
2900,53,North,Salaried,Healthcare,2025Q3,57216.77,635.0,12.92,0.0,99.77,178652.69,0.3877,0.04441,0,-0.0088,0.0054,-0.0247,-0.0281,0.0,-0.0045
2901,38,North,Salaried,Construction,2025Q3,83122.51,600.0,39.37,67.9,5.0,165985.47,0.5032,0.2751,0,0.0345,0.0875,-0.0023,0.0376,0.0,-0.0229
2902,29,West,Salaried,Manufacturing,2025Q3,57316.31,680.0,40.39,57.89,59.04,23935.31,0.3065,0.13471,0,0.0489,-0.0472,0.001,0.0117,0.0147,-0.016
2903,55,South,Business,Construction,2025Q3,99511.98,590.0,39.84,54.23,83.49,112904.34,0.5191,0.23519,0,-0.0449,0.0778,-0.0005,0.0073,0.0,0.0
2904,38,North,Business,Healthcare,2025Q3,79450.81,801.0,51.62,20.58,49.71,222884.39,0.2731,0.04036,0,0.0049,-0.1047,0.0057,-0.0115,0.0,0.0
2905,40,South,Salaried,Healthcare,2025Q3,95728.4,549.0,49.5,91.56,70.54,295038.19,0.4324,0.45051,0,0.0346,0.2433,0.0469,0.1197,0.0,-0.03
2906,44,South,Salaried,Transport,2025Q3,73681.82,737.0,73.56,81.45,83.55,102239.44,0.3942,0.12772,0,0.003,-0.1457,0.0567,0.0357,0.0,-0.0137
2907,57,East,Salaried,Manufacturing,2025Q3,79060.36,720.0,29.72,54.48,54.48,77955.74,0.379,0.04066,0,-0.0132,-0.0373,-0.0076,0.0018,0.0,-0.0042
2908,44,West,SelfEmployed,Transport,2025Q3,75665.24,681.0,42.47,69.82,46.95,203400.43,0.4664,0.1289,0,0.004,-0.0546,0.007,0.0316,0.0166,0.0391
2909,31,East,Salaried,Transport,2025Q3,57862.18,664.0,41.44,49.12,78.71,63707.75,0.4139,0.16694,0,0.0409,-0.0196,0.0034,-0.0013,0.0,-0.0151
2910,50,East,Salaried,Manufacturing,2025Q3,61668.36,786.0,40.69,66.06,69.91,42303.04,0.3673,0.03505,0,-0.0043,-0.0895,0.0004,0.005,0.0,-0.0036
2911,39,South,Salaried,Healthcare,2025Q3,62701.59,828.0,17.76,19.24,58.75,126552.53,0.1751,0.01,0,0.0014,-0.0528,-0.0051,-0.0041,0.0,-0.0012
2912,65,East,Business,Manufacturing,2025Q3,111718.05,646.0,19.06,0.0,72.22,239206.45,0.461,0.02024,0,-0.0212,0.0012,-0.0148,-0.0232,0.0,0.0
2913,44,South,Business,Healthcare,2025Q3,97978.87,671.0,38.1,20.07,79.21,163673.69,0.5704,0.07655,0,0.0019,-0.0171,-0.0026,-0.0281,0.0,0.0
2914,21,North,Business,Retail,2025Q3,91672.7,622.0,12.79,30.26,58.94,74838.61,0.3979,0.12399,0,0.0665,0.0348,-0.0823,-0.0324,0.0,0.0
2915,48,West,Business,IT,2025Q3,98637.62,,32.65,33.84,66.11,78380.62,0.5048,0.14544,0,-0.013,0.0898,-0.0232,-0.031,0.0174,0.0
2916,65,South,Business,Transport,2025Q3,101059.54,691.0,27.64,57.86,70.45,165500.38,0.3472,0.04534,1,-0.0296,-0.0227,-0.0113,0.0037,0.0,0.0
2917,61,South,Business,Transport,2025Q3,87801.28,677.0,33.23,42.34,50.76,168258.76,0.4969,0.06386,0,-0.0266,-0.0165,-0.007,-0.0046,0.0,0.0
2918,64,North,Business,Healthcare,2025Q3,114000.76,551.0,56.12,47.37,83.76,324884.17,0.5037,0.24203,0,-0.1119,0.1488,0.0554,-0.006,0.0,0.0
2919,33,East,Business,Transport,2025Q3,78687.33,691.0,20.75,21.94,39.38,166962.38,0.3838,0.07087,0,0.0159,-0.0302,-0.025,-0.0214,0.0,0.0
2920,54,North,Business,IT,2025Q3,98182.29,679.0,51.92,20.03,57.37,190761.79,0.3828,0.07428,0,-0.0175,-0.0227,0.0133,-0.0261,0.0,0.0
2921,36,South,Business,Healthcare,2025Q3,88225.53,619.0,28.86,48.9,75.35,84701.23,0.49,0.13703,0,0.0325,0.0427,-0.0336,-0.0019,0.0,0.0
2922,46,East,Business,Transport,2025Q3,101849.0,615.0,30.85,36.07,38.87,93454.09,0.443,0.11477,0,-0.0031,0.0365,-0.0215,-0.0195,0.0,0.0
2923,30,South,Business,Manufacturing,2025Q3,82955.23,689.0,45.45,48.1,77.43,175842.56,0.3153,0.15729,0,0.0415,-0.0577,0.0121,-0.0027,0.0,0.0
2924,37,West,Business,Healthcare,2025Q3,81330.67,769.0,33.61,59.98,63.81,129413.75,0.2636,0.04634,0,0.0098,-0.115,-0.0066,0.0055,0.0055,0.0
2925,37,North,Salaried,IT,2025Q3,54975.13,687.0,23.72,84.07,86.5,68753.93,0.4616,0.11688,0,0.0188,-0.0439,-0.0341,0.032,0.0,-0.0116
2926,54,East,Salaried,IT,2025Q3,73669.87,713.0,32.08,47.55,72.26,155507.04,0.3444,0.03638,0,-0.0106,-0.0361,-0.0064,-0.0011,0.0,-0.0048
2927,53,West,Business,Transport,2025Q3,114068.68,,9.57,87.89,56.74,315622.6,0.4468,0.17349,0,-0.0318,0.0566,-0.0974,0.0509,0.0151,0.0
2928,47,East,Salaried,Transport,2025Q3,70775.45,632.0,44.1,56.94,64.63,54788.7,0.4808,0.15637,1,-0.0071,0.0231,0.01,0.0101,0.0,-0.0156
2929,29,East,Salaried,Transport,2025Q3,37971.23,,2.0,63.17,65.35,25133.37,0.3135,0.05574,0,0.0202,-0.0395,-0.0585,0.0081,0.0,-0.0069
2930,41,South,Salaried,Healthcare,2025Q3,93872.34,568.0,52.21,71.17,100.0,189832.72,0.3751,0.39341,0,0.0255,0.1756,0.0545,0.0566,0.0,-0.0282
2931,36,East,Salaried,Manufacturing,2025Q3,51537.19,674.0,47.84,63.83,61.69,84987.58,0.5489,0.10452,1,0.0289,-0.0363,0.0186,0.0196,0.0,-0.0157
2932,54,West,Business,Healthcare,2025Q3,100334.45,694.0,63.62,30.36,57.24,102402.84,0.3791,0.07414,0,-0.0226,-0.0477,0.0315,-0.021,0.0092,0.0
2933,57,East,Salaried,IT,2025Q3,96240.94,657.0,72.91,71.83,56.09,193421.21,0.5066,0.16161,1,-0.0535,-0.0113,0.0754,0.0344,0.0,-0.0179
2934,56,West,SelfEmployed,IT,2025Q3,94557.93,682.0,52.97,39.77,63.78,195567.41,0.6169,0.13678,0,-0.0349,-0.0406,0.0236,-0.013,0.0115,0.0269
2935,36,East,SelfEmployed,Manufacturing,2025Q3,31893.52,664.0,27.96,54.64,37.31,20000.0,0.4417,0.11947,0,0.0293,-0.0207,-0.0333,0.0069,0.0,0.0343
2936,21,East,Salaried,IT,2025Q3,62028.78,618.0,72.76,50.92,52.34,167576.41,0.3697,0.40468,0,0.1473,0.0814,0.1441,0.0027,0.0,-0.0292
2937,25,South,Salaried,Retail,2025Q3,82476.34,580.0,18.9,73.17,39.76,72386.37,0.4622,0.30432,1,0.1014,0.1318,-0.0942,0.0541,0.0,-0.0254
2938,60,East,Salaried,Healthcare,2025Q3,104257.58,654.0,7.56,56.65,42.37,247694.01,0.411,0.04485,0,-0.021,-0.0018,-0.0361,0.0032,0.0,-0.0052
2939,40,West,Salaried,Construction,2025Q3,33868.11,749.0,67.64,17.5,76.08,54820.35,0.3982,0.05986,0,0.0075,-0.1006,0.0249,-0.0265,0.0065,-0.0072
2940,36,East,Salaried,Construction,2025Q3,106790.4,730.0,47.62,94.02,60.53,144518.77,0.4569,0.1063,0,0.0237,-0.1254,0.0149,0.0447,0.0,-0.013
2941,62,North,Business,IT,2025Q3,83034.67,637.0,7.99,66.37,45.16,187581.88,0.4986,0.0589,0,-0.0339,0.0077,-0.049,0.0104,0.0,0.0
2942,58,East,Business,Healthcare,2025Q3,83888.45,635.0,16.31,35.89,56.99,183017.5,0.2724,0.06807,0,-0.0233,0.0084,-0.0319,-0.0099,0.0,0.0
2943,44,East,Salaried,Retail,2025Q3,89773.8,630.0,46.82,22.98,55.08,103807.35,0.5297,0.10586,0,0.0029,0.0211,0.0135,-0.0382,0.0,-0.0131
2944,41,West,SelfEmployed,Construction,2025Q3,89151.15,630.0,24.08,68.88,61.05,281283.68,0.4564,0.15729,0,0.0184,0.0349,-0.0587,0.0359,0.0196,0.0465
2945,43,North,Business,Construction,2025Q3,91246.03,,26.38,25.58,29.86,160543.38,0.3711,0.06265,0,0.003,-0.0209,-0.0168,-0.0182,0.0,0.0
2946,46,North,Salaried,Manufacturing,2025Q3,67250.69,732.0,69.46,65.62,38.17,113682.6,0.4575,0.12411,0,-0.0025,-0.1129,0.041,0.0153,0.0,-0.0111
2947,62,South,Business,Transport,2025Q3,130855.42,814.0,72.37,71.52,31.17,126583.31,0.2861,0.02893,0,-0.02,-0.1447,0.0163,0.0077,0.0,0.0
2948,49,North,SelfEmployed,Healthcare,2025Q3,87492.13,604.0,40.35,33.71,42.01,81678.24,0.3633,0.23156,0,-0.0179,0.0664,0.0011,-0.032,0.0,0.0421
2949,52,West,Salaried,Manufacturing,2025Q3,54715.29,704.0,35.59,31.74,45.55,148561.68,0.4933,0.04957,0,-0.0093,-0.0339,-0.004,-0.0105,0.0049,-0.0055
2950,57,South,Business,Construction,2025Q3,124581.4,697.0,52.44,37.66,39.31,180101.11,0.4164,0.05164,0,-0.0229,-0.0382,0.0132,-0.0093,0.0,0.0
2951,31,East,Salaried,Healthcare,2025Q3,67947.13,638.0,29.01,26.24,75.29,133850.03,0.5571,0.10178,0,0.034,0.0127,-0.0241,-0.0321,0.0,-0.0127
2952,52,North,Business,Retail,2025Q3,117970.12,590.0,2.31,53.05,96.8,326930.9,0.3936,0.08804,0,-0.019,0.0455,-0.0906,0.0032,0.0,0.0
2953,41,South,Business,Retail,2025Q3,98305.88,679.0,2.0,56.19,76.51,69317.81,0.4407,0.05666,0,0.0055,-0.0192,-0.0557,0.0037,0.0,0.0
2954,21,West,SelfEmployed,Retail,2025Q3,106049.21,804.0,36.82,64.0,48.69,213943.24,0.4046,0.07726,0,0.0373,-0.2404,-0.0048,0.0115,0.0084,0.0194
2955,21,South,Business,Construction,2025Q3,64420.54,678.0,52.11,29.67,64.2,98779.69,0.4502,0.19961,0,0.0752,-0.0479,0.0315,-0.0372,0.0,0.0
2956,33,North,Salaried,Retail,2025Q3,66089.68,606.0,38.26,66.48,58.67,182640.21,0.4926,0.28208,0,0.058,0.0801,-0.0066,0.0354,0.0,-0.0233
2957,50,North,Salaried,Retail,2025Q3,94056.95,,50.96,26.27,47.82,165118.95,0.4646,0.07292,0,-0.0126,0.0009,0.0171,-0.0272,0.0,-0.0107
2958,45,West,SelfEmployed,Manufacturing,2025Q3,79131.74,582.0,52.56,66.47,86.49,262725.33,0.4528,0.35696,1,0.0,0.1642,0.0595,0.0471,0.0289,0.0707
2959,46,West,Business,Healthcare,2025Q3,106947.48,661.0,60.18,15.29,100.0,160485.33,0.2683,0.13223,0,-0.003,-0.0134,0.0365,-0.0514,0.0121,0.0
2960,65,North,Salaried,Healthcare,2025Q3,41546.56,706.0,40.98,82.49,30.6,33259.08,0.477,0.05072,0,-0.0377,-0.0425,0.001,0.0172,0.0,-0.0066
2961,30,East,Salaried,Transport,2025Q3,61789.9,613.0,,36.53,88.81,131883.25,0.2505,0.19974,0,0.0601,0.0585,0.0077,-0.0276,0.0,-0.0202
2962,44,North,Business,Healthcare,2025Q3,88846.14,439.0,37.41,61.18,48.18,91537.87,0.4027,0.64101,0,0.0066,0.481,-0.0122,0.0321,0.0,0.0
2963,47,East,Salaried,Construction,2025Q3,75894.13,679.0,33.87,62.93,54.75,48678.92,0.361,0.09467,0,-0.0043,-0.0275,-0.0097,0.011,0.0,-0.0095
2964,36,North,Salaried,Healthcare,2025Q3,52715.31,626.0,12.85,20.07,65.65,105503.82,0.5082,0.06427,1,0.0165,0.0172,-0.0496,-0.0304,0.0,-0.0092
2965,44,East,Business,IT,2025Q3,107010.21,609.0,56.75,66.37,90.95,131684.44,0.4241,0.2076,1,0.0056,0.0817,0.0625,0.0379,0.0,0.0
2966,26,West,Salaried,Manufacturing,2025Q3,50419.99,608.0,31.86,35.88,65.62,110038.18,0.5922,0.21272,0,0.0767,0.0681,-0.0289,-0.0301,0.0196,-0.021
2967,60,North,Salaried,Healthcare,2025Q3,93704.94,687.0,30.94,41.27,68.25,199505.83,0.3036,0.03433,0,-0.0195,-0.0188,-0.0075,-0.0042,0.0,-0.0048
2968,37,South,SelfEmployed,Retail,2025Q3,76731.05,632.0,29.33,33.26,77.07,226479.88,0.3458,0.16378,0,0.0282,0.0251,-0.0311,-0.0292,0.0,0.0368
2969,66,North,Business,Retail,2025Q3,119506.56,723.0,16.55,83.5,80.22,156369.04,0.2219,0.03156,0,-0.0242,-0.0368,-0.0182,0.0104,0.0,0.0
2970,44,South,Business,Construction,2025Q3,116457.29,725.0,36.63,22.26,70.22,256423.91,0.3095,0.0348,0,0.0011,-0.0481,-0.0027,-0.0154,0.0,0.0
2971,55,North,Business,Transport,2025Q3,104111.87,,46.26,57.47,80.35,255072.79,0.3797,0.17487,0,-0.0344,0.0094,0.0133,0.0096,0.0,0.0
2972,43,North,Salaried,Retail,2025Q3,89945.15,625.0,26.72,34.28,48.04,175667.37,0.5534,0.10064,0,0.0049,0.0222,-0.0267,-0.0184,0.0,-0.0114
2973,44,West,SelfEmployed,Retail,2025Q3,86307.66,669.0,54.6,72.0,25.31,154769.22,0.5045,0.22127,1,0.0051,-0.0401,0.0491,0.0448,0.0212,0.0503
2974,38,North,Salaried,Retail,2025Q3,61191.85,650.0,32.11,99.07,96.5,63129.84,0.4466,0.19393,0,0.0285,0.0,-0.0256,0.0752,0.0,-0.0192
2975,45,West,SelfEmployed,IT,2025Q3,82051.96,541.0,13.48,34.13,39.25,93329.5,0.4408,0.27759,1,0.0,0.1636,-0.1136,-0.0382,0.0223,0.0533
2976,47,North,Business,Manufacturing,2025Q3,88296.24,,59.98,51.08,49.32,53638.62,0.4397,0.03742,0,-0.0023,-0.1272,0.0134,0.0005,0.0,0.0
2977,35,South,Salaried,Transport,2025Q3,77826.92,709.0,41.18,39.53,53.37,153183.1,0.5087,0.10684,0,0.0168,-0.058,0.0016,-0.009,0.0,-0.0086
2978,43,South,Salaried,Construction,2025Q3,76719.74,628.0,51.81,70.84,49.92,139833.51,0.3835,0.17368,1,0.0094,0.0383,0.0374,0.0394,0.0,-0.0211
2979,37,West,Salaried,Retail,2025Q3,55103.24,530.0,52.19,42.53,45.48,67269.45,0.4257,0.3744,0,0.0541,0.2654,0.0588,-0.0222,0.0293,-0.0297
2980,69,North,Business,Retail,2025Q3,109204.68,648.0,22.86,67.92,69.27,323975.54,0.3937,0.04672,0,-0.0521,0.0013,-0.023,0.0113,0.0,0.0
2981,43,North,Salaried,Transport,2025Q3,47333.5,620.0,29.65,39.25,69.48,81718.32,0.2992,0.11719,0,0.0057,0.0301,-0.0232,-0.014,0.0,-0.013
2982,61,East,Salaried,IT,2025Q3,87677.14,656.0,54.55,97.36,72.4,269197.28,0.5223,0.16253,0,-0.0668,-0.0087,0.0337,0.0596,0.0,-0.0161
2983,42,East,Salaried,Retail,2025Q3,73923.51,513.0,67.36,0.0,71.14,128838.88,0.4288,0.35634,1,0.0194,0.2549,0.1164,-0.1469,0.0,-0.0284
2984,47,East,Salaried,Manufacturing,2025Q3,110952.07,628.0,39.01,56.29,51.67,224563.1,0.4121,0.14884,0,-0.0068,0.0264,-0.0024,0.0088,0.0,-0.0149
2985,29,North,Business,Transport,2025Q3,101472.14,632.0,27.96,47.77,51.63,147943.48,0.5503,0.18401,0,0.0548,0.0264,-0.037,-0.0038,0.0,0.0
2986,39,North,Salaried,IT,2025Q3,52586.66,647.0,64.92,46.97,82.38,162399.01,0.3854,0.18665,1,0.0252,0.0052,0.0672,-0.0058,0.0,-0.0197
2987,46,East,Salaried,Retail,2025Q3,81131.85,644.0,27.97,54.28,49.57,101219.86,0.5309,0.10486,0,-0.0025,0.0057,-0.0234,0.0044,0.0,-0.0111
2988,61,East,Salaried,Transport,2025Q3,94947.59,664.0,43.26,49.29,49.17,114821.04,0.2827,0.06595,0,-0.0346,-0.0105,0.004,-0.0005,0.0,-0.008
2989,46,East,Business,Healthcare,2025Q3,88352.13,763.0,,52.82,78.59,205118.02,0.4329,0.03114,0,-0.0009,-0.0736,-0.0062,0.0011,0.0,0.0
2990,59,North,Salaried,Construction,2025Q3,86199.61,625.0,42.31,56.98,59.63,125590.29,0.4006,0.10463,0,-0.0457,0.0248,0.0046,0.0081,0.0,-0.0126
2991,51,North,Salaried,Healthcare,2025Q3,75628.9,,22.87,86.48,49.9,232787.98,0.3193,0.17816,0,-0.0253,0.0671,-0.0544,0.0538,0.0,-0.0178
2992,62,West,Business,Construction,2025Q3,140608.75,543.0,32.01,0.0,50.09,91344.82,0.3741,0.15848,0,-0.0644,0.0868,-0.0193,-0.0847,0.0131,0.0
2993,43,East,Business,Retail,2025Q3,82308.68,625.0,27.96,88.64,82.48,94765.87,0.4475,0.16617,0,0.0088,0.0402,-0.0411,0.0637,0.0,0.0
2994,70,North,Salaried,Manufacturing,2025Q3,105236.87,565.0,48.6,100.0,71.72,87650.3,0.3805,0.24059,0,-0.1535,0.1373,0.0314,0.0974,0.0,-0.0236
2995,39,West,SelfEmployed,IT,2025Q3,33677.46,725.0,40.61,9.48,64.73,72072.09,0.4319,0.06712,0,0.0095,-0.0722,0.0007,-0.0367,0.007,0.0161
2996,36,East,Business,Manufacturing,2025Q3,98324.23,653.0,52.08,49.05,36.67,251392.35,0.3668,0.23423,0,0.0346,-0.005,0.0333,-0.0017,0.0,0.0
2997,31,South,Salaried,IT,2025Q3,85316.59,724.0,24.79,78.17,64.82,256326.53,0.272,0.08468,0,0.0242,-0.0831,-0.0251,0.0213,0.0,-0.0092
2998,70,South,Salaried,Retail,2025Q3,80163.46,760.0,34.66,68.21,55.74,240567.12,0.4666,0.01773,0,-0.0199,-0.045,-0.0023,0.004,0.0,-0.0025
2999,53,East,Salaried,Construction,2025Q3,74586.04,601.0,48.0,84.88,41.75,219333.63,0.4682,0.20706,0,-0.0427,0.0832,0.0276,0.067,0.0,-0.0223
3000,40,South,Business,Construction,2025Q3,95227.06,636.0,51.74,56.18,47.97,133351.4,0.2882,0.23691,0,0.022,0.0241,0.0358,0.0119,0.0,0.0
3001,58,East,Salaried,Manufacturing,2025Q3,88650.29,751.0,14.87,3.28,73.92,184004.8,0.4444,0.01,0,-0.0043,-0.0195,-0.0063,-0.0073,0.0,-0.0012
3002,52,East,Salaried,Transport,2025Q3,91294.65,673.0,43.08,76.7,84.85,119580.3,0.4292,0.08639,0,-0.02,-0.0264,0.0057,0.0267,0.0,-0.0119
3003,66,North,Business,Manufacturing,2025Q3,105329.66,695.0,24.99,61.98,38.85,267194.19,0.3772,0.04711,0,-0.0295,-0.0237,-0.0131,0.0051,0.0,0.0
3004,27,West,Salaried,Transport,2025Q3,93938.78,730.0,52.55,80.26,41.37,287813.48,0.3681,0.16024,0,0.0546,-0.1503,0.0298,0.0414,0.0149,-0.0162
3005,41,South,Salaried,Transport,2025Q3,60944.68,721.0,67.77,14.25,73.88,52147.19,0.5099,0.05585,0,0.0068,-0.0697,0.0279,-0.0329,0.0,-0.008
3006,39,South,Business,Manufacturing,2025Q3,134648.34,688.0,2.0,21.25,51.82,229583.63,0.4397,0.02802,0,0.0053,-0.0174,-0.0374,-0.0139,0.0,0.0
3007,22,East,SelfEmployed,Manufacturing,2025Q3,86254.63,755.0,27.5,48.36,71.06,153958.26,0.5019,0.05621,0,0.0367,-0.1374,-0.0206,-0.0015,0.0,0.0197
3008,56,East,Business,Healthcare,2025Q3,116478.08,655.0,42.22,77.33,51.55,332133.9,0.4638,0.11378,0,-0.0379,-0.0062,0.0048,0.0318,0.0,0.0
3009,41,South,Salaried,Transport,2025Q3,54271.4,,37.94,83.45,71.54,161595.87,0.4305,0.11527,0,0.0105,-0.0585,-0.0041,0.0335,0.0,-0.0123
3010,52,East,Salaried,Transport,2025Q3,99274.28,648.0,53.03,32.03,32.53,269960.9,0.3676,0.11649,0,-0.019,0.002,0.0211,-0.0211,0.0,-0.0113
3011,70,West,Business,IT,2025Q3,124970.89,729.0,39.27,39.06,70.99,339829.56,0.4125,0.03023,0,-0.0269,-0.0363,-0.0004,-0.0038,0.0031,0.0
3012,40,East,SelfEmployed,Manufacturing,2025Q3,41947.01,612.0,29.52,100.0,18.02,114870.25,0.5225,0.28161,0,0.0303,0.0854,-0.048,0.1176,0.0,0.0628
3013,39,East,Salaried,Retail,2025Q3,45917.19,546.0,21.67,35.84,78.51,133163.68,0.4704,0.20659,0,0.027,0.1348,-0.0683,-0.0301,0.0,-0.021
3014,45,North,Salaried,Healthcare,2025Q3,83037.3,705.0,18.98,62.86,59.32,78288.97,0.5632,0.06394,0,0.0,-0.038,-0.0243,0.0069,0.0,-0.006
3015,55,South,SelfEmployed,Manufacturing,2025Q3,91200.61,591.0,26.12,38.06,68.82,246953.71,0.5297,0.14258,0,-0.0401,0.0672,-0.0398,-0.0196,0.0,0.0352
3016,38,East,SelfEmployed,Manufacturing,2025Q3,69003.39,584.0,28.96,58.44,64.74,127501.47,0.3547,0.32979,0,0.0395,0.1282,-0.0483,0.0208,0.0,0.059
3017,37,North,Salaried,Healthcare,2025Q3,88821.09,746.0,44.14,28.94,25.88,90508.41,0.3551,0.04947,0,0.0086,-0.0733,0.0034,-0.012,0.0,-0.0054
3018,56,East,Salaried,Retail,2025Q3,70591.97,726.0,35.49,29.57,87.34,150021.12,0.4548,0.0319,0,-0.0097,-0.0342,-0.0026,-0.0075,0.0,-0.0035
3019,48,South,Business,Manufacturing,2025Q3,86105.66,637.0,27.59,39.84,66.69,176676.69,0.3099,0.10124,1,-0.0074,0.0115,-0.0235,-0.011,0.0,0.0
3020,22,North,Business,Transport,2025Q3,59253.46,453.0,21.85,36.01,75.13,112439.9,0.4871,0.61452,1,0.1596,0.4444,-0.0849,-0.0402,0.0,0.0
3021,31,North,Salaried,Retail,2025Q3,73183.05,696.0,26.76,41.31,44.02,133552.13,0.3368,0.05627,0,0.0223,-0.0421,-0.0199,-0.0073,0.0,-0.0085
3022,61,North,Salaried,Healthcare,2025Q3,60049.75,705.0,28.98,59.57,64.82,124140.31,0.4115,0.04946,0,-0.0203,-0.0295,-0.009,0.004,0.0,-0.0047
3023,48,South,Salaried,IT,2025Q3,70341.91,695.0,26.03,89.59,33.8,159058.39,0.3378,0.0585,0,-0.0063,-0.0445,-0.0229,0.0284,0.0,-0.0092
3024,36,East,Salaried,Construction,2025Q3,37490.23,,48.77,35.01,62.98,41948.83,0.4971,0.09723,0,0.0191,-0.0467,0.0137,-0.0162,0.0,-0.0106
3025,42,East,Salaried,Manufacturing,2025Q3,68268.24,648.0,59.89,26.25,41.21,188429.08,0.3875,0.13471,0,0.0096,0.0026,0.0403,-0.037,0.0,-0.0147
3026,44,North,Business,Construction,2025Q3,103714.88,,19.18,48.21,100.0,216046.25,0.487,0.09326,0,0.0026,0.0169,-0.0454,-0.002,0.0,0.0
3027,52,North,Salaried,Healthcare,2025Q3,96236.14,585.0,55.91,29.27,72.1,293091.85,0.3308,0.16015,1,-0.0314,0.0851,0.0433,-0.0405,0.0,-0.0188
3028,29,East,Salaried,Healthcare,2025Q3,49103.23,,49.09,12.03,86.62,111780.14,0.4161,0.19943,1,0.0581,0.0535,0.0258,-0.0784,0.0,-0.0187
3029,35,North,Business,Healthcare,2025Q3,92199.8,682.0,40.88,71.41,55.01,298052.79,0.3139,0.16753,1,0.032,-0.0502,0.0022,0.0296,0.0,0.0
3030,47,South,Salaried,Construction,2025Q3,75067.06,683.0,62.43,49.77,67.98,179704.58,0.5114,0.11287,0,-0.0058,-0.0423,0.0383,-0.0003,0.0,-0.0128
3031,43,South,Salaried,IT,2025Q3,99299.53,714.0,35.28,51.93,78.11,202729.45,0.3431,0.05513,0,0.003,-0.0526,-0.0054,0.0013,0.0,-0.0069
3032,50,East,SelfEmployed,IT,2025Q3,86760.67,564.0,44.43,5.6,38.54,99171.11,0.4506,0.25778,0,-0.0247,0.1194,0.0146,-0.1035,0.0,0.0465
3033,30,West,Business,Retail,2025Q3,24585.15,547.0,39.98,35.14,46.55,52023.37,0.4917,0.37014,0,0.0939,0.2184,-0.0001,-0.0431,0.0281,0.0
3034,48,East,Salaried,Retail,2025Q3,95404.26,634.0,38.79,16.85,79.45,183753.27,0.3734,0.0826,0,-0.0066,0.0125,-0.0019,-0.0358,0.0,-0.0096
3035,56,West,Salaried,Manufacturing,2025Q3,78236.21,591.0,45.34,47.55,55.64,144874.43,0.3521,0.17247,0,-0.0495,0.0763,0.0151,-0.0043,0.0169,-0.0182
3036,49,West,SelfEmployed,Construction,2025Q3,83264.4,673.0,38.74,50.96,45.05,239148.46,0.4343,0.18787,0,-0.0131,-0.0312,-0.0029,0.0013,0.0129,0.0302
3037,46,North,Business,Construction,2025Q3,98546.62,571.0,45.46,50.94,47.38,253513.27,0.3006,0.24237,0,-0.0056,0.1362,0.021,0.0022,0.0,0.0
3038,43,North,Salaried,Healthcare,2025Q3,49155.26,740.0,27.28,33.33,35.55,114403.59,0.5033,0.03527,0,0.0016,-0.0476,-0.0085,-0.0065,0.0,-0.0038
3039,35,South,Salaried,Retail,2025Q3,68943.76,604.0,27.78,29.23,20.81,71060.13,0.4327,0.11071,0,0.0313,0.0521,-0.0329,-0.0336,0.0,-0.0155
3040,43,South,Business,Construction,2025Q3,99420.95,768.0,27.21,43.75,26.08,305698.66,0.2683,0.02424,0,0.0015,-0.0689,-0.0081,-0.0022,0.0,0.0
3041,58,East,Salaried,Construction,2025Q3,94853.16,696.0,32.16,55.85,60.91,69850.85,0.3902,0.04385,0,-0.019,-0.0282,-0.0074,0.003,0.0,-0.0056
3042,43,North,Business,Healthcare,2025Q3,79019.24,588.0,54.21,35.26,73.43,158430.54,0.4954,0.24448,0,0.0103,0.1054,0.0493,-0.0345,0.0,0.0
3043,34,North,Salaried,Construction,2025Q3,84554.78,802.0,30.6,27.38,100.0,127607.84,0.3089,0.01902,0,0.0052,-0.0779,-0.004,-0.0061,0.0,-0.0025
3044,39,South,Business,Manufacturing,2025Q3,68245.07,678.0,,28.32,59.17,108731.3,0.2623,0.09982,0,0.0143,-0.0317,0.0144,-0.0263,0.0,0.0
3045,46,East,Salaried,IT,2025Q3,66240.61,671.0,42.25,33.51,34.4,160357.47,0.4103,0.06876,0,-0.002,-0.0181,0.0031,-0.0153,0.0,-0.009
3046,40,East,Business,Healthcare,2025Q3,84651.97,656.0,30.94,38.04,59.43,247279.73,0.4863,0.1225,0,0.0119,-0.0061,-0.0175,-0.0136,0.0,0.0
3047,49,West,Salaried,Construction,2025Q3,85518.43,,58.95,23.84,74.06,226771.07,0.4314,0.06667,0,-0.0085,-0.0407,0.0235,-0.026,0.0083,-0.0092
3048,50,North,Business,Construction,2025Q3,90258.22,696.0,49.78,38.2,80.6,124118.91,0.4436,0.08256,0,-0.0101,-0.0425,0.0122,-0.0102,0.0,0.0
3049,54,South,Salaried,Construction,2025Q3,106814.56,601.0,38.03,75.19,78.66,276924.12,0.5212,0.19811,1,-0.0401,0.0663,-0.0059,0.0403,0.0,-0.0184
3050,60,West,SelfEmployed,Construction,2025Q3,103415.15,645.0,36.7,41.52,71.46,217491.72,0.5559,0.09679,0,-0.0493,0.0054,-0.0068,-0.0106,0.0115,0.0267
3051,55,East,Salaried,Construction,2025Q3,86961.84,668.0,39.5,20.75,61.91,177174.9,0.2057,0.04857,0,-0.0156,-0.0106,-0.0005,-0.0202,0.0,-0.0062
3052,34,East,Salaried,Healthcare,2025Q3,71382.45,700.0,13.53,0.0,74.74,91152.68,0.304,0.03101,0,0.008,-0.0216,-0.0205,-0.0241,0.0,-0.0038
3053,34,East,Business,Healthcare,2025Q3,94892.31,,24.8,88.4,36.3,173017.09,0.4231,0.14873,1,0.0277,-0.0702,-0.0346,0.0391,0.0,0.0
3054,43,North,Salaried,Retail,2025Q3,79133.95,671.0,45.4,73.07,19.84,223340.59,0.4423,0.12713,0,0.0064,-0.0293,0.0121,0.0291,0.0,-0.0146
3055,39,West,Business,IT,2025Q3,53628.7,623.0,12.67,54.26,100.0,147395.33,0.313,0.23001,1,0.0184,0.031,-0.0772,0.0058,0.0134,0.0
3056,31,East,Business,IT,2025Q3,98611.16,619.0,26.04,73.58,59.06,279592.94,0.3758,0.25445,1,0.0619,0.0547,-0.053,0.0461,0.0,0.0
3057,39,East,Salaried,Retail,2025Q3,73354.15,579.0,31.72,59.61,70.68,243107.36,0.5901,0.24797,0,0.029,0.1123,-0.0312,0.0202,0.0,-0.0224
3058,39,East,Salaried,Healthcare,2025Q3,83527.35,700.0,84.46,46.34,5.0,243055.14,0.3817,0.19038,0,0.0221,-0.0909,0.0909,-0.0062,0.0,-0.0174
3059,37,South,Business,Healthcare,2025Q3,77093.02,618.0,48.78,20.72,90.9,215142.95,0.4555,0.13481,0,0.03,0.0452,0.0239,-0.0566,0.0,0.0
3060,41,North,Salaried,Retail,2025Q3,40119.1,647.0,55.56,89.99,83.12,82655.73,0.5718,0.28435,0,0.02,0.006,0.0527,0.0774,0.0,-0.0228
3061,57,East,Salaried,Manufacturing,2025Q3,46379.63,676.0,25.12,38.39,28.69,131758.93,0.4259,0.03334,0,-0.0158,-0.0131,-0.0137,-0.006,0.0,-0.0051
3062,46,South,Business,Transport,2025Q3,75501.38,660.0,43.79,39.59,53.65,140892.5,0.487,0.12126,0,-0.0027,-0.0108,0.0069,-0.0124,0.0,0.0
3063,71,North,Business,Construction,2025Q3,124311.3,660.0,9.84,48.82,65.32,136023.78,0.4697,0.02897,0,-0.0322,-0.0036,-0.0251,-0.0004,0.0,0.0
3064,46,South,Salaried,Transport,2025Q3,100862.04,,32.71,49.2,34.72,287238.81,0.4188,0.1388,0,-0.0037,0.0619,-0.0203,-0.0013,0.0,-0.0165
3065,41,West,Business,IT,2025Q3,93435.48,678.0,46.09,60.64,69.78,70332.35,0.3863,0.18885,0,0.0133,-0.0424,0.0144,0.0151,0.0142,0.0
3066,44,South,Salaried,Retail,2025Q3,56759.91,639.0,15.32,58.11,80.91,109220.07,0.5259,0.08825,0,0.0023,0.0094,-0.0493,0.0076,0.0,-0.0103
3067,47,South,Salaried,Transport,2025Q3,64285.77,654.0,44.29,35.31,66.48,185156.17,0.4255,0.07337,0,-0.0049,-0.0038,0.0071,-0.0162,0.0,-0.0108
3068,49,East,Business,Transport,2025Q3,119694.1,739.0,45.62,48.57,28.68,281198.85,0.3156,0.05895,0,-0.0056,-0.0728,0.0051,-0.0008,0.0,0.0
3069,67,East,Salaried,Construction,2025Q3,72805.94,694.0,28.36,59.95,39.27,115891.82,0.4987,0.02922,0,-0.0288,-0.0212,-0.009,0.0039,0.0,-0.0044
3070,35,East,Business,Healthcare,2025Q3,120431.91,621.0,24.64,33.44,57.52,157395.22,0.2093,0.16631,0,0.0295,0.0331,-0.0401,-0.0249,0.0,0.0
3071,53,West,Business,IT,2025Q3,132568.68,650.0,26.56,79.83,55.01,280151.24,0.5538,0.12263,0,-0.0263,0.0,-0.032,0.0337,0.0124,0.0
3072,46,North,Business,Manufacturing,2025Q3,130925.0,769.0,32.45,47.55,55.41,331361.34,0.3709,0.02421,0,-0.0008,-0.0733,-0.0048,-0.0009,0.0,0.0
3073,27,West,Business,Retail,2025Q3,82252.63,639.0,32.93,83.17,54.71,215017.55,0.432,0.30991,0,0.0896,0.0237,-0.0293,0.0728,0.0235,0.0
3074,52,West,SelfEmployed,Manufacturing,2025Q3,84752.55,663.0,46.15,17.37,23.92,225836.14,0.4296,0.11469,0,-0.02,-0.0143,0.0111,-0.0431,0.0108,0.0251
3075,58,South,SelfEmployed,Retail,2025Q3,102714.23,705.0,29.45,62.4,76.11,52662.13,0.5147,0.04464,0,-0.0256,-0.0473,-0.0139,0.0084,0.0,0.0158
3076,35,East,Salaried,IT,2025Q3,83954.53,,63.63,28.41,72.55,190503.59,0.4327,0.13437,1,0.0296,-0.0356,0.0466,-0.0333,0.0,-0.0147
3077,44,North,Salaried,IT,2025Q3,63986.03,635.0,63.52,34.04,70.45,131483.16,0.4309,0.17591,0,0.0039,0.0218,0.0561,-0.0285,0.0,-0.0175
3078,25,South,Salaried,Healthcare,2025Q3,38778.34,609.0,41.78,67.91,68.59,86055.16,0.3657,0.31752,1,0.1053,0.0872,0.0075,0.0438,0.0,-0.0262
3079,30,North,Salaried,IT,2025Q3,57989.14,659.0,32.49,42.97,54.32,203651.19,0.3673,0.11745,0,0.038,-0.0109,-0.0169,-0.0093,0.0,-0.0133
3080,56,North,Salaried,Construction,2025Q3,72598.46,705.0,29.47,100.0,47.86,111897.01,0.4596,0.07875,0,-0.0228,-0.0509,-0.0149,0.0301,0.0,-0.0082
3081,39,West,Business,Manufacturing,2025Q3,108535.96,750.0,43.07,59.4,39.65,71522.47,0.4103,0.07689,1,0.0102,-0.1143,0.0039,0.007,0.0074,0.0
3082,32,North,Business,Manufacturing,2025Q3,68804.27,560.0,45.87,32.69,90.86,36044.2,0.594,0.3361,0,0.0757,0.1773,0.0256,-0.0477,0.0,0.0
3083,47,East,Salaried,IT,2025Q3,80121.55,780.0,34.78,59.44,59.59,114539.43,0.3168,0.02687,0,-0.0016,-0.0794,-0.003,0.0029,0.0,-0.0035
3084,38,South,Salaried,IT,2025Q3,87994.73,640.0,31.71,42.78,26.79,222984.97,0.3387,0.12028,0,0.0188,0.0109,-0.0183,-0.0093,0.0,-0.013
3085,39,South,Business,Retail,2025Q3,109237.16,723.0,43.64,66.31,59.42,338277.95,0.4259,0.08128,0,0.0128,-0.0907,0.0058,0.0148,0.0,0.0
3086,52,South,SelfEmployed,Healthcare,2025Q3,94654.07,610.0,39.1,41.48,18.31,175376.5,0.4347,0.15313,0,-0.0306,0.0558,-0.0027,-0.0155,0.0,0.0399
3087,31,South,Salaried,Healthcare,2025Q3,70917.33,550.0,28.85,56.95,64.96,143196.98,0.3666,0.28498,0,0.08,0.1882,-0.0509,0.0181,0.0,-0.027
3088,34,East,Business,IT,2025Q3,63394.17,,39.81,52.37,62.86,173720.16,0.4136,0.31727,0,0.0632,0.1556,-0.0008,0.0062,0.0,0.0
3089,46,West,SelfEmployed,IT,2025Q3,103915.02,637.0,28.32,49.73,49.16,249773.25,0.4884,0.14109,0,-0.0038,0.0184,-0.0341,-0.0004,0.0155,0.0365
3090,55,South,Business,IT,2025Q3,123343.42,696.0,25.97,70.92,41.21,371686.44,0.3058,0.05764,0,-0.0177,-0.0353,-0.0177,0.0125,0.0,0.0
3091,58,West,Business,Construction,2025Q3,69633.64,662.0,37.92,8.33,71.25,154768.29,0.3323,0.06734,0,-0.0218,-0.0071,-0.0022,-0.0319,0.0058,0.0
3092,37,East,Salaried,Manufacturing,2025Q3,101133.02,,28.81,50.15,58.34,318484.34,0.3717,0.11627,0,0.0217,0.0079,-0.0257,0.0002,0.0,-0.0133
3093,54,East,Business,Manufacturing,2025Q3,87088.13,736.0,26.27,32.57,21.17,214756.01,0.3408,0.02642,0,-0.0071,-0.038,-0.0079,-0.0058,0.0,0.0
3094,35,North,Salaried,Healthcare,2025Q3,78303.36,660.0,,18.33,84.08,63745.68,0.4874,0.11644,0,0.0267,-0.0122,0.028,-0.0465,0.0,-0.0133
3095,64,North,Salaried,Healthcare,2025Q3,95096.11,679.0,31.72,29.57,41.2,145058.48,0.3729,0.04325,0,-0.0228,-0.0124,-0.006,-0.0092,0.0,-0.0042
3096,32,West,Salaried,Construction,2025Q3,63813.23,850.0,67.49,34.37,33.64,90685.12,0.488,0.04207,0,0.0094,-0.1957,0.0131,-0.0063,0.0035,-0.0039
3097,59,East,Salaried,IT,2025Q3,85482.68,659.0,48.03,42.82,87.17,221462.92,0.3409,0.07102,0,-0.0328,-0.0073,0.0106,-0.0063,0.0,-0.009
3098,37,South,Salaried,Retail,2025Q3,51533.86,613.0,24.87,55.42,81.19,70999.96,0.4696,0.17573,0,0.0275,0.0468,-0.0444,0.0084,0.0,-0.0166
3099,66,East,Business,Manufacturing,2025Q3,119928.9,693.0,56.56,59.93,51.59,222634.48,0.4092,0.10118,0,-0.0504,-0.0386,0.0192,0.0075,0.0,0.0
3100,51,South,Business,Construction,2025Q3,91851.2,710.0,26.53,39.0,34.95,107023.85,0.4068,0.03266,0,-0.007,-0.0346,-0.0117,-0.0054,0.0,0.0
3101,33,East,Salaried,Construction,2025Q3,42230.4,680.0,69.57,82.86,41.81,74199.42,0.2201,0.28868,1,0.0583,-0.0674,0.0954,0.0673,0.0,-0.0234
3102,38,South,Business,IT,2025Q3,66669.92,671.0,41.62,39.83,51.25,99453.34,0.3324,0.08409,0,0.018,-0.025,0.0032,-0.0127,0.0,0.0
3103,53,West,Salaried,Healthcare,2025Q3,60535.97,761.0,46.68,5.18,84.32,152304.02,0.3753,0.02201,0,-0.0053,-0.0487,0.0027,-0.015,0.0024,-0.0027
3104,56,North,Salaried,Retail,2025Q3,77057.37,752.0,38.5,40.42,85.9,230170.85,0.2342,0.02484,0,-0.0089,-0.0488,-0.0008,-0.003,0.0,-0.0032
3105,43,North,Salaried,Construction,2025Q3,83531.79,652.0,42.25,49.04,63.32,204039.33,0.193,0.09032,0,0.0057,-0.0023,0.0046,-0.0012,0.0,-0.0132
3106,44,East,Business,IT,2025Q3,77899.88,616.0,34.33,0.0,73.0,64339.91,0.3406,0.11251,1,0.0024,0.0275,-0.0101,-0.0652,0.0,0.0
3107,52,North,Salaried,Retail,2025Q3,100457.95,689.0,23.19,74.56,55.81,327345.89,0.4408,0.06239,0,-0.0122,-0.0297,-0.0223,0.0148,0.0,-0.0072
3108,45,West,SelfEmployed,IT,2025Q3,82454.14,616.0,43.43,45.82,42.54,56722.76,0.4776,0.21341,0,0.0,0.0621,0.0124,-0.0093,0.0214,0.0508
3109,30,East,Business,Construction,2025Q3,72890.71,720.0,54.4,22.65,29.99,53270.06,0.3051,0.0927,0,0.0283,-0.0843,0.0205,-0.0301,0.0,0.0
3110,35,North,Salaried,IT,2025Q3,67901.78,689.0,18.95,26.88,66.46,70123.19,0.3977,0.05982,0,0.012,-0.0254,-0.0248,-0.0153,0.0,-0.0062
3111,47,North,Business,Retail,2025Q3,118512.79,842.0,,64.76,78.01,158441.01,0.3942,0.02175,0,-0.0017,-0.172,0.0106,0.0047,0.0,0.0
3112,57,West,Business,Construction,2025Q3,77715.9,760.0,47.62,67.45,49.79,64928.23,0.495,0.0271,0,-0.0175,-0.0946,0.0063,0.0085,0.0051,0.0
3113,62,East,Salaried,Construction,2025Q3,121714.61,587.0,31.01,33.73,83.75,123781.43,0.5524,0.0966,1,-0.0505,0.0461,-0.017,-0.0185,0.0,-0.0111
3114,53,West,Business,Transport,2025Q3,116082.88,625.0,30.72,18.18,52.3,181919.01,0.5092,0.07694,0,-0.0196,0.0196,-0.016,-0.0356,0.0091,0.0
3115,47,North,Salaried,Construction,2025Q3,78010.18,530.0,67.83,50.88,61.67,243286.34,0.4264,0.50052,1,-0.0138,0.2668,0.1296,0.0026,0.0,-0.0298
3116,52,West,Business,Transport,2025Q3,119194.46,515.0,53.02,54.92,55.58,344199.98,0.4708,0.42844,0,-0.0488,0.2912,0.063,0.0145,0.0294,0.0
3117,37,South,Business,Transport,2025Q3,78595.49,668.0,56.24,60.44,84.73,255361.77,0.4269,0.19494,0,0.0316,-0.0319,0.0443,0.0183,0.0,0.0
3118,42,East,Business,Retail,2025Q3,94042.21,579.0,33.98,35.61,69.85,257298.17,0.435,0.19596,1,0.0132,0.0978,-0.0201,-0.0292,0.0,0.0
3119,35,South,Salaried,IT,2025Q3,57854.54,772.0,46.89,45.31,58.83,95810.23,0.2747,0.0346,0,0.0107,-0.1082,0.0056,-0.0025,0.0,-0.0055
3120,30,North,Business,Retail,2025Q3,95496.55,739.0,43.59,48.44,61.53,202020.72,0.5116,0.07941,0,0.0256,-0.1069,0.0051,-0.0014,0.0,0.0
3121,48,West,Business,IT,2025Q3,81569.4,642.0,35.21,69.27,36.22,287094.66,0.4649,0.12683,0,-0.0114,0.0112,-0.013,0.028,0.0151,0.0
3122,46,West,SelfEmployed,Retail,2025Q3,84575.38,638.0,39.75,77.24,15.33,117066.29,0.5013,0.2056,1,-0.0053,0.0239,-0.0009,0.056,0.0218,0.0518
3123,52,South,Salaried,Retail,2025Q3,95124.5,761.0,55.76,83.22,49.37,261470.51,0.4415,0.04877,0,-0.0118,-0.116,0.0152,0.0186,0.0,-0.007
3124,50,West,Business,Manufacturing,2025Q3,114967.41,777.0,63.59,76.65,56.12,66876.53,0.3484,0.05793,0,-0.0098,-0.1646,0.0254,0.0183,0.0075,0.0
3125,47,North,Salaried,Construction,2025Q3,63619.21,597.0,33.98,87.9,70.63,33064.08,0.3261,0.22331,0,-0.0101,0.0871,-0.022,0.0706,0.0,-0.0219
3126,50,North,Salaried,Construction,2025Q3,94656.49,588.0,16.99,70.29,56.74,217773.61,0.5093,0.14,1,-0.0186,0.0676,-0.0681,0.0283,0.0,-0.0158
3127,44,North,Business,Transport,2025Q3,73024.27,640.0,64.3,35.03,50.62,219323.34,0.4859,0.18931,0,0.0041,0.0158,0.0615,-0.0282,0.0,0.0
3128,49,South,Business,Healthcare,2025Q3,56494.05,689.0,64.5,81.74,5.0,165998.99,0.437,0.12972,0,-0.016,-0.0679,0.0571,0.0461,0.0,0.0
3129,36,North,Business,Manufacturing,2025Q3,70034.85,625.0,44.41,17.72,70.54,60068.65,0.6084,0.14586,0,0.0297,0.0321,0.011,-0.0568,0.0,0.0
3130,48,South,Business,Manufacturing,2025Q3,109323.88,691.0,66.68,100.0,64.22,137517.73,0.3678,0.19185,0,-0.0141,-0.0833,0.0738,0.0812,0.0,0.0
3131,51,North,Salaried,Manufacturing,2025Q3,81780.1,793.0,43.24,26.54,76.28,214074.72,0.3523,0.01814,0,-0.0031,-0.0616,0.0011,-0.0056,0.0,-0.0022
3132,37,East,Salaried,Transport,2025Q3,59770.04,564.0,23.46,67.53,60.55,127226.07,0.4741,0.27377,0,0.0413,0.1422,-0.0692,0.0389,0.0,-0.024
3133,45,East,Salaried,Manufacturing,2025Q3,77598.61,630.0,17.01,79.77,82.94,75662.56,0.3947,0.12737,0,0.0,0.022,-0.0592,0.034,0.0,-0.0137
3134,37,East,Business,Healthcare,2025Q3,84803.19,566.0,16.85,58.1,48.99,157798.18,0.4381,0.20652,0,0.0381,0.1274,-0.0935,0.0171,0.0,0.0
3135,38,North,Salaried,Manufacturing,2025Q3,81494.17,603.0,38.07,2.89,59.19,219149.21,0.5266,0.12385,0,0.0197,0.0459,-0.0042,-0.0751,0.0,-0.0136
3136,32,East,Business,Retail,2025Q3,50889.22,640.0,30.54,27.15,64.81,128332.31,0.3792,0.11591,1,0.0349,0.0116,-0.0223,-0.0334,0.0,0.0
3137,58,North,Business,Transport,2025Q3,101457.65,611.0,28.74,55.85,73.2,315724.13,0.3948,0.14143,1,-0.0426,0.037,-0.025,0.007,0.0,0.0
3138,56,East,Business,Manufacturing,2025Q3,103736.99,695.0,36.29,61.98,68.33,52466.34,0.458,0.06516,0,-0.0211,-0.0368,-0.0046,0.0081,0.0,0.0
3139,50,East,Salaried,Construction,2025Q3,56523.34,670.0,51.73,44.07,69.55,81550.74,0.3149,0.09515,0,-0.0126,-0.0205,0.0182,-0.0062,0.0,-0.0107
3140,66,South,Salaried,Construction,2025Q3,70676.52,680.0,29.25,49.64,65.38,96715.47,0.4104,0.03113,0,-0.029,-0.0144,-0.0089,-0.0002,0.0,-0.0047
3141,42,North,Business,Construction,2025Q3,82335.25,639.0,26.55,15.68,56.15,109462.54,0.4206,0.07364,0,0.0061,0.0086,-0.0225,-0.0365,0.0,0.0
3142,75,East,Business,Transport,2025Q3,118753.44,645.0,30.3,87.04,78.03,206727.01,0.4794,0.08033,0,-0.0849,0.0038,-0.015,0.0262,0.0,0.0
3143,41,West,SelfEmployed,Retail,2025Q3,81216.83,636.0,52.73,39.69,26.51,152444.98,0.4967,0.24098,0,0.02,0.0272,0.0438,-0.0235,0.0214,0.051
3144,47,East,Salaried,Retail,2025Q3,68385.73,643.0,36.88,65.35,47.42,116816.57,0.4172,0.12528,0,-0.0063,0.0083,-0.0071,0.0191,0.0,-0.0139
3145,40,West,Salaried,Construction,2025Q3,61347.98,688.0,42.48,78.88,91.84,96582.32,0.4073,0.10456,1,0.0158,-0.0576,0.0058,0.0363,0.0137,-0.0149
3146,48,West,Business,Retail,2025Q3,87186.83,529.0,62.85,22.59,46.55,107669.34,0.467,0.35401,0,-0.0201,0.2446,0.1016,-0.0803,0.0281,0.0
3147,53,North,Business,Retail,2025Q3,104173.39,680.0,83.49,50.82,58.44,316712.81,0.3924,0.15791,0,-0.0332,-0.0505,0.0883,0.0013,0.0,0.0
3148,43,East,Business,IT,2025Q3,112203.18,601.0,48.25,54.12,87.76,221572.25,0.548,0.28409,0,0.0101,0.0851,0.029,0.009,0.0,0.0
3149,64,South,Salaried,Construction,2025Q3,53732.86,637.0,46.66,42.32,57.48,107181.9,0.4722,0.05962,0,-0.0499,0.0101,0.0095,-0.0072,0.0,-0.0095
3150,47,South,Business,IT,2025Q3,104614.04,554.0,19.05,68.4,43.32,126713.5,0.5624,0.20815,0,-0.0104,0.1414,-0.0846,0.038,0.0,0.0
3151,47,North,Salaried,Healthcare,2025Q3,76399.27,,43.9,33.32,83.97,102525.47,0.3623,0.08048,0,-0.0056,0.0142,0.0074,-0.0211,0.0,-0.0123
3152,34,West,Salaried,IT,2025Q3,76163.0,679.0,,49.21,54.21,175395.14,0.5174,0.12652,0,0.029,-0.038,-0.0022,-0.001,0.0121,-0.0133
3153,49,East,SelfEmployed,Retail,2025Q3,109539.78,691.0,52.28,39.84,55.58,179287.76,0.4227,0.13287,0,-0.0115,-0.0526,0.0219,-0.0125,0.0,0.0261
3154,43,North,Salaried,Manufacturing,2025Q3,61207.73,579.0,31.73,99.16,20.39,95792.94,0.5071,0.32222,0,0.0118,0.1388,-0.0363,0.1101,0.0,-0.0262
3155,37,South,Salaried,Manufacturing,2025Q3,86397.48,688.0,41.21,33.42,57.45,109230.08,0.2615,0.08828,0,0.0151,-0.0368,0.0018,-0.016,0.0,-0.0093
3156,35,South,Salaried,Manufacturing,2025Q3,45027.23,738.0,,64.39,73.66,121127.53,0.5268,0.06802,0,0.0185,-0.1071,0.0107,0.0119,0.0,-0.0094
3157,73,East,Business,Construction,2025Q3,119096.79,626.0,68.38,87.53,51.38,207042.12,0.4711,0.20012,0,-0.1492,0.0373,0.0725,0.0599,0.0,0.0
3158,41,West,SelfEmployed,Manufacturing,2025Q3,76634.7,660.0,63.02,27.8,34.37,105984.68,0.5731,0.18648,0,0.0179,-0.0187,0.066,-0.0474,0.0191,0.0452
3159,28,South,SelfEmployed,Manufacturing,2025Q3,70133.03,519.0,58.26,50.1,50.39,191839.09,0.5623,0.65569,0,0.114,0.3449,0.0866,0.0003,0.0,0.0707
3160,36,South,Salaried,IT,2025Q3,50697.38,599.0,49.63,26.3,47.7,168432.98,0.2816,0.22126,0,0.0382,0.0771,0.0297,-0.0504,0.0,-0.0203
3161,43,East,Salaried,Manufacturing,2025Q3,82663.9,678.0,31.1,3.72,54.93,206548.96,0.5394,0.04278,0,0.0023,-0.0152,-0.0083,-0.0309,0.0,-0.0054
3162,50,South,Salaried,Healthcare,2025Q3,109653.17,725.0,49.62,30.73,49.65,159949.8,0.4162,0.05087,0,-0.0063,-0.0513,0.0075,-0.0109,0.0,-0.0054
3163,50,South,Salaried,Retail,2025Q3,63606.58,619.0,,35.45,93.29,160605.6,0.4897,0.08625,0,-0.012,0.0239,-0.0261,-0.0151,0.0,-0.0102
3164,51,North,Business,Construction,2025Q3,100413.62,842.0,34.7,36.76,66.05,148066.89,0.4037,0.01159,0,-0.002,-0.0734,-0.0012,-0.0019,0.0,0.0
3165,37,North,Salaried,Retail,2025Q3,84805.72,681.0,66.45,41.41,25.2,149025.08,0.4088,0.19455,0,0.0259,-0.048,0.0547,-0.0134,0.0,-0.0157
3166,48,South,SelfEmployed,Retail,2025Q3,81958.67,573.0,46.61,48.13,61.43,79828.58,0.4221,0.33455,0,-0.0184,0.1503,0.0278,-0.0049,0.0,0.0609
3167,34,West,Business,Construction,2025Q3,106187.07,748.0,41.63,21.67,59.2,163679.24,0.4497,0.04555,0,0.0132,-0.0865,0.0016,-0.0195,0.0056,0.0
3168,37,South,SelfEmployed,IT,2025Q3,69665.61,575.0,43.69,55.74,83.89,147283.26,0.3872,0.36707,1,0.0516,0.1704,0.0174,0.0162,0.0,0.0684
3169,34,North,Salaried,Healthcare,2025Q3,64606.7,682.0,36.5,74.69,56.88,51808.25,0.4186,0.15052,0,0.0314,-0.0457,-0.0082,0.0303,0.0,-0.0143
3170,31,East,Business,Retail,2025Q3,61123.22,597.0,3.51,77.27,56.31,116705.78,0.5582,0.23328,0,0.0558,0.078,-0.1421,0.0476,0.0,0.0
3171,56,West,Business,Retail,2025Q3,103778.63,568.0,17.77,42.28,97.26,150635.07,0.3586,0.14433,1,-0.0425,0.0807,-0.0642,-0.0119,0.0143,0.0
3172,52,South,SelfEmployed,Healthcare,2025Q3,90954.41,725.0,,67.67,38.62,178524.26,0.3853,0.07068,0,-0.0176,-0.095,0.0122,0.0161,0.0,0.022
3173,55,North,Business,Retail,2025Q3,112046.22,642.0,23.27,33.02,75.95,210741.37,0.5237,0.05461,0,-0.019,0.0051,-0.0233,-0.0134,0.0,0.0
3174,44,East,Business,Healthcare,2025Q3,79248.29,777.0,36.28,40.45,61.28,172683.94,0.3176,0.03002,0,0.0008,-0.0789,-0.0022,-0.0034,0.0,0.0
3175,53,South,Salaried,Healthcare,2025Q3,71524.08,591.0,18.36,56.77,49.98,162652.0,0.2955,0.13101,0,-0.0257,0.0533,-0.0535,0.0083,0.0,-0.0132
3176,25,East,Salaried,Manufacturing,2025Q3,66924.86,554.0,26.5,40.64,47.04,173503.67,0.3026,0.34176,1,0.1039,0.1713,-0.0598,-0.0242,0.0,-0.0259
3177,53,North,Business,Retail,2025Q3,123949.43,627.0,37.93,20.19,87.17,148253.04,0.3979,0.06381,0,-0.02,0.0186,-0.0034,-0.0337,0.0,0.0
3178,46,North,Salaried,Construction,2025Q3,88822.18,850.0,52.78,66.33,69.31,188965.39,0.4922,0.02437,0,-0.0006,-0.1407,0.0046,0.0037,0.0,-0.0026
3179,51,South,Business,Manufacturing,2025Q3,130253.42,717.0,55.99,29.77,72.02,232353.31,0.343,0.07439,0,-0.01,-0.0564,0.0153,-0.0149,0.0,0.0
3180,48,East,Business,Construction,2025Q3,104295.53,698.0,26.25,36.56,77.8,94331.31,0.3877,0.0314,0,-0.0039,-0.0305,-0.0141,-0.0079,0.0,0.0
3181,33,South,Salaried,IT,2025Q3,75147.27,700.0,42.91,71.28,66.84,46121.89,0.4142,0.12224,0,0.0318,-0.0723,0.0061,0.0249,0.0,-0.0135
3182,28,North,Salaried,Manufacturing,2025Q3,73527.27,627.0,15.19,59.82,38.78,179876.9,0.524,0.17038,0,0.0518,0.0298,-0.0754,0.0146,0.0,-0.0161
3183,36,South,Salaried,Transport,2025Q3,95287.07,846.0,38.9,51.87,28.57,204524.06,0.4275,0.01438,0,0.0041,-0.1213,-0.0004,0.0004,0.0,-0.0023
3184,50,East,Business,Construction,2025Q3,118376.26,691.0,53.25,15.68,90.79,314379.91,0.4009,0.05854,0,-0.0089,-0.0328,0.0141,-0.0294,0.0,0.0
3185,52,North,Salaried,Construction,2025Q3,63372.19,685.0,36.93,22.41,64.16,176551.78,0.4632,0.05009,0,-0.0093,-0.02,-0.0027,-0.0167,0.0,-0.0055
3186,29,East,Salaried,Transport,2025Q3,76610.47,727.0,59.05,56.74,61.59,131265.2,0.4854,0.10898,0,0.0394,-0.1202,0.0344,0.0082,0.0,-0.0131
3187,33,East,SelfEmployed,Manufacturing,2025Q3,78576.42,573.0,51.39,61.86,96.09,141814.62,0.3228,0.45951,0,0.0824,0.1957,0.0563,0.0353,0.0,0.0737
3188,36,South,Business,Retail,2025Q3,80007.37,600.0,41.86,53.57,38.71,119143.64,0.4149,0.26343,0,0.045,0.0903,0.007,0.0081,0.0,0.0
3189,40,West,SelfEmployed,Manufacturing,2025Q3,48187.28,643.0,34.0,37.58,9.53,134999.34,0.3339,0.14275,1,0.0189,0.0106,-0.0176,-0.0221,0.0163,0.0384
3190,29,West,Business,Manufacturing,2025Q3,49477.1,727.0,29.45,36.85,23.77,104692.68,0.3424,0.05788,0,0.0239,-0.0787,-0.0149,-0.0109,0.0073,0.0
3191,28,South,Business,Manufacturing,2025Q3,69739.59,572.0,14.67,52.75,49.38,97775.43,0.5068,0.2679,0,0.0788,0.1269,-0.1065,0.0062,0.0,0.0
3192,35,North,Business,Transport,2025Q3,56237.35,655.0,17.28,20.46,62.34,167453.75,0.3297,0.08603,0,0.0169,-0.0038,-0.0376,-0.0281,0.0,0.0
3193,45,South,Salaried,Manufacturing,2025Q3,70412.38,646.0,53.92,50.02,87.83,127564.06,0.6137,0.15768,1,0.0,0.0055,0.0319,0.0,0.0,-0.0158
3194,31,North,SelfEmployed,IT,2025Q3,84858.14,553.0,62.22,17.45,76.86,187164.54,0.5142,0.52693,1,0.0951,0.235,0.1072,-0.0973,0.0,0.0733
3195,43,East,Business,Construction,2025Q3,79342.79,625.0,20.7,24.84,8.76,232920.75,0.3895,0.09697,1,0.0045,0.0202,-0.0372,-0.0281,0.0,0.0
3196,56,West,Salaried,IT,2025Q3,88002.33,697.0,39.09,51.92,100.0,174513.51,0.4005,0.08034,0,-0.0196,-0.0361,-0.001,0.0013,0.0063,-0.007
3197,30,West,Business,Healthcare,2025Q3,58840.86,559.0,12.81,60.83,51.79,185820.58,0.3563,0.30768,0,0.0812,0.1662,-0.1255,0.0268,0.0248,0.0
3198,42,South,Salaried,Retail,2025Q3,79277.81,756.0,22.37,55.52,84.56,149272.32,0.2724,0.03252,0,0.0024,-0.0623,-0.0126,0.0019,0.0,-0.0038
3199,55,South,Salaried,IT,2025Q3,94746.44,692.0,42.16,23.48,70.92,238893.27,0.382,0.04678,0,-0.0133,-0.0239,0.0018,-0.0154,0.0,-0.0053
3200,39,North,Salaried,Healthcare,2025Q3,45587.18,684.0,29.7,6.84,60.11,106186.15,0.5203,0.04258,0,0.007,-0.0201,-0.0102,-0.0297,0.0,-0.0057
3201,38,East,Business,Transport,2025Q3,71766.05,661.0,7.34,47.82,55.26,144649.12,0.3111,0.06333,0,0.0121,-0.0085,-0.0578,-0.0018,0.0,0.0
3202,57,North,Business,Construction,2025Q3,79590.94,586.0,65.5,6.21,37.75,140138.67,0.5485,0.14685,0,-0.0524,0.0773,0.06,-0.0867,0.0,0.0
3203,41,West,Salaried,Retail,2025Q3,82165.87,616.0,37.21,68.78,34.24,189343.28,0.4245,0.19869,0,0.0183,0.0565,-0.0096,0.0356,0.0196,-0.021
3204,56,West,SelfEmployed,Retail,2025Q3,97452.12,685.0,20.33,24.21,56.68,74215.37,0.4343,0.07222,0,-0.0171,-0.0222,-0.0227,-0.0172,0.0055,0.0127
3205,49,North,Business,Transport,2025Q3,94305.19,616.0,40.05,97.15,32.24,204328.04,0.4452,0.31145,0,-0.0213,0.0626,0.0002,0.0896,0.0,0.0
3206,40,East,SelfEmployed,Retail,2025Q3,77790.93,673.0,36.71,26.84,92.96,165123.49,0.4814,0.10287,0,0.0128,-0.027,-0.0065,-0.0299,0.0,0.0258
3207,49,East,Salaried,Transport,2025Q3,86011.04,599.0,44.75,58.18,61.94,217040.96,0.5332,0.1819,1,-0.0181,0.0731,0.0144,0.0149,0.0,-0.0194
3208,48,East,Business,Manufacturing,2025Q3,100471.33,691.0,32.56,31.79,100.0,75246.79,0.396,0.03773,0,-0.0045,-0.0285,-0.0082,-0.0124,0.0,0.0
3209,55,South,Business,Manufacturing,2025Q3,91679.61,,43.03,44.3,51.29,126198.59,0.4522,0.05104,0,-0.018,-0.036,0.0034,-0.004,0.0,0.0
3210,38,North,Business,IT,2025Q3,73859.26,549.0,53.1,52.05,48.19,169044.94,0.5669,0.37705,1,0.0465,0.2245,0.0617,0.0059,0.0,0.0
3211,44,East,Salaried,Construction,2025Q3,74638.09,665.0,16.91,66.93,71.82,137091.7,0.4874,0.07278,0,0.002,-0.0128,-0.0405,0.0135,0.0,-0.0091
3212,43,North,Business,Retail,2025Q3,86384.77,557.0,26.91,70.43,54.81,96960.68,0.427,0.27088,1,0.0114,0.1627,-0.0569,0.048,0.0,0.0
3213,52,East,Business,Healthcare,2025Q3,134992.28,533.0,51.43,64.0,79.46,86281.4,0.4528,0.39562,0,-0.0474,0.2383,0.0526,0.039,0.0,0.0
3214,33,North,Salaried,Manufacturing,2025Q3,58889.9,620.0,29.18,70.83,88.76,85287.04,0.3591,0.22602,1,0.0489,0.0481,-0.0372,0.0374,0.0,-0.0201
3215,55,East,Business,Retail,2025Q3,105813.98,850.0,36.69,34.45,81.98,204817.6,0.5029,0.01,0,-0.0029,-0.0679,-0.0006,-0.0019,0.0,0.0
3216,49,East,Salaried,Manufacturing,2025Q3,88586.68,713.0,30.47,62.27,87.29,153049.42,0.43,0.06539,0,-0.0057,-0.0462,-0.0101,0.0067,0.0,-0.0062
3217,30,North,Salaried,Construction,2025Q3,88309.44,755.0,31.47,40.5,76.35,296615.99,0.2785,0.0462,0,0.0145,-0.0827,-0.0077,-0.005,0.0,-0.0053
3218,57,South,Business,Construction,2025Q3,87798.68,701.0,30.11,69.7,49.02,108836.22,0.3425,0.06608,0,-0.0209,-0.0387,-0.0116,0.0114,0.0,0.0
3219,69,East,Salaried,Retail,2025Q3,122313.66,674.0,17.86,50.54,82.8,296779.31,0.4068,0.02871,0,-0.028,-0.009,-0.0164,0.0002,0.0,-0.0038
3220,55,North,Business,Retail,2025Q3,97946.88,721.0,45.35,61.65,73.95,133047.21,0.51,0.06502,0,-0.0177,-0.0617,0.0057,0.0073,0.0,0.0
3221,60,East,Business,Construction,2025Q3,150124.21,617.0,55.0,54.41,47.65,80270.52,0.4238,0.17187,1,-0.0649,0.0431,0.0364,0.007,0.0,0.0
3222,45,East,Salaried,Manufacturing,2025Q3,83126.84,692.0,35.18,64.73,50.18,196161.66,0.4611,0.10088,0,0.0,-0.041,-0.0073,0.012,0.0,-0.0092
3223,26,South,Salaried,Transport,2025Q3,37379.28,740.0,53.19,30.23,58.16,66286.85,0.3388,0.0844,0,0.0298,-0.105,0.0165,-0.0184,0.0,-0.0088
3224,24,East,Salaried,Construction,2025Q3,54151.14,708.0,30.14,13.42,82.23,101570.79,0.4587,0.06898,0,0.0257,-0.0476,-0.0121,-0.03,0.0,-0.0071
3225,47,South,Salaried,Manufacturing,2025Q3,102452.85,745.0,29.2,69.76,62.34,190723.71,0.4983,0.0375,0,-0.0023,-0.0675,-0.0094,0.0084,0.0,-0.005
3226,37,East,Business,Transport,2025Q3,85867.74,672.0,44.57,77.59,59.89,187650.13,0.483,0.20912,0,0.0301,-0.0378,0.0128,0.043,0.0,0.0
3227,34,North,Salaried,Construction,2025Q3,65626.74,775.0,44.84,45.45,56.82,138981.43,0.1872,0.03474,0,0.0111,-0.1086,0.0038,-0.0023,0.0,-0.0053
3228,43,North,SelfEmployed,IT,2025Q3,95741.95,646.0,36.2,65.84,52.93,216569.06,0.4167,0.17667,0,0.0085,0.0067,-0.0121,0.0278,0.0,0.0423
3229,51,North,Salaried,Manufacturing,2025Q3,75790.04,804.0,48.83,12.16,36.72,219433.68,0.289,0.01539,0,-0.0026,-0.0601,0.0023,-0.0082,0.0,-0.0018
3230,28,West,SelfEmployed,Retail,2025Q3,65506.8,699.0,17.41,34.33,75.9,91195.51,0.464,0.08015,0,0.0344,-0.0584,-0.0473,-0.0177,0.01,0.0233
3231,39,West,SelfEmployed,Construction,2025Q3,62195.86,634.0,,49.8,39.65,147335.07,0.4387,0.18366,0,0.0265,0.0277,-0.0237,-0.0004,0.0192,0.0455
3232,61,East,Salaried,Transport,2025Q3,122118.77,580.0,53.44,9.82,61.35,356207.28,0.5889,0.10646,0,-0.0571,0.0622,0.0262,-0.0622,0.0,-0.0136
3233,32,North,Business,Retail,2025Q3,57893.0,605.0,53.39,14.35,51.82,80293.65,0.4167,0.23454,1,0.0566,0.074,0.0429,-0.0826,0.0,0.0
3234,54,South,Salaried,Manufacturing,2025Q3,87750.4,595.0,51.38,51.47,75.33,254783.26,0.4526,0.18237,0,-0.0413,0.0753,0.0321,0.0027,0.0,-0.0189
3235,39,East,Business,IT,2025Q3,94837.92,654.0,54.33,34.68,53.16,223940.0,0.4162,0.17512,0,0.0204,-0.0057,0.0333,-0.0252,0.0,0.0
3236,50,East,Business,IT,2025Q3,95854.28,573.0,32.04,40.37,39.88,143680.11,0.5119,0.23519,0,-0.0216,0.0939,-0.0247,-0.0177,0.0,0.0
3237,56,North,Business,Manufacturing,2025Q3,78930.47,748.0,10.72,39.06,79.79,122161.95,0.3155,0.01791,0,-0.006,-0.0315,-0.0132,-0.0023,0.0,0.0
3238,52,West,SelfEmployed,IT,2025Q3,72922.25,668.0,33.86,19.76,43.48,190144.32,0.3412,0.07574,0,-0.0161,-0.0163,-0.0098,-0.0319,0.0086,0.02
3239,54,North,Salaried,IT,2025Q3,94105.3,665.0,48.18,43.21,63.09,195443.87,0.3772,0.08798,0,-0.0213,-0.0134,0.0116,-0.0064,0.0,-0.0096
3240,31,North,Salaried,Transport,2025Q3,49962.17,581.0,50.79,47.7,85.48,47399.38,0.4984,0.29069,0,0.0795,0.1411,0.0455,-0.0061,0.0,-0.0269
3241,56,West,SelfEmployed,Transport,2025Q3,57203.69,608.0,29.58,35.18,45.4,182622.28,0.5253,0.14508,0,-0.0428,0.0489,-0.028,-0.0237,0.0144,0.0337
3242,35,South,SelfEmployed,IT,2025Q3,82565.61,509.0,22.51,36.97,57.93,104353.6,0.4694,0.52948,0,0.0663,0.2866,-0.0867,-0.0385,0.0,0.0708
3243,47,South,Salaried,Transport,2025Q3,62695.08,,24.1,43.51,51.38,45619.96,0.4328,0.02026,0,-0.0012,-0.0533,-0.0076,-0.0017,0.0,-0.0026
3244,47,East,Business,IT,2025Q3,104761.95,564.0,29.3,66.03,62.63,91503.01,0.4982,0.26363,0,-0.0107,0.1369,-0.0425,0.0346,0.0,0.0
3245,49,West,Business,Retail,2025Q3,91570.82,569.0,7.65,45.92,58.63,297787.91,0.4512,0.14479,0,-0.0147,0.0817,-0.1013,-0.0063,0.0145,0.0
3246,48,North,Business,Healthcare,2025Q3,89803.38,756.0,29.57,5.62,78.41,147038.58,0.3839,0.01773,0,-0.0016,-0.0396,-0.0043,-0.013,0.0,0.0
3247,35,East,Business,Transport,2025Q3,83540.29,686.0,38.77,21.74,47.59,252794.89,0.4759,0.08761,0,0.0185,-0.0348,-0.0018,-0.0291,0.0,0.0
3248,29,South,Business,IT,2025Q3,56707.12,668.0,36.43,68.5,85.48,145895.21,0.5744,0.14453,0,0.0557,-0.0305,-0.0106,0.0298,0.0,0.0
3249,54,North,SelfEmployed,Retail,2025Q3,77841.84,683.0,32.72,32.92,92.09,57591.27,0.495,0.06627,0,-0.0179,-0.027,-0.0098,-0.0142,0.0,0.0168
3250,46,South,Salaried,Construction,2025Q3,72821.37,725.0,26.97,46.05,65.13,180163.38,0.4975,0.03002,0,-0.001,-0.0447,-0.0108,-0.0018,0.0,-0.0046
3251,57,East,Business,Manufacturing,2025Q3,81801.83,,28.84,90.35,44.2,164644.19,0.5847,0.12631,0,-0.0342,-0.0179,-0.0217,0.0355,0.0,0.0
3252,44,North,Business,Healthcare,2025Q3,103548.72,555.0,29.12,61.9,59.18,255211.68,0.4049,0.31559,0,0.0056,0.159,-0.0458,0.0278,0.0,0.0
3253,29,South,Salaried,Retail,2025Q3,56667.18,710.0,49.29,0.74,57.5,91872.96,0.4626,0.05596,0,0.0221,-0.0526,0.0102,-0.0457,0.0,-0.0075
3254,55,East,Business,IT,2025Q3,74510.14,689.0,37.99,79.79,95.45,79199.42,0.5304,0.06442,0,-0.0251,-0.0409,-0.0033,0.0247,0.0,0.0
3255,40,East,Salaried,Transport,2025Q3,62037.48,740.0,88.67,51.29,57.94,33397.77,0.4711,0.13671,0,0.0147,-0.154,0.0747,0.0017,0.0,-0.0139
3256,48,East,Salaried,Construction,2025Q3,81121.65,575.0,32.68,56.12,87.66,55239.36,0.4058,0.19626,1,-0.0137,0.1001,-0.0242,0.0114,0.0,-0.0197
3257,37,East,Business,Retail,2025Q3,76370.37,610.0,45.01,54.69,62.23,111699.97,0.3778,0.32615,0,0.039,0.072,0.018,0.0102,0.0,0.0
3258,62,South,SelfEmployed,Healthcare,2025Q3,107096.69,687.0,33.04,68.09,60.92,244483.86,0.5452,0.0995,0,-0.0423,-0.0352,-0.0107,0.0144,0.0,0.0193
3259,34,South,Salaried,Healthcare,2025Q3,77032.65,596.0,32.65,46.25,52.91,111786.53,0.4797,0.22345,0,0.0455,0.0801,-0.0249,-0.0074,0.0,-0.0202
3260,40,South,Business,IT,2025Q3,130330.6,500.0,63.0,15.41,54.78,194672.23,0.5044,0.44765,1,0.0347,0.3251,0.1112,-0.1032,0.0,0.0
3261,45,East,Salaried,IT,2025Q3,97311.6,673.0,53.96,55.12,77.79,200323.51,0.421,0.11615,0,0.0,-0.0296,0.0267,0.0064,0.0,-0.0134
3262,32,North,Salaried,Manufacturing,2025Q3,35445.33,721.0,9.92,17.6,45.39,77775.8,0.5235,0.03158,0,0.0089,-0.0332,-0.0234,-0.0136,0.0,-0.0037
3263,48,South,Salaried,Transport,2025Q3,72815.82,651.0,21.64,87.96,79.19,198519.1,0.5051,0.11787,0,-0.0086,-0.0011,-0.0418,0.0378,0.0,-0.0124
3264,62,North,Business,Transport,2025Q3,102100.46,697.0,35.82,40.03,88.82,170411.43,0.3962,0.03649,0,-0.0235,-0.026,-0.0034,-0.005,0.0,0.0
3265,39,South,Salaried,Manufacturing,2025Q3,81551.28,687.0,29.73,46.86,48.16,219895.02,0.4875,0.05745,0,0.0105,-0.0325,-0.015,-0.0026,0.0,-0.0085
3266,48,West,Salaried,Healthcare,2025Q3,62495.45,661.0,13.87,33.13,84.16,103304.69,0.4379,0.07358,0,-0.0044,-0.0064,-0.0333,-0.0112,0.0057,-0.0064
3267,21,East,Salaried,Manufacturing,2025Q3,45437.46,669.0,39.85,55.46,80.96,73228.61,0.4906,0.17677,0,0.0776,-0.0324,-0.0004,0.0093,0.0,-0.0181
3268,44,South,Business,Construction,2025Q3,68300.59,752.0,7.95,58.0,77.38,201639.66,0.5003,0.02895,0,0.0007,-0.0513,-0.0229,0.0024,0.0,0.0
3269,41,East,Salaried,Construction,2025Q3,62159.22,594.0,40.03,33.07,47.28,104230.1,0.546,0.15461,0,0.0156,0.0725,0.0001,-0.0314,0.0,-0.0181
3270,35,East,Salaried,IT,2025Q3,57430.62,713.0,49.68,57.97,57.61,105957.74,0.2674,0.12479,0,0.0226,-0.082,0.0162,0.0083,0.0,-0.0114
3271,56,South,Salaried,Manufacturing,2025Q3,80865.9,580.0,,49.49,57.58,97428.96,0.4931,0.23367,0,-0.0542,0.097,0.0358,-0.001,0.0,-0.02
3272,40,South,Business,Manufacturing,2025Q3,65742.77,606.0,35.69,45.89,100.0,142805.4,0.5611,0.1899,0,0.0205,0.0632,-0.0135,-0.0077,0.0,0.0
3273,42,East,Business,Healthcare,2025Q3,106576.46,741.0,62.17,31.47,59.8,222152.64,0.3381,0.06862,0,0.005,-0.0956,0.0227,-0.0152,0.0,0.0
3274,40,North,Business,Retail,2025Q3,95599.85,578.0,43.31,98.92,56.33,268192.26,0.6118,0.42227,0,0.0334,0.1706,0.0159,0.1313,0.0,0.0
3275,23,East,Salaried,Healthcare,2025Q3,30721.06,644.0,51.53,74.02,37.04,58522.4,0.4793,0.29912,1,0.1108,0.0136,0.0456,0.0563,0.0,-0.0256
3276,32,East,Salaried,Retail,2025Q3,65367.51,821.0,26.22,64.02,40.56,92856.05,0.4443,0.02675,0,0.0073,-0.116,-0.0075,0.0037,0.0,-0.003
3277,55,East,Business,Retail,2025Q3,72425.41,730.0,62.35,72.78,46.32,81701.64,0.4761,0.08933,0,-0.0242,-0.097,0.0286,0.0188,0.0,0.0
3278,21,West,Salaried,Healthcare,2025Q3,79160.6,610.0,37.95,54.6,67.23,68416.71,0.3339,0.29829,0,0.1219,0.0846,-0.0088,0.0116,0.0248,-0.026
3279,36,East,Salaried,Retail,2025Q3,97553.95,622.0,63.23,40.31,31.52,210466.52,0.5169,0.20229,0,0.0427,0.0514,0.074,-0.0217,0.0,-0.0225
3280,40,South,Salaried,Construction,2025Q3,71096.73,648.0,59.73,0.0,46.68,223996.37,0.4677,0.10736,0,0.0127,0.0021,0.0325,-0.0726,0.0,-0.0121
3281,63,North,Salaried,Retail,2025Q3,77452.39,749.0,42.12,21.18,22.78,172639.78,0.357,0.02122,0,-0.0118,-0.0347,0.0008,-0.0075,0.0,-0.0023
3282,52,East,Salaried,IT,2025Q3,70943.15,592.0,44.49,95.63,88.04,83953.04,0.5777,0.29533,0,-0.0404,0.1068,0.0174,0.094,0.0,-0.0243
3283,38,East,Salaried,IT,2025Q3,62132.64,588.0,35.12,73.52,62.13,215705.93,0.2976,0.31624,1,0.0366,0.1116,-0.0196,0.0516,0.0,-0.0242
3284,58,West,SelfEmployed,Manufacturing,2025Q3,94377.11,709.0,24.89,52.45,66.21,242765.28,0.3578,0.07172,0,-0.0228,-0.0463,-0.0184,0.0015,0.0061,0.014
3285,36,East,SelfEmployed,Construction,2025Q3,101168.45,546.0,47.52,13.29,38.2,148333.76,0.5802,0.39704,1,0.0564,0.2112,0.0342,-0.1069,0.0,0.0666
3286,55,North,Salaried,Retail,2025Q3,102800.83,598.0,46.7,61.97,83.23,229628.51,0.5264,0.18746,0,-0.0455,0.0706,0.0191,0.0205,0.0,-0.0186
3287,29,East,Business,Retail,2025Q3,94678.08,654.0,12.1,41.88,90.06,89588.68,0.3831,0.10531,0,0.0336,-0.004,-0.0624,-0.0091,0.0,0.0
3288,56,West,SelfEmployed,IT,2025Q3,97570.41,658.0,36.68,63.36,61.34,331943.18,0.3677,0.12615,0,-0.0409,-0.0108,-0.0081,0.018,0.0137,0.032
3289,40,East,Salaried,Transport,2025Q3,51334.99,567.0,51.89,23.54,50.42,70567.81,0.4436,0.27831,0,0.0253,0.1322,0.0419,-0.0641,0.0,-0.0232
3290,33,East,Business,Construction,2025Q3,66938.98,684.0,61.45,37.22,71.04,182008.98,0.4469,0.18632,0,0.0386,-0.0549,0.0477,-0.0209,0.0,0.0
3291,42,South,Business,Transport,2025Q3,89992.98,698.0,49.61,67.47,74.7,169753.77,0.3832,0.14128,0,0.0086,-0.0678,0.0189,0.0204,0.0,0.0
3292,47,East,SelfEmployed,Healthcare,2025Q3,64780.2,615.0,13.72,90.41,77.41,170144.4,0.4409,0.22071,0,-0.0092,0.0555,-0.0984,0.0677,0.0,0.0444
3293,39,North,Salaried,IT,2025Q3,76671.69,773.0,21.13,33.51,73.28,114953.59,0.3999,0.02036,0,0.0032,-0.0562,-0.0094,-0.0045,0.0,-0.0026
3294,50,North,Business,IT,2025Q3,110592.22,683.0,32.46,26.01,79.28,183130.73,0.3982,0.04947,0,-0.0074,-0.0213,-0.008,-0.0163,0.0,0.0
3295,38,East,Salaried,Transport,2025Q3,80116.22,592.0,60.38,70.5,46.15,167502.26,0.4216,0.35179,1,0.0437,0.1305,0.0875,0.0544,0.0,-0.028
3296,51,West,SelfEmployed,Manufacturing,2025Q3,99093.41,770.0,28.29,20.28,78.24,177668.32,0.3015,0.0232,0,-0.0047,-0.0657,-0.0067,-0.0109,0.0029,0.0067
3297,49,West,Salaried,Construction,2025Q3,46606.91,624.0,54.94,21.86,50.92,112393.16,0.4447,0.14611,0,-0.014,0.031,0.0323,-0.0458,0.0138,-0.0151
3298,43,South,Business,Construction,2025Q3,113800.4,672.0,28.03,53.85,9.8,362953.4,0.4263,0.05559,0,0.0044,-0.0216,-0.0214,0.0037,0.0,0.0
3299,39,North,SelfEmployed,IT,2025Q3,50987.06,627.0,46.52,93.89,50.74,107104.67,0.3708,0.33874,0,0.0378,0.0561,0.0295,0.1108,0.0,0.0659
3300,46,North,Business,Healthcare,2025Q3,89750.51,702.0,22.96,29.33,48.92,104560.28,0.442,0.04202,0,-0.0011,-0.0298,-0.0159,-0.0111,0.0,0.0
3301,50,East,Business,IT,2025Q3,107233.78,627.0,34.9,39.87,64.82,194276.1,0.5399,0.16655,1,-0.0148,0.023,-0.0106,-0.0128,0.0,0.0
3302,67,East,Business,Construction,2025Q3,117854.76,631.0,19.89,50.45,76.76,328050.59,0.4494,0.05992,0,-0.0456,0.0107,-0.0271,0.0003,0.0,0.0
3303,54,West,Salaried,Retail,2025Q3,61698.95,649.0,61.09,37.6,63.86,94524.24,0.4724,0.12892,0,-0.0309,0.0012,0.0402,-0.0176,0.0128,-0.014
3304,55,South,SelfEmployed,Construction,2025Q3,73830.14,626.0,26.88,9.13,100.0,130693.45,0.525,0.07117,0,-0.0236,0.0178,-0.022,-0.0452,0.0,0.0199
3305,75,East,Salaried,IT,2025Q3,108767.29,733.0,13.25,65.64,49.5,135115.81,0.4058,0.02062,0,-0.0193,-0.0219,-0.0105,0.0026,0.0,-0.0019
3306,50,East,Salaried,Healthcare,2025Q3,90295.21,574.0,11.98,52.1,20.25,159369.62,0.5356,0.11349,0,-0.0166,0.0687,-0.077,0.0028,0.0,-0.0141
3307,49,North,Business,Healthcare,2025Q3,75270.33,657.0,36.63,56.07,65.56,139877.41,0.2509,0.14583,0,-0.0111,-0.0075,-0.0066,0.0067,0.0,0.0
3308,52,West,SelfEmployed,Transport,2025Q3,97966.67,666.0,30.67,44.88,49.1,123326.34,0.3754,0.09252,0,-0.0198,-0.0176,-0.0188,-0.0059,0.0107,0.0249
3309,33,East,SelfEmployed,Transport,2025Q3,46525.08,652.0,48.38,81.29,38.29,51173.27,0.3487,0.349,0,0.0672,-0.0047,0.0348,0.0744,0.0,0.0605
3310,39,North,Salaried,Transport,2025Q3,82439.01,726.0,34.24,36.9,54.05,113751.72,0.5238,0.0465,0,0.007,-0.0551,-0.0054,-0.0076,0.0,-0.0057
3311,38,North,Salaried,Transport,2025Q3,54390.85,558.0,56.66,24.3,44.33,97979.43,0.5203,0.28122,0,0.0397,0.1662,0.0653,-0.0687,0.0,-0.0259
3312,51,West,Salaried,Transport,2025Q3,83449.24,699.0,31.83,84.6,46.3,162269.34,0.3237,0.09766,0,-0.0137,-0.0512,-0.0133,0.0265,0.0087,-0.0096
3313,42,East,Business,Transport,2025Q3,87326.84,575.0,54.42,0.0,90.45,191526.32,0.3857,0.24722,0,0.0134,0.1037,0.0431,-0.1148,0.0,0.0
3314,46,East,Salaried,Healthcare,2025Q3,98391.83,625.0,22.76,44.62,62.49,228452.12,0.3366,0.094,0,-0.0025,0.0215,-0.0346,-0.0058,0.0,-0.011
3315,56,East,Salaried,Transport,2025Q3,90858.34,568.0,13.95,46.34,54.69,242752.4,0.4924,0.11453,0,-0.0352,0.0649,-0.0645,-0.0045,0.0,-0.0128
3316,53,South,Salaried,Manufacturing,2025Q3,73016.17,,24.83,45.48,91.95,114700.19,0.4576,0.07025,0,-0.0171,0.0094,-0.024,-0.0039,0.0,-0.0088
3317,42,East,Salaried,Healthcare,2025Q3,80372.67,621.0,19.94,13.87,54.09,159183.33,0.4138,0.07861,0,0.0057,0.0195,-0.0333,-0.0365,0.0,-0.0088
3318,37,West,Business,Manufacturing,2025Q3,122963.44,771.0,18.15,21.93,35.4,143440.79,0.325,0.01969,0,0.0047,-0.0608,-0.0126,-0.0092,0.0026,0.0
3319,56,North,Business,IT,2025Q3,114822.21,676.0,44.62,69.08,33.47,262966.52,0.4259,0.06254,0,-0.0307,-0.0283,0.0079,0.0184,0.0,0.0
3320,53,East,Salaried,Healthcare,2025Q3,82734.99,690.0,33.77,78.48,58.4,239060.82,0.6296,0.0545,0,-0.017,-0.0367,-0.0091,0.0204,0.0,-0.0087
3321,26,South,Salaried,Manufacturing,2025Q3,44494.97,585.0,40.27,38.82,27.15,114835.81,0.4295,0.27061,0,0.0937,0.1197,0.0011,-0.0277,0.0,-0.0247
3322,41,South,Business,IT,2025Q3,76903.15,710.0,46.44,27.53,36.55,176637.96,0.508,0.05565,0,0.0066,-0.0548,0.0076,-0.0189,0.0,0.0
3323,46,South,Salaried,Transport,2025Q3,89739.87,771.0,11.03,8.73,52.37,117962.63,0.3711,0.01072,0,-0.0003,-0.0293,-0.0084,-0.0069,0.0,-0.0014
3324,53,West,Business,Construction,2025Q3,82855.55,719.0,47.12,68.69,82.64,72090.91,0.4908,0.0732,0,-0.0181,-0.0764,0.0098,0.015,0.0084,0.0
3325,54,North,Salaried,IT,2025Q3,84748.4,571.0,18.72,69.99,85.84,156178.82,0.5133,0.14606,0,-0.0373,0.0873,-0.0665,0.0301,0.0,-0.017
3326,47,South,Salaried,Retail,2025Q3,104277.14,628.0,28.77,0.0,73.19,195035.17,0.4424,0.05597,0,-0.0034,0.0128,-0.0145,-0.0458,0.0,-0.0074
3327,50,East,Salaried,IT,2025Q3,83807.06,667.0,7.73,0.0,59.92,215905.71,0.4825,0.03023,0,-0.0037,-0.0051,-0.022,-0.02,0.0,-0.0032
3328,45,North,Business,Retail,2025Q3,72175.63,621.0,48.47,51.01,48.59,65189.05,0.5433,0.19669,0,0.0,0.0444,0.0247,0.0019,0.0,0.0
3329,37,East,Salaried,Retail,2025Q3,108601.26,832.0,10.97,53.86,67.77,27469.55,0.379,0.01629,0,0.0025,-0.0723,-0.0095,0.0006,0.0,-0.0016
3330,41,West,Salaried,IT,2025Q3,104724.07,627.0,18.8,37.5,95.64,256826.97,0.4309,0.10523,0,0.0099,0.0212,-0.0465,-0.0148,0.0106,-0.0117
3331,44,North,Salaried,Healthcare,2025Q3,84721.18,657.0,19.96,47.28,62.83,168333.46,0.4881,0.05234,0,0.0019,-0.0053,-0.0319,-0.0022,0.0,-0.0085
3332,44,North,Salaried,Transport,2025Q3,98663.6,619.0,35.94,42.56,50.76,146968.5,0.5786,0.11311,1,0.0032,0.0347,-0.0097,-0.0107,0.0,-0.0145
3333,23,West,Business,Healthcare,2025Q3,66994.37,676.0,35.45,48.58,56.85,164637.49,0.3169,0.16976,0,0.0692,-0.0436,-0.013,-0.0024,0.016,0.0
3334,40,North,Salaried,Healthcare,2025Q3,85140.18,754.0,50.99,28.18,54.67,144503.44,0.2995,0.04426,0,0.0053,-0.0797,0.0081,-0.012,0.0,-0.0052
3335,45,North,Salaried,Healthcare,2025Q3,68976.28,668.0,,47.73,70.98,199518.84,0.5442,0.07769,0,0.0,-0.0168,-0.0059,-0.0022,0.0,-0.0099
3336,41,West,SelfEmployed,Construction,2025Q3,56602.53,645.0,53.45,33.16,44.73,153807.14,0.3957,0.19165,0,0.0183,0.0091,0.0419,-0.036,0.0195,0.0463
3337,41,West,SelfEmployed,Manufacturing,2025Q3,127654.61,587.0,44.07,31.33,68.12,320305.73,0.5589,0.27347,1,0.0228,0.1222,0.0167,-0.0487,0.0244,0.0585
3338,49,East,Salaried,Construction,2025Q3,54882.31,742.0,22.87,6.93,71.36,173230.21,0.3512,0.01664,0,-0.002,-0.0285,-0.0068,-0.0112,0.0,-0.0021
3339,32,East,Salaried,Transport,2025Q3,70256.05,650.0,27.32,44.14,66.88,39444.51,0.3998,0.11519,0,0.0325,0.0,-0.0287,-0.0074,0.0,-0.0129
3340,26,West,Business,Manufacturing,2025Q3,79645.78,647.0,62.17,65.67,38.28,68979.82,0.5215,0.3034,0,0.109,0.0074,0.0926,0.0413,0.0267,0.0
3341,40,East,Salaried,Retail,2025Q3,81388.1,501.0,,40.84,57.01,195732.47,0.5481,0.49905,0,0.0349,0.3318,0.0869,-0.0275,0.0,-0.03
3342,52,East,Business,Manufacturing,2025Q3,96285.68,651.0,51.19,40.22,49.46,249653.06,0.3462,0.11838,0,-0.0213,-0.0011,0.0207,-0.0124,0.0,0.0
3343,63,East,Salaried,Retail,2025Q3,91373.5,633.0,53.29,75.63,58.52,159534.41,0.491,0.13783,0,-0.0723,0.0211,0.0291,0.0331,0.0,-0.0151
3344,53,East,Salaried,Construction,2025Q3,86291.41,536.0,45.44,70.55,46.67,202320.56,0.4237,0.30811,0,-0.0516,0.2094,0.0238,0.0526,0.0,-0.0272
3345,28,South,Business,Retail,2025Q3,84937.63,727.0,43.36,86.16,84.87,71465.29,0.4452,0.1546,0,0.048,-0.1349,0.0079,0.0444,0.0,0.0
3346,41,South,Salaried,Manufacturing,2025Q3,72967.31,624.0,38.8,97.66,63.74,122985.37,0.4513,0.29197,0,0.0201,0.049,-0.0045,0.0903,0.0,-0.0229
3347,47,South,Business,IT,2025Q3,92169.5,789.0,,49.31,27.64,47613.11,0.375,0.04228,0,-0.0025,-0.1352,0.0176,-0.0004,0.0,0.0
3348,46,South,Salaried,Healthcare,2025Q3,53720.02,756.0,30.57,22.54,33.41,22076.93,0.3508,0.01993,0,-0.0006,-0.0458,-0.0045,-0.0084,0.0,-0.0028
3349,50,South,Salaried,Retail,2025Q3,117346.28,611.0,41.84,36.53,84.1,239228.78,0.3173,0.1392,0,-0.0166,0.0412,0.0041,-0.0193,0.0,-0.0141
3350,34,South,SelfEmployed,Retail,2025Q3,84342.58,753.0,10.67,60.61,56.4,181620.9,0.3508,0.04129,0,0.0129,-0.0912,-0.0368,0.0058,0.0,0.0126
3351,45,East,Salaried,Construction,2025Q3,80360.32,770.0,15.11,79.68,52.2,198706.77,0.4509,0.02272,0,0.0,-0.0703,-0.0175,0.0083,0.0,-0.0035
3352,49,South,Salaried,Healthcare,2025Q3,68959.59,622.0,67.04,24.93,82.57,105638.62,0.4836,0.14794,0,-0.0159,0.0379,0.0612,-0.0454,0.0,-0.0171
3353,53,North,Business,Transport,2025Q3,80734.94,590.0,47.87,53.62,56.97,184675.37,0.3917,0.22141,0,-0.0398,0.0899,0.0251,0.0072,0.0,0.0
3354,35,North,SelfEmployed,Transport,2025Q3,91079.76,513.0,34.6,30.56,36.1,135863.3,0.5739,0.41029,0,0.0679,0.2961,-0.0268,-0.0581,0.0,0.0726
3355,40,North,Salaried,Manufacturing,2025Q3,69222.48,686.0,39.25,44.77,37.45,98903.22,0.4543,0.08263,0,0.01,-0.0355,-0.0011,-0.0049,0.0,-0.0096
3356,21,East,Business,Healthcare,2025Q3,81179.16,594.0,16.27,44.44,72.55,161245.54,0.507,0.17293,1,0.098,0.0914,-0.0946,-0.0121,0.0,0.0
3357,37,South,Salaried,Transport,2025Q3,45061.3,688.0,31.15,56.39,100.0,90549.57,0.3419,0.09507,1,0.016,-0.039,-0.015,0.0058,0.0,-0.0099
3358,38,North,Business,Construction,2025Q3,113143.39,621.0,14.67,92.71,76.79,296610.27,0.5929,0.23689,0,0.0287,0.045,-0.0912,0.0678,0.0,0.0
3359,33,East,Salaried,IT,2025Q3,82024.79,607.0,33.28,58.45,52.36,138326.1,0.492,0.18881,0,0.0513,0.0693,-0.0236,0.0166,0.0,-0.021
3360,46,North,Business,Transport,2025Q3,91040.87,622.0,48.89,38.54,55.47,262628.42,0.5715,0.17512,0,-0.0039,0.038,0.0229,-0.0197,0.0,0.0
3361,43,North,Salaried,Retail,2025Q3,83217.26,572.0,45.25,34.91,60.97,154691.24,0.4158,0.21934,1,0.0096,0.1158,0.0178,-0.0332,0.0,-0.0217
3362,21,East,Business,Retail,2025Q3,83338.08,622.0,63.43,43.8,19.6,80767.1,0.3025,0.36431,0,0.1368,0.0675,0.0996,-0.0173,0.0,0.0
3363,46,East,Salaried,Construction,2025Q3,53434.35,610.0,42.72,28.82,60.47,119932.72,0.3775,0.12988,0,-0.0033,0.0437,0.0062,-0.0325,0.0,-0.0146
3364,34,East,Business,Construction,2025Q3,111900.88,659.0,2.0,51.07,71.68,266185.37,0.5193,0.07291,0,0.0192,-0.0073,-0.0741,0.0009,0.0,0.0
3365,49,East,Business,Retail,2025Q3,103898.7,667.0,69.21,0.0,95.46,217656.63,0.3428,0.08205,0,-0.01,-0.0172,0.0393,-0.065,0.0,0.0
3366,30,West,Business,Healthcare,2025Q3,65426.16,587.0,24.55,43.35,81.81,85304.86,0.5806,0.21374,0,0.07,0.1067,-0.0621,-0.0152,0.0217,0.0
3367,44,North,Business,Manufacturing,2025Q3,70961.35,735.0,40.59,45.1,98.6,140619.75,0.3515,0.06261,0,0.0014,-0.0705,0.0006,-0.003,0.0,0.0
3368,41,East,SelfEmployed,Transport,2025Q3,98767.76,649.0,39.63,22.47,93.61,213360.16,0.4706,0.10275,0,0.0125,0.0013,-0.0009,-0.0432,0.0,0.0312
3369,47,East,Salaried,IT,2025Q3,82200.87,762.0,41.85,39.59,87.89,185415.75,0.4188,0.03079,0,-0.0017,-0.0676,0.0011,-0.004,0.0,-0.0038
3370,45,North,Business,Manufacturing,2025Q3,100286.82,676.0,38.77,72.64,60.52,137111.3,0.4053,0.11915,1,0.0,-0.0337,-0.0026,0.0259,0.0,0.0
3371,41,West,SelfEmployed,Healthcare,2025Q3,81479.96,665.0,39.05,74.23,66.9,112877.01,0.4097,0.21087,0,0.0181,-0.0289,-0.0032,0.0446,0.0194,0.0459
3372,27,South,Salaried,IT,2025Q3,42350.61,627.0,16.85,36.27,26.6,123778.19,0.3684,0.1393,0,0.0457,0.0253,-0.0602,-0.0192,0.0,-0.0138
3373,28,West,Business,Healthcare,2025Q3,85455.12,702.0,79.39,59.52,62.61,111292.29,0.5777,0.25149,0,0.0818,-0.1246,0.1238,0.0216,0.0227,0.0
3374,38,East,Business,Manufacturing,2025Q3,81744.37,662.0,48.42,15.03,71.32,119499.66,0.4764,0.11715,0,0.0171,-0.0131,0.0149,-0.0467,0.0,0.0
3375,44,South,Business,Construction,2025Q3,90309.56,718.0,38.83,41.48,54.33,206789.14,0.2854,0.08031,0,0.0015,-0.0567,-0.0013,-0.0058,0.0,0.0
3376,37,North,Salaried,IT,2025Q3,112186.05,,67.47,53.08,29.17,198698.43,0.2889,0.06939,0,0.0135,-0.1499,0.0288,0.0024,0.0,-0.0084
3377,51,West,Business,Transport,2025Q3,112643.24,611.0,20.85,81.59,91.66,189570.7,0.4952,0.12579,0,-0.0252,0.0528,-0.0615,0.0475,0.0164,0.0
3378,41,East,Salaried,Healthcare,2025Q3,89681.77,702.0,51.89,74.24,68.12,92845.97,0.42,0.1164,0,0.0113,-0.0741,0.0228,0.0273,0.0,-0.0132
3379,33,North,Business,Transport,2025Q3,129769.42,,29.12,52.6,94.41,233433.83,0.2763,0.08365,0,0.0233,-0.0548,-0.0189,0.0024,0.0,0.0
3380,41,North,Business,Retail,2025Q3,94922.33,691.0,44.44,27.95,74.84,290440.91,0.6278,0.08375,0,0.0077,-0.0394,0.0062,-0.0214,0.0,0.0
3381,46,East,Business,Construction,2025Q3,94654.74,631.0,44.79,77.89,87.37,296462.89,0.2226,0.1548,0,-0.0046,0.0323,0.0153,0.0498,0.0,0.0
3382,48,North,Business,Construction,2025Q3,82074.27,632.0,2.0,40.51,83.26,210597.82,0.4083,0.0659,0,-0.0051,0.0106,-0.0622,-0.007,0.0,0.0
3383,65,East,Salaried,IT,2025Q3,86454.07,620.0,15.09,57.87,46.41,153982.17,0.451,0.05844,0,-0.0422,0.0168,-0.0365,0.0053,0.0,-0.0074
3384,37,East,SelfEmployed,Transport,2025Q3,40552.13,619.0,63.38,45.3,49.82,112911.2,0.3953,0.37068,0,0.0481,0.0716,0.0956,-0.0127,0.0,0.0635
3385,43,North,Business,Transport,2025Q3,104027.62,603.0,33.97,91.83,51.43,312595.37,0.5237,0.25181,1,0.0109,0.0893,-0.0244,0.087,0.0,0.0
3386,49,East,Business,Construction,2025Q3,72395.42,653.0,70.03,34.58,40.67,69512.38,0.4789,0.17899,0,-0.0154,-0.0044,0.0644,-0.0261,0.0,0.0
3387,44,North,Business,Manufacturing,2025Q3,106949.25,608.0,58.96,68.16,95.3,164908.59,0.465,0.24327,0,0.0058,0.0867,0.0727,0.0434,0.0,0.0
3388,38,West,SelfEmployed,Retail,2025Q3,77525.53,690.0,34.48,46.1,60.85,214372.67,0.4192,0.12697,0,0.0201,-0.0571,-0.0127,-0.0053,0.0127,0.0296
3389,27,West,Salaried,Healthcare,2025Q3,62705.06,664.0,33.06,60.52,69.19,171314.79,0.477,0.14338,0,0.0587,-0.0225,-0.0201,0.0168,0.016,-0.0173
3390,38,North,Business,Transport,2025Q3,84537.38,672.0,64.37,83.64,33.38,218361.89,0.4145,0.23276,0,0.0348,-0.0479,0.0798,0.0677,0.0,0.0
3391,32,South,Business,Transport,2025Q3,104849.34,641.0,71.65,3.9,76.37,328091.07,0.3212,0.28545,1,0.0513,0.0152,0.0816,-0.1019,0.0,0.0
3392,25,South,Business,Healthcare,2025Q3,95369.96,665.0,33.41,46.56,51.81,133461.01,0.5111,0.13022,0,0.0587,-0.0224,-0.0177,-0.0054,0.0,0.0
3393,35,West,Salaried,Manufacturing,2025Q3,67079.95,643.0,62.61,28.33,85.22,156917.76,0.5814,0.18726,0,0.0407,0.0119,0.0622,-0.0445,0.0183,-0.0197
3394,32,South,Business,Retail,2025Q3,63717.93,713.0,54.48,57.81,46.29,48155.38,0.4237,0.10895,0,0.0361,-0.1004,0.0295,0.0103,0.0,0.0
3395,50,East,Business,Construction,2025Q3,112730.0,,57.24,63.21,86.64,227139.41,0.4544,0.19436,1,-0.0236,0.0333,0.0502,0.0245,0.0,0.0
3396,51,West,SelfEmployed,Construction,2025Q3,72457.65,,39.62,37.65,78.82,65549.32,0.4235,0.09306,0,-0.0155,-0.0401,-0.0007,-0.0136,0.0099,0.0229
3397,34,North,Salaried,Healthcare,2025Q3,38712.5,571.0,27.24,36.51,50.69,87624.75,0.3612,0.19119,0,0.047,0.1108,-0.0458,-0.0283,0.0,-0.0208
3398,41,East,Salaried,Transport,2025Q3,81970.3,708.0,21.13,52.48,88.36,172929.48,0.3752,0.06538,0,0.0051,-0.0406,-0.0213,0.0014,0.0,-0.006
3399,24,North,Business,Manufacturing,2025Q3,94632.82,622.0,17.13,19.99,82.98,243924.46,0.5125,0.15928,0,0.0546,0.0318,-0.0622,-0.0474,0.0,0.0
3400,39,East,Business,Retail,2025Q3,78908.47,,68.57,55.33,69.79,93697.72,0.4776,0.3219,1,0.0377,0.1191,0.119,0.0146,0.0,0.0
3401,48,South,Business,IT,2025Q3,101581.32,583.0,38.18,30.01,40.13,285948.62,0.5999,0.19368,0,-0.0123,0.0815,-0.0052,-0.0368,0.0,0.0
3402,53,West,Business,Healthcare,2025Q3,91317.87,577.0,19.68,64.14,76.0,80373.77,0.5245,0.17163,0,-0.0361,0.0924,-0.069,0.0242,0.0174,0.0
3403,36,South,Business,IT,2025Q3,96495.88,627.0,54.04,19.01,61.32,193072.7,0.4147,0.14712,0,0.0338,0.0339,0.0373,-0.0608,0.0,0.0
3404,56,North,Salaried,Transport,2025Q3,106210.53,762.0,30.34,35.52,60.99,338610.96,0.454,0.0162,0,-0.0065,-0.042,-0.0038,-0.0034,0.0,-0.0023
3405,27,East,Salaried,Retail,2025Q3,55668.43,616.0,27.58,31.47,61.48,170559.55,0.4355,0.13138,0,0.0566,0.044,-0.0362,-0.0321,0.0,-0.0167
3406,30,East,Business,IT,2025Q3,59603.14,510.0,71.09,41.44,59.4,111959.77,0.3567,0.66785,1,0.102,0.3625,0.1524,-0.0236,0.0,0.0
3407,52,East,SelfEmployed,Manufacturing,2025Q3,64673.45,685.0,16.71,78.28,42.69,39027.24,0.5109,0.0748,0,-0.0168,-0.0357,-0.0446,0.0233,0.0,0.0209
3408,62,East,Salaried,Transport,2025Q3,108562.39,584.0,41.76,66.61,29.69,91642.98,0.5032,0.20528,0,-0.0779,0.0798,0.0049,0.0263,0.0,-0.0176
3409,49,North,Salaried,IT,2025Q3,59741.8,715.0,28.55,37.45,25.57,136883.4,0.6521,0.03728,0,-0.0041,-0.0353,-0.0089,-0.0057,0.0,-0.0044
3410,44,East,Salaried,Healthcare,2025Q3,82396.44,631.0,25.99,37.43,65.99,52426.28,0.4033,0.08813,0,0.0024,0.0164,-0.0268,-0.0137,0.0,-0.0107
3411,21,North,Salaried,Healthcare,2025Q3,68993.33,641.0,14.58,67.48,11.52,43530.5,0.5015,0.15604,0,0.0746,0.0134,-0.0834,0.0274,0.0,-0.0175
3412,22,North,Business,IT,2025Q3,61876.57,,38.95,22.39,74.52,122767.5,0.3485,0.08756,0,0.03,-0.0946,-0.0013,-0.0234,0.0,0.0
3413,45,West,Salaried,Healthcare,2025Q3,73608.2,,24.02,48.49,70.12,79415.91,0.352,0.05428,0,0.0,-0.038,-0.0189,-0.0009,0.0058,-0.0065
3414,40,East,Salaried,Manufacturing,2025Q3,90082.78,575.0,47.46,34.67,53.95,239454.85,0.6524,0.22609,0,0.0248,0.1194,0.0263,-0.0354,0.0,-0.0227
3415,32,North,Salaried,IT,2025Q3,50352.51,585.0,37.25,44.22,80.53,77637.19,0.2974,0.27653,0,0.0613,0.1087,-0.0104,-0.0131,0.0,-0.023
3416,45,North,Business,Manufacturing,2025Q3,75225.19,,33.0,65.8,54.8,209647.93,0.4753,0.36031,0,0.0,0.2063,-0.0319,0.0409,0.0,0.0
3417,45,West,Salaried,Construction,2025Q3,72380.96,837.0,24.1,33.28,68.37,140326.3,0.5131,0.01,0,0.0,-0.0674,-0.004,-0.0023,0.0012,-0.0013
3418,54,North,Business,Transport,2025Q3,122702.43,601.0,60.89,69.43,20.84,368303.53,0.3328,0.26677,1,-0.0521,0.0916,0.0735,0.043,0.0,0.0
3419,46,North,Business,Manufacturing,2025Q3,121493.16,740.0,49.77,96.39,15.16,376170.22,0.3668,0.073,0,-0.0025,-0.1286,0.016,0.0395,0.0,0.0
3420,58,North,Salaried,Construction,2025Q3,86521.91,624.0,27.1,61.29,55.29,187372.53,0.5207,0.09308,0,-0.0358,0.0216,-0.0243,0.0109,0.0,-0.0107
3421,44,North,Salaried,Construction,2025Q3,62881.81,587.0,16.25,46.15,68.46,87295.36,0.3648,0.1402,0,0.0032,0.062,-0.0651,-0.0054,0.0,-0.0145
3422,43,South,Salaried,Construction,2025Q3,93954.06,661.0,7.79,73.46,79.01,90140.77,0.4614,0.08188,1,0.0038,-0.0089,-0.0594,0.0176,0.0,-0.0089
3423,56,West,SelfEmployed,Transport,2025Q3,64452.68,638.0,56.2,23.61,56.45,197718.32,0.3799,0.13255,0,-0.0447,0.0165,0.0378,-0.0461,0.015,0.0353
3424,33,South,SelfEmployed,Construction,2025Q3,78257.0,715.0,52.55,81.46,64.93,125911.17,0.5232,0.17749,0,0.048,-0.1373,0.0368,0.0532,0.0,0.0433
3425,75,South,Salaried,Transport,2025Q3,102809.56,715.0,54.75,31.43,75.72,130512.47,0.5204,0.02908,0,-0.0344,-0.0275,0.007,-0.0067,0.0,-0.0034
3426,48,East,Business,IT,2025Q3,117588.9,620.0,36.08,95.7,57.44,179232.15,0.411,0.26719,1,-0.015,0.0524,-0.014,0.0815,0.0,0.0
3427,48,East,Business,Construction,2025Q3,119410.33,562.0,50.9,32.22,71.75,352751.97,0.24,0.26023,0,-0.0164,0.1409,0.0394,-0.0428,0.0,0.0
3428,50,East,Business,Manufacturing,2025Q3,79134.49,579.0,54.44,62.56,37.42,230567.64,0.505,0.27489,0,-0.0299,0.1343,0.0564,0.0304,0.0,0.0
3429,65,East,Salaried,Construction,2025Q3,97618.2,505.0,36.88,13.69,26.87,119041.8,0.5715,0.20449,0,-0.0967,0.1356,-0.0093,-0.0727,0.0,-0.0182
3430,53,East,Salaried,Construction,2025Q3,73529.12,641.0,32.27,43.31,49.32,155077.05,0.484,0.08267,0,-0.0183,0.0071,-0.0123,-0.0062,0.0,-0.0094
3431,26,East,Business,Retail,2025Q3,69220.11,659.0,22.38,24.25,75.5,176600.55,0.4675,0.10468,0,0.0393,-0.0094,-0.037,-0.0319,0.0,0.0
3432,59,East,Salaried,IT,2025Q3,100312.98,582.0,44.82,16.29,45.78,258223.29,0.4838,0.13256,0,-0.0469,0.0579,0.0096,-0.0486,0.0,-0.013
3433,40,East,Business,Construction,2025Q3,81071.91,574.0,46.95,74.52,73.02,203320.82,0.4381,0.36399,0,0.0319,0.1665,0.0317,0.0654,0.0,0.0
3434,45,East,Salaried,Healthcare,2025Q3,80090.66,659.0,31.5,20.99,39.46,226082.29,0.3744,0.05442,1,0.0,-0.0062,-0.0109,-0.0242,0.0,-0.0075
3435,30,North,SelfEmployed,Healthcare,2025Q3,88330.9,617.0,33.38,31.83,48.35,240128.2,0.4531,0.22352,0,0.0656,0.0577,-0.0242,-0.0407,0.0,0.0485
3436,50,East,Business,Transport,2025Q3,123372.91,646.0,34.52,29.26,64.84,265759.87,0.4206,0.09937,0,-0.0113,0.0033,-0.0087,-0.021,0.0,0.0
3437,37,East,Salaried,Manufacturing,2025Q3,74596.24,635.0,50.66,73.07,46.65,130162.94,0.4979,0.29937,0,0.0376,0.0282,0.0359,0.0458,0.0,-0.0221
3438,45,North,Business,Manufacturing,2025Q3,93719.78,677.0,16.01,70.38,50.04,267114.1,0.3597,0.06288,0,0.0,-0.024,-0.0418,0.0157,0.0,0.0
3439,41,West,Business,Construction,2025Q3,68068.78,622.0,20.32,75.95,7.83,193097.63,0.4124,0.23192,0,0.0162,0.0418,-0.0664,0.0422,0.0173,0.0
3440,65,South,Business,Retail,2025Q3,138144.37,627.0,20.63,30.7,76.78,155274.71,0.4514,0.05011,0,-0.0365,0.0114,-0.0233,-0.013,0.0,0.0
3441,66,North,Business,Construction,2025Q3,119422.62,532.0,35.62,77.69,57.63,221706.34,0.4169,0.27059,0,-0.1297,0.1782,-0.0176,0.0603,0.0,0.0
3442,45,West,Business,Manufacturing,2025Q3,94052.05,657.0,43.04,30.51,41.09,208558.55,0.3224,0.14503,0,0.0,-0.0078,0.0059,-0.0253,0.0113,0.0
3443,45,North,Salaried,IT,2025Q3,78130.89,666.0,20.9,31.4,96.65,229481.91,0.4819,0.05093,0,0.0,-0.0098,-0.0234,-0.0127,0.0,-0.0065
3444,40,South,Salaried,Transport,2025Q3,78591.76,648.0,52.54,32.63,44.22,163680.31,0.3321,0.12842,0,0.0154,0.0025,0.0265,-0.0261,0.0,-0.0146
3445,56,South,Business,Transport,2025Q3,115392.23,790.0,61.4,33.43,49.69,168406.56,0.4018,0.02449,0,-0.0095,-0.0888,0.0094,-0.0058,0.0,0.0
3446,40,West,Salaried,Transport,2025Q3,88219.91,671.0,44.62,46.0,40.76,104318.89,0.471,0.12028,0,0.014,-0.0265,0.0094,-0.0051,0.0121,-0.0132
3447,39,South,Salaried,Manufacturing,2025Q3,100194.43,649.0,55.96,29.55,82.08,296430.28,0.5498,0.14665,0,0.019,0.0013,0.0342,-0.0322,0.0,-0.0151
3448,55,East,Business,Construction,2025Q3,104968.39,694.0,23.36,53.09,88.68,210082.93,0.6048,0.04175,0,-0.0143,-0.0271,-0.0174,0.0016,0.0,0.0
3449,38,East,Salaried,Retail,2025Q3,101875.62,804.0,,0.0,86.68,101617.76,0.4872,0.01431,0,0.002,-0.0463,-0.0042,-0.0089,0.0,-0.0014
3450,44,East,Business,Construction,2025Q3,109739.02,677.0,46.23,53.02,86.49,174640.06,0.3696,0.10041,0,0.0028,-0.0334,0.0119,0.0036,0.0,0.0
3451,27,West,SelfEmployed,Transport,2025Q3,67317.64,509.0,37.39,24.03,48.05,56599.01,0.4611,0.56239,1,0.1251,0.3408,-0.0129,-0.0758,0.0299,0.0749
3452,52,East,Salaried,Retail,2025Q3,52887.27,689.0,23.71,33.27,93.45,20631.78,0.4461,0.03854,0,-0.0079,-0.0194,-0.014,-0.0081,0.0,-0.0047
3453,65,South,Business,Construction,2025Q3,111140.12,600.0,60.8,33.8,56.09,201538.93,0.4481,0.18027,0,-0.0858,0.0574,0.0456,-0.0264,0.0,0.0
3454,52,West,SelfEmployed,Transport,2025Q3,118952.6,529.0,42.78,68.75,29.15,282769.16,0.4902,0.43558,0,-0.049,0.2807,0.0138,0.0555,0.0298,0.0736
3455,60,South,Salaried,Transport,2025Q3,76145.26,775.0,49.23,59.1,51.47,176871.39,0.4914,0.03023,0,-0.0137,-0.0727,0.0045,0.0028,0.0,-0.0034
3456,35,North,Salaried,Transport,2025Q3,69084.33,761.0,27.21,44.36,66.52,47385.16,0.4069,0.05222,1,0.0082,-0.0734,-0.0096,-0.0023,0.0,-0.0042
3457,47,North,Salaried,IT,2025Q3,81373.94,598.0,64.88,32.26,47.1,199122.21,0.5267,0.17817,1,-0.0097,0.0825,0.0734,-0.0386,0.0,-0.0212
3458,34,East,Business,Healthcare,2025Q3,98658.28,599.0,35.51,65.22,62.94,274296.41,0.3627,0.24044,0,0.0565,0.0961,-0.0181,0.0346,0.0,0.0
3459,41,North,Salaried,Retail,2025Q3,66019.39,671.0,54.3,87.48,70.73,75526.33,0.4664,0.25386,1,0.0166,-0.038,0.0401,0.0597,0.0,-0.0191
3460,52,East,Business,Manufacturing,2025Q3,82251.09,600.0,28.67,47.38,68.21,68758.71,0.3187,0.1326,0,-0.0246,0.0525,-0.0288,-0.0037,0.0,0.0
3461,45,South,Salaried,Construction,2025Q3,86860.04,651.0,40.7,12.84,73.1,202837.64,0.5242,0.07639,0,0.0,-0.0008,0.001,-0.0374,0.0,-0.0088
3462,28,East,Business,Manufacturing,2025Q3,62919.03,612.0,46.93,32.54,56.4,148653.2,0.4334,0.23384,0,0.0772,0.0689,0.0247,-0.0408,0.0,0.0
3463,30,North,Business,Healthcare,2025Q3,45060.9,,69.93,60.3,45.45,98135.93,0.3304,0.41993,0,0.0886,0.0412,0.1216,0.0276,0.0,0.0
3464,29,East,Salaried,Retail,2025Q3,95326.69,565.0,30.96,38.26,30.6,191674.9,0.4422,0.21431,1,0.0783,0.142,-0.0369,-0.0285,0.0,-0.0241
3465,49,South,Salaried,Manufacturing,2025Q3,96886.55,716.0,41.24,29.11,58.24,260000.62,0.4496,0.0516,0,-0.0047,-0.0408,0.001,-0.0113,0.0,-0.0051
3466,67,North,Salaried,IT,2025Q3,130300.98,742.0,47.47,28.15,49.26,130469.94,0.3034,0.01668,0,-0.0177,-0.0357,0.0029,-0.0063,0.0,-0.0027
3467,59,South,Business,IT,2025Q3,119932.23,653.0,15.36,50.02,57.63,242775.57,0.3633,0.04111,0,-0.0238,-0.0017,-0.0313,0.0,0.0,0.0
3468,23,South,SelfEmployed,IT,2025Q3,77046.57,658.0,,14.26,18.59,92812.03,0.4002,0.07711,0,0.0402,-0.0076,-0.0827,-0.0427,0.0,0.0222
3469,60,East,Salaried,IT,2025Q3,96751.64,703.0,22.07,47.24,29.63,111845.07,0.4828,0.02966,0,-0.0151,-0.0227,-0.0125,-0.001,0.0,-0.0037
3470,54,South,Business,Manufacturing,2025Q3,96351.49,660.0,53.47,49.95,70.2,241373.4,0.2702,0.10231,1,-0.0282,-0.0117,0.0247,-0.0001,0.0,0.0
3471,27,North,Business,Manufacturing,2025Q3,84617.92,778.0,65.46,38.11,27.29,206016.61,0.4266,0.06744,0,0.0289,-0.1769,0.0292,-0.0107,0.0,0.0
3472,41,West,Business,Retail,2025Q3,78041.82,570.0,23.23,25.06,56.2,204142.16,0.4423,0.16251,1,0.0164,0.0997,-0.0563,-0.0497,0.0175,0.0
3473,56,South,Business,Manufacturing,2025Q3,82253.87,719.0,18.53,70.4,43.38,130314.73,0.4963,0.03339,0,-0.0134,-0.0409,-0.0197,0.0082,0.0,0.0
3474,50,North,Business,IT,2025Q3,90119.94,,62.56,18.68,42.11,166546.71,0.4661,0.09934,0,-0.0151,-0.0023,0.0387,-0.0442,0.0,0.0
3475,30,East,SelfEmployed,IT,2025Q3,94346.86,584.0,28.95,51.8,61.71,80596.55,0.5665,0.34049,0,0.0857,0.1379,-0.0506,0.0048,0.0,0.0628
3476,51,East,Salaried,Manufacturing,2025Q3,59816.68,,32.05,64.01,60.57,160806.36,0.4105,0.01573,0,-0.0032,-0.0796,-0.003,0.0027,0.0,-0.0022
3477,21,East,Business,Manufacturing,2025Q3,48102.7,822.0,61.35,51.51,70.93,118949.15,0.2775,0.03899,0,0.0291,-0.2415,0.0205,0.001,0.0,0.0
3478,42,South,Salaried,IT,2025Q3,84543.56,646.0,58.72,75.09,37.96,258453.13,0.4704,0.2187,0,0.0141,0.0075,0.0575,0.0473,0.0,-0.0213
3479,57,South,Business,Retail,2025Q3,94928.58,690.0,52.95,23.02,42.31,228101.38,0.46,0.06563,0,-0.0213,-0.0292,0.0126,-0.0204,0.0,0.0
3480,44,East,SelfEmployed,Healthcare,2025Q3,92438.91,628.0,10.62,30.6,82.46,75082.85,0.3865,0.0953,0,0.0025,0.0197,-0.0665,-0.0229,0.0,0.0239
3481,39,North,Business,Manufacturing,2025Q3,104017.43,639.0,17.86,37.85,55.51,189175.33,0.3946,0.07752,0,0.0135,0.0099,-0.0456,-0.0133,0.0,0.0
3482,54,North,Salaried,Manufacturing,2025Q3,93007.58,583.0,55.93,100.0,67.32,287762.33,0.2649,0.36998,0,-0.0586,0.142,0.0674,0.1194,0.0,-0.0274
3483,55,West,Salaried,Transport,2025Q3,74219.58,573.0,43.09,59.17,50.06,76301.13,0.5196,0.18874,0,-0.0532,0.1163,0.0107,0.0189,0.0205,-0.0219
3484,58,East,Business,Retail,2025Q3,126392.81,785.0,25.56,63.29,69.1,175921.44,0.375,0.01823,0,-0.0082,-0.0606,-0.0063,0.0028,0.0,0.0
3485,54,South,Salaried,IT,2025Q3,98058.21,657.0,32.49,62.37,10.22,193357.76,0.3852,0.08282,0,-0.0213,-0.0061,-0.0122,0.0106,0.0,-0.0096
3486,56,North,Business,Construction,2025Q3,101982.9,663.0,55.78,49.73,83.03,224727.67,0.348,0.13074,0,-0.034,-0.0148,0.0274,-0.0003,0.0,0.0
3487,52,East,Salaried,Construction,2025Q3,82511.51,605.0,62.44,71.09,50.89,44104.73,0.409,0.27585,0,-0.039,0.0825,0.0758,0.0451,0.0,-0.0235
3488,47,North,Business,Healthcare,2025Q3,100131.87,673.0,37.9,6.85,35.02,112240.91,0.4599,0.05864,1,-0.0031,-0.0151,-0.0023,-0.0347,0.0,0.0
3489,45,North,Salaried,Healthcare,2025Q3,70984.29,558.0,27.01,54.09,38.75,79289.79,0.4794,0.24951,0,0.0,0.1267,-0.0477,0.0083,0.0,-0.0212
3490,41,North,Salaried,Transport,2025Q3,43638.32,607.0,33.59,57.42,54.73,95599.11,0.421,0.15026,0,0.0159,0.0593,-0.0196,0.0127,0.0,-0.0183
3491,31,East,Salaried,Construction,2025Q3,77502.84,578.0,59.49,70.41,57.79,228897.41,0.3598,0.50828,1,0.093,0.177,0.0925,0.0591,0.0,-0.0297
3492,33,East,Salaried,Retail,2025Q3,78233.37,748.0,59.18,22.58,62.82,114450.83,0.3707,0.03526,0,0.0163,-0.0975,0.0182,-0.0214,0.0,-0.0071
3493,41,North,Salaried,Healthcare,2025Q3,31580.81,548.0,41.11,24.19,36.15,28081.75,0.4012,0.29598,0,0.0201,0.1496,0.0041,-0.0617,0.0,-0.0229
3494,47,North,Business,Transport,2025Q3,102592.17,580.0,29.53,25.58,77.42,104433.02,0.4389,0.13126,0,-0.0073,0.0742,-0.0286,-0.0412,0.0,0.0
3495,60,East,Business,Manufacturing,2025Q3,136716.7,521.0,55.32,59.49,49.51,420000.0,0.5266,0.38644,1,-0.102,0.2458,0.0682,0.0261,0.0,0.0
3496,44,East,Business,IT,2025Q3,70402.51,599.0,63.97,59.8,48.51,236735.79,0.4063,0.37677,0,0.006,0.1078,0.0939,0.0249,0.0,0.0
3497,55,East,Business,Transport,2025Q3,99280.76,629.0,14.74,27.1,55.47,239737.24,0.5726,0.06428,0,-0.0175,0.0115,-0.0348,-0.0171,0.0,0.0
3498,56,North,Salaried,Transport,2025Q3,83224.32,726.0,34.28,90.11,73.26,151855.51,0.3591,0.05841,0,-0.0183,-0.0632,-0.0062,0.0202,0.0,-0.0066
3499,41,East,Business,Construction,2025Q3,117887.41,645.0,56.5,54.3,59.32,352209.6,0.2958,0.22349,0,0.0172,0.0086,0.0472,0.0081,0.0,0.0
3500,51,West,SelfEmployed,Manufacturing,2025Q3,110177.05,632.0,39.18,50.73,49.15,228778.48,0.4196,0.14504,0,-0.0263,0.0276,-0.0024,0.0013,0.0171,0.0404
3501,41,East,Business,Construction,2025Q3,72188.51,680.0,30.18,43.43,53.53,112205.03,0.3722,0.06401,0,0.0079,-0.0279,-0.0157,-0.006,0.0,0.0
3502,59,North,Salaried,IT,2025Q3,95358.13,,40.96,68.47,84.38,82264.63,0.711,0.1243,1,-0.0476,0.0212,0.002,0.0214,0.0,-0.0132
3503,51,East,Business,Transport,2025Q3,138448.1,824.0,,56.57,81.11,153704.67,0.333,0.01964,0,-0.0036,-0.1031,0.0015,0.0015,0.0,0.0
3504,31,South,Business,Retail,2025Q3,67755.26,620.0,19.97,89.58,67.32,126527.58,0.3191,0.22971,1,0.0641,0.0549,-0.0803,0.0758,0.0,0.0
3505,46,North,Business,Manufacturing,2025Q3,92299.23,688.0,39.45,21.29,62.97,140791.24,0.4175,0.07387,0,-0.0016,-0.0284,-0.0006,-0.0226,0.0,0.0
3506,62,South,Business,Retail,2025Q3,116143.13,716.0,43.88,14.0,100.0,137069.95,0.3913,0.0356,0,-0.0169,-0.0293,0.0021,-0.015,0.0,0.0
3507,42,West,SelfEmployed,Manufacturing,2025Q3,70919.02,618.0,30.15,31.72,69.27,154073.86,0.3454,0.15761,0,0.0121,0.0465,-0.031,-0.0348,0.0171,0.0403
3508,49,South,Salaried,Manufacturing,2025Q3,111937.66,671.0,25.53,60.17,63.61,284588.21,0.4489,0.07581,0,-0.0077,-0.0167,-0.0215,0.0076,0.0,-0.0083
3509,50,West,SelfEmployed,Construction,2025Q3,80591.97,626.0,29.39,38.58,55.96,183575.18,0.4812,0.11539,0,-0.0185,0.0302,-0.0287,-0.0181,0.0145,0.0339
3510,33,South,Business,Manufacturing,2025Q3,55797.37,679.0,22.47,75.96,67.14,168208.38,0.4238,0.09466,0,0.0317,-0.0385,-0.0428,0.0297,0.0,0.0
3511,50,South,Salaried,Construction,2025Q3,71650.32,667.0,51.61,39.34,5.0,183944.47,0.4002,0.07919,0,-0.0123,-0.0168,0.0176,-0.0112,0.0,-0.0105
3512,29,North,Business,Construction,2025Q3,88954.36,650.0,22.26,71.8,80.55,70021.88,0.398,0.16732,0,0.0539,0.0,-0.0557,0.0336,0.0,0.0
3513,37,East,Salaried,IT,2025Q3,55032.87,581.0,41.02,29.72,34.56,167908.27,0.4018,0.19349,0,0.0351,0.1003,0.0034,-0.0436,0.0,-0.0208
3514,56,North,Salaried,Healthcare,2025Q3,91939.59,787.0,32.01,74.03,45.64,106909.56,0.277,0.02472,0,-0.008,-0.0726,-0.0039,0.0056,0.0,-0.0028
3515,48,South,Salaried,Construction,2025Q3,89425.91,700.0,26.7,78.12,32.0,239767.46,0.5288,0.0669,0,-0.0055,-0.0437,-0.0187,0.0183,0.0,-0.0079
3516,41,North,Salaried,Construction,2025Q3,51239.19,552.0,59.94,35.57,45.27,108989.14,0.6568,0.38845,0,0.0247,0.1917,0.0834,-0.04,0.0,-0.0275
3517,49,South,Salaried,Construction,2025Q3,70053.36,631.0,35.91,58.77,53.19,123740.69,0.352,0.13572,0,-0.0127,0.0211,-0.0092,0.011,0.0,-0.0137
3518,43,East,Salaried,Transport,2025Q3,81081.48,553.0,27.29,53.89,77.79,265466.59,0.4132,0.20727,1,0.0101,0.1418,-0.0493,0.0084,0.0,-0.0225
3519,44,North,Business,Healthcare,2025Q3,103343.42,712.0,25.76,59.37,85.78,256732.06,0.3193,0.06823,0,0.0015,-0.051,-0.0178,0.0059,0.0,0.0
3520,51,North,Business,Manufacturing,2025Q3,87301.89,659.0,43.43,76.26,98.82,58442.28,0.4956,0.12042,0,-0.0212,-0.0122,0.008,0.0334,0.0,0.0
3521,36,West,SelfEmployed,IT,2025Q3,79231.9,660.0,51.23,69.41,62.04,166228.77,0.3428,0.29809,0,0.0482,-0.0228,0.0433,0.0448,0.0237,0.0567
3522,44,North,Salaried,Construction,2025Q3,70589.15,603.0,58.33,59.31,55.62,149064.9,0.4998,0.24319,1,0.0053,0.0867,0.0641,0.0209,0.0,-0.0237
3523,41,South,Business,Manufacturing,2025Q3,101101.3,639.0,35.32,62.59,75.59,166697.49,0.4656,0.19448,1,0.0145,0.0156,-0.013,0.0193,0.0,0.0
3524,27,South,Business,Transport,2025Q3,84749.44,714.0,34.36,20.08,42.92,82966.24,0.3928,0.07655,0,0.0257,-0.0604,-0.0075,-0.0265,0.0,0.0
3525,34,South,Salaried,Retail,2025Q3,59977.31,732.0,40.1,47.1,40.68,184928.62,0.5076,0.05617,0,0.016,-0.0793,0.0001,-0.0021,0.0,-0.0075
3526,61,East,Business,Retail,2025Q3,114611.99,,40.67,23.77,52.66,152281.69,0.3757,0.02884,0,-0.0166,-0.0322,0.0004,-0.0109,0.0,0.0
3527,48,North,Salaried,Healthcare,2025Q3,71873.23,554.0,,47.6,59.32,225085.18,0.4613,0.30463,0,-0.0136,0.1176,-0.0491,-0.0046,0.0,-0.0196
3528,29,South,Salaried,IT,2025Q3,70432.52,647.0,61.4,72.57,18.66,183502.5,0.3312,0.24654,0,0.0833,0.0068,0.08,0.0526,0.0,-0.0254
3529,27,East,Salaried,Manufacturing,2025Q3,68883.3,677.0,38.36,47.84,81.34,205875.87,0.2227,0.11392,0,0.0464,-0.0369,-0.0037,-0.0029,0.0,-0.014
3530,43,South,Salaried,Construction,2025Q3,117478.84,610.0,46.56,0.0,64.8,264133.0,0.5263,0.10307,1,0.0056,0.0377,0.0127,-0.0763,0.0,-0.0128
3531,61,West,Business,Construction,2025Q3,99947.28,547.0,44.79,24.97,75.96,251763.37,0.4141,0.17391,0,-0.0828,0.1289,0.0152,-0.0534,0.0189,0.0
3532,42,West,Salaried,Construction,2025Q3,71357.17,573.0,44.46,60.78,28.59,97264.45,0.547,0.27089,1,0.0177,0.1485,0.0187,0.027,0.0251,-0.0262
3533,58,North,Business,Manufacturing,2025Q3,91649.83,762.0,21.93,36.14,46.7,195256.7,0.3601,0.01641,0,-0.0072,-0.0384,-0.0071,-0.003,0.0,0.0
3534,48,South,Business,Healthcare,2025Q3,75709.17,579.0,37.9,65.24,45.68,141137.83,0.4436,0.26379,0,-0.016,0.1166,-0.0079,0.0325,0.0,0.0
3535,49,North,Salaried,Transport,2025Q3,71983.71,663.0,74.49,21.44,55.95,111431.71,0.4394,0.09409,0,-0.0125,-0.0161,0.0566,-0.0416,0.0,-0.0134
3536,29,North,Business,Construction,2025Q3,89171.81,649.0,63.39,56.4,59.33,181689.33,0.3847,0.2618,0,0.0809,0.0022,0.084,0.0152,0.0,0.0
3537,54,South,Salaried,IT,2025Q3,97974.31,650.0,40.51,57.5,77.39,218121.34,0.2983,0.08576,0,-0.0246,0.0,0.0009,0.0077,0.0,-0.0111
3538,40,East,Salaried,Retail,2025Q3,77422.24,638.0,32.13,65.38,61.98,87430.91,0.362,0.12116,1,0.0166,0.0157,-0.0207,0.0215,0.0,-0.0156
3539,53,South,Business,Transport,2025Q3,93476.23,,2.52,33.59,45.17,294633.82,0.3291,0.02545,0,-0.0052,-0.0209,-0.0228,-0.0045,0.0,0.0
3540,35,North,Business,Transport,2025Q3,73719.25,662.0,30.04,65.16,100.0,130303.23,0.4206,0.12379,0,0.0304,-0.0166,-0.0257,0.0204,0.0,0.0
3541,46,North,Business,IT,2025Q3,75997.05,,36.75,81.14,54.69,183040.98,0.5284,0.17467,1,-0.0047,0.0546,-0.0111,0.056,0.0,0.0
3542,48,West,Business,Transport,2025Q3,84276.02,663.0,32.92,0.0,41.86,245825.62,0.3649,0.0666,1,-0.0047,-0.0082,-0.0082,-0.0425,0.0062,0.0
3543,42,West,SelfEmployed,Transport,2025Q3,58587.69,573.0,34.04,49.14,22.3,165829.29,0.4465,0.37677,0,0.0182,0.1541,-0.0267,-0.0023,0.0258,0.0621
3544,48,North,Salaried,Retail,2025Q3,103741.45,692.0,47.96,8.26,61.81,210871.02,0.4319,0.05142,0,-0.0041,-0.0268,0.007,-0.0296,0.0,-0.0059
3545,41,East,Salaried,Transport,2025Q3,106068.73,614.0,21.99,29.08,73.82,316594.79,0.3766,0.08766,1,0.0098,0.031,-0.0381,-0.0254,0.0,-0.0115
3546,37,South,Salaried,Manufacturing,2025Q3,34554.47,618.0,42.36,30.87,37.2,81909.13,0.4695,0.15106,0,0.0275,0.0413,0.0062,-0.0329,0.0,-0.0166
3547,62,East,Business,Healthcare,2025Q3,112106.75,695.0,36.24,46.54,72.5,125628.91,0.4998,0.04087,0,-0.0259,-0.0272,-0.0034,-0.0018,0.0,0.0
3548,56,East,Salaried,Transport,2025Q3,91408.46,632.0,23.88,56.31,61.67,177643.06,0.4653,0.0805,0,-0.0261,0.0136,-0.0275,0.0055,0.0,-0.0094
3549,36,West,Salaried,Transport,2025Q3,72258.56,636.0,64.79,67.91,24.53,65955.85,0.4284,0.33083,1,0.0504,0.0315,0.0936,0.0434,0.0247,-0.0259
3550,50,North,Business,Healthcare,2025Q3,85430.6,739.0,49.96,53.81,72.51,189618.72,0.3291,0.0558,0,-0.0079,-0.0804,0.0097,0.0024,0.0,0.0
3551,36,South,Salaried,Transport,2025Q3,86905.25,594.0,25.42,62.82,54.7,98283.33,0.4376,0.20745,0,0.0384,0.0836,-0.052,0.0242,0.0,-0.0204
3552,31,West,Salaried,Manufacturing,2025Q3,71388.59,694.0,46.28,24.27,37.48,120247.41,0.3519,0.08968,0,0.0295,-0.0517,0.0105,-0.0307,0.0101,-0.0111
3553,55,North,Salaried,Transport,2025Q3,104214.19,725.0,15.77,71.25,79.14,166861.63,0.3543,0.03609,0,-0.01,-0.0383,-0.019,0.0071,0.0,-0.004
3554,25,North,Salaried,Healthcare,2025Q3,45324.78,739.0,27.38,0.0,78.76,60076.62,0.3866,0.03644,0,0.0144,-0.0519,-0.0094,-0.0264,0.0,-0.0042
3555,54,East,Salaried,IT,2025Q3,59802.71,808.0,59.24,81.59,37.04,136235.08,0.3555,0.02591,0,-0.0098,-0.1382,0.0111,0.011,0.0,-0.0044
3556,41,East,Business,Transport,2025Q3,95828.3,616.0,43.62,77.64,65.87,120397.42,0.522,0.20091,0,0.0208,0.0648,0.0136,0.0582,0.0,0.0
3557,42,East,SelfEmployed,IT,2025Q3,64567.01,601.0,42.34,64.5,64.07,189654.56,0.3976,0.29611,1,0.0176,0.102,0.0099,0.0358,0.0,0.0601
3558,49,East,Business,Construction,2025Q3,114182.79,716.0,53.79,97.04,58.64,73226.9,0.4355,0.14517,0,-0.0128,-0.1028,0.0271,0.0498,0.0,0.0
3559,50,East,Business,Transport,2025Q3,57820.82,724.0,47.78,8.32,49.69,98335.28,0.3644,0.04571,0,-0.0054,-0.0432,0.0052,-0.0228,0.0,0.0
3560,35,North,Salaried,Healthcare,2025Q3,59166.28,606.0,33.74,65.15,57.03,90004.69,0.37,0.24749,0,0.0447,0.0727,-0.0224,0.0299,0.0,-0.0215
3561,52,East,Business,Construction,2025Q3,86813.41,693.0,52.98,50.97,78.77,217078.37,0.461,0.08511,0,-0.0169,-0.0457,0.0186,0.0009,0.0,0.0
3562,45,East,Business,IT,2025Q3,85617.22,845.0,10.98,53.37,68.18,66055.41,0.3928,0.01248,0,0.0,-0.067,-0.0074,0.0004,0.0,0.0
3563,30,West,SelfEmployed,Transport,2025Q3,75799.78,,27.32,22.4,21.44,195070.07,0.3735,0.11796,0,0.0412,-0.023,-0.0319,-0.0428,0.0132,0.0308
3564,42,North,Business,Healthcare,2025Q3,96032.24,723.0,36.45,56.69,17.13,102494.41,0.1519,0.06174,0,0.005,-0.0697,-0.0045,0.0047,0.0,0.0
3565,59,North,Salaried,Manufacturing,2025Q3,100715.28,767.0,46.76,55.65,22.86,173633.7,0.4762,0.02184,0,-0.0129,-0.0665,0.0035,0.0018,0.0,-0.0035
3566,62,East,Salaried,IT,2025Q3,105489.75,,32.8,32.83,32.84,226679.73,0.4267,0.01,0,-0.0046,-0.0448,-0.0012,-0.0017,0.0,-0.001
3567,52,North,Business,Construction,2025Q3,94812.54,677.0,9.46,46.49,44.9,84816.27,0.5104,0.03729,0,-0.0089,-0.0141,-0.0336,-0.0018,0.0,0.0
3568,31,North,Salaried,Transport,2025Q3,101956.68,745.0,7.21,19.08,50.95,211042.16,0.4909,0.03009,0,0.0073,-0.0397,-0.0204,-0.01,0.0,-0.0029
3569,49,East,Salaried,IT,2025Q3,105167.63,606.0,36.91,39.3,58.69,114185.23,0.4441,0.16154,0,-0.0133,0.0461,-0.0072,-0.0154,0.0,-0.0143
3570,53,South,Salaried,Manufacturing,2025Q3,78184.21,662.0,30.36,69.14,59.32,216692.23,0.39,0.08489,0,-0.0189,-0.0107,-0.0161,0.0161,0.0,-0.0097
3571,52,South,Business,Manufacturing,2025Q3,95436.27,,23.44,69.58,59.03,112877.45,0.2912,0.12585,0,-0.0218,0.0209,-0.0388,0.0222,0.0,0.0
3572,53,North,Salaried,Construction,2025Q3,77805.14,532.0,20.76,64.91,82.87,185753.65,0.4796,0.21238,1,-0.0422,0.1553,-0.0752,0.0303,0.0,-0.022
3573,48,North,Business,Retail,2025Q3,100839.38,551.0,,69.13,26.47,192072.54,0.4262,0.23699,0,-0.0188,0.1874,0.0006,0.0486,0.0,0.0
3574,43,East,Business,Retail,2025Q3,72305.12,689.0,58.84,69.42,66.68,197047.92,0.3512,0.13583,0,0.0071,-0.0641,0.0427,0.0278,0.0,0.0
3575,37,South,Business,Construction,2025Q3,70188.33,691.0,40.14,33.84,66.58,81338.87,0.3044,0.09678,0,0.016,-0.0425,0.0002,-0.0165,0.0,0.0
3576,23,North,Salaried,Manufacturing,2025Q3,18000.0,589.0,59.05,55.47,34.75,42146.87,0.3664,0.43598,0,0.1383,0.1492,0.0887,0.0159,0.0,-0.0294
3577,48,South,SelfEmployed,Construction,2025Q3,80124.12,766.0,32.02,71.91,70.68,181697.64,0.2792,0.04846,0,-0.0043,-0.1119,-0.0084,0.0115,0.0,0.0129
3578,46,North,Salaried,Retail,2025Q3,96665.67,,45.1,17.65,67.45,90936.9,0.5297,0.1771,0,-0.0038,0.0741,0.0131,-0.0588,0.0,-0.0167
3579,50,North,Salaried,Retail,2025Q3,78362.18,677.0,59.63,17.52,59.13,163613.52,0.5073,0.06986,0,-0.0104,-0.0235,0.0233,-0.0321,0.0,-0.0088
3580,29,North,Salaried,Transport,2025Q3,60469.09,632.0,35.47,16.31,11.65,117135.55,0.3744,0.10675,0,0.0423,0.0205,-0.0105,-0.0523,0.0,-0.014
3581,51,East,Salaried,Construction,2025Q3,87006.86,667.0,38.42,8.72,79.28,104717.94,0.5195,0.05631,0,-0.0086,-0.0096,-0.0015,-0.0293,0.0,-0.006
3582,67,North,Business,Healthcare,2025Q3,93359.73,721.0,32.01,24.88,64.53,225328.02,0.4109,0.01949,0,-0.0178,-0.0245,-0.0037,-0.0074,0.0,0.0
3583,45,South,Salaried,Manufacturing,2025Q3,77055.15,711.0,47.48,36.44,68.07,105428.46,0.5236,0.07114,0,0.0,-0.0509,0.0079,-0.0098,0.0,-0.0071
3584,43,South,Business,IT,2025Q3,105825.93,708.0,52.44,81.27,5.0,97538.38,0.4549,0.09385,0,0.0062,-0.0901,0.0255,0.0367,0.0,0.0
3585,47,South,Salaried,Retail,2025Q3,83918.14,699.0,43.62,38.38,49.37,178142.14,0.4609,0.05549,0,-0.0033,-0.0393,0.004,-0.0085,0.0,-0.0073
3586,66,North,SelfEmployed,Transport,2025Q3,121106.97,,34.33,14.64,31.33,223383.0,0.4741,0.13929,0,-0.0805,0.0682,-0.0131,-0.0549,0.0,0.0297
3587,33,North,Business,Manufacturing,2025Q3,103554.37,737.0,14.0,51.66,85.87,299972.28,0.3393,0.04824,0,0.0122,-0.0634,-0.028,0.0008,0.0,0.0
3588,46,North,Salaried,Healthcare,2025Q3,89426.62,588.0,37.23,43.84,37.9,185567.38,0.3436,0.17007,0,-0.0041,0.0784,-0.0082,-0.011,0.0,-0.0181
3589,35,South,Business,Construction,2025Q3,69759.39,653.0,,30.79,89.59,91055.81,0.4428,0.12098,0,0.0257,-0.0034,-0.0108,-0.0257,0.0,0.0
3590,38,East,Salaried,Retail,2025Q3,64105.56,636.0,41.78,35.05,79.06,133206.68,0.4248,0.13722,0,0.0212,0.0169,0.0041,-0.0223,0.0,-0.0146
3591,43,North,SelfEmployed,Retail,2025Q3,117566.8,684.0,39.87,71.48,64.43,167451.09,0.6236,0.12123,0,0.0071,-0.0549,-0.0003,0.0305,0.0,0.0349
3592,59,East,Business,IT,2025Q3,109855.03,627.0,63.16,16.98,82.71,315655.02,0.4954,0.11032,0,-0.0469,0.0237,0.04,-0.0475,0.0,0.0
3593,64,East,Business,Transport,2025Q3,111957.22,649.0,26.86,11.35,41.11,185842.57,0.3603,0.04083,0,-0.0258,0.0004,-0.0112,-0.0218,0.0,0.0
3594,49,North,Salaried,Transport,2025Q3,64720.73,770.0,12.8,58.27,44.69,100087.34,0.3787,0.02072,0,-0.0022,-0.0485,-0.0133,0.0018,0.0,-0.0024
3595,40,North,SelfEmployed,Healthcare,2025Q3,78453.7,572.0,19.72,34.49,78.45,161534.76,0.4253,0.22176,1,0.0234,0.1149,-0.0781,-0.034,0.0,0.0478
3596,71,North,Business,Transport,2025Q3,127894.72,660.0,27.86,82.15,41.2,84279.75,0.4209,0.06041,1,-0.0619,-0.0071,-0.0167,0.0202,0.0,0.0
3597,39,North,Business,IT,2025Q3,86467.22,584.0,55.31,44.61,33.48,128585.15,0.3457,0.25833,1,0.0345,0.1305,0.0611,-0.0139,0.0,0.0
3598,38,East,Salaried,Manufacturing,2025Q3,60951.19,706.0,17.24,45.79,53.57,129796.28,0.4805,0.05416,0,0.0081,-0.0371,-0.0254,-0.0023,0.0,-0.0057
3599,24,North,Salaried,IT,2025Q3,52527.05,,19.38,65.3,42.36,109127.78,0.4095,0.23756,0,0.0837,0.0642,-0.0781,0.0296,0.0,-0.0211
3600,59,East,Business,Healthcare,2025Q3,125652.86,663.0,44.62,11.21,97.31,195720.13,0.4753,0.06414,0,-0.024,-0.0078,0.0046,-0.0295,0.0,0.0
3601,55,South,Business,Construction,2025Q3,112620.05,570.0,51.59,55.43,75.51,96757.39,0.4072,0.22319,1,-0.0572,0.1322,0.0419,0.0123,0.0,0.0
3602,71,East,Business,Construction,2025Q3,124612.72,748.0,13.21,39.96,48.48,183673.8,0.3614,0.01224,0,-0.0125,-0.0224,-0.0083,-0.0015,0.0,0.0
3603,29,East,Business,Healthcare,2025Q3,85135.88,665.0,9.65,70.59,39.97,164024.75,0.4697,0.10419,0,0.0388,-0.0181,-0.0783,0.0231,0.0,0.0
3604,60,South,Business,IT,2025Q3,83805.46,669.0,25.42,33.77,66.77,180626.47,0.2552,0.04492,0,-0.0217,-0.0098,-0.0142,-0.0091,0.0,0.0
3605,45,West,Business,Construction,2025Q3,96502.28,716.0,48.52,51.89,83.75,268216.87,0.4834,0.13708,0,0.0,-0.0768,0.0125,0.0018,0.009,0.0
3606,53,West,SelfEmployed,Construction,2025Q3,111024.13,575.0,40.29,40.1,65.82,72525.45,0.5713,0.29331,0,-0.0454,0.1269,0.0011,-0.0235,0.0225,0.0536
3607,26,South,Salaried,Manufacturing,2025Q3,54803.41,618.0,26.0,57.08,40.98,111352.13,0.5547,0.1799,0,0.0722,0.0506,-0.0487,0.0133,0.0,-0.02
3608,60,North,Business,Retail,2025Q3,122693.71,672.0,49.83,42.47,31.27,138160.45,0.3637,0.07234,0,-0.035,-0.0187,0.0126,-0.0066,0.0,0.0
3609,53,South,Salaried,Transport,2025Q3,93614.08,540.0,39.99,53.77,52.44,271212.73,0.4901,0.24897,0,-0.0455,0.1659,-0.0,0.0086,0.0,-0.0238
3610,44,North,Business,Healthcare,2025Q3,105598.11,,,86.57,66.32,270020.45,0.4279,0.40077,0,0.0067,0.2214,-0.0179,0.0988,0.0,0.0
3611,51,East,Salaried,IT,2025Q3,82916.86,604.0,12.17,41.71,50.59,91805.09,0.3247,0.06523,0,-0.0139,0.0316,-0.054,-0.008,0.0,-0.0097
3612,36,South,Business,Healthcare,2025Q3,99458.54,582.0,25.67,56.86,80.15,223575.75,0.4584,0.25049,0,0.0429,0.1099,-0.056,0.0147,0.0,0.0
3613,38,South,Business,Healthcare,2025Q3,58935.73,,69.31,98.3,70.54,149732.49,0.3155,0.30441,1,0.0455,0.0335,0.1277,0.1264,0.0,0.0
3614,39,East,Business,Healthcare,2025Q3,86796.62,696.0,32.62,56.58,64.75,94725.54,0.4594,0.06551,1,0.0124,-0.0493,-0.0124,0.006,0.0,0.0
3615,24,North,Salaried,IT,2025Q3,70534.27,711.0,22.69,0.0,70.15,69711.19,0.4717,0.06072,0,0.0187,-0.0379,-0.0168,-0.0328,0.0,-0.0052
3616,53,East,Business,Manufacturing,2025Q3,104133.39,783.0,31.88,33.34,32.22,187418.92,0.4842,0.01689,0,-0.0044,-0.0554,-0.0031,-0.0039,0.0,0.0
3617,57,South,Salaried,Construction,2025Q3,107121.23,658.0,39.91,21.52,50.04,147895.82,0.4657,0.07038,0,-0.0204,-0.0048,-0.0001,-0.0208,0.0,-0.0066
3618,36,East,Salaried,Manufacturing,2025Q3,65672.22,670.0,52.13,68.28,39.2,55967.52,0.3874,0.15163,1,0.0329,-0.0335,0.0318,0.0289,0.0,-0.0177
3619,48,East,Business,IT,2025Q3,84445.81,658.0,47.94,45.94,67.69,91036.36,0.4096,0.08392,0,-0.009,-0.0095,0.0155,-0.0052,0.0,0.0
3620,41,North,Business,Construction,2025Q3,58496.65,682.0,,71.4,39.5,89510.18,0.4261,0.08479,0,0.0097,-0.0366,-0.0257,0.021,0.0,0.0
3621,48,East,Salaried,IT,2025Q3,74386.6,687.0,58.35,61.45,61.64,156511.13,0.5316,0.17182,0,-0.0087,-0.0478,0.032,0.0131,0.0,-0.0126
3622,37,North,SelfEmployed,Retail,2025Q3,86703.75,723.0,51.04,61.36,56.71,277824.26,0.5198,0.10661,0,0.0238,-0.1223,0.0235,0.015,0.0,0.031
3623,34,East,Salaried,Healthcare,2025Q3,80398.15,722.0,30.88,21.09,72.0,78701.51,0.3956,0.05933,0,0.0112,-0.048,-0.0083,-0.0171,0.0,-0.0053
3624,56,East,Business,Retail,2025Q3,76314.66,695.0,35.95,59.11,36.07,221002.43,0.4904,0.06522,0,-0.0204,-0.0356,-0.0048,0.006,0.0,0.0
3625,43,South,Business,Healthcare,2025Q3,110955.85,763.0,47.61,78.06,69.04,193305.09,0.3467,0.06745,0,0.0034,-0.1309,0.0088,0.018,0.0,0.0
3626,66,East,Business,Retail,2025Q3,92960.43,662.0,55.2,16.16,38.61,87814.26,0.4582,0.05182,0,-0.0423,-0.0078,0.0147,-0.027,0.0,0.0
3627,45,West,Salaried,Retail,2025Q3,74419.33,618.0,13.7,41.02,40.71,142050.94,0.4107,0.08363,0,0.0,0.0267,-0.0568,-0.0099,0.01,-0.011
3628,34,East,Business,IT,2025Q3,71461.31,630.0,39.13,55.8,57.15,126997.42,0.454,0.21955,0,0.0453,0.0332,-0.0028,0.011,0.0,0.0
3629,57,East,SelfEmployed,Retail,2025Q3,102910.5,653.0,37.5,50.16,83.89,142924.46,0.3607,0.13828,0,-0.0381,-0.0033,-0.0051,0.0002,0.0,0.0266
3630,51,East,Business,Retail,2025Q3,98693.34,586.0,,79.6,43.17,131244.91,0.3363,0.22338,0,-0.0299,0.0966,-0.0402,0.0544,0.0,0.0
3631,52,South,Salaried,Healthcare,2025Q3,95103.43,618.0,28.79,64.03,24.44,175216.66,0.339,0.13744,0,-0.0227,0.0331,-0.0262,0.017,0.0,-0.0135
3632,57,East,Salaried,Healthcare,2025Q3,120588.48,582.0,54.87,56.93,41.09,238068.91,0.4979,0.20521,0,-0.0626,0.1014,0.0465,0.0138,0.0,-0.0211
3633,37,East,Business,IT,2025Q3,91561.34,683.0,46.55,65.99,52.3,150486.35,0.3268,0.20182,0,0.0258,-0.0513,0.0156,0.0223,0.0,0.0
3634,43,North,Salaried,IT,2025Q3,64419.77,684.0,71.71,64.81,97.38,66596.11,0.3883,0.17754,0,0.0078,-0.0598,0.0725,0.0238,0.0,-0.0177
3635,42,North,SelfEmployed,Transport,2025Q3,90199.24,540.0,28.88,48.9,67.77,169156.94,0.5372,0.44383,0,0.019,0.2146,-0.0525,-0.003,0.0,0.0655
3636,30,North,Salaried,Retail,2025Q3,98112.51,,40.19,40.19,44.93,305444.45,0.529,0.17312,0,0.0588,0.0531,0.0006,-0.0195,0.0,-0.0199
3637,41,North,Business,Manufacturing,2025Q3,99814.12,784.0,42.96,69.79,57.17,182944.25,0.3022,0.04638,0,0.0047,-0.1296,0.0026,0.0095,0.0,0.0
3638,59,South,Salaried,Manufacturing,2025Q3,106222.48,703.0,52.34,31.65,91.42,186242.12,0.2169,0.05596,0,-0.0209,-0.0339,0.0098,-0.0108,0.0,-0.0056
3639,47,North,Business,Manufacturing,2025Q3,64715.62,691.0,59.73,46.41,55.19,153593.37,0.3489,0.11106,0,-0.0055,-0.0519,0.0327,-0.0042,0.0,0.0
3640,29,East,SelfEmployed,Transport,2025Q3,77163.81,615.0,39.5,22.55,55.43,154168.93,0.4558,0.2567,0,0.072,0.063,-0.0018,-0.065,0.0,0.0503
3641,27,North,Salaried,IT,2025Q3,55575.68,680.0,20.48,64.1,51.89,154583.42,0.4707,0.09169,0,0.0396,-0.036,-0.0436,0.0152,0.0,-0.0121
3642,62,North,Business,Construction,2025Q3,94657.75,,26.63,75.12,73.92,63681.96,0.33,0.07149,0,-0.0411,-0.0073,-0.0212,0.0188,0.0,0.0
3643,43,East,Salaried,Manufacturing,2025Q3,74398.29,606.0,40.28,27.42,49.49,46680.3,0.3016,0.12424,0,0.0067,0.0496,0.0007,-0.0364,0.0,-0.0153
3644,37,South,Business,Retail,2025Q3,86355.41,626.0,55.96,44.61,77.45,52458.71,0.3633,0.22743,0,0.0373,0.0434,0.0517,-0.0117,0.0,0.0
3645,41,South,Business,Transport,2025Q3,76760.95,628.0,14.86,37.44,81.26,224881.73,0.3937,0.0925,0,0.0092,0.0189,-0.0531,-0.0138,0.0,0.0
3646,28,East,Salaried,Manufacturing,2025Q3,64692.35,559.0,19.28,71.66,72.27,67540.26,0.6264,0.30096,1,0.094,0.1731,-0.0961,0.0539,0.0,-0.0267
3647,60,West,Salaried,Healthcare,2025Q3,86977.23,570.0,50.11,79.17,55.52,249550.88,0.4643,0.30493,0,-0.092,0.1417,0.039,0.0651,0.0236,-0.0249
3648,40,East,Salaried,Construction,2025Q3,84743.9,646.0,17.3,37.46,32.03,68545.24,0.4808,0.06403,0,0.0093,0.0031,-0.0389,-0.0113,0.0,-0.0089
3649,59,North,Salaried,Healthcare,2025Q3,93296.35,,20.0,0.0,55.52,147225.98,0.5323,0.03486,0,-0.0225,0.0201,-0.023,-0.0378,0.0,-0.0061
3650,45,North,Salaried,Retail,2025Q3,83366.62,640.0,56.18,73.36,46.63,135142.21,0.395,0.18863,0,0.0,0.0173,0.0477,0.0419,0.0,-0.0202
3651,60,West,Salaried,Retail,2025Q3,107728.98,551.0,34.46,48.99,44.42,293508.75,0.4702,0.26571,1,-0.0749,0.1208,-0.0181,-0.0019,0.0183,-0.0197
3652,47,East,Business,Manufacturing,2025Q3,103389.21,714.0,,49.08,55.21,110750.28,0.4253,0.05928,0,-0.003,-0.0498,-0.0074,-0.0006,0.0,0.0
3653,53,East,Salaried,Transport,2025Q3,83690.48,801.0,59.89,69.2,69.58,159498.43,0.4232,0.02991,0,-0.0083,-0.1243,0.0111,0.0069,0.0,-0.0042
3654,52,East,SelfEmployed,Transport,2025Q3,53335.35,,,39.99,47.54,159428.78,0.3892,0.04124,0,-0.0079,-0.0492,-0.0167,-0.0047,0.0,0.0096
3655,51,North,SelfEmployed,Retail,2025Q3,99247.1,737.0,17.78,34.13,32.5,316609.27,0.4806,0.03125,0,-0.0056,-0.0472,-0.017,-0.0065,0.0,0.0081
3656,48,South,Business,IT,2025Q3,77885.38,703.0,64.07,40.17,40.83,203774.08,0.4972,0.10122,0,-0.0075,-0.0633,0.0341,-0.0106,0.0,0.0
3657,41,East,Business,Manufacturing,2025Q3,86447.72,678.0,41.73,58.76,93.81,244345.71,0.395,0.13614,0,0.0112,-0.0361,0.0036,0.0106,0.0,0.0
3658,65,West,SelfEmployed,IT,2025Q3,109278.85,666.0,48.88,67.34,70.97,200898.21,0.4826,0.1364,0,-0.0784,-0.0215,0.0191,0.0221,0.0132,0.0308
3659,34,North,Salaried,Manufacturing,2025Q3,90694.52,598.0,33.02,83.93,40.85,101153.81,0.4768,0.2889,0,0.0584,0.1012,-0.0292,0.0752,0.0,-0.025
3660,44,East,Business,Transport,2025Q3,123861.81,,36.29,56.87,85.78,243966.55,0.6205,0.09337,0,0.0019,-0.0555,-0.0052,0.0054,0.0,0.0
3661,44,North,Business,Healthcare,2025Q3,74118.07,703.0,26.74,44.82,55.2,88474.18,0.4806,0.06093,0,0.0015,-0.0398,-0.0157,-0.0034,0.0,0.0
3662,48,West,SelfEmployed,Manufacturing,2025Q3,63614.47,629.0,43.09,67.5,100.0,207790.54,0.4657,0.25424,0,-0.016,0.0405,0.0113,0.037,0.0217,0.0516
3663,39,North,SelfEmployed,IT,2025Q3,85062.91,696.0,51.3,26.63,65.24,147761.17,0.3659,0.11559,0,0.016,-0.0622,0.021,-0.0317,0.0,0.0271
3664,47,East,Salaried,Manufacturing,2025Q3,82763.7,613.0,41.14,79.23,71.31,105960.73,0.3577,0.19042,0,-0.0093,0.0589,0.0037,0.0517,0.0,-0.0204
3665,42,North,Salaried,IT,2025Q3,52266.23,617.0,54.97,52.65,76.75,132087.35,0.4813,0.18005,0,0.0139,0.0551,0.0463,0.0053,0.0,-0.021
3666,27,East,SelfEmployed,Construction,2025Q3,68101.15,713.0,48.6,42.97,89.72,101569.53,0.2688,0.16374,1,0.053,-0.1097,0.0204,-0.0109,0.0,0.034
3667,44,East,Business,IT,2025Q3,101455.74,689.0,21.22,26.7,51.22,178870.03,0.5438,0.05861,0,0.0012,-0.0235,-0.02,-0.0143,0.0,0.0
3668,32,South,Salaried,Healthcare,2025Q3,42757.27,644.0,35.68,61.79,87.99,61977.96,0.2648,0.18125,0,0.0454,0.0091,-0.0125,0.0191,0.0,-0.0176
3669,25,East,Business,Healthcare,2025Q3,55697.46,636.0,30.83,41.83,47.52,131194.16,0.3501,0.19536,1,0.0685,0.0216,-0.0287,-0.0149,0.0,0.0
3670,46,West,Business,Retail,2025Q3,80905.12,672.0,50.05,45.93,52.77,150818.67,0.4998,0.10837,1,-0.0031,-0.0289,0.0203,-0.0054,0.0125,0.0
3671,49,West,Business,Healthcare,2025Q3,91379.32,535.0,45.39,11.23,60.18,149725.9,0.4649,0.242,0,-0.0222,0.1711,0.0203,-0.0992,0.0225,0.0
3672,50,South,Salaried,Transport,2025Q3,93591.49,608.0,40.04,38.44,78.41,82684.49,0.4568,0.10749,0,-0.0169,0.0445,0.0001,-0.0167,0.0,-0.0143
3673,50,East,Business,Healthcare,2025Q3,90223.35,574.0,54.22,35.49,53.4,175642.74,0.3991,0.2335,0,-0.0266,0.1203,0.0482,-0.0333,0.0,0.0
3674,23,East,Salaried,Manufacturing,2025Q3,57795.7,,8.15,57.21,93.01,157515.23,0.4134,0.12472,0,0.0461,-0.0121,-0.0775,0.008,0.0,-0.012
3675,29,East,Salaried,Healthcare,2025Q3,102631.2,734.0,28.35,42.11,86.53,106245.69,0.4528,0.04746,0,0.0186,-0.0711,-0.0131,-0.005,0.0,-0.0064
3676,66,South,Salaried,Manufacturing,2025Q3,78286.41,692.0,29.71,0.0,60.79,209215.33,0.3462,0.01909,0,-0.015,-0.011,-0.0043,-0.0154,0.0,-0.0024
3677,32,East,Salaried,Retail,2025Q3,53146.12,625.0,42.03,38.87,40.68,75394.53,0.4153,0.19821,1,0.0474,0.0369,0.0059,-0.0205,0.0,-0.0183
3678,51,North,Salaried,Healthcare,2025Q3,94205.6,612.0,46.84,16.0,80.02,65342.45,0.4412,0.13311,0,-0.0176,0.0347,0.0127,-0.0467,0.0,-0.0123
3679,36,South,Salaried,Retail,2025Q3,86284.78,609.0,37.98,25.06,18.09,67119.56,0.4202,0.11887,1,0.03,0.05,-0.0053,-0.043,0.0,-0.0163
3680,45,North,Salaried,Manufacturing,2025Q3,84066.42,796.0,16.96,70.09,74.83,78067.14,0.4365,0.01832,0,0.0,-0.0721,-0.0113,0.0042,0.0,-0.0025
3681,37,North,Business,IT,2025Q3,116961.42,665.0,44.51,10.84,43.52,172441.6,0.459,0.0829,0,0.0173,-0.015,0.0074,-0.0482,0.0,0.0
3682,50,North,Business,IT,2025Q3,101814.21,674.0,40.05,54.49,85.13,280586.82,0.4107,0.07893,1,-0.0123,-0.0244,0.0001,0.0044,0.0,0.0
3683,46,North,Business,Retail,2025Q3,56930.13,516.0,14.5,36.84,32.28,72607.9,0.3379,0.22429,1,-0.0051,0.1703,-0.1038,-0.0297,0.0,0.0
3684,39,East,Salaried,Retail,2025Q3,72945.92,580.0,33.27,32.6,46.76,177933.01,0.5465,0.13872,0,0.0241,0.0904,-0.0213,-0.0337,0.0,-0.0189
3685,32,East,Salaried,Transport,2025Q3,54622.29,657.0,43.98,26.45,68.76,143318.92,0.3512,0.11383,0,0.0336,-0.0084,0.0082,-0.0333,0.0,-0.0133
3686,47,North,Business,Construction,2025Q3,118308.61,626.0,64.45,55.03,72.03,214109.85,0.578,0.23391,0,-0.0102,0.0438,0.0759,0.0106,0.0,0.0
3687,31,East,Business,IT,2025Q3,96363.23,669.0,20.57,57.5,47.48,294671.37,0.3533,0.09506,0,0.0336,-0.0226,-0.045,0.0087,0.0,0.0
3688,49,West,Salaried,Healthcare,2025Q3,51585.57,668.0,50.64,10.05,53.36,71541.72,0.4415,0.06829,0,-0.0081,-0.0148,0.0133,-0.0403,0.0078,-0.0087
3689,73,West,SelfEmployed,Transport,2025Q3,134105.73,701.0,20.78,73.31,79.05,284517.46,0.4605,0.04851,0,-0.0518,-0.0334,-0.0211,0.0114,0.0052,0.0121
3690,59,East,SelfEmployed,Construction,2025Q3,114108.62,533.0,17.67,21.9,80.14,244574.78,0.4527,0.17987,0,-0.0644,0.1208,-0.0745,-0.0545,0.0,0.0395
3691,52,West,SelfEmployed,Construction,2025Q3,85059.68,585.0,18.61,56.55,52.96,76572.71,0.4752,0.16052,0,-0.0337,0.0927,-0.0782,0.0125,0.0188,0.0445
3692,43,East,SelfEmployed,Healthcare,2025Q3,81388.05,653.0,47.68,22.02,47.86,169099.99,0.4038,0.15668,1,0.0066,-0.004,0.0176,-0.0457,0.0,0.0325
3693,23,West,SelfEmployed,IT,2025Q3,89859.19,616.0,40.08,37.9,32.62,207804.26,0.5905,0.36512,1,0.1212,0.0777,0.0004,-0.0331,0.0262,0.0633
3694,29,West,Salaried,Transport,2025Q3,26712.79,639.0,32.96,19.87,65.07,33631.38,0.4475,0.11743,0,0.0434,0.0133,-0.017,-0.0472,0.0132,-0.0144
3695,58,South,Business,Healthcare,2025Q3,111317.16,667.0,45.33,36.37,76.25,241131.87,0.4122,0.09484,0,-0.0284,-0.0135,0.0068,-0.0117,0.0,0.0
3696,35,West,Business,Construction,2025Q3,102281.37,609.0,38.65,43.58,63.03,195364.75,0.4614,0.24583,0,0.046,0.0704,-0.0048,-0.014,0.0206,0.0
3697,36,East,Business,IT,2025Q3,81903.17,673.0,39.77,22.71,41.5,137927.09,0.51,0.09735,0,0.0191,-0.0235,-0.0004,-0.0314,0.0,0.0
3698,42,East,Salaried,Transport,2025Q3,85562.38,697.0,33.14,54.92,95.73,147128.95,0.4423,0.07884,0,0.0053,-0.0423,-0.0095,0.0038,0.0,-0.0083
3699,32,West,Salaried,Construction,2025Q3,66756.78,664.0,21.56,57.8,17.93,156986.3,0.4373,0.09965,0,0.0328,-0.0169,-0.044,0.0094,0.0119,-0.013
3700,31,South,Business,Manufacturing,2025Q3,64887.29,709.0,65.06,100.0,77.56,210134.36,0.2921,0.23696,0,0.0659,-0.1391,0.0816,0.0949,0.0,0.0
3701,43,South,SelfEmployed,Transport,2025Q3,68237.46,512.0,60.41,68.43,64.33,91014.98,0.5682,0.66028,0,0.0131,0.359,0.0987,0.0526,0.0,0.0719
3702,34,East,Business,Healthcare,2025Q3,94514.73,620.0,63.44,73.88,69.37,172940.31,0.466,0.33176,0,0.068,0.0725,0.1004,0.0635,0.0,0.0
3703,36,East,Salaried,Transport,2025Q3,57057.28,721.0,29.37,9.08,44.26,80953.47,0.367,0.03337,0,0.0077,-0.0389,-0.008,-0.0212,0.0,-0.0043
3704,35,West,Salaried,Manufacturing,2025Q3,40157.54,601.0,27.09,4.91,56.95,105582.1,0.4708,0.13918,0,0.0279,0.0487,-0.0314,-0.0728,0.0127,-0.0139
3705,50,West,Salaried,Transport,2025Q3,83303.18,592.0,31.37,41.47,65.87,112274.86,0.5591,0.15827,1,-0.0188,0.0651,-0.0235,-0.0136,0.0147,-0.016
3706,41,East,Salaried,Transport,2025Q3,63764.53,651.0,55.19,87.31,58.28,84991.73,0.4844,0.22904,0,0.0191,-0.0019,0.0491,0.0693,0.0,-0.0218
3707,42,West,Salaried,Retail,2025Q3,52316.05,659.0,38.0,100.0,24.12,56399.34,0.5818,0.19881,1,0.013,-0.0161,-0.0064,0.0783,0.0183,-0.0197
3708,51,North,Salaried,Construction,2025Q3,83291.45,624.0,29.31,32.87,94.25,51176.25,0.5065,0.08296,0,-0.0141,0.0198,-0.0182,-0.0175,0.0,-0.0098
3709,42,West,Salaried,Retail,2025Q3,87710.98,785.0,43.82,35.1,73.0,104389.74,0.2259,0.03557,0,0.0024,-0.0919,0.0022,-0.0058,0.0034,-0.0038
3710,41,North,Salaried,Healthcare,2025Q3,73362.7,679.0,26.22,59.97,60.69,31861.71,0.5182,0.11337,0,0.0079,-0.0271,-0.023,0.0084,0.0,-0.0094
3711,49,East,Business,Construction,2025Q3,76007.66,599.0,16.31,43.66,61.98,75304.9,0.3059,0.11939,1,-0.0118,0.0456,-0.0572,-0.0079,0.0,0.0
3712,51,North,Business,Construction,2025Q3,105672.46,562.0,40.07,44.22,93.67,151410.25,0.5664,0.27147,0,-0.0309,0.1273,0.0002,-0.0124,0.0,0.0
3713,42,East,Salaried,Transport,2025Q3,92532.81,688.0,29.74,61.97,45.15,70158.04,0.485,0.07282,0,0.0059,-0.036,-0.0162,0.0098,0.0,-0.0091
3714,45,South,Business,Manufacturing,2025Q3,131434.61,597.0,37.78,100.0,40.64,420000.0,0.5804,0.2821,0,0.0,0.1089,-0.0095,0.1116,0.0,0.0
3715,35,North,Salaried,Construction,2025Q3,93553.19,806.0,2.0,76.7,77.0,91515.48,0.4083,0.0165,0,0.0046,-0.0782,-0.0207,0.0051,0.0,-0.0024
3716,35,East,Business,IT,2025Q3,64503.55,689.0,23.73,89.12,69.25,196484.16,0.4367,0.10714,0,0.0274,-0.0546,-0.0399,0.0427,0.0,0.0
3717,52,East,Salaried,Transport,2025Q3,98345.49,698.0,37.28,7.43,39.8,228554.45,0.5098,0.03192,0,-0.007,-0.0221,-0.0018,-0.0212,0.0,-0.0041
3718,49,North,Business,IT,2025Q3,99817.43,677.0,13.74,71.65,81.77,250910.42,0.3239,0.07836,0,-0.0074,-0.0213,-0.0416,0.0146,0.0,0.0
3719,49,East,Business,Transport,2025Q3,74462.22,736.0,14.28,27.1,65.9,77541.38,0.4006,0.02617,0,-0.0025,-0.0327,-0.0142,-0.0067,0.0,0.0
3720,47,North,Business,Construction,2025Q3,98508.31,497.0,38.62,84.88,42.04,296639.13,0.4626,0.49406,0,-0.014,0.3511,-0.0069,0.1037,0.0,0.0
3721,45,North,Business,Retail,2025Q3,126136.18,578.0,49.23,77.86,69.81,161169.77,0.4183,0.33239,1,0.0,0.1525,0.0405,0.0713,0.0,0.0
3722,52,North,Salaried,Retail,2025Q3,104425.56,,23.73,61.28,66.81,63588.15,0.3538,0.03434,0,-0.0071,-0.0446,-0.0126,0.0042,0.0,-0.0042
3723,54,East,Business,IT,2025Q3,81457.9,762.0,,31.66,58.24,77001.47,0.4009,0.0233,0,-0.0062,-0.0503,-0.0029,-0.0054,0.0,0.0
3724,54,East,Salaried,Manufacturing,2025Q3,84946.91,,34.18,37.36,67.69,137055.48,0.5109,0.15836,0,-0.0341,0.075,-0.015,-0.0198,0.0,-0.0155
3725,43,East,Salaried,Retail,2025Q3,83650.14,536.0,13.0,39.14,72.52,60104.79,0.5864,0.1821,0,0.0086,0.1291,-0.098,-0.0211,0.0,-0.0194
3726,59,East,Business,Healthcare,2025Q3,73061.74,671.0,56.94,64.77,78.28,186400.88,0.3974,0.10978,0,-0.0457,-0.0254,0.0299,0.0166,0.0,0.0
3727,47,East,Business,Healthcare,2025Q3,62882.12,693.0,35.07,56.89,62.15,124343.0,0.383,0.09526,0,-0.004,-0.0407,-0.0072,0.0056,0.0,0.0
3728,51,East,Business,Healthcare,2025Q3,99783.3,670.0,35.24,79.24,54.59,327654.59,0.1948,0.10598,0,-0.0177,-0.0236,-0.0097,0.0302,0.0,0.0
3729,47,West,SelfEmployed,IT,2025Q3,89418.15,656.0,43.97,83.44,64.78,203435.74,0.5426,0.21845,1,-0.0103,-0.0121,0.014,0.0648,0.021,0.0499
3730,47,South,Salaried,Manufacturing,2025Q3,45301.26,534.0,13.04,29.4,83.82,63134.35,0.3595,0.16087,0,-0.0078,0.1114,-0.0873,-0.0366,0.0,-0.017
3731,36,North,Business,Retail,2025Q3,90483.52,634.0,52.72,58.45,72.6,160931.37,0.4715,0.2401,0,0.0426,0.0304,0.043,0.0179,0.0,0.0
3732,52,North,Salaried,Transport,2025Q3,102465.33,645.0,54.81,58.19,53.47,88274.86,0.4527,0.10969,1,-0.0253,0.0065,0.032,0.0114,0.0,-0.0151
3733,75,East,Business,Construction,2025Q3,114670.57,623.0,40.25,45.91,61.11,343111.67,0.5162,0.06806,0,-0.0815,0.0178,0.0003,-0.0034,0.0,0.0
3734,40,East,Business,Construction,2025Q3,88176.61,530.0,45.4,68.72,93.31,198732.96,0.3991,0.47957,1,0.0345,0.2749,0.0267,0.0551,0.0,0.0
3735,45,North,Business,Retail,2025Q3,101885.41,,32.78,58.8,74.99,130191.0,0.4559,0.10174,0,0.0,-0.0472,-0.0104,0.0068,0.0,0.0
3736,39,West,Salaried,Transport,2025Q3,79102.53,719.0,51.81,35.36,63.04,192251.01,0.5336,0.07072,0,0.0112,-0.0744,0.0152,-0.0135,0.0081,-0.009
3737,39,West,SelfEmployed,Healthcare,2025Q3,49164.79,606.0,24.83,44.87,82.81,101283.54,0.4615,0.24875,0,0.0278,0.0729,-0.0571,-0.0109,0.0202,0.0478
3738,61,North,Business,Manufacturing,2025Q3,89707.82,647.0,37.48,40.32,49.14,286364.56,0.3585,0.07591,0,-0.037,0.0022,-0.0035,-0.0083,0.0,0.0
3739,37,North,Business,Construction,2025Q3,77274.64,626.0,38.44,31.99,66.58,166330.79,0.3185,0.18235,0,0.0269,0.0312,-0.0041,-0.0302,0.0,0.0
3740,39,North,Salaried,Construction,2025Q3,55705.11,627.0,37.38,46.12,97.51,117499.51,0.5547,0.13478,0,0.02,0.0292,-0.0067,-0.006,0.0,-0.0158
3741,27,South,SelfEmployed,IT,2025Q3,94805.43,,55.11,19.47,73.07,141424.52,0.377,0.18308,0,0.0553,-0.0744,0.0356,-0.0543,0.0,0.0354
3742,36,West,SelfEmployed,Healthcare,2025Q3,87920.57,695.0,73.01,58.43,92.42,104907.92,0.3925,0.31881,0,0.0463,-0.107,0.1085,0.0193,0.0228,0.0544
3743,25,East,SelfEmployed,Healthcare,2025Q3,46624.94,733.0,36.24,78.89,58.32,65181.48,0.6007,0.18672,0,0.0586,-0.1557,-0.0099,0.0392,0.0,0.0345
3744,51,North,Salaried,Construction,2025Q3,78141.96,732.0,45.53,49.11,50.48,181401.56,0.4726,0.05824,0,-0.0079,-0.0598,0.0046,-0.0005,0.0,-0.0055
3745,75,South,Salaried,IT,2025Q3,123947.06,648.0,25.16,68.82,83.2,325585.93,0.5199,0.05095,0,-0.058,0.001,-0.0159,0.0096,0.0,-0.0059
3746,40,North,Salaried,IT,2025Q3,60467.69,850.0,54.51,51.42,23.43,109928.07,0.4888,0.02372,0,0.0027,-0.1434,0.0053,0.0004,0.0,-0.0027
3747,26,South,Business,Construction,2025Q3,89828.51,765.0,29.72,25.51,63.6,249966.64,0.2625,0.03704,0,0.016,-0.0883,-0.0087,-0.0129,0.0,0.0
3748,54,South,SelfEmployed,IT,2025Q3,117597.23,,88.32,92.16,80.62,288103.23,0.5625,0.3906,1,-0.0628,0.0946,0.2221,0.1231,0.0,0.0742
3749,36,East,Business,IT,2025Q3,105390.54,669.0,11.27,0.0,71.25,257323.79,0.5545,0.04585,0,0.0094,-0.0097,-0.0315,-0.0333,0.0,0.0
3750,58,East,Salaried,Retail,2025Q3,91547.27,525.0,72.36,48.23,17.95,53950.2,0.4356,0.38651,0,-0.0893,0.2525,0.1399,-0.0051,0.0,-0.029
3751,41,West,Business,IT,2025Q3,110518.45,662.0,53.86,31.09,33.08,252732.72,0.4835,0.16433,0,0.0131,-0.0168,0.0305,-0.0299,0.014,0.0
3752,37,North,Salaried,Construction,2025Q3,59999.72,774.0,20.04,82.8,57.71,52537.73,0.4615,0.04477,0,0.0075,-0.0971,-0.0179,0.0122,0.0,-0.0047
3753,42,East,Business,Transport,2025Q3,133645.86,849.0,75.11,52.75,69.5,279167.41,0.3012,0.029,0,0.0027,-0.2091,0.0173,0.0011,0.0,0.0
3754,52,North,Salaried,IT,2025Q3,87235.29,652.0,23.15,100.0,70.28,203394.43,0.5,0.16743,0,-0.0218,-0.0023,-0.0394,0.0491,0.0,-0.0129
3755,41,South,Salaried,Transport,2025Q3,93642.29,683.0,32.97,48.79,59.88,194976.13,0.3651,0.0827,0,0.0076,-0.0303,-0.0107,-0.001,0.0,-0.009
3756,39,West,Business,IT,2025Q3,79683.84,701.0,17.25,31.26,74.6,231189.51,0.617,0.04173,0,0.0077,-0.0357,-0.0276,-0.0123,0.0056,0.0
3757,42,East,Salaried,IT,2025Q3,82889.46,795.0,35.66,10.37,68.74,164516.22,0.3897,0.01275,0,0.0012,-0.0569,-0.0014,-0.0093,0.0,-0.002
3758,30,North,Salaried,Retail,2025Q3,72882.34,593.0,37.16,72.35,57.43,147748.71,0.4928,0.23084,0,0.0816,0.1158,-0.0122,0.054,0.0,-0.0261
3759,48,South,Salaried,Retail,2025Q3,62580.99,841.0,51.28,29.64,70.75,138329.99,0.2304,0.01573,0,-0.0012,-0.0885,0.0027,-0.0037,0.0,-0.0017
3760,24,East,Business,Retail,2025Q3,55448.02,638.0,77.01,38.76,47.05,81004.16,0.4634,0.3275,0,0.1195,0.0294,0.1453,-0.0312,0.0,0.0
3761,39,West,SelfEmployed,Transport,2025Q3,75518.95,580.0,29.79,75.02,72.74,108779.05,0.5496,0.34361,0,0.0386,0.1585,-0.0491,0.0677,0.0278,0.0676
3762,52,East,Salaried,Retail,2025Q3,102795.99,639.0,2.0,71.17,43.06,68953.99,0.3598,0.05914,0,-0.0131,0.0071,-0.0652,0.014,0.0,-0.0078
3763,47,North,Salaried,Transport,2025Q3,45434.3,605.0,48.38,34.59,69.75,105884.86,0.4015,0.15415,1,-0.0077,0.0564,0.0214,-0.0266,0.0,-0.0169
3764,50,South,Business,Retail,2025Q3,89568.71,689.0,29.2,38.01,69.26,86092.78,0.357,0.05868,0,-0.0075,-0.0262,-0.012,-0.0077,0.0,0.0
3765,43,North,SelfEmployed,Construction,2025Q3,106377.71,548.0,67.1,9.37,54.02,351529.81,0.3709,0.32881,1,0.0133,0.2205,0.1201,-0.1204,0.0,0.0692
3766,57,North,Business,Transport,2025Q3,80221.67,670.0,37.45,2.78,72.7,132179.46,0.3169,0.03502,0,-0.0159,-0.0098,-0.0021,-0.0298,0.0,0.0
3767,54,East,Business,IT,2025Q3,122270.21,705.0,25.85,64.8,90.85,294234.64,0.4906,0.05579,0,-0.0138,-0.039,-0.0157,0.008,0.0,0.0
3768,49,East,Business,Construction,2025Q3,74899.73,761.0,21.79,67.23,39.6,172684.13,0.2874,0.02799,0,-0.0036,-0.067,-0.013,0.0057,0.0,0.0
3769,54,North,Business,Construction,2025Q3,83202.25,706.0,47.97,55.86,79.08,133046.63,0.2652,0.07703,0,-0.0183,-0.0522,0.0097,0.0044,0.0,0.0
3770,52,East,Business,IT,2025Q3,95250.01,757.0,33.6,52.12,81.73,187886.37,0.3475,0.02889,0,-0.0066,-0.064,-0.0041,0.0008,0.0,0.0
3771,39,East,Salaried,Transport,2025Q3,104922.26,619.0,61.48,32.46,55.85,213464.66,0.4424,0.25761,0,0.0262,0.0505,0.0618,-0.0367,0.0,-0.0204
3772,29,East,Business,Construction,2025Q3,65679.87,687.0,34.63,80.3,76.02,48656.67,0.461,0.16586,0,0.0517,-0.0627,-0.015,0.0432,0.0,0.0
3773,49,North,Salaried,IT,2025Q3,49006.67,508.0,60.63,8.75,54.91,50465.29,0.4062,0.38186,0,-0.0253,0.2372,0.0843,-0.1171,0.0,-0.0271
3774,50,South,Salaried,Healthcare,2025Q3,55865.15,652.0,15.92,37.69,85.12,139668.82,0.3797,0.05907,0,-0.0076,-0.0011,-0.0306,-0.0081,0.0,-0.0065
3775,56,North,Salaried,Retail,2025Q3,103275.07,686.0,10.18,51.54,5.22,195632.4,0.4582,0.0374,0,-0.0116,-0.0156,-0.0259,0.0006,0.0,-0.0041
3776,34,North,Salaried,Construction,2025Q3,42314.67,692.0,51.27,47.99,88.9,146553.51,0.4852,0.10357,0,0.0282,-0.0567,0.0213,-0.0025,0.0,-0.013
3777,34,South,Salaried,Healthcare,2025Q3,88083.36,553.0,30.57,47.95,37.75,114131.77,0.5609,0.33224,0,0.0588,0.1655,-0.0401,-0.0051,0.0,-0.0252
3778,49,South,Business,Healthcare,2025Q3,96456.23,633.0,33.78,36.58,61.8,158556.82,0.4718,0.10701,0,-0.0109,0.0161,-0.0121,-0.0159,0.0,0.0
3779,43,North,Salaried,Transport,2025Q3,74219.12,643.0,21.8,59.9,43.72,130819.23,0.2973,0.08676,1,0.005,0.0068,-0.0383,0.0103,0.0,-0.0115
3780,23,North,Salaried,Construction,2025Q3,62151.48,631.0,20.63,21.26,89.93,122110.01,0.3641,0.0865,0,0.052,0.0206,-0.0478,-0.0419,0.0,-0.0134
3781,48,West,Salaried,Manufacturing,2025Q3,64883.43,709.0,48.17,44.83,55.42,100602.56,0.5072,0.07199,0,-0.0057,-0.0561,0.01,-0.0042,0.0075,-0.0083
3782,24,East,Salaried,Manufacturing,2025Q3,60181.69,645.0,,57.5,49.16,75206.34,0.5709,0.24758,0,0.0782,0.0087,-0.0075,0.014,0.0,-0.0199
3783,34,South,Salaried,Healthcare,2025Q3,45224.69,667.0,21.04,40.68,82.4,32664.09,0.4145,0.06892,1,0.02,-0.0149,-0.0328,-0.0086,0.0,-0.0093
3784,59,West,Business,Retail,2025Q3,128480.04,627.0,50.65,48.11,74.64,76891.44,0.4215,0.12477,0,-0.0555,0.0285,0.0244,-0.0028,0.0142,0.0
3785,64,North,Business,Construction,2025Q3,90208.69,732.0,56.8,52.74,53.33,144742.71,0.3187,0.04428,0,-0.0303,-0.0611,0.0129,0.0014,0.0,0.0
3786,31,South,Salaried,IT,2025Q3,71899.85,737.0,36.26,9.26,40.18,89063.73,0.5107,0.04741,1,0.0124,-0.0569,-0.0029,-0.0232,0.0,-0.0048
3787,40,East,Salaried,Manufacturing,2025Q3,53474.49,639.0,54.05,11.32,37.48,20000.0,0.3467,0.08925,0,0.014,0.0122,0.0267,-0.0583,0.0,-0.0133
3788,44,South,Salaried,Manufacturing,2025Q3,66102.32,850.0,21.97,50.95,85.5,163329.71,0.5144,0.01,0,0.0003,-0.0738,-0.0043,0.0001,0.0,-0.0013
3789,64,North,Salaried,Transport,2025Q3,86971.02,,47.24,34.62,68.38,136412.58,0.4357,0.08621,0,-0.0598,0.0351,0.0125,-0.0181,0.0,-0.0115
3790,39,South,Salaried,IT,2025Q3,124864.26,728.0,40.59,35.94,63.47,256990.22,0.3314,0.05648,0,0.0076,-0.0618,0.0006,-0.0089,0.0,-0.0062
3791,39,South,Salaried,Retail,2025Q3,70939.97,595.0,25.34,60.52,69.84,185217.9,0.3041,0.18397,1,0.0243,0.0757,-0.0489,0.0185,0.0,-0.019
3792,61,East,Business,Healthcare,2025Q3,91212.46,,70.85,26.25,21.03,163857.61,0.3838,0.05618,0,-0.0306,-0.0529,0.0265,-0.0181,0.0,0.0
3793,40,South,SelfEmployed,Construction,2025Q3,72098.0,707.0,41.72,0.0,53.51,77379.21,0.3975,0.06094,0,0.0078,-0.0487,0.002,-0.046,0.0,0.0155
3794,52,South,Business,Construction,2025Q3,70815.89,591.0,28.55,84.45,54.04,115150.39,0.4226,0.23661,0,-0.0346,0.0888,-0.0408,0.061,0.0,0.0
3795,28,North,Salaried,IT,2025Q3,58369.85,,38.31,74.62,79.63,20000.0,0.4276,0.24205,0,0.0674,-0.0018,-0.0056,0.0443,0.0,-0.0204
3796,42,East,Salaried,Retail,2025Q3,107219.56,787.0,24.08,74.34,30.62,120728.45,0.4904,0.03439,0,0.0023,-0.0891,-0.0104,0.0071,0.0,-0.0035
3797,26,North,Business,Construction,2025Q3,80548.71,605.0,19.49,23.34,81.07,260127.64,0.4928,0.17515,0,0.0596,0.0562,-0.0632,-0.0479,0.0,0.0
3798,32,West,Business,IT,2025Q3,96161.22,687.0,30.81,46.3,95.89,87019.78,0.4301,0.13563,0,0.0306,-0.0462,-0.0192,-0.0044,0.0111,0.0
3799,53,East,Salaried,Retail,2025Q3,67421.01,683.0,31.89,20.09,25.62,61550.8,0.5073,0.03403,0,-0.0095,-0.0165,-0.0067,-0.0163,0.0,-0.0049
3800,43,South,SelfEmployed,Healthcare,2025Q3,79139.84,657.0,25.13,46.68,60.33,59531.74,0.3517,0.12582,1,0.0057,-0.0083,-0.0347,-0.0042,0.0,0.0279
3801,40,East,Business,IT,2025Q3,90770.25,542.0,58.02,40.34,69.99,72546.1,0.5224,0.5113,0,0.0333,0.2339,0.0833,-0.0282,0.0,0.0
3802,36,North,Salaried,Healthcare,2025Q3,55444.48,716.0,25.75,24.28,77.46,109408.33,0.4599,0.03023,0,0.009,-0.0407,-0.013,-0.0142,0.0,-0.0051
3803,42,South,Salaried,Manufacturing,2025Q3,81100.12,661.0,23.08,59.07,16.71,217797.59,0.5436,0.08071,0,0.0065,-0.0102,-0.0313,0.0084,0.0,-0.0101
3804,47,South,Business,Manufacturing,2025Q3,104477.71,735.0,,42.31,66.75,89476.43,0.2881,0.0256,0,-0.0017,-0.0439,-0.0153,-0.0029,0.0,0.0
3805,55,South,SelfEmployed,Manufacturing,2025Q3,103371.26,676.0,17.49,85.9,55.63,252262.52,0.3491,0.10125,0,-0.0273,-0.028,-0.047,0.0316,0.0,0.0232
3806,21,East,Business,Healthcare,2025Q3,67280.5,664.0,54.44,49.89,54.33,42902.21,0.3578,0.292,0,0.1016,-0.0293,0.0489,-0.0002,0.0,0.0
3807,35,West,SelfEmployed,Transport,2025Q3,95236.4,685.0,42.13,0.0,100.0,248682.08,0.4535,0.10952,0,0.0226,-0.0405,0.0038,-0.0686,0.0103,0.024
3808,46,South,Salaried,Construction,2025Q3,72862.89,593.0,,8.13,55.69,241012.99,0.4654,0.13805,1,-0.0035,0.0611,0.0208,-0.0731,0.0,-0.0153
3809,43,South,Business,Retail,2025Q3,83521.23,766.0,54.29,94.1,69.0,105794.13,0.4323,0.09477,0,0.0043,-0.167,0.0201,0.0337,0.0,0.0
3810,48,East,Salaried,Healthcare,2025Q3,105247.7,634.0,32.67,40.1,57.59,177575.39,0.2646,0.09149,0,-0.0075,0.0142,-0.0135,-0.0108,0.0,-0.0109
3811,47,North,Salaried,Transport,2025Q3,58474.61,635.0,61.56,53.28,64.82,94116.89,0.5505,0.18916,0,-0.0086,0.0235,0.0562,0.0058,0.0,-0.0187
3812,41,North,Business,Transport,2025Q3,57346.56,748.0,27.97,48.21,71.05,74600.25,0.412,0.0445,0,0.0041,-0.0691,-0.0103,-0.0008,0.0,0.0
3813,38,West,SelfEmployed,Construction,2025Q3,62679.31,677.0,,79.16,77.87,36481.21,0.4623,0.20486,0,0.0244,-0.0437,-0.0592,0.0412,0.0153,0.036
3814,41,East,SelfEmployed,Construction,2025Q3,87970.35,644.0,43.98,6.05,44.46,76157.49,0.4592,0.13718,0,0.012,0.0072,0.0086,-0.0711,0.0,0.0299
3815,57,West,SelfEmployed,Construction,2025Q3,118504.64,688.0,40.31,77.24,63.05,189526.47,0.364,0.12879,0,-0.0415,-0.0531,0.0007,0.0315,0.0125,0.0292
3816,36,North,Salaried,IT,2025Q3,56610.67,703.0,40.29,75.73,63.76,69639.27,0.4504,0.15186,0,0.0224,-0.0715,0.0006,0.0269,0.0,-0.0123
3817,43,North,Salaried,Healthcare,2025Q3,107467.08,652.0,54.25,48.14,27.04,205494.38,0.4329,0.10665,0,0.0068,-0.0028,0.0319,-0.0028,0.0,-0.0155
3818,46,South,Salaried,Manufacturing,2025Q3,77989.55,723.0,,57.09,40.93,40698.2,0.407,0.05528,0,-0.0015,-0.0611,-0.0003,0.0043,0.0,-0.0067
3819,61,West,SelfEmployed,Healthcare,2025Q3,96920.47,574.0,43.01,39.85,77.82,238376.42,0.4936,0.208,1,-0.0888,0.1157,0.0105,-0.0223,0.0206,0.0489
3820,41,North,Salaried,Retail,2025Q3,57701.11,678.0,59.75,10.92,50.77,70145.32,0.4095,0.08449,0,0.0086,-0.028,0.0269,-0.0456,0.0,-0.0101
3821,55,North,Salaried,IT,2025Q3,120724.39,714.0,42.27,60.77,100.0,117870.24,0.2962,0.05893,0,-0.016,-0.0488,0.0022,0.0061,0.0,-0.0064
3822,58,North,Business,Manufacturing,2025Q3,100594.8,702.0,45.91,53.42,79.26,117340.9,0.3948,0.07241,0,-0.0246,-0.0425,0.0065,0.0023,0.0,0.0
3823,43,East,Salaried,Transport,2025Q3,50824.22,508.0,15.32,53.88,69.04,105355.35,0.6072,0.27038,1,0.0114,0.2106,-0.1108,0.0095,0.0,-0.0253
3824,42,East,Business,Retail,2025Q3,133138.04,651.0,95.0,58.61,90.21,102023.6,0.3829,0.36511,0,0.0185,-0.0025,0.1926,0.0227,0.0,0.0
3825,40,East,Salaried,Construction,2025Q3,79186.06,577.0,12.55,34.7,75.45,206161.67,0.4606,0.117,1,0.0155,0.0695,-0.0776,-0.0229,0.0,-0.0146
3826,41,North,Salaried,Construction,2025Q3,87378.95,747.0,29.37,80.85,63.68,206764.44,0.4603,0.04319,0,0.0054,-0.088,-0.0119,0.016,0.0,-0.0064
3827,53,East,Salaried,Manufacturing,2025Q3,114068.08,633.0,28.89,48.18,31.72,173056.54,0.603,0.088,1,-0.0195,0.0137,-0.0193,-0.0018,0.0,-0.01
3828,47,South,Salaried,Transport,2025Q3,89460.33,740.0,71.73,59.92,73.31,98238.48,0.3755,0.08304,0,-0.0045,-0.1162,0.0385,0.0089,0.0,-0.0099
3829,47,North,Business,Construction,2025Q3,110948.01,577.0,28.39,42.01,87.93,334742.06,0.3549,0.2205,0,-0.0083,0.0895,-0.0365,-0.0145,0.0,0.0
3830,32,North,Business,Healthcare,2025Q3,80877.85,687.0,45.07,71.1,48.14,79529.86,0.4684,0.22179,0,0.0437,-0.0633,0.0133,0.0316,0.0,0.0
3831,33,South,SelfEmployed,Retail,2025Q3,87007.18,661.0,29.0,50.29,23.48,198888.52,0.3587,0.14666,0,0.0404,-0.017,-0.032,0.0005,0.0,0.0365
3832,68,South,Salaried,Healthcare,2025Q3,96685.16,848.0,21.36,46.13,38.61,200261.32,0.3818,0.01,0,-0.0044,-0.0368,-0.0022,-0.0002,0.0,-0.0006
3833,42,West,Business,IT,2025Q3,88536.22,740.0,47.13,74.56,95.18,170357.05,0.4445,0.07278,0,0.0067,-0.1215,0.0112,0.0217,0.0095,0.0
3834,35,South,Business,Construction,2025Q3,84754.9,736.0,26.5,10.1,61.6,173218.26,0.3591,0.02888,0,0.008,-0.0483,-0.0099,-0.0194,0.0,0.0
3835,60,South,Business,Construction,2025Q3,97957.33,798.0,41.32,41.84,89.2,141123.89,0.3539,0.01743,0,-0.0085,-0.0633,0.0004,-0.0017,0.0,0.0
3836,47,East,Salaried,Retail,2025Q3,87478.8,679.0,48.03,34.52,60.38,192701.69,0.4829,0.07466,0,-0.0041,-0.0262,0.0108,-0.0144,0.0,-0.0091
3837,50,East,Business,IT,2025Q3,105133.21,653.0,68.51,56.23,50.07,277157.3,0.5139,0.15387,0,-0.0221,-0.005,0.0715,0.011,0.0,0.0
3838,42,North,SelfEmployed,Construction,2025Q3,96640.5,645.0,17.81,54.95,100.0,242507.69,0.4328,0.17166,0,0.0092,0.0061,-0.0591,0.0066,0.0,0.0305
3839,40,East,Business,Retail,2025Q3,98612.92,682.0,35.55,47.74,52.57,117328.6,0.4298,0.10351,0,0.0111,-0.0342,-0.0078,-0.0023,0.0,0.0
3840,42,North,Business,IT,2025Q3,124900.77,472.0,,32.29,55.02,336276.89,0.3999,0.53009,1,0.0207,0.3472,-0.0188,-0.053,0.0,0.0
3841,29,South,Business,IT,2025Q3,96147.34,660.0,38.01,47.47,69.21,238696.85,0.4334,0.11854,0,0.0506,-0.0151,-0.0053,-0.0041,0.0,0.0
3842,43,East,Salaried,Construction,2025Q3,71069.47,675.0,79.1,55.11,54.2,115966.49,0.3874,0.22854,0,0.0085,-0.0461,0.0934,0.0093,0.0,-0.0192
3843,47,East,Business,Manufacturing,2025Q3,101555.29,649.0,35.23,44.07,75.56,188581.74,0.4341,0.1008,0,-0.0053,0.001,-0.0092,-0.0068,0.0,0.0
3844,64,South,SelfEmployed,Retail,2025Q3,127128.57,,2.0,72.37,68.92,231315.55,0.5739,0.15315,0,-0.0858,0.098,-0.1307,0.0333,0.0,0.0368
3845,45,North,Salaried,Healthcare,2025Q3,59500.48,,34.83,61.46,69.71,140768.14,0.3374,0.11594,0,0.0,0.0,-0.011,0.0133,0.0,-0.0128
3846,21,South,Business,Construction,2025Q3,106256.35,556.0,36.11,48.42,47.67,203801.05,0.5544,0.3854,1,0.1492,0.2138,-0.019,-0.0046,0.0,0.0
3847,43,South,Business,Transport,2025Q3,75856.49,781.0,34.14,0.0,26.75,203204.45,0.3972,0.01666,0,0.0009,-0.0513,-0.0021,-0.0136,0.0,0.0
3848,74,West,SelfEmployed,Transport,2025Q3,126904.96,643.0,26.5,43.2,43.36,366055.43,0.4278,0.07971,0,-0.0732,0.0047,-0.0193,-0.0054,0.0072,0.0167
3849,54,East,Salaried,Manufacturing,2025Q3,84818.81,520.0,16.86,61.86,45.12,273679.94,0.4035,0.17281,1,-0.0475,0.1628,-0.0916,0.0242,0.0,-0.0219
3850,35,West,SelfEmployed,Retail,2025Q3,74683.22,,72.55,41.85,65.85,223200.83,0.4513,0.40534,0,0.06,0.0098,0.1288,-0.0223,0.0265,0.064
3851,51,South,Business,IT,2025Q3,73547.57,721.0,43.09,54.67,43.7,63208.71,0.5764,0.06235,0,-0.0099,-0.0608,0.0033,0.003,0.0,0.0
3852,36,East,Business,IT,2025Q3,99835.0,672.0,34.92,43.06,30.69,166226.92,0.216,0.10483,0,0.0217,-0.0254,-0.0101,-0.0082,0.0,0.0
3853,29,North,Business,IT,2025Q3,54009.55,598.0,72.04,53.11,37.07,87475.98,0.2893,0.47914,0,0.1055,0.1324,0.1468,0.0092,0.0,0.0
3854,40,North,Business,Transport,2025Q3,61130.14,614.0,24.1,78.82,67.75,109313.43,0.426,0.21071,1,0.0215,0.056,-0.0557,0.0497,0.0,0.0
3855,45,North,Salaried,Manufacturing,2025Q3,97474.65,640.0,47.64,65.31,73.75,236106.43,0.4572,0.15318,1,0.0,0.0146,0.02,0.0237,0.0,-0.0172
3856,23,North,Business,IT,2025Q3,104012.9,630.0,18.02,19.5,49.87,327164.75,0.5097,0.11317,0,0.0545,0.0226,-0.0575,-0.0467,0.0,0.0
3857,31,West,Business,Healthcare,2025Q3,66989.58,574.0,50.01,11.52,52.0,144710.25,0.4903,0.3558,1,0.0749,0.1421,0.04,-0.1043,0.0244,0.0
3858,44,East,Business,IT,2025Q3,108755.97,655.0,19.85,57.74,72.28,247500.19,0.2949,0.0722,1,0.0023,-0.0047,-0.0397,0.0075,0.0,0.0
3859,40,East,Business,Construction,2025Q3,101437.47,569.0,45.53,73.69,63.31,287493.21,0.5051,0.36365,0,0.0321,0.1765,0.0254,0.0637,0.0,0.0
3860,48,East,Salaried,Retail,2025Q3,77652.66,725.0,69.25,11.47,83.72,243866.99,0.3874,0.04269,0,-0.0045,-0.0616,0.0233,-0.0293,0.0,-0.0065
3861,31,East,Salaried,Transport,2025Q3,88044.7,,39.5,43.38,56.85,77089.34,0.4693,0.06961,0,0.0199,-0.0817,-0.0006,-0.0049,0.0,-0.0076
3862,52,East,Business,IT,2025Q3,94954.8,592.0,2.92,100.0,43.37,191998.74,0.3904,0.15882,0,-0.0283,0.069,-0.1262,0.0658,0.0,0.0
3863,31,East,Salaried,IT,2025Q3,73315.61,611.0,38.57,42.09,81.73,229358.37,0.3186,0.16834,0,0.056,0.0605,-0.0047,-0.0157,0.0,-0.0201
3864,62,East,Salaried,Construction,2025Q3,69332.14,,45.69,100.0,53.77,170710.72,0.3981,0.14435,0,-0.0762,0.0268,0.0151,0.0671,0.0,-0.0172
3865,25,East,Business,Retail,2025Q3,51801.47,658.0,52.42,29.88,44.22,21036.05,0.464,0.188,0,0.0708,-0.0137,0.0348,-0.0395,0.0,0.0
3866,32,North,Business,IT,2025Q3,100942.81,677.0,,33.77,77.86,67268.15,0.4487,0.1687,0,0.0435,-0.0444,0.0504,-0.0282,0.0,0.0
3867,49,West,SelfEmployed,Retail,2025Q3,98121.69,691.0,62.39,32.54,88.98,264836.81,0.4145,0.09944,0,-0.0136,-0.0619,0.0444,-0.0264,0.0134,0.0314
3868,62,North,Business,Transport,2025Q3,104335.78,690.0,35.9,19.86,63.66,280150.55,0.3646,0.03117,1,-0.0203,-0.0184,-0.0029,-0.0146,0.0,0.0
3869,47,South,Business,IT,2025Q3,127741.21,766.0,27.45,10.79,39.91,355161.58,0.3763,0.01844,0,-0.001,-0.0434,-0.005,-0.0105,0.0,0.0
3870,50,West,SelfEmployed,Transport,2025Q3,123251.68,664.0,20.1,43.13,90.7,143246.76,0.5411,0.1104,0,-0.0122,-0.0135,-0.0386,-0.007,0.0094,0.0219
3871,44,North,SelfEmployed,Transport,2025Q3,91605.02,,29.36,51.19,67.53,222883.28,0.6593,0.30993,1,0.0056,0.1392,-0.0447,0.0029,0.0,0.0561
3872,33,North,Salaried,Transport,2025Q3,39598.21,551.0,45.62,32.23,64.39,112064.89,0.4962,0.30412,0,0.0686,0.1841,0.024,-0.0482,0.0,-0.0267
3873,39,South,Business,Construction,2025Q3,84191.22,771.0,16.42,37.52,51.92,170687.6,0.4672,0.0278,0,0.0035,-0.0596,-0.0135,-0.0037,0.0,0.0
3874,31,South,Business,Retail,2025Q3,64013.53,695.0,23.17,79.81,82.6,136383.04,0.3536,0.11021,0,0.0345,-0.0611,-0.0392,0.0319,0.0,0.0
3875,30,West,Business,Healthcare,2025Q3,79711.24,674.0,47.0,69.38,37.83,103184.0,0.5274,0.1343,0,0.0622,-0.0477,0.0226,0.0365,0.0195,0.0
3876,48,East,Business,Retail,2025Q3,77446.65,691.0,27.66,42.31,35.93,105241.03,0.3852,0.07144,0,-0.0046,-0.0292,-0.0146,-0.0051,0.0,0.0
3877,32,South,Salaried,Retail,2025Q3,43367.93,671.0,43.92,57.46,97.89,48961.99,0.3188,0.15621,0,0.0397,-0.0312,0.0095,0.0108,0.0,-0.0156
3878,48,West,Salaried,Transport,2025Q3,38572.96,689.0,24.97,12.0,42.75,47627.6,0.506,0.03971,0,-0.0032,-0.0194,-0.0128,-0.0209,0.0042,-0.0047
3879,30,East,Salaried,Transport,2025Q3,66110.63,635.0,42.6,53.93,79.19,53070.02,0.4399,0.20031,0,0.0589,0.0251,0.0082,0.0074,0.0,-0.0199
3880,47,West,Salaried,IT,2025Q3,37022.26,732.0,25.65,46.63,87.57,96952.9,0.5103,0.03989,1,-0.0021,-0.0505,-0.012,-0.0015,0.0041,-0.0046
3881,39,North,Business,Healthcare,2025Q3,80435.67,624.0,7.57,39.77,64.2,59621.94,0.5027,0.09397,0,0.0133,0.0217,-0.0715,-0.011,0.0,0.0
3882,59,South,Business,Healthcare,2025Q3,116699.15,599.0,53.3,48.72,42.38,370870.32,0.3419,0.17046,0,-0.0647,0.068,0.0356,-0.0023,0.0,0.0
3883,48,North,Business,Manufacturing,2025Q3,81302.28,545.0,26.87,45.17,72.6,261337.43,0.479,0.2113,0,-0.0153,0.1448,-0.05,-0.0105,0.0,0.0
3884,58,North,Business,Transport,2025Q3,83773.09,644.0,34.02,19.1,87.84,113149.74,0.3579,0.06154,0,-0.0244,0.0037,-0.0072,-0.0249,0.0,0.0
3885,36,East,Business,Construction,2025Q3,82278.75,746.0,26.94,84.96,66.85,266276.74,0.495,0.05984,0,0.0146,-0.1072,-0.0189,0.0227,0.0,0.0
3886,45,North,Salaried,Healthcare,2025Q3,61685.1,629.0,46.71,68.92,45.07,92384.31,0.4417,0.15665,1,0.0,0.0324,0.0194,0.0319,0.0,-0.0188
3887,33,East,Business,Transport,2025Q3,84141.84,566.0,43.33,39.47,66.12,249446.02,0.4042,0.33155,0,0.0685,0.163,0.0143,-0.0281,0.0,0.0
3888,39,East,Business,IT,2025Q3,67609.06,,46.67,9.27,32.31,151798.97,0.2549,0.0928,0,0.0114,-0.0265,0.0092,-0.0437,0.0,0.0
3889,41,North,Salaried,Construction,2025Q3,71119.11,616.0,29.21,0.0,40.53,63220.86,0.5327,0.07289,0,0.0082,0.0244,-0.018,-0.0587,0.0,-0.0096
3890,36,South,Salaried,IT,2025Q3,62264.43,765.0,37.2,92.1,54.83,157774.35,0.3598,0.06032,0,0.0141,-0.1358,-0.0036,0.0255,0.0,-0.0079
3891,31,East,Business,Construction,2025Q3,78792.61,733.0,44.67,44.18,61.23,173096.86,0.3775,0.05993,0,0.0244,-0.0977,0.0066,-0.0053,0.0,0.0
3892,28,West,SelfEmployed,Transport,2025Q3,98732.73,574.0,62.72,64.79,35.96,256503.15,0.4928,0.54413,1,0.1175,0.206,0.1121,0.0432,0.0291,0.0736
3893,21,North,Business,Transport,2025Q3,73596.6,648.0,42.9,27.13,64.99,177941.46,0.3574,0.15413,1,0.0817,0.0033,0.0086,-0.0453,0.0,0.0
3894,32,West,Salaried,Manufacturing,2025Q3,73979.99,609.0,21.95,41.24,70.43,189568.62,0.3204,0.19376,0,0.0449,0.054,-0.0566,-0.0152,0.0161,-0.0174
3895,51,East,Salaried,Retail,2025Q3,70753.72,581.0,42.29,42.36,55.71,170746.78,0.4671,0.13736,1,-0.026,0.0863,0.0066,-0.0139,0.0,-0.0183
3896,26,East,Salaried,Transport,2025Q3,63518.62,656.0,35.36,53.31,16.84,207156.74,0.3509,0.17159,0,0.0594,-0.0091,-0.0129,0.0053,0.0,-0.0168
3897,29,South,Salaried,Manufacturing,2025Q3,57253.54,716.0,6.02,49.98,62.09,146486.53,0.3983,0.04413,0,0.0162,-0.0448,-0.041,-0.0,0.0,-0.0056
3898,64,East,Business,Manufacturing,2025Q3,109233.81,654.0,8.48,27.71,96.3,251489.28,0.3569,0.03506,0,-0.021,-0.0014,-0.0261,-0.0093,0.0,0.0
3899,37,East,Business,Manufacturing,2025Q3,96081.02,625.0,36.94,27.48,69.15,95361.67,0.3275,0.17186,0,0.0255,0.0307,-0.0077,-0.0366,0.0,0.0
3900,48,South,Salaried,Healthcare,2025Q3,70295.79,510.0,38.28,46.21,60.31,193766.07,0.3452,0.33197,1,-0.0189,0.2364,-0.0077,-0.0102,0.0,-0.0272
3901,51,West,Business,Retail,2025Q3,89835.18,615.0,33.28,9.41,52.55,282535.87,0.4478,0.11605,0,-0.0157,0.0288,-0.0124,-0.0517,0.01,0.0
3902,51,West,Business,Transport,2025Q3,88244.54,698.0,52.15,29.89,71.54,187177.35,0.4984,0.09575,0,-0.0124,-0.0454,0.0151,-0.0184,0.0078,0.0
3903,27,South,SelfEmployed,Transport,2025Q3,59297.05,569.0,23.04,44.61,64.17,159206.47,0.5341,0.39735,0,0.1028,0.1659,-0.0798,-0.0147,0.0,0.0639
3904,41,East,Salaried,Healthcare,2025Q3,76118.23,747.0,15.82,56.74,74.15,128389.12,0.3955,0.02796,0,0.0032,-0.0548,-0.0186,0.0024,0.0,-0.0039
3905,26,South,Salaried,Transport,2025Q3,52948.33,620.0,24.79,81.08,38.07,94594.24,0.552,0.18336,0,0.0842,0.0554,-0.0601,0.0618,0.0,-0.0227
3906,71,East,Salaried,IT,2025Q3,126963.21,673.0,28.24,37.52,62.43,362237.68,0.3766,0.03052,0,-0.0313,-0.0086,-0.0079,-0.0049,0.0,-0.0038
3907,26,East,Business,Manufacturing,2025Q3,122724.93,633.0,37.07,48.79,50.78,185568.26,0.499,0.21891,0,0.076,0.0297,-0.01,-0.0024,0.0,0.0
3908,32,North,Business,IT,2025Q3,69677.04,580.0,25.24,6.92,67.43,183304.48,0.4126,0.12134,0,0.0441,0.0808,-0.0446,-0.0836,0.0,0.0
3909,33,North,Salaried,Construction,2025Q3,71092.05,690.0,3.73,55.37,21.09,205209.85,0.3554,0.05604,0,0.0152,-0.0281,-0.0527,0.0033,0.0,-0.0066
3910,28,South,Business,Transport,2025Q3,94984.14,,2.0,27.99,52.15,270489.35,0.5031,0.06785,0,0.0366,0.0277,-0.0946,-0.0272,0.0,0.0
3911,59,West,SelfEmployed,Construction,2025Q3,92416.52,603.0,39.97,41.22,70.85,219205.93,0.4786,0.22571,0,-0.0654,0.0645,-0.0001,-0.0161,0.0171,0.0403
3912,71,South,Business,Construction,2025Q3,97100.96,498.0,19.94,58.47,74.07,149207.93,0.5311,0.228,0,-0.1463,0.1648,-0.0749,0.0166,0.0,0.0
3913,39,West,SelfEmployed,Construction,2025Q3,110487.12,749.0,5.91,59.39,59.39,299459.51,0.2738,0.04041,0,0.0069,-0.0801,-0.0415,0.0048,0.005,0.0116
3914,29,South,Business,Healthcare,2025Q3,89550.83,660.0,48.0,16.02,16.79,83412.48,0.5063,0.13741,0,0.0442,-0.0133,0.0176,-0.055,0.0,0.0
3915,21,North,Business,Transport,2025Q3,75736.43,735.0,62.72,65.64,72.83,164897.35,0.4519,0.1786,0,0.0761,-0.1741,0.0555,0.0251,0.0,0.0
3916,41,West,SelfEmployed,Manufacturing,2025Q3,107109.4,702.0,36.49,47.14,91.68,291789.72,0.3771,0.11841,0,0.0105,-0.0695,-0.007,-0.0034,0.0112,0.026
3917,41,East,Business,IT,2025Q3,101864.2,735.0,42.3,75.88,43.22,278297.73,0.4444,0.08287,0,0.008,-0.1033,0.0034,0.0205,0.0,0.0
3918,37,South,Salaried,Transport,2025Q3,68537.17,622.0,42.43,80.16,51.48,104899.78,0.525,0.2774,0,0.039,0.0524,0.0089,0.0606,0.0,-0.0228
3919,46,North,Salaried,Construction,2025Q3,59920.64,567.0,2.0,83.33,76.13,167563.58,0.3977,0.14514,0,-0.0041,0.097,-0.1374,0.0507,0.0,-0.0181
3920,48,North,SelfEmployed,Transport,2025Q3,78420.03,712.0,52.22,16.66,76.66,156534.52,0.3474,0.06947,0,-0.0057,-0.0603,0.0145,-0.0313,0.0,0.0174
3921,48,North,Business,Manufacturing,2025Q3,115986.82,,57.84,56.85,81.94,254573.11,0.3978,0.18506,0,-0.0105,-0.0273,0.038,0.0097,0.0,0.0
3922,41,South,Business,Construction,2025Q3,100277.54,628.0,67.39,13.3,80.29,218336.74,0.2575,0.17481,0,0.0162,0.0336,0.0687,-0.0754,0.0,0.0
3923,32,East,Business,Retail,2025Q3,76540.0,711.0,31.0,76.63,29.36,70135.75,0.4326,0.11165,0,0.0302,-0.0831,-0.0185,0.027,0.0,0.0
3924,51,South,Business,Manufacturing,2025Q3,128798.14,681.0,19.84,79.76,50.41,361260.52,0.4895,0.06391,0,-0.0126,-0.0275,-0.0334,0.0214,0.0,0.0
3925,44,North,Business,Healthcare,2025Q3,87870.02,703.0,,69.52,72.53,69067.59,0.4546,0.18426,0,0.0032,-0.0825,0.0393,0.0247,0.0,0.0
3926,54,North,Business,Transport,2025Q3,117475.32,590.0,45.98,38.66,58.28,387200.82,0.4868,0.18136,0,-0.0392,0.0758,0.0165,-0.0204,0.0,0.0
3927,53,South,Salaried,Manufacturing,2025Q3,87760.7,726.0,51.99,59.97,67.32,77640.15,0.4828,0.04756,0,-0.0137,-0.0673,0.012,0.0063,0.0,-0.007
3928,28,West,Business,Manufacturing,2025Q3,111093.15,660.0,27.65,35.85,57.39,335531.86,0.416,0.1565,0,0.0458,-0.0131,-0.031,-0.0207,0.0132,0.0
3929,28,South,Business,Transport,2025Q3,89854.82,734.0,42.34,48.3,51.28,100779.99,0.2724,0.07144,0,0.0306,-0.105,0.0036,-0.0016,0.0,0.0
3930,36,North,SelfEmployed,Retail,2025Q3,77330.87,726.0,21.15,45.97,55.16,139227.8,0.4113,0.07335,0,0.0138,-0.0736,-0.0272,-0.003,0.0,0.0161
3931,32,East,Salaried,IT,2025Q3,61681.57,707.0,37.92,4.04,37.56,95764.64,0.5117,0.06061,0,0.015,-0.0403,-0.002,-0.0343,0.0,-0.0061
3932,52,West,Salaried,Transport,2025Q3,82623.29,652.0,32.43,30.19,45.53,178150.47,0.4557,0.10044,0,-0.0142,-0.0015,-0.0108,-0.0176,0.0076,-0.0084
3933,48,East,Salaried,Construction,2025Q3,66242.85,708.0,75.5,97.96,58.66,168643.23,0.3774,0.18752,1,-0.0128,-0.1141,0.0832,0.0706,0.0,-0.0185
3934,56,East,Business,IT,2025Q3,76899.34,736.0,46.78,46.09,59.03,175779.79,0.4601,0.04284,0,-0.0145,-0.0601,0.0052,-0.0019,0.0,0.0
3935,48,West,Business,Transport,2025Q3,99857.24,701.0,3.57,51.53,71.35,143263.92,0.4405,0.02792,1,-0.0033,-0.0279,-0.0392,0.0007,0.0043,0.0
3936,46,East,Business,Transport,2025Q3,82896.67,,37.98,47.81,54.3,207196.57,0.4018,0.08387,0,-0.0023,-0.0242,-0.0034,-0.0022,0.0,0.0
3937,57,West,Salaried,Manufacturing,2025Q3,77748.85,708.0,43.89,38.97,93.52,162697.9,0.4167,0.04281,0,-0.018,-0.0394,0.0035,-0.0065,0.0052,-0.0058
3938,49,North,Salaried,Retail,2025Q3,78600.88,624.0,30.42,48.79,84.6,149912.85,0.4112,0.10577,0,-0.0114,0.0248,-0.02,-0.0014,0.0,-0.0122
3939,45,East,Salaried,Manufacturing,2025Q3,77540.02,,20.36,39.05,49.95,187900.05,0.4371,0.01925,0,0.0,-0.0484,-0.0098,-0.0029,0.0,-0.0026
3940,60,West,Business,Retail,2025Q3,105232.77,546.0,48.57,0.0,63.96,248490.79,0.3919,0.19892,0,-0.0697,0.1131,0.0236,-0.1047,0.0168,0.0
3941,45,West,SelfEmployed,Construction,2025Q3,115889.32,662.0,22.62,65.3,84.26,62695.59,0.4497,0.12711,0,0.0,-0.0165,-0.047,0.0205,0.0137,0.0321
3942,41,South,Salaried,Retail,2025Q3,84922.83,,47.21,83.48,47.19,208432.03,0.5033,0.24445,1,0.0192,0.0331,0.0245,0.0632,0.0,-0.0219
3943,35,East,Salaried,Healthcare,2025Q3,105540.68,616.0,21.27,22.39,45.05,171063.72,0.4584,0.10501,0,0.024,0.0308,-0.0414,-0.036,0.0,-0.012
3944,52,North,Business,Retail,2025Q3,89998.17,681.0,29.46,38.92,85.99,65364.29,0.4366,0.05008,0,-0.0113,-0.0209,-0.0122,-0.0074,0.0,0.0
3945,58,East,Business,Construction,2025Q3,117406.97,583.0,53.3,81.0,73.83,131947.43,0.4566,0.25589,0,-0.079,0.1235,0.0505,0.0688,0.0,0.0
3946,43,South,Business,Transport,2025Q3,82898.57,806.0,,31.03,81.48,107504.46,0.4157,0.02462,0,0.0013,-0.095,0.0025,-0.0059,0.0,0.0
3947,58,East,Salaried,Construction,2025Q3,78199.63,568.0,38.5,56.53,66.31,221105.74,0.4275,0.22497,1,-0.0612,0.1006,-0.0046,0.0115,0.0,-0.0188
3948,22,East,Salaried,Healthcare,2025Q3,94519.77,595.0,37.52,100.0,54.9,182430.4,0.4363,0.4008,1,0.1467,0.1387,-0.0122,0.1376,0.0,-0.0297
3949,43,South,Salaried,Transport,2025Q3,60973.33,589.0,39.45,61.91,33.16,32391.43,0.3768,0.23103,0,0.0098,0.0974,-0.002,0.0243,0.0,-0.0219
3950,44,North,Business,Retail,2025Q3,50528.79,673.0,25.34,49.51,62.74,141658.09,0.3979,0.08417,1,0.002,-0.0202,-0.0238,-0.0004,0.0,0.0
3951,36,South,SelfEmployed,Healthcare,2025Q3,63756.91,729.0,13.73,67.4,84.64,153309.25,0.2395,0.06997,0,0.0148,-0.0824,-0.043,0.0125,0.0,0.0172
3952,70,East,Salaried,Healthcare,2025Q3,62950.17,696.0,47.11,65.09,84.88,104299.98,0.4137,0.03663,0,-0.0455,-0.0301,0.0063,0.0079,0.0,-0.006
3953,43,East,SelfEmployed,Healthcare,2025Q3,65676.16,760.0,62.48,33.43,81.42,173107.86,0.4383,0.0782,0,0.0037,-0.1348,0.0249,-0.0145,0.0,0.0177
3954,40,East,Salaried,IT,2025Q3,56644.02,604.0,47.67,9.8,75.74,158809.67,0.4382,0.11669,0,0.0168,0.0531,0.0183,-0.0715,0.0,-0.0158
3955,44,North,Salaried,IT,2025Q3,76335.07,705.0,42.07,61.07,100.0,148671.86,0.4819,0.06057,0,0.002,-0.056,0.0029,0.009,0.0,-0.0091
3956,22,East,Business,Retail,2025Q3,34007.26,639.0,18.66,64.36,28.97,69893.85,0.5382,0.15785,0,0.0809,0.018,-0.0748,0.0253,0.0,0.0
3957,36,East,Salaried,Construction,2025Q3,90027.14,676.0,52.03,41.45,64.62,63252.1,0.4171,0.11972,0,0.0247,-0.0343,0.0237,-0.0115,0.0,-0.0135
3958,55,North,SelfEmployed,IT,2025Q3,59836.15,735.0,45.7,84.19,41.26,105742.92,0.318,0.07487,0,-0.0252,-0.1091,0.0087,0.0278,0.0,0.0212
3959,37,South,Salaried,Retail,2025Q3,67100.49,545.0,50.16,79.78,91.05,95082.57,0.5516,0.404,0,0.0551,0.2508,0.0501,0.087,0.0,-0.03
3960,35,South,Business,Transport,2025Q3,76765.21,795.0,54.54,65.04,48.95,94149.4,0.4479,0.0615,0,0.0135,-0.174,0.0139,0.0091,0.0,0.0
3961,58,South,Salaried,Manufacturing,2025Q3,103156.31,650.0,63.38,41.87,80.17,168993.09,0.4634,0.11217,0,-0.0418,0.0,0.039,-0.0101,0.0,-0.0126
3962,59,North,Salaried,Construction,2025Q3,95527.78,551.0,20.16,2.0,51.01,148179.06,0.4202,0.09891,1,-0.0367,0.0562,-0.0373,-0.0582,0.0,-0.0101
3963,50,North,Salaried,Manufacturing,2025Q3,102463.71,613.0,17.38,44.16,68.41,126432.79,0.4707,0.07894,0,-0.012,0.028,-0.0442,-0.0059,0.0,-0.0102
3964,39,North,SelfEmployed,Healthcare,2025Q3,72693.84,667.0,40.37,7.6,57.83,269630.17,0.3966,0.10139,0,0.0144,-0.0185,0.0007,-0.0571,0.0,0.0245
3965,41,North,Business,Retail,2025Q3,79634.56,613.0,23.24,0.0,59.72,32846.07,0.3818,0.09778,0,0.0084,0.027,-0.0302,-0.0602,0.0,0.0
3966,35,North,Business,Transport,2025Q3,90030.24,521.0,20.47,62.24,66.67,236919.55,0.5014,0.32495,0,0.0633,0.2502,-0.0952,0.0339,0.0,0.0
3967,33,East,Salaried,Transport,2025Q3,84325.63,,57.52,73.79,78.39,232879.69,0.3437,0.19715,1,0.0516,-0.0334,0.0536,0.0445,0.0,-0.0211
3968,33,South,Salaried,Manufacturing,2025Q3,80651.24,611.0,21.85,5.09,57.81,45152.19,0.5016,0.11627,0,0.0262,0.0323,-0.0375,-0.0596,0.0,-0.0112
3969,37,South,Salaried,Retail,2025Q3,75192.66,704.0,37.82,42.36,77.83,109887.34,0.4311,0.07098,0,0.0134,-0.0504,-0.0029,-0.0063,0.0,-0.0083
3970,33,East,Business,Healthcare,2025Q3,84987.93,587.0,11.9,47.62,80.76,213718.5,0.4406,0.17673,0,0.0445,0.0814,-0.0983,-0.0043,0.0,0.0
3971,27,East,Salaried,Transport,2025Q3,59746.8,814.0,39.01,41.57,51.66,49012.6,0.3668,0.02937,0,0.0115,-0.1266,-0.0006,-0.003,0.0,-0.0036
3972,46,North,Salaried,IT,2025Q3,84878.74,695.0,56.93,17.67,97.7,211133.58,0.3259,0.08149,0,-0.0018,-0.0381,0.0182,-0.0285,0.0,-0.0078
3973,47,North,Business,Construction,2025Q3,130028.82,673.0,57.41,77.28,74.9,177455.51,0.3384,0.1697,0,-0.0081,-0.0388,0.0437,0.0414,0.0,0.0
3974,63,North,Business,Manufacturing,2025Q3,103433.68,702.0,54.72,18.28,51.37,110444.61,0.5479,0.04294,0,-0.026,-0.0305,0.0105,-0.0185,0.0,0.0
3975,37,East,Salaried,Retail,2025Q3,62839.18,536.0,36.75,5.12,72.28,123762.57,0.4553,0.23173,0,0.0375,0.1528,-0.0118,-0.1091,0.0,-0.0221
3976,47,South,Salaried,Retail,2025Q3,70460.99,626.0,55.78,17.76,80.77,77893.95,0.322,0.0976,0,-0.0063,0.0264,0.0309,-0.0492,0.0,-0.0139
3977,47,South,Salaried,Retail,2025Q3,85408.71,781.0,44.88,58.59,71.79,109851.92,0.4551,0.03641,1,-0.0019,-0.0939,0.003,0.0032,0.0,-0.0041
3978,41,East,Business,IT,2025Q3,49808.59,638.0,30.98,42.12,64.04,81398.28,0.3498,0.10633,0,0.0114,0.0134,-0.0206,-0.0104,0.0,0.0
3979,52,West,Business,Manufacturing,2025Q3,95468.89,656.0,44.11,31.05,5.0,192412.39,0.4715,0.07839,0,-0.0185,-0.0059,0.0069,-0.0217,0.01,0.0
3980,53,South,Salaried,IT,2025Q3,99651.64,628.0,52.17,59.61,40.65,270392.92,0.5531,0.1184,0,-0.0317,0.0292,0.0293,0.0145,0.0,-0.0164
3981,48,South,Business,Retail,2025Q3,84827.85,760.0,16.76,55.32,73.57,197177.0,0.3716,0.01942,0,-0.0022,-0.0551,-0.0145,0.0015,0.0,0.0
3982,41,South,Salaried,Transport,2025Q3,76360.68,643.0,21.03,0.0,40.26,219571.98,0.5226,0.03665,0,0.0055,0.0038,-0.0231,-0.0403,0.0,-0.0065
3983,40,East,Business,Transport,2025Q3,125068.04,575.0,35.7,59.39,70.28,325482.39,0.5125,0.2418,0,0.0272,0.1333,-0.0176,0.022,0.0,0.0
3984,29,East,SelfEmployed,IT,2025Q3,76168.8,835.0,18.45,73.99,77.69,250410.56,0.4886,0.03052,0,0.0116,-0.1737,-0.0169,0.008,0.0,0.0083
3985,35,East,Salaried,IT,2025Q3,27293.92,566.0,18.22,45.29,57.75,52756.59,0.5034,0.23738,0,0.0418,0.1119,-0.0799,-0.0093,0.0,-0.0202
3986,37,North,Salaried,Transport,2025Q3,44022.08,653.0,31.27,42.83,24.71,73164.83,0.3842,0.10634,0,0.0193,-0.0031,-0.0176,-0.0084,0.0,-0.0119
3987,32,South,Salaried,Transport,2025Q3,60381.94,603.0,53.87,89.67,45.26,183028.41,0.2773,0.40373,1,0.0827,0.1144,0.0639,0.1061,0.0,-0.029
3988,49,East,Business,Healthcare,2025Q3,80731.13,612.0,53.57,32.38,73.7,223478.25,0.3774,0.20526,0,-0.0164,0.0512,0.035,-0.032,0.0,0.0
3989,57,South,Business,Manufacturing,2025Q3,104260.9,588.0,43.14,44.36,85.14,288869.29,0.409,0.10697,0,-0.052,0.0749,0.0085,-0.0096,0.0,0.0
3990,34,West,Business,IT,2025Q3,76397.63,623.0,40.88,55.28,18.37,101206.46,0.5164,0.25473,0,0.0519,0.0502,0.0032,0.0114,0.0213,0.0
3991,47,South,Business,Retail,2025Q3,114389.29,727.0,71.4,49.07,61.62,213216.33,0.4977,0.10161,0,-0.005,-0.103,0.0426,-0.001,0.0,0.0
3992,33,South,Salaried,Transport,2025Q3,46156.03,531.0,29.37,42.01,30.65,35144.18,0.3815,0.35773,0,0.0689,0.2096,-0.0482,-0.0214,0.0,-0.0268
3993,41,South,Salaried,Retail,2025Q3,69265.01,746.0,41.86,49.96,61.81,62567.07,0.4917,0.03555,0,0.0049,-0.0793,0.0017,-0.0,0.0,-0.0058
3994,36,South,Business,IT,2025Q3,87410.65,734.0,28.58,82.52,56.86,168809.79,0.3362,0.07153,0,0.0164,-0.0984,-0.0182,0.024,0.0,0.0
3995,51,East,Business,IT,2025Q3,103140.42,695.0,17.4,65.77,100.0,120757.85,0.3451,0.04551,0,-0.0092,-0.0313,-0.028,0.0088,0.0,0.0
3996,37,North,Business,Construction,2025Q3,87042.49,669.0,56.96,46.36,49.22,152201.12,0.3102,0.13339,0,0.0282,-0.0305,0.0411,-0.006,0.0,0.0
3997,55,East,Business,Manufacturing,2025Q3,57197.08,,33.12,28.99,80.98,39830.23,0.4444,0.0743,0,-0.0152,-0.0176,-0.007,-0.0135,0.0,0.0
3998,41,East,Business,Construction,2025Q3,89499.26,757.0,49.12,31.92,80.18,236078.65,0.3432,0.04103,0,0.0046,-0.088,0.0073,-0.0104,0.0,0.0
3999,37,West,Business,Manufacturing,2025Q3,81686.42,541.0,34.06,68.9,56.1,224424.05,0.5707,0.46702,0,0.0537,0.2431,-0.0293,0.0543,0.029,0.0
4000,30,East,Business,Manufacturing,2025Q3,93653.98,709.0,57.95,12.95,62.38,193278.07,0.3342,0.1055,0,0.0302,-0.0717,0.0265,-0.0453,0.0,0.0
4001,47,West,SelfEmployed,Manufacturing,2025Q3,99413.47,609.0,22.04,100.0,60.01,297974.37,0.5004,0.23986,1,-0.0117,0.0836,-0.0791,0.107,0.0241,0.0577
4002,54,West,Business,Healthcare,2025Q3,104035.2,716.0,56.62,47.3,45.12,303259.36,0.3074,0.06898,0,-0.0195,-0.0688,0.0201,-0.0023,0.0079,0.0
4003,47,South,Business,IT,2025Q3,99036.95,618.0,52.31,17.67,43.39,101296.62,0.5213,0.1437,0,-0.007,0.0378,0.0275,-0.0542,0.0,0.0
4004,69,West,Business,IT,2025Q3,137542.9,708.0,9.29,52.0,51.8,373207.76,0.4166,0.02511,0,-0.0214,-0.02,-0.019,0.0005,0.0026,0.0
4005,60,West,Salaried,Healthcare,2025Q3,110805.33,555.0,29.73,30.38,37.23,59981.94,0.4842,0.15364,0,-0.0605,0.0893,-0.0275,-0.0319,0.0143,-0.0156
4006,41,North,Business,IT,2025Q3,92955.98,545.0,54.33,38.78,49.99,83616.87,0.4356,0.44634,0,0.0257,0.214,0.064,-0.0319,0.0,0.0
4007,41,East,Business,Manufacturing,2025Q3,126617.53,652.0,64.2,14.76,56.09,210938.17,0.3936,0.16315,1,0.0131,-0.0027,0.0494,-0.0597,0.0,0.0
4008,49,North,SelfEmployed,Manufacturing,2025Q3,76892.47,,49.45,42.75,63.24,180446.44,0.4294,0.06124,0,-0.0061,-0.105,0.009,-0.0047,0.0,0.0136
4009,35,East,Salaried,Construction,2025Q3,46262.02,696.0,31.66,1.3,68.87,80928.78,0.5561,0.05351,0,0.0107,-0.0277,-0.0078,-0.0332,0.0,-0.0055
4010,57,North,Business,Retail,2025Q3,102204.92,696.0,22.51,34.8,56.07,122017.43,0.3274,0.04391,0,-0.0132,-0.0216,-0.0138,-0.0067,0.0,0.0
4011,48,East,Business,Healthcare,2025Q3,87571.42,718.0,47.07,29.8,44.62,207977.41,0.3764,0.04765,0,-0.0044,-0.0527,0.0067,-0.0136,0.0,0.0
4012,47,South,Salaried,Construction,2025Q3,34023.86,633.0,31.18,36.95,68.51,79177.49,0.3844,0.072,0,-0.0049,0.0147,-0.0161,-0.0141,0.0,-0.0107
4013,52,East,Business,Transport,2025Q3,86157.15,702.0,31.86,31.19,75.82,239053.76,0.2884,0.03858,0,-0.0088,-0.0306,-0.0072,-0.0103,0.0,0.0
4014,63,North,Salaried,Manufacturing,2025Q3,98984.53,621.0,34.41,48.75,50.28,159173.1,0.3157,0.06729,0,-0.0481,0.0216,-0.0091,-0.0012,0.0,-0.0098
4015,46,East,Salaried,Construction,2025Q3,76455.5,639.0,52.11,67.54,40.35,206056.5,0.3727,0.1543,0,-0.0041,0.0171,0.0329,0.0289,0.0,-0.0183
4016,43,South,Salaried,Healthcare,2025Q3,60823.69,647.0,66.9,55.93,51.07,99948.67,0.3969,0.20524,0,0.0089,0.0053,0.0733,0.0112,0.0,-0.0201
4017,61,East,Business,Healthcare,2025Q3,106761.86,623.0,54.43,76.58,56.37,320352.59,0.5502,0.16895,0,-0.0767,0.0404,0.0394,0.0431,0.0,0.0
4018,55,South,Business,IT,2025Q3,102815.3,656.0,38.15,37.03,82.9,101093.59,0.5045,0.08533,0,-0.0223,-0.0048,-0.0027,-0.0118,0.0,0.0
4019,40,North,Business,Construction,2025Q3,99971.34,643.0,23.61,55.14,73.88,316565.24,0.3643,0.12516,0,0.0139,0.0079,-0.039,0.0063,0.0,0.0
4020,44,South,Salaried,Construction,2025Q3,64152.99,612.0,48.68,56.01,59.93,114619.24,0.5026,0.21205,0,0.0045,0.059,0.0265,0.0113,0.0,-0.02
4021,46,West,Business,Healthcare,2025Q3,108229.42,650.0,64.65,73.34,98.01,190541.81,0.3636,0.21205,0,-0.0053,0.0,0.0815,0.0491,0.022,0.0
4022,48,North,Business,Manufacturing,2025Q3,74668.43,,,31.93,59.3,192523.64,0.4131,0.08638,0,-0.0078,-0.0227,0.0226,-0.0212,0.0,0.0
4023,29,East,Salaried,Construction,2025Q3,53139.22,585.0,41.32,65.35,88.28,121800.94,0.4762,0.26111,0,0.0911,0.1366,0.0058,0.0396,0.0,-0.0272
4024,27,North,Salaried,Construction,2025Q3,90981.88,688.0,30.18,29.14,84.43,207543.49,0.583,0.08879,1,0.0304,-0.037,-0.0159,-0.0207,0.0,-0.0094
4025,34,East,Salaried,Healthcare,2025Q3,48270.2,626.0,43.52,35.46,83.01,100946.02,0.4574,0.22165,1,0.0387,0.0337,0.0096,-0.0258,0.0,-0.0174
4026,33,North,Business,Construction,2025Q3,68942.19,673.0,56.47,40.11,66.42,142570.9,0.3012,0.16464,0,0.0402,-0.037,0.0395,-0.0166,0.0,0.0
4027,37,South,Salaried,Healthcare,2025Q3,46844.0,615.0,41.72,57.97,62.34,43981.73,0.4993,0.21708,0,0.0346,0.0566,0.0056,0.0154,0.0,-0.0205
4028,51,South,Business,Retail,2025Q3,82109.21,731.0,36.35,24.09,60.1,158858.12,0.4901,0.02964,0,-0.0057,-0.0432,-0.0024,-0.0113,0.0,0.0
4029,42,North,Business,IT,2025Q3,91390.54,,27.0,27.15,77.0,212432.04,0.4723,0.03682,0,0.003,-0.0449,-0.0108,-0.0115,0.0,0.0
4030,46,South,Salaried,Retail,2025Q3,90217.76,589.0,79.43,33.81,44.21,84478.2,0.3693,0.3536,0,-0.0059,0.1212,0.1381,-0.0425,0.0,-0.0259
4031,31,South,Business,Construction,2025Q3,78664.51,696.0,23.75,49.07,54.74,91862.58,0.4213,0.08441,0,0.0254,-0.0476,-0.0284,-0.0009,0.0,0.0
4032,39,South,Salaried,IT,2025Q3,65355.58,758.0,22.27,27.4,93.34,105413.92,0.3883,0.02658,1,0.0036,-0.0502,-0.0098,-0.0072,0.0,-0.0029
4033,50,West,Salaried,Transport,2025Q3,58730.07,596.0,40.63,53.81,72.47,147433.78,0.588,0.23085,0,-0.0227,0.076,0.0019,0.007,0.0179,-0.0193
4034,51,South,Salaried,Healthcare,2025Q3,68911.65,601.0,34.77,40.13,79.08,103444.1,0.494,0.15136,0,-0.0199,0.049,-0.0121,-0.0138,0.0,-0.014
4035,36,West,Business,Healthcare,2025Q3,55671.36,710.0,54.37,62.47,35.58,74546.19,0.5438,0.14244,0,0.028,-0.1004,0.0315,0.0172,0.014,0.0
4036,46,South,Salaried,Construction,2025Q3,90758.07,571.0,54.91,49.38,51.36,146210.23,0.3984,0.28512,0,-0.0057,0.1403,0.0562,-0.0015,0.0,-0.0249
4037,68,North,Business,Construction,2025Q3,126809.32,607.0,18.57,86.55,66.68,338050.6,0.4252,0.10151,0,-0.0794,0.0379,-0.0487,0.0356,0.0,0.0
4038,44,North,SelfEmployed,IT,2025Q3,82971.94,591.0,25.91,50.67,59.17,108130.2,0.4051,0.23922,0,0.0048,0.0927,-0.0526,0.0014,0.0,0.0477
4039,36,South,Business,Retail,2025Q3,91446.12,711.0,23.99,21.2,35.49,131189.99,0.4844,0.04273,0,0.0099,-0.0401,-0.0162,-0.0177,0.0,0.0
4040,42,South,Business,Transport,2025Q3,104672.19,613.0,50.55,43.32,75.2,205452.01,0.5316,0.22009,0,0.0136,0.0595,0.0328,-0.0136,0.0,0.0
4041,45,West,SelfEmployed,Construction,2025Q3,86421.76,641.0,44.85,48.47,81.55,139842.1,0.4619,0.23768,0,0.0,0.0157,0.0154,-0.003,0.0189,0.0447
4042,42,East,Salaried,Manufacturing,2025Q3,98984.99,609.0,32.06,28.01,54.29,311329.79,0.4494,0.09439,0,0.0088,0.0412,-0.0183,-0.0316,0.0,-0.0136
4043,44,East,SelfEmployed,IT,2025Q3,65271.73,738.0,41.46,81.38,75.91,138608.11,0.4301,0.07457,0,0.0025,-0.1274,0.0026,0.0295,0.0,0.0242
4044,28,South,Salaried,Construction,2025Q3,55023.94,602.0,19.98,41.18,100.0,108740.05,0.3337,0.17076,0,0.0577,0.0628,-0.0646,-0.0156,0.0,-0.0178
4045,33,South,Salaried,Retail,2025Q3,57380.64,564.0,26.12,33.82,90.51,51326.06,0.4247,0.24244,0,0.0524,0.1218,-0.0514,-0.0352,0.0,-0.0213
4046,42,East,SelfEmployed,Healthcare,2025Q3,93550.29,562.0,17.2,51.99,55.19,123648.52,0.4318,0.27319,0,0.016,0.1437,-0.0972,0.0046,0.0,0.0539
4047,42,North,Salaried,Retail,2025Q3,48085.46,,40.33,28.06,37.93,121715.66,0.4065,0.04362,0,0.0041,-0.0423,0.0003,-0.0151,0.0,-0.0064
4048,38,North,Salaried,Healthcare,2025Q3,96363.54,712.0,40.27,69.26,64.6,196639.52,0.3536,0.10363,0,0.0147,-0.0733,0.0004,0.0171,0.0,-0.0103
4049,42,South,Salaried,Transport,2025Q3,84011.94,,22.25,64.84,100.0,85055.7,0.3263,0.05394,0,0.003,-0.0643,-0.0157,0.0061,0.0,-0.0047
4050,45,North,Salaried,Construction,2025Q3,108105.3,574.0,44.74,50.87,86.76,239439.84,0.3263,0.21668,0,0.0,0.1214,0.0171,0.0019,0.0,-0.0228
4051,54,East,Business,Construction,2025Q3,98969.72,644.0,54.91,61.01,59.88,224163.58,0.4642,0.1375,0,-0.0357,0.0084,0.0349,0.0164,0.0,0.0
4052,43,North,Salaried,Manufacturing,2025Q3,64894.25,825.0,21.51,37.01,91.24,71864.68,0.2565,0.01143,0,0.0006,-0.0617,-0.005,-0.0019,0.0,-0.0014
4053,48,North,SelfEmployed,Manufacturing,2025Q3,99127.91,639.0,32.78,14.94,83.37,102773.14,0.5113,0.09968,0,-0.0079,0.0105,-0.014,-0.0454,0.0,0.0243
4054,38,West,Salaried,Healthcare,2025Q3,88850.17,622.0,,40.84,22.01,195967.85,0.4632,0.22882,1,0.0287,0.0435,0.0186,-0.0177,0.018,-0.0194
4055,50,West,Business,Manufacturing,2025Q3,83240.42,659.0,37.9,36.97,81.23,178259.68,0.4953,0.0983,0,-0.0126,-0.0088,-0.0036,-0.0142,0.0097,0.0
4056,48,South,Salaried,Construction,2025Q3,43343.26,,16.05,3.2,62.38,112262.92,0.3401,0.02291,0,-0.0021,-0.0153,-0.0142,-0.0174,0.0,-0.003
4057,54,South,Business,IT,2025Q3,66827.22,695.0,30.95,24.73,42.67,195247.38,0.5609,0.03601,0,-0.0108,-0.0239,-0.0075,-0.0134,0.0,0.0
4058,52,East,Business,Construction,2025Q3,102604.93,618.0,30.42,20.93,61.83,121196.91,0.6163,0.06854,0,-0.0171,0.0245,-0.0167,-0.0324,0.0,0.0
4059,50,North,Business,Manufacturing,2025Q3,123823.41,620.0,35.27,24.82,68.29,218298.62,0.4404,0.12895,0,-0.0138,0.0269,-0.0091,-0.0316,0.0,0.0
4060,43,South,Business,Transport,2025Q3,66384.9,640.0,35.95,77.33,44.12,150759.26,0.4625,0.19403,1,0.008,0.0155,-0.0121,0.0428,0.0,0.0
4061,47,North,Business,Transport,2025Q3,88497.41,610.0,63.06,59.26,57.6,229971.06,0.4405,0.26699,0,-0.0112,0.0777,0.0809,0.0213,0.0,0.0
4062,56,South,Business,Manufacturing,2025Q3,95227.91,576.0,34.66,69.23,53.38,269055.12,0.534,0.21409,1,-0.0558,0.105,-0.0183,0.0358,0.0,0.0
4063,37,West,Salaried,Retail,2025Q3,103969.58,783.0,10.51,59.21,75.91,114682.22,0.4444,0.02442,0,0.0049,-0.0744,-0.0191,0.0025,0.0028,-0.0031
4064,37,East,Business,Healthcare,2025Q3,125056.52,632.0,39.46,71.83,53.97,377880.33,0.2918,0.16873,0,0.0358,0.0319,-0.0018,0.0414,0.0,0.0
4065,46,West,Salaried,Construction,2025Q3,85140.15,636.0,65.96,48.59,26.0,71766.32,0.3663,0.17114,1,-0.0047,0.0245,0.0736,-0.0028,0.0193,-0.0206
4066,49,East,Salaried,Healthcare,2025Q3,96364.01,638.0,35.33,81.34,51.05,53465.97,0.4631,0.14135,0,-0.0145,0.0157,-0.012,0.0409,0.0,-0.0156
4067,35,East,Salaried,Construction,2025Q3,83263.58,655.0,30.99,20.91,41.07,253517.1,0.4876,0.0821,0,0.0194,-0.0044,-0.0151,-0.0314,0.0,-0.0098
4068,43,East,Business,Transport,2025Q3,66754.21,690.0,33.12,46.51,34.12,106152.7,0.4254,0.07477,0,0.0038,-0.0368,-0.0101,-0.003,0.0,0.0
4069,43,East,Salaried,Transport,2025Q3,87373.41,628.0,47.35,25.45,83.61,236904.19,0.2995,0.16603,0,0.0061,0.0247,0.0155,-0.0366,0.0,-0.014
4070,21,South,Salaried,Healthcare,2025Q3,36647.08,737.0,33.05,75.32,76.07,120064.57,0.4416,0.09607,0,0.0466,-0.125,-0.0133,0.0244,0.0,-0.0114
4071,42,North,SelfEmployed,Transport,2025Q3,78812.36,701.0,13.75,57.24,40.66,184134.39,0.5556,0.06283,0,0.0054,-0.0474,-0.0436,0.0056,0.0,0.0175
4072,42,South,Salaried,Retail,2025Q3,94415.27,647.0,27.25,74.11,34.61,111061.57,0.2449,0.12908,0,0.0091,0.0036,-0.0313,0.029,0.0,-0.014
4073,42,North,Salaried,Healthcare,2025Q3,75356.8,615.0,36.96,17.12,57.95,113781.43,0.5149,0.09048,0,0.0082,0.0333,-0.0063,-0.0461,0.0,-0.0126
4074,60,South,Business,Healthcare,2025Q3,124944.94,,46.57,34.75,33.53,327335.58,0.5447,0.03497,0,-0.0169,-0.0475,0.0041,-0.0066,0.0,0.0
4075,31,North,Salaried,Retail,2025Q3,87386.74,649.0,28.68,8.75,55.16,67623.34,0.5033,0.07455,0,0.0257,0.0008,-0.0192,-0.0468,0.0,-0.0097
4076,35,East,Salaried,IT,2025Q3,35975.19,575.0,33.26,55.95,61.41,79308.35,0.4473,0.27133,0,0.0506,0.1279,-0.027,0.0136,0.0,-0.0239
4077,21,North,Salaried,Transport,2025Q3,18000.0,729.0,38.72,38.58,66.09,20000.0,0.4716,0.07856,1,0.0379,-0.0926,-0.0019,-0.0108,0.0,-0.0094
4078,39,North,Salaried,Construction,2025Q3,92117.66,611.0,,64.62,66.8,78306.75,0.4342,0.16633,0,0.0224,0.0523,-0.0447,0.0233,0.0,-0.0176
4079,40,South,Salaried,Retail,2025Q3,93743.33,719.0,36.53,48.7,44.39,160501.57,0.4467,0.0653,0,0.0073,-0.0589,-0.004,-0.0009,0.0,-0.007
4080,38,North,Business,Construction,2025Q3,89918.7,489.0,45.48,1.14,61.41,125526.17,0.4905,0.41884,1,0.0454,0.29,0.0257,-0.1446,0.0,0.0
4081,56,West,Salaried,Transport,2025Q3,93559.89,635.0,19.02,11.47,85.61,244332.96,0.4417,0.06856,1,-0.0164,0.0071,-0.0235,-0.0264,0.0053,-0.0059
4082,53,South,Salaried,Manufacturing,2025Q3,99874.86,739.0,,49.81,18.06,183531.19,0.3354,0.04343,0,-0.0092,-0.0578,0.0021,-0.0001,0.0,-0.0047
4083,45,South,Salaried,Transport,2025Q3,92339.36,660.0,20.56,58.25,66.51,216032.17,0.3869,0.07489,0,0.0,-0.0083,-0.033,0.0068,0.0,-0.0091
4084,40,North,Business,Retail,2025Q3,81624.69,701.0,20.88,0.0,36.43,188730.07,0.5396,0.03026,0,0.0043,-0.024,-0.015,-0.0261,0.0,0.0
4085,55,East,Salaried,Construction,2025Q3,102805.3,599.0,27.4,46.16,88.08,315538.0,0.3958,0.11664,0,-0.0306,0.0443,-0.0273,-0.0046,0.0,-0.0123
4086,44,East,Salaried,IT,2025Q3,69463.48,684.0,59.85,25.62,76.34,89727.95,0.2591,0.1142,1,0.0023,-0.0357,0.0277,-0.0271,0.0,-0.0103
4087,35,South,Salaried,Construction,2025Q3,71983.92,660.0,10.56,23.58,75.7,197714.35,0.7052,0.06588,0,0.0133,-0.0062,-0.0412,-0.0196,0.0,-0.0068
4088,25,North,Salaried,Manufacturing,2025Q3,62200.4,677.0,30.58,33.59,42.93,94800.85,0.3831,0.08944,1,0.0405,-0.0302,-0.0183,-0.0192,0.0,-0.0114
4089,39,East,Salaried,Healthcare,2025Q3,55730.1,,37.58,50.72,65.28,133500.01,0.3539,0.02933,0,0.0041,-0.0984,-0.0013,0.0002,0.0,-0.0033
4090,52,West,Salaried,Construction,2025Q3,69526.23,749.0,56.67,32.46,67.5,194054.85,0.3607,0.04427,1,-0.0088,-0.0742,0.0117,-0.0095,0.0046,-0.0052
4091,69,South,Salaried,Manufacturing,2025Q3,138413.96,714.0,69.17,4.3,12.58,363525.76,0.4064,0.03834,0,-0.0288,-0.0306,0.0139,-0.0221,0.0,-0.0039
4092,45,North,Business,Healthcare,2025Q3,75546.06,715.0,31.25,50.54,62.93,113057.46,0.344,0.05845,0,0.0,-0.0518,-0.0099,0.0003,0.0,0.0
4093,36,North,SelfEmployed,Retail,2025Q3,83159.27,598.0,46.63,40.28,72.27,92237.28,0.5649,0.3181,1,0.051,0.1072,0.0275,-0.0254,0.0,0.06
4094,31,North,Business,Transport,2025Q3,89436.39,628.0,36.49,27.36,31.72,231546.83,0.4192,0.13348,0,0.046,0.0299,-0.0097,-0.04,0.0,0.0
4095,50,East,Salaried,Healthcare,2025Q3,80124.11,556.0,36.38,41.23,72.04,175669.39,0.3768,0.22951,0,-0.0238,0.1212,-0.0121,-0.0177,0.0,-0.0203
4096,25,West,SelfEmployed,Healthcare,2025Q3,78686.82,574.0,,40.35,61.99,151849.37,0.2246,0.38872,1,0.1314,0.1881,0.0117,-0.0288,0.0295,0.0726
4097,50,West,SelfEmployed,Construction,2025Q3,95021.7,600.0,12.63,48.97,87.63,165326.96,0.5326,0.15927,1,-0.0194,0.06,-0.0866,-0.0016,0.0152,0.0358
4098,53,East,Business,Healthcare,2025Q3,83135.47,658.0,37.23,42.55,51.74,66719.65,0.3894,0.07544,0,-0.0187,-0.0069,-0.0043,-0.007,0.0,0.0
4099,49,North,Business,Manufacturing,2025Q3,104862.71,577.0,45.21,51.64,63.55,249445.25,0.4831,0.22359,0,-0.0212,0.1174,0.0187,0.0036,0.0,0.0
4100,42,West,SelfEmployed,Manufacturing,2025Q3,72095.28,657.0,24.24,46.93,66.83,137055.69,0.3507,0.14552,1,0.0094,-0.0091,-0.0407,-0.0043,0.0132,0.0309
4101,50,South,Salaried,IT,2025Q3,112432.05,650.0,45.32,66.03,5.0,362045.89,0.435,0.12878,0,-0.0165,0.0,0.0115,0.0201,0.0,-0.0141
4102,46,South,SelfEmployed,Retail,2025Q3,93224.25,583.0,10.34,82.86,52.91,224847.54,0.4488,0.17212,1,-0.0052,0.1096,-0.1243,0.065,0.0,0.0508
4103,35,East,Business,Transport,2025Q3,69997.24,764.0,39.5,47.67,61.73,214911.65,0.4613,0.04754,0,0.0116,-0.1043,-0.0005,-0.0013,0.0,0.0
4104,64,North,Salaried,Manufacturing,2025Q3,99861.21,570.0,59.47,34.32,12.87,77356.1,0.4687,0.16929,0,-0.0918,0.0962,0.0504,-0.0294,0.0,-0.0183
4105,40,East,SelfEmployed,Transport,2025Q3,63452.62,736.0,34.5,16.39,73.48,150924.8,0.3076,0.06048,0,0.0061,-0.0679,-0.0054,-0.0225,0.0,0.0122
4106,53,West,Business,IT,2025Q3,103440.02,507.0,22.35,62.22,61.72,264986.42,0.6697,0.2868,1,-0.0516,0.2402,-0.0826,0.0318,0.0262,0.0
4107,21,East,Salaried,Retail,2025Q3,50937.44,650.0,15.2,28.15,61.6,95195.72,0.4623,0.1405,0,0.0479,0.0,-0.056,-0.027,0.0,-0.0117
4108,58,East,Salaried,Construction,2025Q3,73416.32,579.0,44.25,99.65,74.42,156193.74,0.3768,0.30619,0,-0.078,0.1268,0.0166,0.1019,0.0,-0.0245
4109,60,South,Salaried,IT,2025Q3,74990.05,615.0,52.85,100.0,51.78,74222.08,0.4549,0.21449,0,-0.081,0.0596,0.0414,0.0869,0.0,-0.0215
4110,44,North,Salaried,Construction,2025Q3,119528.82,783.0,37.1,43.31,60.87,153626.96,0.4122,0.02369,0,0.0007,-0.076,-0.0015,-0.0021,0.0,-0.0032
4111,50,East,SelfEmployed,Construction,2025Q3,90745.06,636.0,30.58,11.37,77.3,201210.64,0.4711,0.08296,0,-0.0124,0.0121,-0.017,-0.0468,0.0,0.0222
4112,50,East,Business,Transport,2025Q3,88328.7,585.0,7.11,62.38,61.11,158059.88,0.4793,0.13863,1,-0.0169,0.0627,-0.0949,0.0161,0.0,0.0
4113,37,West,SelfEmployed,Healthcare,2025Q3,66511.47,693.0,39.98,94.17,23.12,180153.83,0.4321,0.19922,0,0.0364,-0.0923,-0.0001,0.0784,0.0201,0.0476
4114,50,North,Salaried,Healthcare,2025Q3,89580.99,636.0,26.97,19.13,61.03,230937.3,0.5058,0.06249,0,-0.0089,0.0086,-0.0174,-0.026,0.0,-0.0075
4115,35,South,Business,IT,2025Q3,71107.07,670.0,27.89,89.76,61.28,151232.23,0.4787,0.13579,0,0.0342,-0.0319,-0.0354,0.0544,0.0,0.0
4116,37,South,Business,Construction,2025Q3,64696.88,598.0,63.86,7.32,78.01,135928.3,0.5054,0.25718,0,0.0377,0.0868,0.0745,-0.1035,0.0,0.0
4117,56,East,Business,Manufacturing,2025Q3,100916.54,601.0,9.17,16.01,53.14,241490.54,0.3025,0.06221,0,-0.0201,0.0243,-0.0461,-0.0278,0.0,0.0
4118,55,East,SelfEmployed,Retail,2025Q3,92880.56,606.0,11.32,54.8,40.44,212760.49,0.3042,0.11443,0,-0.0336,0.0435,-0.0764,0.0061,0.0,0.0289
4119,36,West,SelfEmployed,Transport,2025Q3,68993.37,714.0,41.7,70.37,40.51,181537.61,0.3416,0.14842,0,0.0301,-0.115,0.0044,0.0292,0.015,0.0352
4120,36,North,Business,Construction,2025Q3,67456.74,645.0,31.84,46.54,88.85,139848.51,0.4094,0.12213,0,0.027,0.0063,-0.0204,-0.005,0.0,0.0
4121,37,South,Business,Healthcare,2025Q3,77362.51,589.0,29.7,57.89,65.79,68133.9,0.3881,0.24788,1,0.0382,0.1002,-0.0393,0.0167,0.0,0.0
4122,52,North,Salaried,Construction,2025Q3,74446.53,671.0,42.36,72.3,87.83,219334.49,0.3389,0.08256,0,-0.0193,-0.0231,0.0042,0.0219,0.0,-0.0115
4123,33,North,SelfEmployed,Construction,2025Q3,62849.44,665.0,42.09,74.84,90.73,47673.96,0.4414,0.27353,1,0.0563,-0.0316,0.0076,0.0505,0.0,0.0508
4124,48,South,Salaried,Transport,2025Q3,84277.0,699.0,,34.31,45.13,46330.83,0.3405,0.0391,0,-0.0032,-0.0254,-0.0151,-0.0075,0.0,-0.0046
4125,52,East,Salaried,IT,2025Q3,122972.1,627.0,28.53,29.0,43.6,350309.3,0.2433,0.07075,1,-0.015,0.016,-0.0178,-0.0198,0.0,-0.0089
4126,43,South,Salaried,IT,2025Q3,98771.77,655.0,38.79,71.18,57.45,197256.76,0.3171,0.15017,0,0.0065,-0.0066,-0.0029,0.0274,0.0,-0.0148
4127,55,South,Salaried,Transport,2025Q3,120554.55,689.0,40.67,57.99,72.29,319405.15,0.3651,0.06915,0,-0.0192,-0.0314,0.0008,0.0056,0.0,-0.0077
4128,41,East,Business,Construction,2025Q3,77781.56,591.0,45.73,60.95,31.97,93620.58,0.4275,0.24394,0,0.022,0.1112,0.0225,0.0257,0.0,0.0
4129,42,East,Business,IT,2025Q3,119044.39,720.0,28.67,33.45,69.1,203663.94,0.4749,0.05594,0,0.0035,-0.0471,-0.0107,-0.0093,0.0,0.0
4130,33,North,Salaried,Retail,2025Q3,69890.96,661.0,43.55,62.04,68.08,184153.68,0.4584,0.11018,0,0.0407,-0.0171,0.0094,0.0187,0.0,-0.017
4131,55,South,Business,Manufacturing,2025Q3,118354.54,585.0,53.21,23.92,37.49,218752.1,0.2898,0.203,0,-0.0438,0.0802,0.0346,-0.0495,0.0,0.0
4132,36,East,Salaried,Transport,2025Q3,76738.67,,38.75,53.44,38.19,220514.48,0.5665,0.24674,0,0.0445,0.1106,-0.0047,0.0077,0.0,-0.0233
4133,48,East,Business,Retail,2025Q3,88121.19,653.0,36.35,50.46,68.89,218783.98,0.4105,0.12388,0,-0.0082,-0.0032,-0.0071,0.0005,0.0,0.0
4134,43,East,Salaried,Manufacturing,2025Q3,87750.96,623.0,34.23,50.61,100.0,166122.73,0.4425,0.17282,0,0.0066,0.0319,-0.0144,0.0009,0.0,-0.015
4135,32,North,Salaried,IT,2025Q3,73628.75,711.0,28.12,65.19,54.1,201459.5,0.4158,0.07521,0,0.0232,-0.0659,-0.0195,0.0125,0.0,-0.0094
4136,37,East,Business,Manufacturing,2025Q3,52572.64,641.0,22.99,25.56,66.59,119450.86,0.3624,0.08875,0,0.0175,0.0081,-0.0334,-0.0282,0.0,0.0
4137,59,West,Business,Transport,2025Q3,101965.76,681.0,33.23,62.89,47.9,150774.67,0.4617,0.07677,0,-0.0313,-0.0267,-0.0097,0.0098,0.0077,0.0
4138,46,South,Business,Healthcare,2025Q3,108203.28,602.0,45.21,48.45,64.73,102182.61,0.2884,0.17244,0,-0.0046,0.0726,0.0164,-0.003,0.0,0.0
4139,33,South,Salaried,Manufacturing,2025Q3,70793.59,658.0,23.77,30.59,47.49,81994.25,0.5319,0.08023,0,0.0227,-0.0071,-0.0288,-0.0199,0.0,-0.0098
4140,47,West,Salaried,Transport,2025Q3,86850.48,749.0,36.79,18.92,54.82,204162.79,0.4079,0.02641,0,-0.0016,-0.0515,-0.0018,-0.0123,0.0031,-0.0035
4141,42,North,Salaried,Transport,2025Q3,60374.37,650.0,34.94,89.55,100.0,184395.85,0.4566,0.1387,0,0.0113,0.0,-0.0145,0.0559,0.0,-0.0173
4142,75,East,Salaried,Transport,2025Q3,108211.79,622.0,66.44,46.47,62.14,282029.55,0.4794,0.09975,0,-0.1107,0.0262,0.0413,-0.0041,0.0,-0.0121
4143,47,West,SelfEmployed,Manufacturing,2025Q3,84665.83,601.0,49.56,40.19,28.72,164300.35,0.4093,0.30196,0,-0.0113,0.0936,0.0364,-0.024,0.0232,0.0555
4144,40,North,Business,IT,2025Q3,83437.84,659.0,49.31,22.84,72.86,108033.95,0.526,0.12718,0,0.0134,-0.0104,0.0175,-0.0373,0.0,0.0
4145,60,East,Salaried,Healthcare,2025Q3,77873.38,756.0,52.72,71.95,82.59,177263.82,0.3324,0.04031,0,-0.0203,-0.0806,0.009,0.0093,0.0,-0.0051
4146,24,South,Salaried,Healthcare,2025Q3,74167.52,567.0,29.27,70.24,73.51,151810.57,0.3765,0.37064,0,0.1236,0.1786,-0.0512,0.0545,0.0,-0.0283
4147,45,West,SelfEmployed,Retail,2025Q3,90818.43,657.0,60.03,66.01,56.46,242980.43,0.437,0.25559,0,0.0,-0.0153,0.0707,0.0358,0.0228,0.0544
4148,66,West,Salaried,Transport,2025Q3,99901.86,543.0,40.55,46.66,41.65,160734.03,0.3547,0.15354,0,-0.1102,0.1281,0.0018,-0.0065,0.0185,-0.0198
4149,43,West,Business,IT,2025Q3,126714.12,,37.29,64.53,42.14,239344.21,0.3885,0.16262,1,0.0084,0.0285,-0.0085,0.0253,0.0177,0.0
4150,25,North,Business,IT,2025Q3,82128.39,678.0,18.56,29.88,56.21,162925.18,0.4386,0.10014,0,0.0349,-0.0274,-0.0401,-0.0209,0.0,0.0
4151,40,East,Business,IT,2025Q3,108708.94,553.0,31.57,52.79,52.66,149273.17,0.5203,0.34015,1,0.0282,0.1685,-0.0361,0.0069,0.0,0.0
4152,60,West,Salaried,Construction,2025Q3,95012.79,630.0,9.74,46.8,48.84,219851.34,0.4315,0.04983,0,-0.0275,0.0109,-0.0431,-0.0021,0.0062,-0.0069
4153,48,East,Salaried,Manufacturing,2025Q3,72943.05,680.0,34.03,53.88,84.31,112612.31,0.3447,0.08664,0,-0.0058,-0.0254,-0.0084,0.003,0.0,-0.0084
4154,35,East,Business,Manufacturing,2025Q3,63535.53,669.0,28.78,8.11,78.42,44993.38,0.3939,0.05614,0,0.0159,-0.0146,-0.0158,-0.04,0.0,0.0
4155,36,North,Salaried,IT,2025Q3,72845.02,683.0,31.63,89.13,85.34,26072.7,0.3625,0.12218,1,0.0264,-0.0476,-0.0205,0.0453,0.0,-0.0144
4156,38,West,Business,IT,2025Q3,37357.19,594.0,15.82,83.61,44.23,85512.7,0.4393,0.24607,0,0.0349,0.0975,-0.1009,0.0679,0.0218,0.0
4157,48,North,Salaried,Retail,2025Q3,84204.41,680.0,49.26,22.7,41.58,37904.77,0.3674,0.06443,0,-0.0055,-0.024,0.0108,-0.0238,0.0,-0.008
4158,59,South,Business,Transport,2025Q3,109877.17,619.0,47.48,60.7,61.55,184374.24,0.3602,0.13616,0,-0.0575,0.0388,0.0182,0.0158,0.0,0.0
4159,56,West,SelfEmployed,Transport,2025Q3,90583.78,709.0,65.04,15.29,68.3,202558.06,0.3187,0.08472,0,-0.0266,-0.0646,0.031,-0.0377,0.0087,0.0202
4160,49,West,Business,Retail,2025Q3,93537.41,503.0,64.58,49.85,61.43,187875.38,0.3319,0.57556,1,-0.0277,0.3514,0.1221,-0.0004,0.0299,0.0
4161,29,West,SelfEmployed,Retail,2025Q3,47678.95,640.0,40.5,0.0,66.94,82121.1,0.5175,0.13899,0,0.0552,0.0152,0.0014,-0.1031,0.0165,0.0389
4162,29,South,Salaried,Construction,2025Q3,87140.87,667.0,54.37,41.57,91.7,216501.92,0.4788,0.16798,0,0.0529,-0.0274,0.0359,-0.0144,0.0,-0.0172
4163,50,North,Salaried,Manufacturing,2025Q3,75029.48,752.0,42.18,37.27,55.63,43007.25,0.2935,0.0367,0,-0.0045,-0.0585,0.0013,-0.0049,0.0,-0.0038
4164,29,South,Business,Manufacturing,2025Q3,59702.33,666.0,31.16,73.45,76.14,77000.25,0.474,0.16142,0,0.0548,-0.0265,-0.0266,0.0364,0.0,0.0
4165,42,North,Business,Healthcare,2025Q3,98703.9,673.0,33.55,84.71,70.36,167588.92,0.4228,0.12676,1,0.0097,-0.0329,-0.0161,0.0425,0.0,0.0
4166,47,West,SelfEmployed,Construction,2025Q3,88393.61,686.0,48.22,85.2,61.91,125431.34,0.3115,0.17532,0,-0.0091,-0.0705,0.0249,0.0589,0.0184,0.0435
4167,31,East,SelfEmployed,Retail,2025Q3,65549.97,745.0,95.0,73.48,75.22,106939.71,0.3102,0.36328,0,0.0728,-0.2462,0.1677,0.0538,0.0,0.057
4168,33,South,Business,Manufacturing,2025Q3,72447.4,634.0,56.67,49.81,44.64,216043.73,0.4212,0.30193,0,0.0574,0.0314,0.057,-0.0004,0.0,0.0
4169,43,North,Salaried,IT,2025Q3,74698.5,565.0,41.94,56.54,40.62,61097.99,0.5165,0.26604,0,0.0111,0.1461,0.0077,0.0154,0.0,-0.0246
4170,50,South,Business,IT,2025Q3,120324.69,552.0,45.74,56.44,68.66,171165.29,0.5093,0.35264,1,-0.0305,0.1754,0.0238,0.0162,0.0,0.0
4171,56,West,Salaried,Healthcare,2025Q3,94951.84,705.0,45.6,22.03,27.24,276951.27,0.3652,0.03987,0,-0.0148,-0.0335,0.0044,-0.0164,0.0047,-0.0053
4172,51,East,Salaried,Transport,2025Q3,81380.65,675.0,36.56,73.21,70.23,181570.43,0.4555,0.08856,0,-0.0149,-0.0254,-0.0058,0.0205,0.0,-0.0104
4173,45,North,Business,IT,2025Q3,106943.81,643.0,50.1,63.18,37.44,316285.32,0.4169,0.15399,0,0.0,0.0111,0.028,0.0222,0.0,0.0
4174,36,North,Salaried,IT,2025Q3,68995.57,620.0,35.51,64.2,90.36,70964.02,0.3792,0.14942,0,0.0368,0.047,-0.0146,0.0255,0.0,-0.0196
4175,32,South,Salaried,Manufacturing,2025Q3,72127.94,672.0,21.82,0.0,52.07,189256.35,0.4966,0.04671,0,0.0152,-0.0132,-0.021,-0.0386,0.0,-0.0062
4176,38,North,Salaried,Manufacturing,2025Q3,73020.3,674.0,,57.96,89.06,230405.92,0.4316,0.1187,0,0.0202,-0.0322,0.0121,0.0102,0.0,-0.0139
4177,49,West,SelfEmployed,Transport,2025Q3,98816.05,,47.85,70.12,55.78,335298.12,0.4533,0.1625,0,-0.015,-0.0715,0.0192,0.0286,0.0149,0.0348
4178,48,East,Business,Retail,2025Q3,86305.4,585.0,35.67,47.66,54.93,66798.54,0.3624,0.21152,0,-0.0134,0.0881,-0.0138,-0.0044,0.0,0.0
4179,21,North,Salaried,Healthcare,2025Q3,34491.83,540.0,42.96,36.98,77.32,59517.68,0.4244,0.42382,0,0.1517,0.2461,0.0144,-0.0386,0.0,-0.0296
4180,35,East,Business,Construction,2025Q3,98923.27,598.0,53.37,18.03,65.86,125530.03,0.5113,0.19899,0,0.0457,0.0854,0.0438,-0.0746,0.0,0.0
4181,57,South,Business,Healthcare,2025Q3,129488.71,568.0,37.17,16.45,58.67,314648.75,0.4337,0.12329,1,-0.0447,0.0763,-0.0068,-0.0548,0.0,0.0
4182,45,North,Business,Healthcare,2025Q3,71946.14,565.0,30.85,51.4,51.92,62800.98,0.4394,0.29012,0,0.0,0.1273,-0.0345,0.003,0.0,0.0
4183,28,East,Salaried,Healthcare,2025Q3,64527.25,767.0,26.65,42.84,52.11,126916.75,0.3017,0.04226,1,0.014,-0.087,-0.011,-0.0033,0.0,-0.0046
4184,70,North,Salaried,Healthcare,2025Q3,91020.34,506.0,33.94,42.53,100.0,56727.33,0.4936,0.24219,0,-0.1342,0.15,-0.02,-0.0146,0.0,-0.0198
4185,44,South,SelfEmployed,Manufacturing,2025Q3,99600.82,692.0,62.56,81.64,26.49,139844.64,0.3265,0.28226,0,0.0048,-0.0898,0.0683,0.0587,0.0,0.0475
4186,48,East,Business,Manufacturing,2025Q3,98739.62,,34.83,20.37,35.95,287080.34,0.4316,0.03219,0,-0.003,-0.0403,-0.0038,-0.0146,0.0,0.0
4187,48,West,SelfEmployed,IT,2025Q3,147194.5,727.0,43.75,40.39,83.54,251385.23,0.3211,0.08677,0,-0.0061,-0.0848,0.0051,-0.0085,0.008,0.0185
4188,40,South,Salaried,Transport,2025Q3,66674.2,,32.81,85.27,82.04,170646.3,0.4006,0.10603,1,0.0143,-0.0386,-0.0163,0.0387,0.0,-0.0135
4189,36,East,SelfEmployed,Construction,2025Q3,104171.26,750.0,31.44,41.13,41.55,74643.43,0.5185,0.06981,0,0.0125,-0.099,-0.0102,-0.0062,0.0,0.0145
4190,67,North,Salaried,IT,2025Q3,125823.35,781.0,23.93,49.46,24.95,304652.98,0.4109,0.01331,0,-0.0096,-0.0353,-0.0043,-0.0001,0.0,-0.0014
4191,55,East,Salaried,Construction,2025Q3,95204.75,639.0,39.6,44.15,85.45,80296.79,0.4036,0.0637,0,-0.0258,0.0095,-0.0007,-0.0059,0.0,-0.0104
4192,53,North,Salaried,Construction,2025Q3,84467.5,690.0,29.73,63.53,39.06,85099.6,0.482,0.06271,0,-0.0136,-0.0295,-0.0124,0.0083,0.0,-0.007
4193,50,East,Salaried,Transport,2025Q3,82807.08,747.0,58.38,2.79,50.18,210026.62,0.3357,0.02583,0,-0.0044,-0.0525,0.009,-0.0217,0.0,-0.0037
4194,33,North,Salaried,Retail,2025Q3,65983.69,601.0,36.28,43.53,61.92,37259.55,0.3658,0.1965,0,0.0497,0.0747,-0.0125,-0.013,0.0,-0.0203
4195,58,West,Business,IT,2025Q3,123699.39,643.0,37.29,49.2,38.55,199273.03,0.4008,0.09116,0,-0.0383,0.0068,-0.0051,-0.0009,0.0104,0.0
4196,35,West,Business,Transport,2025Q3,66892.55,617.0,35.12,26.04,78.49,212886.33,0.5269,0.19644,0,0.0363,0.0457,-0.0143,-0.0449,0.0164,0.0
4197,47,South,Business,IT,2025Q3,90502.29,691.0,43.94,55.56,60.42,105814.19,0.4965,0.08058,0,-0.0047,-0.0445,0.0063,0.0053,0.0,0.0
4198,26,East,Salaried,Transport,2025Q3,54420.65,531.0,61.85,65.3,42.36,162649.01,0.4294,0.54026,1,0.1317,0.3112,0.108,0.0449,0.0,-0.0285
4199,22,North,Business,Manufacturing,2025Q3,39828.5,,21.36,57.94,44.12,33551.54,0.367,0.05133,0,0.0271,-0.1114,-0.0244,0.0051,0.0,0.0
4200,48,East,Business,Manufacturing,2025Q3,109760.47,696.0,42.44,87.14,85.94,129421.58,0.445,0.11065,0,-0.0088,-0.0621,0.0049,0.038,0.0,0.0
4201,35,North,Business,Retail,2025Q3,101732.55,700.0,12.9,38.47,54.42,247322.01,0.6043,0.05591,0,0.0122,-0.0349,-0.0343,-0.0073,0.0,0.0
4202,22,North,Salaried,Transport,2025Q3,44484.07,499.0,57.57,58.97,72.29,20901.25,0.4613,0.71286,0,0.1544,0.3914,0.082,0.0243,0.0,-0.0261
4203,50,East,Business,Retail,2025Q3,114642.38,589.0,36.27,58.47,59.8,268682.56,0.5595,0.21425,0,-0.0233,0.0863,-0.0122,0.0157,0.0,0.0
4204,67,South,Salaried,Healthcare,2025Q3,67894.16,761.0,14.08,42.82,24.91,202739.34,0.4086,0.01205,0,-0.0091,-0.025,-0.0072,-0.001,0.0,-0.0014
4205,59,East,Business,IT,2025Q3,104631.18,,17.59,72.93,74.94,183793.41,0.4965,0.08627,0,-0.0326,0.0015,-0.0382,0.0173,0.0,0.0
4206,41,South,Salaried,Healthcare,2025Q3,70727.35,543.0,51.02,54.34,81.48,139892.63,0.546,0.41062,1,0.0259,0.2192,0.0501,0.0121,0.0,-0.0285
4207,44,North,Business,IT,2025Q3,92279.48,675.0,11.37,21.58,96.85,149961.16,0.4328,0.05095,0,0.0011,-0.0128,-0.0306,-0.0163,0.0,0.0
4208,54,North,Salaried,Manufacturing,2025Q3,86185.81,706.0,42.45,64.51,21.99,199932.63,0.4056,0.09415,0,-0.0164,-0.0471,0.0028,0.0094,0.0,-0.0074
4209,56,East,Business,Healthcare,2025Q3,100113.25,696.0,31.14,37.01,5.0,198888.19,0.3948,0.0496,0,-0.0147,-0.0265,-0.008,-0.0069,0.0,0.0
4210,40,East,Salaried,Construction,2025Q3,65120.09,650.0,34.88,40.9,72.78,136345.55,0.4556,0.11007,0,0.0125,0.0,-0.01,-0.0107,0.0,-0.0118
4211,44,North,Salaried,Transport,2025Q3,73743.29,737.0,27.22,42.53,48.01,72511.18,0.4921,0.03143,0,0.0009,-0.0501,-0.0095,-0.0031,0.0,-0.0042
4212,47,South,Business,Construction,2025Q3,117937.98,612.0,22.75,64.18,31.4,265705.04,0.5466,0.15355,0,-0.0071,0.045,-0.0486,0.02,0.0,0.0
4213,50,East,Salaried,Retail,2025Q3,70683.06,697.0,30.2,71.74,62.15,146656.46,0.5079,0.07912,0,-0.0091,-0.0395,-0.013,0.0142,0.0,-0.0077
4214,43,East,Business,Construction,2025Q3,130396.12,669.0,47.15,44.49,51.01,190589.29,0.3836,0.09575,0,0.0056,-0.0233,0.0139,-0.007,0.0,0.0
4215,43,East,Business,IT,2025Q3,78367.04,651.0,33.32,43.23,34.48,150807.01,0.3817,0.13087,0,0.0052,-0.0011,-0.0135,-0.008,0.0,0.0
4216,59,South,Business,Construction,2025Q3,108521.07,634.0,44.74,2.96,58.34,176897.58,0.3669,0.06224,0,-0.029,0.0102,0.0057,-0.0451,0.0,0.0
4217,57,East,Business,Healthcare,2025Q3,112681.72,637.0,34.12,32.38,71.33,136371.71,0.4444,0.0749,0,-0.0278,0.0097,-0.0089,-0.0166,0.0,0.0
4218,49,East,Business,Healthcare,2025Q3,89948.39,662.0,47.78,27.17,63.5,93938.88,0.4979,0.09811,1,-0.0096,-0.0114,0.012,-0.0251,0.0,0.0
4219,63,South,Business,Construction,2025Q3,132682.54,640.0,,54.85,63.65,157803.89,0.3858,0.09214,0,-0.0555,0.0095,0.0081,0.0051,0.0,0.0
4220,40,North,Salaried,Transport,2025Q3,81913.81,710.0,29.35,45.64,68.87,94525.71,0.3919,0.05882,0,0.0068,-0.0458,-0.0121,-0.0028,0.0,-0.0065
4221,62,North,Business,Transport,2025Q3,103211.76,624.0,22.74,28.01,26.17,70791.84,0.4883,0.04943,0,-0.0332,0.0143,-0.0227,-0.0168,0.0,0.0
4222,50,East,Business,Retail,2025Q3,120782.77,767.0,53.29,51.36,58.97,301885.15,0.3609,0.05034,0,-0.0062,-0.0976,0.0098,0.0007,0.0,0.0
4223,75,North,Salaried,Healthcare,2025Q3,85321.15,621.0,24.99,46.51,64.8,85211.59,0.4224,0.05226,1,-0.0592,0.0133,-0.0165,-0.002,0.0,-0.0061
4224,31,East,Salaried,Transport,2025Q3,53821.3,723.0,46.01,0.0,52.44,79030.37,0.4911,0.0492,0,0.0154,-0.0544,0.0053,-0.037,0.0,-0.0059
4225,36,East,Salaried,Retail,2025Q3,78626.27,725.0,38.5,72.37,43.41,173536.45,0.4031,0.08666,0,0.0172,-0.088,-0.0023,0.0182,0.0,-0.0096
4226,49,South,Business,Construction,2025Q3,109626.4,671.0,30.59,70.24,45.08,256224.89,0.3625,0.09605,0,-0.0102,-0.0221,-0.0177,0.0192,0.0,0.0
4227,48,East,Salaried,IT,2025Q3,85107.19,,44.87,42.77,54.13,58621.39,0.43,0.09719,0,-0.0072,-0.0145,0.0077,-0.0074,0.0,-0.0104
4228,65,East,Business,Construction,2025Q3,107310.54,,59.89,55.76,78.29,269299.42,0.4762,0.16241,0,-0.093,0.0528,0.0484,0.0094,0.0,0.0
4229,37,North,Business,Construction,2025Q3,79874.01,625.0,48.01,40.84,90.54,58848.47,0.6366,0.18953,1,0.0331,0.04,0.0242,-0.018,0.0,0.0
4230,54,East,Business,Manufacturing,2025Q3,120065.22,675.0,40.07,12.7,86.47,231158.16,0.5403,0.03764,0,-0.0137,-0.0151,0.0001,-0.0266,0.0,0.0
4231,57,South,Salaried,IT,2025Q3,91727.1,657.0,63.94,95.6,28.79,262538.27,0.6804,0.22947,1,-0.0569,-0.0121,0.0628,0.0702,0.0,-0.0191
4232,52,South,Business,Construction,2025Q3,82199.7,740.0,11.21,64.49,41.21,133346.18,0.3108,0.02304,0,-0.0059,-0.0443,-0.0209,0.0044,0.0,0.0
4233,33,East,Business,Manufacturing,2025Q3,64061.76,629.0,20.2,68.69,73.15,197432.53,0.5461,0.2203,0,0.0432,0.0308,-0.0645,0.03,0.0,0.0
4234,59,East,Salaried,Healthcare,2025Q3,116442.3,633.0,30.57,41.74,86.01,280908.88,0.5577,0.06873,0,-0.0308,0.0115,-0.0136,-0.0069,0.0,-0.0084
4235,58,South,Salaried,IT,2025Q3,75362.29,547.0,60.71,72.77,40.66,123088.22,0.466,0.40266,0,-0.0867,0.2028,0.0877,0.0595,0.0,-0.0278
4236,51,West,SelfEmployed,Manufacturing,2025Q3,94909.16,704.0,53.09,17.85,63.67,78450.33,0.3772,0.09723,1,-0.0136,-0.0572,0.0177,-0.0341,0.0086,0.0199
4237,46,East,Salaried,IT,2025Q3,101816.32,698.0,10.54,42.6,37.36,285133.56,0.4697,0.04185,0,-0.001,-0.0232,-0.0267,-0.0032,0.0,-0.0043
4238,46,East,SelfEmployed,Construction,2025Q3,95257.93,,31.02,64.28,65.53,285981.96,0.3748,0.07489,0,-0.0019,-0.082,-0.0133,0.011,0.0,0.0182
4239,43,North,Salaried,Transport,2025Q3,61162.44,730.0,16.82,34.21,47.13,144527.52,0.308,0.02271,0,0.0015,-0.0369,-0.0158,-0.0056,0.0,-0.0035
4240,51,North,Salaried,Healthcare,2025Q3,63717.51,714.0,37.35,68.04,63.66,83972.79,0.2917,0.05672,1,-0.01,-0.0531,-0.003,0.0108,0.0,-0.007
4241,44,South,Salaried,Healthcare,2025Q3,109357.99,717.0,52.43,54.68,35.76,252161.64,0.2843,0.07372,0,0.002,-0.072,0.016,0.0039,0.0,-0.009
4242,35,East,Salaried,Transport,2025Q3,48859.04,701.0,53.61,52.61,27.32,20000.0,0.4283,0.11246,1,0.0254,-0.0701,0.0248,0.0031,0.0,-0.0127
4243,32,South,Salaried,Manufacturing,2025Q3,54941.15,712.0,42.29,32.16,100.0,106059.9,0.4595,0.05857,0,0.0208,-0.061,0.003,-0.0157,0.0,-0.0084
4244,36,East,Business,IT,2025Q3,90205.07,535.0,31.2,56.9,61.39,292049.23,0.3898,0.35945,1,0.0567,0.2285,-0.0419,0.0191,0.0,0.0
4245,46,North,Salaried,Healthcare,2025Q3,73560.19,585.0,36.47,90.52,100.0,103564.51,0.4889,0.18341,1,-0.0056,0.1186,-0.0143,0.086,0.0,-0.0246
4246,44,East,Business,Manufacturing,2025Q3,101028.49,574.0,48.93,51.86,90.18,236504.92,0.4922,0.28108,0,0.0058,0.1404,0.0355,0.0046,0.0,0.0
4247,46,East,Salaried,Healthcare,2025Q3,51080.1,746.0,75.56,60.23,27.29,37141.88,0.4216,0.09134,0,-0.0023,-0.1308,0.0434,0.0095,0.0,-0.0103
4248,50,East,Salaried,Healthcare,2025Q3,77312.81,607.0,19.04,63.48,67.24,176577.28,0.4969,0.10572,0,-0.0156,0.0416,-0.0517,0.016,0.0,-0.0132
4249,37,East,Business,Transport,2025Q3,96598.4,618.0,63.42,22.82,34.11,152514.65,0.4559,0.21748,0,0.0368,0.0556,0.0714,-0.062,0.0,0.0
4250,60,West,Business,Transport,2025Q3,117359.32,660.0,41.9,45.08,54.08,171892.15,0.5306,0.08692,0,-0.0387,-0.0089,0.0029,-0.0047,0.0088,0.0
4251,41,North,Business,Healthcare,2025Q3,77695.84,575.0,51.12,44.41,22.3,136119.23,0.5037,0.33729,0,0.0229,0.1411,0.0443,-0.0142,0.0,0.0
4252,39,East,Business,Construction,2025Q3,67809.22,686.0,40.96,1.25,28.52,174346.92,0.3145,0.07216,0,0.0089,-0.0268,0.0011,-0.0431,0.0,0.0
4253,49,West,Salaried,Construction,2025Q3,84046.84,515.0,60.47,65.36,42.9,217725.51,0.622,0.51791,1,-0.028,0.317,0.1011,0.046,0.03,-0.0299
4254,24,East,Salaried,Retail,2025Q3,34075.67,580.0,,27.5,49.09,67219.02,0.3751,0.28457,1,0.1039,0.1294,0.0132,-0.0581,0.0,-0.0251
4255,35,North,Salaried,Retail,2025Q3,90716.87,674.0,27.62,62.95,60.78,192859.83,0.4178,0.11083,0,0.0235,-0.0274,-0.0256,0.0137,0.0,-0.0118
4256,55,West,Salaried,Retail,2025Q3,88433.36,576.0,45.2,31.32,39.28,133351.61,0.6576,0.22932,0,-0.0445,0.09,0.0147,-0.0351,0.0168,-0.0182
4257,25,North,Business,Healthcare,2025Q3,61057.39,748.0,56.03,92.93,62.99,106464.34,0.4324,0.17625,0,0.0631,-0.2014,0.0393,0.0589,0.0,0.0
4258,56,South,Salaried,Transport,2025Q3,67518.97,663.0,38.0,41.87,82.72,160923.78,0.3571,0.06839,0,-0.0216,-0.0093,-0.0025,-0.0062,0.0,-0.0077
4259,61,North,Business,Construction,2025Q3,94604.98,737.0,4.81,90.27,65.48,115722.97,0.424,0.03285,0,-0.0147,-0.0407,-0.0263,0.0103,0.0,0.0
4260,40,South,Salaried,IT,2025Q3,43985.24,684.0,36.16,44.2,58.65,75166.08,0.4574,0.08004,1,0.0097,-0.032,-0.0058,-0.0052,0.0,-0.0092
4261,47,South,Salaried,Healthcare,2025Q3,87306.02,659.0,39.57,46.82,66.83,99249.02,0.4404,0.08126,0,-0.0049,-0.0087,-0.0007,-0.0033,0.0,-0.0107
4262,56,South,Business,Retail,2025Q3,87048.76,592.0,37.28,82.46,31.3,206511.48,0.4073,0.23108,0,-0.0568,0.0892,-0.0094,0.0589,0.0,0.0
4263,39,West,Salaried,Construction,2025Q3,78394.09,723.0,30.07,27.81,79.04,209472.32,0.2996,0.04657,0,0.0067,-0.0504,-0.0094,-0.013,0.0049,-0.0055
4264,54,South,Business,IT,2025Q3,109375.82,690.0,59.17,49.1,36.05,314012.43,0.3203,0.0904,1,-0.0237,-0.0446,0.0279,-0.0009,0.0,0.0
4265,37,South,Business,Healthcare,2025Q3,101787.95,802.0,2.0,59.87,91.04,304714.8,0.312,0.01905,0,0.0034,-0.0684,-0.019,0.0019,0.0,0.0
4266,39,West,SelfEmployed,Transport,2025Q3,83733.26,716.0,39.5,56.88,75.42,221651.56,0.508,0.08773,1,0.0163,-0.0984,-0.001,0.0083,0.0119,0.0277
4267,35,East,Business,Retail,2025Q3,102854.22,633.0,39.73,48.95,71.13,196117.95,0.3359,0.16822,0,0.0381,0.0262,-0.0008,-0.0019,0.0,0.0
4268,48,North,Salaried,Manufacturing,2025Q3,104249.99,,71.52,45.92,72.0,273375.56,0.4295,0.11297,0,-0.0098,-0.042,0.0562,-0.0056,0.0,-0.0142
4269,57,North,Business,Manufacturing,2025Q3,107047.87,689.0,,66.62,59.96,138399.84,0.5257,0.06299,0,-0.0259,-0.0344,-0.003,0.0122,0.0,0.0
4270,42,East,SelfEmployed,Manufacturing,2025Q3,87633.48,739.0,45.13,51.89,44.27,166252.49,0.4484,0.07963,0,0.0061,-0.1098,0.0074,0.0017,0.0,0.0199
4271,30,East,Salaried,IT,2025Q3,53065.47,,40.0,69.26,41.16,154571.86,0.5062,0.064,0,0.0243,-0.1203,0.0,0.0145,0.0,-0.0087
4272,32,East,Salaried,Retail,2025Q3,47122.76,649.0,39.51,56.62,95.03,98970.34,0.3809,0.21024,0,0.0441,0.0015,-0.0014,0.0106,0.0,-0.0172
4273,48,North,Business,Retail,2025Q3,117377.34,577.0,66.21,62.3,62.07,279424.75,0.5033,0.38275,0,-0.0197,0.1598,0.1109,0.0334,0.0,0.0
4274,64,East,Salaried,Retail,2025Q3,104603.39,534.0,20.21,72.94,37.7,243596.95,0.5602,0.16945,0,-0.0955,0.1289,-0.0685,0.0389,0.0,-0.0192
4275,48,East,SelfEmployed,Construction,2025Q3,99662.92,583.0,27.32,41.18,70.33,283808.85,0.5262,0.15846,0,-0.014,0.0951,-0.0444,-0.0178,0.0,0.0446
4276,40,East,Salaried,Retail,2025Q3,61467.23,620.0,,72.34,66.86,55760.97,0.5092,0.22521,0,0.0249,0.0557,0.0352,0.046,0.0,-0.0228
4277,52,West,Salaried,IT,2025Q3,112130.59,762.0,42.11,44.55,53.41,202654.23,0.2927,0.03046,0,-0.0067,-0.0703,0.0013,-0.0021,0.0035,-0.004
4278,41,East,Business,Healthcare,2025Q3,83884.95,763.0,33.47,17.19,42.04,267934.06,0.4413,0.02367,0,0.0027,-0.0596,-0.0036,-0.0123,0.0,0.0
4279,40,East,Business,Retail,2025Q3,72666.87,725.0,36.87,40.76,74.71,204558.53,0.4403,0.087,0,0.0071,-0.0641,-0.0035,-0.0062,0.0,0.0
4280,33,East,Business,Transport,2025Q3,70473.87,744.0,52.62,32.1,78.92,155601.19,0.3826,0.05175,0,0.0186,-0.1028,0.0144,-0.015,0.0,0.0
4281,59,East,Business,Healthcare,2025Q3,132481.45,612.0,45.76,56.26,66.45,187909.73,0.3924,0.15129,1,-0.0571,0.0459,0.0141,0.0093,0.0,0.0
4282,21,South,Salaried,Construction,2025Q3,35001.14,557.0,26.59,41.71,61.43,107826.34,0.4961,0.31733,0,0.1269,0.1763,-0.0611,-0.0221,0.0,-0.0268
4283,53,South,Business,Transport,2025Q3,85279.79,592.0,41.8,50.81,44.35,226199.56,0.3688,0.17725,0,-0.036,0.0775,0.0053,0.0015,0.0,0.0
4284,39,East,SelfEmployed,Transport,2025Q3,131373.17,522.0,,70.31,69.6,158410.61,0.4378,0.44143,1,0.042,0.3133,-0.0139,0.0609,0.0,0.0748
4285,39,East,SelfEmployed,Healthcare,2025Q3,96138.68,584.0,45.53,80.69,47.31,239763.48,0.526,0.42927,0,0.0406,0.1628,0.0269,0.0871,0.0,0.0716
4286,63,South,SelfEmployed,Construction,2025Q3,87604.99,626.0,32.86,54.44,34.55,242877.3,0.5193,0.12488,0,-0.0647,0.0255,-0.0161,0.0056,0.0,0.0285
4287,36,North,Business,Manufacturing,2025Q3,64033.95,,18.67,71.88,82.51,120923.31,0.4587,0.1229,0,0.0223,-0.0247,-0.0491,0.0232,0.0,0.0
4288,37,East,Business,Transport,2025Q3,54291.45,669.0,48.76,44.1,39.4,46298.78,0.3841,0.14885,1,0.0246,-0.0268,0.0196,-0.0086,0.0,0.0
4289,43,East,Business,Healthcare,2025Q3,91548.05,613.0,46.78,13.61,22.06,282543.77,0.3515,0.17239,0,0.0067,0.0431,0.0159,-0.0623,0.0,0.0
4290,49,South,Business,Construction,2025Q3,108304.37,,60.64,22.05,86.18,260287.02,0.348,0.05255,0,-0.0081,-0.0466,0.0238,-0.0266,0.0,0.0
4291,39,South,Business,IT,2025Q3,113538.37,614.0,16.94,43.69,25.11,302356.87,0.5429,0.1229,0,0.0176,0.038,-0.0607,-0.0087,0.0,0.0
4292,27,North,Salaried,Retail,2025Q3,26308.3,661.0,36.87,65.5,52.21,69615.86,0.4392,0.24735,0,0.0608,-0.018,-0.0091,0.025,0.0,-0.0179
4293,34,West,Business,Transport,2025Q3,57843.13,585.0,34.31,43.76,38.09,99005.92,0.4421,0.30899,0,0.0562,0.1167,-0.023,-0.015,0.023,0.0
4294,58,West,Business,Manufacturing,2025Q3,101148.09,734.0,31.66,74.09,45.52,316110.54,0.4112,0.03706,0,-0.0195,-0.0643,-0.0082,0.0115,0.0052,0.0
4295,45,East,Salaried,Construction,2025Q3,126778.06,661.0,13.34,88.3,100.0,280381.29,0.4784,0.09546,0,0.0,-0.0108,-0.0563,0.0325,0.0,-0.0107
4296,49,South,Business,Retail,2025Q3,111146.25,706.0,20.94,28.46,57.97,182687.13,0.3258,0.02914,0,-0.004,-0.0279,-0.0154,-0.0099,0.0,0.0
4297,41,East,Salaried,Manufacturing,2025Q3,79710.4,577.0,42.33,94.75,67.2,179992.61,0.4141,0.3432,0,0.0254,0.159,0.0107,0.1127,0.0,-0.0281
4298,37,South,Salaried,Retail,2025Q3,47351.38,672.0,30.0,12.04,75.81,139406.11,0.4715,0.08443,0,0.0115,-0.0153,-0.0124,-0.0317,0.0,-0.0072
4299,62,West,SelfEmployed,Healthcare,2025Q3,61740.26,699.0,24.78,88.67,47.06,147772.74,0.4295,0.0986,0,-0.0448,-0.052,-0.0267,0.0296,0.0088,0.0205
4300,42,North,Salaried,Healthcare,2025Q3,74599.29,521.0,60.89,47.26,81.5,60357.91,0.5611,0.38801,0,0.0207,0.2868,0.1002,-0.0082,0.0,-0.0299
4301,39,North,Business,Construction,2025Q3,84411.35,739.0,75.98,42.88,67.52,109525.35,0.4566,0.0941,0,0.015,-0.1344,0.0516,-0.0084,0.0,0.0
4302,56,East,SelfEmployed,Healthcare,2025Q3,89679.46,575.0,37.1,47.82,75.08,156458.43,0.392,0.22846,0,-0.0587,0.1136,-0.0104,-0.0046,0.0,0.0486
4303,36,North,Business,Healthcare,2025Q3,76652.19,674.0,13.97,30.4,45.5,60118.31,0.1521,0.05922,0,0.0131,-0.0172,-0.0381,-0.0152,0.0,0.0
4304,37,East,SelfEmployed,Retail,2025Q3,63929.63,782.0,44.34,81.03,68.88,171694.26,0.3976,0.08608,0,0.0153,-0.1938,0.0063,0.0239,0.0,0.0199
4305,44,East,Business,IT,2025Q3,73102.44,725.0,4.63,32.78,59.82,194516.72,0.3176,0.02187,0,0.0007,-0.0303,-0.0245,-0.0056,0.0,0.0
4306,44,North,Salaried,Construction,2025Q3,100711.14,559.0,16.4,35.58,82.6,264130.87,0.5,0.1478,1,0.0037,0.0926,-0.0727,-0.0242,0.0,-0.0165
4307,47,South,Salaried,Transport,2025Q3,62442.49,,44.62,17.66,49.19,105663.75,0.5554,0.07302,0,-0.0044,0.0017,0.0068,-0.0348,0.0,-0.0096
4308,67,East,Salaried,Retail,2025Q3,91429.33,,15.86,31.93,100.0,104236.89,0.3122,0.01114,0,-0.0099,-0.0209,-0.0072,-0.0028,0.0,-0.0015
4309,48,East,Salaried,Healthcare,2025Q3,78596.59,,33.26,32.59,66.77,208389.8,0.4953,0.13412,0,-0.0092,0.0441,-0.015,-0.0239,0.0,-0.0133
4310,21,South,Business,Retail,2025Q3,82713.05,636.0,14.26,31.12,57.5,123706.19,0.502,0.1404,0,0.0608,0.0169,-0.0717,-0.0285,0.0,0.0
4311,48,North,Salaried,Healthcare,2025Q3,63967.05,634.0,38.9,44.13,55.16,107842.25,0.4608,0.10005,0,-0.0086,0.0163,-0.0022,-0.0072,0.0,-0.0125
4312,44,East,Business,Transport,2025Q3,108305.22,699.0,55.97,23.48,59.86,150208.89,0.4366,0.09483,0,0.002,-0.049,0.0203,-0.0264,0.0,0.0
4313,44,South,Business,IT,2025Q3,80266.01,555.0,28.19,83.08,47.43,277398.87,0.2946,0.37174,0,0.0061,0.1816,-0.054,0.0809,0.0,0.0
4314,47,East,Salaried,Healthcare,2025Q3,75485.85,703.0,37.69,44.64,73.33,172108.07,0.4142,0.05627,0,-0.003,-0.0402,-0.0025,-0.0035,0.0,-0.0067
4315,44,East,SelfEmployed,Construction,2025Q3,113275.77,618.0,24.95,56.23,59.76,383889.88,0.438,0.17614,0,0.0041,0.0469,-0.0493,0.0109,0.0,0.0407
4316,43,North,SelfEmployed,Transport,2025Q3,65353.9,659.0,26.07,66.96,98.87,191881.39,0.5083,0.18987,0,0.0068,-0.0128,-0.0382,0.0236,0.0,0.0335
4317,51,East,Business,Transport,2025Q3,109976.28,645.0,24.7,92.55,51.33,122474.87,0.506,0.17234,1,-0.0208,0.0063,-0.0399,0.0493,0.0,0.0
4318,38,South,Business,Manufacturing,2025Q3,103383.0,701.0,50.57,68.02,57.59,265736.11,0.3688,0.1034,0,0.0208,-0.0782,0.0223,0.0228,0.0,0.0
4319,34,North,SelfEmployed,Manufacturing,2025Q3,80278.16,659.0,15.38,42.55,51.31,144677.66,0.2724,0.1409,0,0.0282,-0.0106,-0.0611,-0.0095,0.0,0.0276
4320,75,East,Business,IT,2025Q3,116484.45,758.0,32.69,24.4,97.38,235319.79,0.262,0.01597,0,-0.0151,-0.0258,-0.0018,-0.0042,0.0,0.0
4321,36,West,Business,IT,2025Q3,121762.67,727.0,44.56,55.44,31.09,224289.72,0.5132,0.1043,0,0.0193,-0.1007,0.0075,0.0054,0.0097,0.0
4322,45,East,Business,Retail,2025Q3,91350.78,606.0,52.56,71.37,61.87,69540.38,0.4367,0.26069,0,0.0,0.086,0.0474,0.0484,0.0,0.0
4323,28,North,Salaried,Transport,2025Q3,64973.4,753.0,,51.12,66.26,150072.58,0.2757,0.06448,0,0.0248,-0.1172,0.0062,0.0009,0.0,-0.008
4324,45,East,Business,IT,2025Q3,85542.52,682.0,36.84,49.43,37.44,160816.77,0.3105,0.11263,0,0.0,-0.0318,-0.0051,-0.0005,0.0,0.0
4325,34,North,Salaried,Transport,2025Q3,69419.47,672.0,28.9,52.7,100.0,72405.0,0.4383,0.11474,0,0.0246,-0.0241,-0.0219,0.0029,0.0,-0.0114
4326,39,East,Salaried,Manufacturing,2025Q3,88554.12,718.0,52.81,6.86,41.39,190676.5,0.4134,0.05663,0,0.0076,-0.0515,0.0112,-0.0321,0.0,-0.0062
4327,55,South,Salaried,Manufacturing,2025Q3,80644.5,589.0,24.12,51.22,60.67,89839.35,0.5813,0.17335,0,-0.0331,0.0553,-0.0381,0.0015,0.0,-0.0134
4328,49,North,Salaried,Healthcare,2025Q3,42246.45,566.0,24.36,64.11,93.68,112491.01,0.4505,0.17039,1,-0.0184,0.1085,-0.0543,0.0255,0.0,-0.0197
4329,50,South,Salaried,Healthcare,2025Q3,90344.26,662.0,59.64,46.99,52.5,82196.23,0.4542,0.11903,0,-0.0157,-0.0147,0.0359,-0.0039,0.0,-0.0133
4330,25,West,SelfEmployed,Construction,2025Q3,47189.98,,43.76,72.72,62.87,95561.38,0.435,0.43857,0,0.1289,0.0809,0.0183,0.0652,0.0291,0.0715
4331,64,North,Salaried,IT,2025Q3,107053.78,801.0,44.33,73.45,53.1,144709.76,0.4402,0.01921,0,-0.0135,-0.0768,0.0016,0.0048,0.0,-0.0025
4332,31,East,Salaried,Construction,2025Q3,63976.15,608.0,47.58,36.91,58.93,203754.15,0.583,0.17469,0,0.0616,0.071,0.0256,-0.0288,0.0,-0.0218
4333,61,East,Business,Manufacturing,2025Q3,122975.96,663.0,36.48,57.72,81.63,317679.06,0.4985,0.08802,0,-0.0374,-0.0105,-0.005,0.0061,0.0,0.0
4334,55,East,Business,Transport,2025Q3,83529.81,673.0,15.0,48.94,51.57,115508.63,0.5771,0.04185,0,-0.0144,-0.0129,-0.0285,-0.0006,0.0,0.0
4335,50,North,Business,Healthcare,2025Q3,86466.02,744.0,42.02,3.37,6.91,125345.14,0.4379,0.02228,0,-0.0037,-0.043,0.001,-0.0183,0.0,0.0
4336,35,North,Salaried,Retail,2025Q3,61479.35,592.0,37.71,43.88,59.34,133476.22,0.3209,0.20819,0,0.0441,0.09,-0.0079,-0.0128,0.0,-0.0212
4337,46,North,Business,Healthcare,2025Q3,65818.92,550.0,24.25,25.32,61.26,201070.84,0.3966,0.17791,0,-0.0042,0.1142,-0.0521,-0.0487,0.0,0.0
4338,39,East,Salaried,Construction,2025Q3,91205.56,755.0,20.58,50.95,63.91,136803.23,0.4564,0.03059,0,0.0047,-0.0616,-0.0142,0.0003,0.0,-0.0038
4339,44,West,SelfEmployed,Manufacturing,2025Q3,54442.39,665.0,37.26,63.02,56.33,122747.18,0.4029,0.19907,1,0.004,-0.0249,-0.008,0.0212,0.0165,0.0388
4340,41,West,Salaried,IT,2025Q3,92751.65,715.0,16.28,43.21,42.75,219194.67,0.4049,0.05223,0,0.0044,-0.0409,-0.0242,-0.0035,0.0046,-0.0052
4341,22,North,Salaried,Construction,2025Q3,63539.17,718.0,35.71,28.2,55.1,145164.96,0.3389,0.07122,0,0.0339,-0.0707,-0.0061,-0.0201,0.0,-0.0087
4342,56,North,Business,Retail,2025Q3,97920.39,,33.78,53.15,95.3,103202.34,0.5151,0.03448,0,-0.0131,-0.0492,-0.0048,0.0014,0.0,0.0
4343,43,North,SelfEmployed,IT,2025Q3,89012.09,634.0,36.09,100.0,59.16,69028.09,0.5556,0.2851,1,0.0114,0.0348,-0.0164,0.1068,0.0,0.0577
4344,39,West,SelfEmployed,IT,2025Q3,84919.2,616.0,44.44,0.21,73.06,158282.74,0.4211,0.16009,0,0.0238,0.0495,0.0129,-0.1063,0.0173,0.0407
4345,38,North,SelfEmployed,Healthcare,2025Q3,71092.3,524.0,47.95,53.12,39.33,146328.45,0.4541,0.53079,1,0.0489,0.3107,0.0397,0.0093,0.0,0.0749
4346,48,North,Business,Manufacturing,2025Q3,99666.7,592.0,26.62,36.04,54.17,178893.75,0.5498,0.11905,0,-0.0103,0.0601,-0.035,-0.0212,0.0,0.0
4347,34,East,Business,Healthcare,2025Q3,94861.3,664.0,51.92,38.63,39.99,155047.02,0.5063,0.2123,0,0.0363,-0.0213,0.0288,-0.0187,0.0,0.0
4348,21,East,Business,Construction,2025Q3,52995.71,612.0,34.49,45.7,85.87,60646.69,0.3103,0.26918,1,0.1094,0.0731,-0.022,-0.0102,0.0,0.0
4349,48,North,Business,Manufacturing,2025Q3,100531.51,582.0,66.05,40.43,28.88,246633.76,0.5057,0.27356,0,-0.0177,0.1291,0.0955,-0.0244,0.0,0.0
4350,50,East,Salaried,Retail,2025Q3,33826.15,663.0,28.63,61.24,67.45,53171.59,0.4626,0.08961,0,-0.0109,-0.0111,-0.0184,0.0094,0.0,-0.0093
4351,42,North,Salaried,Construction,2025Q3,39167.2,751.0,,42.68,66.81,22327.8,0.4071,0.01867,0,0.0018,-0.0441,-0.0165,-0.0021,0.0,-0.0029
4352,31,North,SelfEmployed,Retail,2025Q3,82161.48,656.0,51.34,0.44,65.52,76458.0,0.3552,0.13943,0,0.0449,-0.0089,0.0275,-0.0947,0.0,0.0355
4353,45,North,SelfEmployed,IT,2025Q3,77079.07,583.0,44.81,76.15,13.1,137567.2,0.3825,0.39491,0,0.0,0.1524,0.0223,0.0704,0.0,0.0675
4354,28,South,Salaried,Manufacturing,2025Q3,45938.11,747.0,57.23,72.84,19.54,72820.03,0.1457,0.11733,0,0.0402,-0.159,0.0307,0.0251,0.0,-0.0128
4355,33,West,Salaried,Healthcare,2025Q3,64845.54,607.0,42.95,34.65,62.34,146204.97,0.39,0.25399,0,0.0522,0.0705,0.01,-0.0332,0.0199,-0.0213
4356,36,East,Salaried,Construction,2025Q3,61372.87,761.0,75.44,49.09,41.54,126123.28,0.231,0.0556,0,0.0182,-0.1582,0.0426,-0.0009,0.0,-0.0101
4357,53,East,Salaried,Transport,2025Q3,66005.06,642.0,34.98,74.79,47.14,145543.29,0.387,0.13451,0,-0.0254,0.0089,-0.0109,0.0277,0.0,-0.0131
4358,40,South,Salaried,Manufacturing,2025Q3,42597.12,667.0,54.74,70.73,51.51,21484.29,0.4537,0.15826,0,0.019,-0.0283,0.038,0.0326,0.0,-0.0177
4359,39,East,Salaried,Retail,2025Q3,35773.17,766.0,29.59,77.86,38.94,67441.4,0.2935,0.03688,0,0.0067,-0.0997,-0.0099,0.0124,0.0,-0.0055
4360,66,West,SelfEmployed,Construction,2025Q3,116798.26,568.0,,56.24,35.49,294110.48,0.5628,0.20852,0,-0.1285,0.1371,0.0222,0.0143,0.0227,0.0541
4361,48,South,Business,IT,2025Q3,86695.01,589.0,,64.93,60.0,119392.55,0.6053,0.24846,0,-0.0168,0.1102,0.0332,0.0336,0.0,0.0
4362,48,West,Business,Healthcare,2025Q3,111751.89,638.0,51.32,78.99,21.88,156868.64,0.4507,0.28465,0,-0.0152,0.0225,0.0376,0.0558,0.0206,0.0
4363,40,East,Salaried,Healthcare,2025Q3,64312.3,650.0,50.42,40.45,49.88,92705.78,0.4762,0.15953,1,0.0158,0.0,0.0229,-0.0142,0.0,-0.0149
4364,37,East,Salaried,Manufacturing,2025Q3,75789.46,,2.0,57.69,46.65,125992.26,0.2315,0.01326,0,0.002,-0.065,-0.011,0.0009,0.0,-0.0013
4365,21,North,Salaried,Healthcare,2025Q3,52742.72,600.0,36.9,0.78,59.53,24669.42,0.4597,0.1793,0,0.0801,0.0683,-0.0094,-0.1047,0.0,-0.0186
4366,55,East,Business,Construction,2025Q3,101400.04,571.0,28.8,13.24,100.0,296672.4,0.3427,0.11848,0,-0.032,0.0641,-0.0251,-0.0536,0.0,0.0
4367,49,South,Salaried,Transport,2025Q3,81874.66,596.0,31.95,59.0,40.36,105459.12,0.3085,0.12728,0,-0.0158,0.0657,-0.0231,0.0142,0.0,-0.017
4368,42,West,Salaried,IT,2025Q3,65877.28,,33.47,62.36,68.13,164522.2,0.3171,0.08177,0,0.0077,-0.0303,-0.013,0.0132,0.0108,-0.0119
4369,42,West,Salaried,Healthcare,2025Q3,51766.81,693.0,53.64,39.48,64.42,20000.0,0.4001,0.09807,0,0.0073,-0.0515,0.0221,-0.012,0.0103,-0.0114
4370,52,South,Salaried,Retail,2025Q3,96690.37,612.0,41.24,34.66,71.2,122079.16,0.4375,0.09492,0,-0.022,0.0372,0.0026,-0.0206,0.0,-0.0131
4371,27,West,Business,Construction,2025Q3,104083.84,661.0,29.88,40.18,55.73,209188.6,0.4178,0.12769,0,0.0524,-0.0157,-0.0271,-0.0153,0.0143,0.0
4372,38,West,SelfEmployed,Manufacturing,2025Q3,108165.88,792.0,14.51,52.22,88.83,104063.28,0.2847,0.0332,0,0.0057,-0.1068,-0.0207,0.0008,0.0036,0.0083
4373,32,East,Business,Manufacturing,2025Q3,69941.14,662.0,62.53,0.0,73.71,229319.41,0.4318,0.16269,0,0.0369,-0.0161,0.0442,-0.0859,0.0,0.0
4374,63,North,Business,Healthcare,2025Q3,94602.93,682.0,27.64,58.24,74.02,198502.92,0.3607,0.04962,0,-0.0299,-0.0195,-0.013,0.0045,0.0,0.0
4375,54,North,Salaried,Retail,2025Q3,74722.92,788.0,35.91,48.71,31.72,201925.88,0.3895,0.01504,0,-0.0053,-0.0626,-0.0016,-0.0003,0.0,-0.0024
4376,21,North,Business,IT,2025Q3,66834.93,613.0,72.22,53.44,61.93,83833.13,0.4216,0.37443,0,0.1559,0.0977,0.1501,0.0102,0.0,0.0
4377,27,North,Salaried,Healthcare,2025Q3,59455.7,608.0,28.08,45.28,49.8,77308.37,0.298,0.20142,0,0.0682,0.0634,-0.0406,-0.0091,0.0,-0.0197
4378,43,West,SelfEmployed,Manufacturing,2025Q3,64837.29,628.0,33.59,17.57,42.77,199756.86,0.3809,0.1344,0,0.0069,0.028,-0.0169,-0.0561,0.0145,0.034
4379,39,North,Business,Healthcare,2025Q3,59564.75,624.0,41.71,23.84,47.47,65488.35,0.4801,0.14744,0,0.0196,0.032,0.0042,-0.0434,0.0,0.0
4380,29,East,Salaried,Healthcare,2025Q3,63098.96,536.0,12.3,81.52,58.88,106546.02,0.5345,0.35881,0,0.0967,0.2252,-0.1352,0.0828,0.0,-0.0283
4381,65,East,SelfEmployed,IT,2025Q3,39052.64,669.0,10.45,33.86,69.14,94756.91,0.3223,0.03855,0,-0.0274,-0.0086,-0.0293,-0.0079,0.0,0.0098
4382,47,East,SelfEmployed,Transport,2025Q3,84588.18,675.0,30.29,65.77,79.63,83968.9,0.3576,0.14558,0,-0.0061,-0.0324,-0.0222,0.0187,0.0,0.0284
4383,49,North,Business,Healthcare,2025Q3,78194.54,,30.85,24.19,78.69,155043.45,0.3928,0.0885,0,-0.0081,0.0022,-0.0136,-0.0243,0.0,0.0
4384,36,East,Business,Healthcare,2025Q3,97542.78,677.0,40.15,47.67,65.85,318628.76,0.5118,0.12416,0,0.0237,-0.0344,0.0003,-0.0029,0.0,0.0
4385,52,East,Salaried,Transport,2025Q3,101757.43,678.0,22.35,38.3,61.11,215437.29,0.4552,0.03811,0,-0.0091,-0.0151,-0.0177,-0.0064,0.0,-0.0054
4386,40,East,Business,Construction,2025Q3,106382.42,571.0,44.94,41.68,53.51,144614.58,0.3528,0.26091,1,0.0274,0.14,0.0195,-0.0206,0.0,0.0
4387,41,North,Salaried,Transport,2025Q3,66763.96,680.0,3.49,40.52,55.05,218208.73,0.4564,0.04767,0,0.0043,-0.0154,-0.0412,-0.0048,0.0,-0.0051
4388,51,East,Salaried,Manufacturing,2025Q3,61567.41,698.0,36.88,79.77,44.39,171624.63,0.5122,0.09648,0,-0.013,-0.0474,-0.0046,0.0221,0.0,-0.0091
4389,26,North,Business,Transport,2025Q3,59837.34,551.0,43.76,90.4,51.43,146415.54,0.4795,0.50043,1,0.1322,0.2597,0.0186,0.1206,0.0,0.0
4390,62,East,Business,Manufacturing,2025Q3,112076.99,759.0,43.26,53.23,67.08,291341.72,0.3273,0.03747,0,-0.0167,-0.0606,0.0018,0.0011,0.0,0.0
4391,46,South,Business,Retail,2025Q3,62874.44,576.0,35.4,38.92,90.81,154191.76,0.5213,0.17809,0,-0.0045,0.1001,-0.0151,-0.0221,0.0,0.0
4392,58,North,Business,Retail,2025Q3,128383.89,583.0,27.43,18.76,57.01,191040.97,0.4657,0.11077,0,-0.0377,0.0493,-0.0249,-0.039,0.0,0.0
4393,32,East,Business,Healthcare,2025Q3,73948.66,,34.93,17.24,43.85,73904.18,0.3991,0.13701,0,0.025,-0.0235,-0.0084,-0.0369,0.0,0.0
4394,34,North,SelfEmployed,Manufacturing,2025Q3,83703.13,696.0,57.74,79.89,79.39,90524.24,0.4828,0.19456,0,0.0522,-0.1045,0.0593,0.0599,0.0,0.0509
4395,31,West,Salaried,Manufacturing,2025Q3,31934.33,713.0,28.41,15.69,19.95,48381.43,0.4051,0.05713,0,0.0164,-0.0472,-0.0128,-0.0246,0.0057,-0.0063
4396,47,West,Salaried,IT,2025Q3,61732.32,698.0,53.65,38.31,80.86,24298.05,0.4172,0.07887,0,-0.0044,-0.0501,0.0186,-0.0113,0.0087,-0.0096
4397,45,South,Business,IT,2025Q3,57297.78,625.0,56.2,51.42,31.34,40041.75,0.5051,0.2221,1,0.0,0.0418,0.0485,0.0028,0.0,0.0
4398,39,South,Business,Healthcare,2025Q3,104581.41,667.0,10.23,0.0,73.14,112919.49,0.3815,0.03641,0,0.0061,-0.0079,-0.0306,-0.0309,0.0,0.0
4399,33,North,Salaried,Retail,2025Q3,62916.31,638.0,35.95,20.49,50.48,44324.54,0.3392,0.07703,0,0.0301,0.0128,-0.0085,-0.0413,0.0,-0.0128
4400,30,West,Business,Manufacturing,2025Q3,88383.49,672.0,22.36,18.55,66.42,176255.98,0.4458,0.07461,0,0.0273,-0.0207,-0.0316,-0.0342,0.0088,0.0
4401,43,East,Business,Healthcare,2025Q3,90941.45,665.0,13.97,33.35,100.0,116413.73,0.5468,0.06198,0,0.003,-0.0098,-0.0361,-0.012,0.0,0.0
4402,39,North,Business,IT,2025Q3,94632.55,626.0,50.67,53.69,43.24,284030.28,0.2539,0.26552,1,0.0276,0.0421,0.0345,0.0075,0.0,0.0
4403,36,South,SelfEmployed,Retail,2025Q3,70426.05,636.0,45.57,70.61,39.99,184065.17,0.4911,0.3074,0,0.0493,0.0308,0.0225,0.0484,0.0,0.058
4404,61,North,Salaried,Construction,2025Q3,87336.18,534.0,42.22,33.4,61.56,269360.71,0.4709,0.24385,0,-0.0808,0.1337,0.007,-0.0336,0.0,-0.0198
4405,43,East,Salaried,Construction,2025Q3,73148.82,716.0,20.63,37.84,90.51,29321.16,0.3617,0.0335,0,0.0019,-0.0361,-0.0164,-0.0055,0.0,-0.0045
4406,58,South,Salaried,Manufacturing,2025Q3,95601.37,680.0,41.37,45.37,63.58,111922.32,0.3653,0.05237,0,-0.0233,-0.0208,0.0015,-0.0031,0.0,-0.0069
4407,38,North,Salaried,Construction,2025Q3,78078.13,503.0,17.03,30.28,60.89,229187.3,0.5512,0.29084,0,0.0376,0.2072,-0.1008,-0.0499,0.0,-0.0247
4408,47,East,Business,Transport,2025Q3,144005.86,714.0,39.24,57.19,63.38,322420.29,0.4595,0.0626,0,-0.0036,-0.0595,-0.001,0.0052,0.0,0.0
4409,43,North,Salaried,Construction,2025Q3,105068.84,656.0,27.42,57.87,39.91,141027.26,0.3424,0.11557,0,0.0048,-0.0059,-0.0243,0.0079,0.0,-0.011
4410,25,East,Salaried,Manufacturing,2025Q3,26582.34,,54.81,0.0,63.58,64310.08,0.4708,0.18652,1,0.0836,0.0878,0.0479,-0.1219,0.0,-0.0218
4411,60,East,Business,Construction,2025Q3,102524.1,590.0,32.19,62.07,52.14,193276.27,0.5583,0.17278,0,-0.0622,0.0671,-0.0212,0.0177,0.0,0.0
4412,43,West,Business,Transport,2025Q3,82493.87,613.0,41.7,50.8,86.45,260300.04,0.4962,0.24863,1,0.0091,0.0597,0.0056,0.0016,0.0192,0.0
4413,52,South,Salaried,Construction,2025Q3,105942.35,,41.73,53.69,75.96,212847.57,0.3126,0.17677,0,-0.0291,0.0665,0.0048,0.0061,0.0,-0.0174
4414,36,West,Salaried,Healthcare,2025Q3,62816.54,606.0,36.79,73.95,33.53,154347.26,0.4946,0.30438,0,0.0468,0.0845,-0.0129,0.0529,0.023,-0.0243
4415,42,South,Salaried,Healthcare,2025Q3,82257.2,776.0,39.69,8.7,54.34,119531.57,0.2836,0.01815,0,0.0016,-0.0564,-0.0001,-0.0126,0.0,-0.0025
4416,34,West,Salaried,Construction,2025Q3,24632.89,685.0,42.86,20.38,70.56,20000.0,0.4327,0.07764,0,0.022,-0.0366,0.0045,-0.0334,0.0093,-0.0102
4417,58,North,Business,Manufacturing,2025Q3,76055.19,798.0,23.66,46.45,40.37,56294.97,0.3159,0.01409,0,-0.0057,-0.0507,-0.005,-0.0006,0.0,0.0
4418,47,East,Business,IT,2025Q3,131061.28,675.0,44.45,0.0,38.41,174277.88,0.4509,0.05108,0,-0.0031,-0.0169,0.0047,-0.0427,0.0,0.0
4419,48,North,SelfEmployed,Transport,2025Q3,88204.4,699.0,51.82,43.34,50.76,240322.35,0.3568,0.1128,0,-0.0083,-0.0636,0.0207,-0.0079,0.0,0.0256
4420,59,West,SelfEmployed,IT,2025Q3,79227.72,,44.36,66.61,66.89,123068.5,0.3613,0.26285,0,-0.0808,0.0894,0.0161,0.0357,0.022,0.0523
4421,57,West,Business,Construction,2025Q3,106771.68,649.0,32.33,56.73,80.74,291767.64,0.453,0.09624,1,-0.0338,0.001,-0.0143,0.0069,0.01,0.0
4422,52,South,Business,Construction,2025Q3,78944.94,654.0,40.79,49.74,64.64,253800.06,0.4353,0.10655,0,-0.0194,-0.0041,0.0014,-0.0003,0.0,0.0
4423,28,South,SelfEmployed,Transport,2025Q3,64199.28,702.0,32.18,42.88,100.0,102626.71,0.475,0.13313,0,0.0421,-0.0748,-0.0176,-0.0094,0.0,0.0284
4424,36,East,Salaried,Manufacturing,2025Q3,42352.88,657.0,36.1,38.59,46.46,64929.21,0.3826,0.10641,0,0.022,-0.0077,-0.0078,-0.0139,0.0,-0.0121
4425,33,North,Business,Healthcare,2025Q3,66603.02,684.0,19.0,37.32,74.81,204013.54,0.2945,0.06624,0,0.0194,-0.0293,-0.0335,-0.0108,0.0,0.0
4426,52,East,Business,Transport,2025Q3,90405.94,681.0,60.08,53.03,37.82,187631.97,0.4707,0.13,0,-0.0214,-0.0393,0.0348,0.0036,0.0,0.0
4427,46,East,Business,Transport,2025Q3,112672.59,639.0,68.97,13.88,92.22,317509.18,0.5471,0.15951,1,-0.0037,0.015,0.0611,-0.0649,0.0,0.0
4428,29,South,Salaried,Transport,2025Q3,70552.83,632.0,26.74,80.19,87.19,162477.21,0.3876,0.22344,1,0.0647,0.0309,-0.0473,0.0538,0.0,-0.0206
4429,42,North,Salaried,IT,2025Q3,85393.43,615.0,50.58,31.77,74.23,150349.58,0.4786,0.18193,0,0.0114,0.0469,0.0274,-0.0327,0.0,-0.0174
4430,28,West,SelfEmployed,Construction,2025Q3,68836.06,734.0,61.33,60.27,25.27,159925.36,0.3732,0.19759,1,0.0637,-0.1832,0.0581,0.0185,0.018,0.0426
4431,43,North,Salaried,IT,2025Q3,89611.28,639.0,22.68,49.77,74.04,55222.12,0.586,0.09078,0,0.0048,0.01,-0.0346,-0.0002,0.0,-0.0109
4432,26,East,Business,Transport,2025Q3,58776.65,682.0,3.47,22.62,43.62,130878.83,0.3742,0.0502,0,0.0222,-0.0217,-0.0535,-0.02,0.0,0.0
4433,50,North,Business,Manufacturing,2025Q3,82911.29,649.0,62.27,76.44,69.07,63967.53,0.4242,0.20879,0,-0.0243,0.0018,0.0649,0.0481,0.0,0.0
4434,48,North,Salaried,Manufacturing,2025Q3,86636.64,732.0,37.83,71.79,30.91,178946.2,0.237,0.06002,0,-0.0046,-0.0708,-0.0023,0.0122,0.0,-0.0066
4435,65,North,Business,Manufacturing,2025Q3,104575.35,525.0,29.69,13.45,65.4,265530.91,0.5971,0.15648,1,-0.0836,0.1034,-0.0274,-0.063,0.0,0.0
4436,53,South,Business,IT,2025Q3,98550.77,681.0,38.76,46.38,52.93,90776.96,0.3739,0.07194,0,-0.0161,-0.0258,-0.0016,-0.0029,0.0,0.0
4437,39,East,Business,Healthcare,2025Q3,83245.56,575.0,32.09,52.56,44.44,147166.06,0.5576,0.26482,0,0.0304,0.1236,-0.031,0.0058,0.0,0.0
4438,53,South,Salaried,Construction,2025Q3,106362.11,687.0,85.35,2.43,71.85,214101.03,0.3609,0.07151,0,-0.0193,-0.0378,0.0493,-0.0567,0.0,-0.0099
4439,29,East,Business,IT,2025Q3,100699.95,650.0,29.51,1.35,58.97,114691.38,0.4212,0.08477,0,0.031,0.0,-0.019,-0.0614,0.0,0.0
4440,33,East,Business,IT,2025Q3,69529.02,559.0,43.24,29.66,55.9,46322.46,0.3968,0.33816,0,0.0672,0.169,0.0137,-0.0546,0.0,0.0
4441,48,North,Business,Construction,2025Q3,62622.35,683.0,58.68,19.11,74.74,37074.29,0.3412,0.07282,0,-0.0067,-0.0324,0.0245,-0.0331,0.0,0.0
4442,21,North,Business,IT,2025Q3,57193.06,675.0,58.6,25.04,98.08,64195.66,0.3953,0.18922,1,0.0813,-0.0451,0.0498,-0.0495,0.0,0.0
4443,44,East,Business,Retail,2025Q3,74554.72,644.0,55.54,19.11,65.51,97141.78,0.4185,0.12936,0,0.0031,0.0072,0.0309,-0.0475,0.0,0.0
4444,33,East,Salaried,IT,2025Q3,80771.47,653.0,31.19,45.31,23.88,141650.68,0.3973,0.11712,0,0.031,-0.0035,-0.0198,-0.006,0.0,-0.0132
4445,45,East,SelfEmployed,Transport,2025Q3,101168.95,671.0,35.57,28.37,28.83,279513.37,0.2984,0.10842,0,0.0,-0.0222,-0.0081,-0.0253,0.0,0.0233
4446,32,North,Salaried,Healthcare,2025Q3,46340.66,740.0,3.21,72.51,61.38,84907.7,0.4187,0.04226,0,0.012,-0.0617,-0.0406,0.0093,0.0,-0.0049
4447,49,East,Business,Manufacturing,2025Q3,81618.91,639.0,36.81,51.97,80.53,73122.24,0.2748,0.10005,0,-0.0124,0.0123,-0.007,0.0025,0.0,0.0
4448,44,North,Business,Healthcare,2025Q3,64077.8,729.0,38.52,65.47,62.69,112610.02,0.3728,0.07296,0,0.0017,-0.0791,-0.0019,0.0107,0.0,0.0
4449,59,East,Business,Healthcare,2025Q3,106618.81,657.0,49.87,10.86,70.23,159187.81,0.2986,0.05827,0,-0.0277,-0.0047,0.0108,-0.0343,0.0,0.0
4450,44,North,Business,Healthcare,2025Q3,89891.5,748.0,66.73,34.18,58.82,173839.11,0.4652,0.05212,1,0.0017,-0.1055,0.0261,-0.0127,0.0,0.0
4451,36,East,Salaried,Construction,2025Q3,82704.19,644.0,49.38,51.0,79.24,179040.67,0.5282,0.19485,1,0.0334,0.0093,0.0254,0.0017,0.0,-0.018
4452,41,South,Salaried,Healthcare,2025Q3,81948.36,615.0,55.13,57.97,72.33,63234.09,0.4871,0.19969,0,0.0196,0.0623,0.0502,0.0168,0.0,-0.0223
4453,29,East,Business,Transport,2025Q3,88183.65,585.0,37.72,33.75,39.61,186589.69,0.4122,0.25135,0,0.0775,0.1146,-0.0089,-0.0395,0.0,0.0
4454,48,North,Salaried,Healthcare,2025Q3,51543.96,658.0,58.55,36.98,68.96,79516.38,0.3654,0.12192,0,-0.0089,-0.0094,0.0331,-0.0171,0.0,-0.0129
4455,50,East,Salaried,IT,2025Q3,69826.13,,38.18,39.39,29.15,180085.28,0.4226,0.12978,0,-0.0168,0.0461,-0.0042,-0.0152,0.0,-0.0143
4456,71,North,SelfEmployed,Construction,2025Q3,125080.15,756.0,56.25,41.45,68.96,180890.97,0.386,0.03125,0,-0.0347,-0.069,0.0094,-0.0036,0.0,0.0088
4457,37,East,Salaried,Transport,2025Q3,59705.63,601.0,50.87,95.61,54.35,183117.8,0.4833,0.32714,0,0.0504,0.1144,0.0489,0.116,0.0,-0.0283
4458,41,North,Salaried,IT,2025Q3,43703.81,613.0,,54.89,63.21,50760.78,0.4723,0.17602,0,0.0171,0.0566,0.0132,0.0091,0.0,-0.0197
4459,38,North,Salaried,Manufacturing,2025Q3,84843.81,700.0,13.35,48.88,66.48,125246.56,0.2469,0.04053,0,0.0083,-0.0328,-0.0316,-0.0006,0.0,-0.0059
4460,46,East,Business,Manufacturing,2025Q3,82109.23,741.0,55.49,20.3,65.63,107355.27,0.4486,0.04529,0,-0.0013,-0.0704,0.0119,-0.0185,0.0,0.0
4461,48,North,Salaried,Retail,2025Q3,98427.47,710.0,44.05,20.82,88.35,98842.66,0.4373,0.03987,0,-0.0037,-0.0376,0.0033,-0.0172,0.0,-0.0053
4462,43,North,Business,Manufacturing,2025Q3,89468.54,732.0,49.24,43.31,60.68,210253.86,0.3363,0.05023,0,0.0032,-0.0797,0.0101,-0.0049,0.0,0.0
4463,56,East,Business,Manufacturing,2025Q3,96510.05,655.0,,72.87,63.78,198261.9,0.3483,0.11607,0,-0.0369,-0.006,0.0063,0.0264,0.0,0.0
4464,37,East,Salaried,Manufacturing,2025Q3,93937.44,656.0,,43.62,86.6,213281.92,0.4303,0.12037,1,0.0238,-0.0078,0.0128,-0.0091,0.0,-0.0145
4465,55,West,Business,Transport,2025Q3,77152.2,797.0,58.81,44.56,97.94,55206.28,0.3905,0.03332,0,-0.0098,-0.1102,0.0097,-0.0021,0.0035,0.0
4466,50,South,Salaried,IT,2025Q3,106915.98,775.0,30.42,31.63,59.65,103695.88,0.2956,0.01923,0,-0.0027,-0.0497,-0.0037,-0.0043,0.0,-0.0023
4467,44,South,Salaried,Manufacturing,2025Q3,64191.59,709.0,45.48,9.68,49.76,105647.74,0.4115,0.05606,0,0.0012,-0.0374,0.0044,-0.0258,0.0,-0.0054
4468,41,East,Business,Manufacturing,2025Q3,90922.66,735.0,25.56,57.61,50.75,270170.21,0.4125,0.05448,0,0.0049,-0.0668,-0.0153,0.0041,0.0,0.0
4469,71,North,Salaried,Retail,2025Q3,103092.76,718.0,47.23,42.4,69.01,149424.12,0.4723,0.0244,0,-0.0297,-0.0309,0.0039,-0.0027,0.0,-0.0036
4470,35,East,Salaried,IT,2025Q3,59911.84,578.0,42.02,57.81,55.93,202446.97,0.4438,0.22183,0,0.0549,0.1362,0.0084,0.0192,0.0,-0.0256
4471,47,North,Salaried,Healthcare,2025Q3,64681.97,657.0,27.9,51.4,25.01,212378.9,0.2628,0.06288,0,-0.0043,-0.0059,-0.0199,0.0012,0.0,-0.0094
4472,36,West,Business,Manufacturing,2025Q3,76843.2,762.0,39.5,26.79,82.46,48395.47,0.4085,0.03958,0,0.0093,-0.0908,-0.0004,-0.0131,0.0047,0.0
4473,64,East,Salaried,Manufacturing,2025Q3,75437.87,709.0,28.9,52.96,76.31,207695.82,0.2716,0.0235,0,-0.0207,-0.0268,-0.0074,0.0011,0.0,-0.0038
4474,54,South,Business,Transport,2025Q3,135015.29,656.0,31.95,19.6,82.93,324584.22,0.3574,0.05192,0,-0.0153,-0.0037,-0.0094,-0.0233,0.0,0.0
4475,37,South,Salaried,Healthcare,2025Q3,60739.64,763.0,43.68,52.79,86.88,58954.45,0.2799,0.04852,0,0.0093,-0.1012,0.0033,0.0015,0.0,-0.0058
4476,50,North,SelfEmployed,Retail,2025Q3,109961.05,685.0,42.29,46.62,63.81,272128.28,0.4548,0.09354,0,-0.0136,-0.0412,0.0041,-0.0038,0.0,0.0245
4477,47,South,Salaried,Manufacturing,2025Q3,96889.11,711.0,7.27,81.89,65.21,168694.14,0.3193,0.04659,0,-0.0024,-0.0389,-0.0377,0.0137,0.0,-0.0054
4478,38,East,Business,Transport,2025Q3,91832.74,685.0,43.93,28.93,80.13,87256.34,0.4952,0.08145,0,0.0148,-0.0369,0.0062,-0.023,0.0,0.0
4479,52,East,Business,Retail,2025Q3,95457.78,697.0,33.15,18.81,35.7,135388.05,0.3184,0.03518,0,-0.0083,-0.0254,-0.0056,-0.0172,0.0,0.0
4480,48,South,Salaried,Retail,2025Q3,82788.07,702.0,31.37,38.91,52.95,211075.5,0.2482,0.06156,0,-0.0038,-0.0327,-0.0082,-0.0062,0.0,-0.0056
4481,46,North,Business,Healthcare,2025Q3,102799.06,748.0,,61.4,58.81,119885.68,0.3654,0.0347,0,-0.001,-0.0612,-0.0163,0.0043,0.0,0.0
4482,44,East,Business,Healthcare,2025Q3,92508.43,757.0,37.27,0.0,78.44,268694.09,0.2838,0.02335,0,0.0006,-0.0478,-0.0013,-0.0181,0.0,0.0
4483,49,South,Business,Transport,2025Q3,66998.52,629.0,,67.26,49.23,181115.0,0.5402,0.15719,0,-0.0139,0.0253,-0.0266,0.0229,0.0,0.0
4484,47,North,SelfEmployed,IT,2025Q3,53670.4,684.0,58.38,43.41,45.76,111516.29,0.3612,0.16334,0,-0.007,-0.0522,0.0394,-0.01,0.0,0.033
4485,45,West,Business,Transport,2025Q3,118761.79,,10.01,22.88,51.38,284121.92,0.4862,0.02029,0,0.0,-0.0381,-0.0171,-0.0081,0.0024,0.0
4486,37,South,Business,Healthcare,2025Q3,36975.15,651.0,22.58,39.91,69.39,110377.03,0.4027,0.1173,0,0.0183,-0.001,-0.0358,-0.0114,0.0,0.0
4487,63,South,Salaried,Healthcare,2025Q3,96322.33,571.0,21.49,31.7,58.63,146162.02,0.4836,0.08505,0,-0.0514,0.051,-0.0358,-0.02,0.0,-0.0105
4488,32,West,Salaried,Manufacturing,2025Q3,60670.4,,42.14,21.05,30.99,131216.29,0.4034,0.24312,0,0.0543,0.0799,0.007,-0.0636,0.0193,-0.0207
4489,49,South,SelfEmployed,Manufacturing,2025Q3,91094.42,603.0,56.77,5.35,34.93,154986.14,0.6341,0.15876,0,-0.0179,0.0675,0.0465,-0.0964,0.0,0.0421
4490,40,West,Salaried,IT,2025Q3,51580.6,629.0,46.05,64.07,62.73,158285.93,0.3429,0.20679,1,0.0228,0.0366,0.0198,0.0272,0.0196,-0.021
4491,63,East,Salaried,Construction,2025Q3,99112.19,609.0,20.49,35.69,63.4,104597.95,0.1977,0.06631,0,-0.0376,0.0222,-0.0277,-0.0111,0.0,-0.0076
4492,34,East,Business,Retail,2025Q3,85408.3,730.0,31.13,39.39,60.55,190573.15,0.4203,0.05942,0,0.0142,-0.069,-0.0101,-0.0071,0.0,0.0
4493,36,North,Business,Retail,2025Q3,133198.21,641.0,25.05,66.59,50.59,357340.42,0.3487,0.13578,0,0.0302,0.0125,-0.0432,0.0243,0.0,0.0
4494,33,North,Business,Manufacturing,2025Q3,83139.64,746.0,46.12,49.23,75.75,156031.6,0.4102,0.05449,0,0.0195,-0.1103,0.0078,-0.0006,0.0,0.0
4495,48,South,Business,Manufacturing,2025Q3,118568.23,583.0,30.81,13.69,67.38,158567.47,0.4454,0.1378,0,-0.0097,0.0625,-0.022,-0.0571,0.0,0.0
4496,29,North,Salaried,Healthcare,2025Q3,35223.66,636.0,15.4,62.8,66.7,50311.64,0.39,0.13663,0,0.0461,0.0177,-0.0707,0.0176,0.0,-0.0152
4497,39,North,Business,Retail,2025Q3,104561.72,667.0,47.36,80.64,67.41,277512.54,0.389,0.17881,0,0.0245,-0.0304,0.0216,0.0502,0.0,0.0
4498,21,East,Salaried,Manufacturing,2025Q3,59072.92,715.0,58.21,59.07,91.95,54391.52,0.4375,0.20715,0,0.0723,-0.1215,0.0437,0.0143,0.0,-0.017
4499,47,East,Business,Construction,2025Q3,98255.3,738.0,35.14,28.97,39.51,270772.92,0.3678,0.03304,0,-0.0019,-0.0519,-0.0034,-0.0095,0.0,0.0
4500,38,North,Business,Transport,2025Q3,90404.23,623.0,39.93,15.6,51.58,211044.55,0.4247,0.12301,0,0.0211,0.0308,-0.0002,-0.0553,0.0,0.0
4501,28,East,Salaried,Construction,2025Q3,92014.09,728.0,13.9,28.17,53.27,143345.43,0.3604,0.02765,0,0.014,-0.047,-0.0243,-0.0108,0.0,-0.0046
4502,56,West,SelfEmployed,Construction,2025Q3,99091.88,546.0,5.05,50.27,85.15,112166.47,0.5942,0.17014,0,-0.0537,0.1259,-0.1344,0.0005,0.0185,0.0436
4503,30,East,Business,IT,2025Q3,63985.8,,8.41,79.38,52.52,32660.37,0.5081,0.08237,1,0.0233,-0.0695,-0.0548,0.0201,0.0,0.0
4504,53,East,Salaried,IT,2025Q3,72713.12,569.0,37.28,31.29,44.15,192742.91,0.3381,0.14034,0,-0.0319,0.0859,-0.0073,-0.032,0.0,-0.0165
4505,36,East,Business,IT,2025Q3,98208.29,690.0,33.07,33.72,57.88,219821.37,0.4137,0.08637,0,0.0163,-0.038,-0.0106,-0.0152,0.0,0.0
4506,62,North,SelfEmployed,Construction,2025Q3,107954.2,737.0,46.74,70.47,62.09,271215.64,0.3319,0.05044,0,-0.0346,-0.0858,0.0075,0.013,0.0,0.0155
4507,52,South,Business,Healthcare,2025Q3,70351.47,720.0,34.84,38.45,83.93,229501.81,0.3034,0.03509,0,-0.0084,-0.0433,-0.0042,-0.0058,0.0,0.0
4508,33,West,SelfEmployed,Manufacturing,2025Q3,83063.55,549.0,53.8,85.71,52.41,108668.23,0.207,0.61313,1,0.0797,0.2705,0.065,0.1025,0.0277,0.0709
4509,34,East,Business,Construction,2025Q3,62217.84,630.0,51.96,44.74,46.25,38519.45,0.4085,0.23865,0,0.0489,0.0358,0.0388,-0.0111,0.0,0.0
4510,51,East,Salaried,Construction,2025Q3,89888.64,709.0,,73.69,41.8,164728.09,0.387,0.05819,0,-0.0103,-0.0491,-0.0086,0.0142,0.0,-0.0072
4511,41,West,SelfEmployed,Healthcare,2025Q3,66500.03,707.0,21.94,56.42,53.11,129957.67,0.516,0.07384,0,0.0086,-0.0654,-0.0339,0.006,0.0092,0.0215
4512,42,North,Salaried,Retail,2025Q3,68833.33,679.0,7.34,63.56,100.0,45634.87,0.5011,0.06496,0,0.0044,-0.02,-0.0475,0.0082,0.0,-0.0069
4513,58,South,Salaried,IT,2025Q3,78493.45,510.0,60.94,44.1,67.65,135036.23,0.5158,0.38769,0,-0.0878,0.2563,0.0909,-0.0166,0.0,-0.0283
4514,36,East,Salaried,Construction,2025Q3,95840.43,741.0,22.92,45.54,71.97,207309.28,0.4547,0.04098,0,0.0083,-0.0599,-0.0149,-0.002,0.0,-0.0047
4515,45,North,Salaried,Construction,2025Q3,83833.26,754.0,14.06,57.22,59.99,63794.05,0.4592,0.02678,0,0.0,-0.0503,-0.0166,0.0021,0.0,-0.0031
4516,55,East,Business,Construction,2025Q3,123300.03,671.0,40.08,65.56,62.75,279674.55,0.4592,0.08118,0,-0.0266,-0.0215,0.0001,0.0147,0.0,0.0
4517,53,East,Business,Healthcare,2025Q3,150913.83,,14.2,59.57,75.73,210433.47,0.5292,0.06694,0,-0.0127,-0.0166,-0.0333,0.0056,0.0,0.0
4518,42,East,Salaried,Retail,2025Q3,74742.5,694.0,40.06,9.12,71.25,195028.8,0.3105,0.04845,1,0.0038,-0.0283,0.0001,-0.0288,0.0,-0.0059
4519,41,North,Business,Construction,2025Q3,115035.82,,32.62,53.67,66.98,274649.87,0.3504,0.04343,0,0.0042,-0.084,-0.0063,0.0017,0.0,0.0
4520,25,East,Business,Manufacturing,2025Q3,61009.8,677.0,52.78,33.56,60.32,102731.79,0.3678,0.17368,0,0.0632,-0.0449,0.0321,-0.0289,0.0,0.0
4521,32,North,Salaried,Retail,2025Q3,87487.81,647.0,51.39,35.99,52.95,205691.77,0.3844,0.14388,1,0.0445,0.0045,0.0292,-0.0246,0.0,-0.0173
4522,48,West,Salaried,Manufacturing,2025Q3,64764.84,,55.65,58.07,68.49,156665.88,0.4028,0.15725,0,-0.009,-0.0475,0.0287,0.0096,0.0118,-0.013
4523,42,North,Business,IT,2025Q3,88568.53,659.0,41.3,85.35,61.67,91806.35,0.555,0.17951,0,0.0121,-0.0151,0.0038,0.0545,0.0,0.0
4524,45,West,Salaried,IT,2025Q3,86263.8,660.0,24.27,42.89,100.0,87250.84,0.4956,0.07915,0,0.0,-0.0084,-0.0261,-0.0064,0.0083,-0.0092
4525,55,South,Salaried,Construction,2025Q3,98096.16,540.0,21.41,91.4,81.01,53698.06,0.5638,0.25176,0,-0.0581,0.1685,-0.0785,0.0853,0.0,-0.0241
4526,31,South,Business,Healthcare,2025Q3,56094.07,696.0,29.51,23.87,46.51,168504.68,0.4052,0.08468,0,0.0216,-0.041,-0.0149,-0.0234,0.0,0.0
4527,41,South,Business,Manufacturing,2025Q3,72393.61,740.0,69.91,75.1,36.61,106756.08,0.3861,0.15264,0,0.0119,-0.1543,0.0529,0.0298,0.0,0.0
4528,46,North,Salaried,Retail,2025Q3,88506.1,729.0,34.01,57.48,52.04,177294.61,0.4461,0.04887,0,-0.0013,-0.0588,-0.0057,0.0039,0.0,-0.0057
4529,36,South,Salaried,IT,2025Q3,61881.1,725.0,40.58,52.59,38.34,107637.32,0.4358,0.05395,0,0.0146,-0.0758,0.0007,0.002,0.0,-0.0081
4530,60,East,Business,Retail,2025Q3,79947.73,656.0,62.3,78.43,50.83,134858.32,0.4599,0.1573,0,-0.0651,-0.0091,0.0517,0.041,0.0,0.0
4531,54,East,Salaried,Manufacturing,2025Q3,83422.42,,42.07,34.0,40.61,129640.86,0.606,0.06272,1,-0.0167,-0.0144,0.0024,-0.0124,0.0,-0.0075
4532,47,North,Business,Transport,2025Q3,91258.51,741.0,26.02,76.11,53.46,125038.51,0.4425,0.04502,0,-0.0027,-0.0735,-0.0147,0.0126,0.0,0.0
4533,64,East,Business,Healthcare,2025Q3,111884.47,,49.68,43.42,53.7,141634.5,0.3404,0.03546,0,-0.0275,-0.0437,0.0071,-0.0033,0.0,0.0
4534,28,West,Salaried,Transport,2025Q3,70826.34,761.0,31.14,33.87,62.94,75788.76,0.3323,0.03404,0,0.0164,-0.0919,-0.0082,-0.009,0.0048,-0.0054
4535,44,East,Salaried,Construction,2025Q3,84081.72,614.0,42.63,18.81,55.86,216209.09,0.5074,0.15409,0,0.003,0.0367,0.0055,-0.0463,0.0,-0.0135
4536,48,South,Business,Construction,2025Q3,80472.88,,46.19,82.88,41.95,202658.59,0.5012,0.27167,0,-0.0159,0.066,0.0222,0.0658,0.0,0.0
4537,34,North,Business,IT,2025Q3,74305.09,637.0,30.09,73.11,84.3,103015.71,0.5103,0.19565,0,0.0438,0.0214,-0.033,0.0398,0.0,0.0
4538,47,West,SelfEmployed,Retail,2025Q3,103100.2,596.0,40.98,37.48,68.06,96431.57,0.4881,0.22451,0,-0.0105,0.0932,0.0036,-0.0289,0.0215,0.0513
4539,32,South,Salaried,IT,2025Q3,55122.67,,63.6,60.0,49.11,113627.05,0.3723,0.45781,1,0.087,0.1946,0.1113,0.0294,0.0,-0.0298
4540,52,South,SelfEmployed,Retail,2025Q3,83788.34,692.0,27.98,50.79,42.28,78945.74,0.5357,0.07571,0,-0.0145,-0.0382,-0.0181,0.0006,0.0,0.0179
4541,56,East,Salaried,Healthcare,2025Q3,59423.16,,59.07,40.24,30.66,119241.5,0.522,0.0696,0,-0.0242,-0.0334,0.0224,-0.0085,0.0,-0.0087
4542,47,North,Business,Retail,2025Q3,92883.75,677.0,28.55,69.22,29.19,179279.98,0.3872,0.09698,0,-0.0047,-0.0277,-0.0208,0.0174,0.0,0.0
4543,24,East,Salaried,Retail,2025Q3,63914.87,684.0,66.83,34.24,80.95,153000.4,0.4449,0.19524,0,0.0717,-0.0622,0.0666,-0.0298,0.0,-0.0185
4544,33,North,Salaried,Manufacturing,2025Q3,30241.12,560.0,,0.0,78.83,47349.97,0.4739,0.1774,0,0.0402,0.0939,-0.0468,-0.0977,0.0,-0.0168
4545,50,East,Business,Manufacturing,2025Q3,76835.49,627.0,31.7,53.72,48.31,223843.77,0.4058,0.10734,0,-0.016,0.0249,-0.0191,0.0048,0.0,0.0
4546,44,West,SelfEmployed,Healthcare,2025Q3,58108.9,640.0,,49.47,87.32,63835.95,0.3383,0.29356,0,0.0056,0.0215,0.0797,-0.0013,0.0234,0.056
4547,21,West,Business,Manufacturing,2025Q3,84190.34,,62.84,34.95,72.34,62043.73,0.4689,0.30729,0,0.1092,-0.0287,0.0789,-0.0366,0.0227,0.0
4548,58,West,SelfEmployed,Construction,2025Q3,61877.68,561.0,51.09,28.37,64.07,135595.32,0.3393,0.28917,0,-0.0786,0.1518,0.0423,-0.055,0.0235,0.0561
4549,46,West,Salaried,IT,2025Q3,76083.68,597.0,20.69,13.69,77.24,153733.81,0.3984,0.1395,0,-0.0025,0.0409,-0.0399,-0.0459,0.0101,-0.0112
4550,35,North,Business,IT,2025Q3,95521.52,630.0,39.32,40.02,72.37,174605.82,0.5714,0.16578,0,0.036,0.0289,-0.0019,-0.0176,0.0,0.0
4551,55,West,Business,Manufacturing,2025Q3,103980.79,732.0,38.02,28.74,63.07,281283.35,0.4321,0.02619,0,-0.0109,-0.0475,-0.0014,-0.0098,0.0039,0.0
4552,37,West,Salaried,Healthcare,2025Q3,61480.74,678.0,24.31,69.22,55.2,88251.18,0.4484,0.09364,0,0.0197,-0.0333,-0.034,0.0202,0.011,-0.0121
4553,36,East,Salaried,Manufacturing,2025Q3,74736.43,729.0,49.15,59.36,57.86,157378.0,0.3763,0.07501,0,0.0174,-0.0953,0.013,0.0082,0.0,-0.0097
4554,48,South,Business,Construction,2025Q3,112965.52,652.0,25.57,37.34,27.84,120289.32,0.3019,0.08348,0,-0.0061,-0.0016,-0.0229,-0.0114,0.0,0.0
4555,64,North,Salaried,Manufacturing,2025Q3,91762.99,660.0,17.35,59.5,43.99,225476.7,0.4571,0.05209,0,-0.0294,-0.005,-0.0241,0.0047,0.0,-0.0055
4556,62,East,Salaried,Transport,2025Q3,51599.13,694.0,12.07,45.64,96.0,92968.41,0.452,0.02618,0,-0.0149,-0.0153,-0.0183,-0.0013,0.0,-0.0032
4557,48,East,Business,Transport,2025Q3,114959.19,648.0,65.4,42.07,43.45,164108.7,0.4917,0.17559,0,-0.0121,0.0031,0.0597,-0.0137,0.0,0.0
4558,49,South,Business,Transport,2025Q3,102404.76,618.0,29.83,46.79,22.99,153603.76,0.4073,0.16698,0,-0.0127,0.0335,-0.0239,-0.0043,0.0,0.0
4559,53,South,Business,Manufacturing,2025Q3,98204.63,559.0,30.17,86.97,78.08,130977.18,0.4267,0.25435,0,-0.0476,0.1567,-0.0416,0.0811,0.0,0.0
4560,30,East,Business,IT,2025Q3,42453.31,619.0,21.51,62.17,64.97,90929.85,0.4838,0.19374,1,0.0579,0.0482,-0.0648,0.022,0.0,0.0
4561,51,North,Business,Healthcare,2025Q3,91630.45,717.0,59.89,41.43,66.1,105764.37,0.3034,0.06652,0,-0.012,-0.0673,0.0224,-0.0072,0.0,0.0
4562,36,West,Salaried,Transport,2025Q3,52741.41,,15.92,67.66,56.85,84475.11,0.4589,0.03787,0,0.01,-0.0763,-0.0266,0.0085,0.005,-0.0056
4563,48,North,SelfEmployed,Manufacturing,2025Q3,65406.97,607.0,18.73,66.87,78.22,63779.18,0.4297,0.13606,0,-0.013,0.061,-0.0728,0.0286,0.0,0.041
4564,41,North,Business,Retail,2025Q3,85543.91,542.0,32.85,53.71,90.59,147110.4,0.4887,0.374,0,0.0239,0.1951,-0.0319,0.0096,0.0,0.0
4565,50,North,Salaried,IT,2025Q3,71452.6,723.0,37.65,40.77,49.57,123603.95,0.5866,0.03529,0,-0.0058,-0.0454,-0.0019,-0.0045,0.0,-0.0049
4566,45,West,SelfEmployed,Retail,2025Q3,76138.22,665.0,48.54,39.32,72.66,182553.84,0.4005,0.1548,0,0.0,-0.0235,0.0217,-0.0181,0.0155,0.0365
4567,21,West,SelfEmployed,Retail,2025Q3,76313.27,568.0,27.19,24.35,82.37,216771.08,0.4673,0.39115,0,0.14,0.1785,-0.0616,-0.0743,0.0276,0.0671
4568,46,North,Salaried,IT,2025Q3,82100.3,448.0,62.71,51.97,48.44,57626.96,0.5006,0.59571,0,-0.0064,0.4809,0.1092,0.0054,0.0,-0.0269
4569,51,North,SelfEmployed,Retail,2025Q3,81080.73,,27.3,34.58,90.19,181399.03,0.2888,0.14292,0,-0.0242,0.0676,-0.0376,-0.0268,0.0,0.0368
4570,49,South,Business,Transport,2025Q3,83997.14,629.0,21.86,38.39,82.3,143960.65,0.4838,0.0881,0,-0.0095,0.0169,-0.0339,-0.0119,0.0,0.0
4571,43,North,Salaried,Healthcare,2025Q3,66612.55,582.0,20.34,61.73,35.16,110186.22,0.2643,0.16836,0,0.0081,0.0858,-0.0653,0.0198,0.0,-0.0184
4572,62,East,Salaried,Construction,2025Q3,87446.0,707.0,25.62,85.12,91.9,81817.7,0.4681,0.03666,0,-0.0259,-0.0366,-0.0143,0.0152,0.0,-0.0055
4573,47,North,Salaried,Transport,2025Q3,88912.9,605.0,19.3,56.23,36.21,195323.71,0.3879,0.13459,0,-0.0061,0.044,-0.0518,0.0078,0.0,-0.0135
4574,49,East,Business,Construction,2025Q3,76433.92,661.0,50.01,45.69,46.25,101274.71,0.3646,0.10735,0,-0.012,-0.013,0.019,-0.0054,0.0,0.0
4575,55,South,SelfEmployed,Manufacturing,2025Q3,119851.91,821.0,21.99,47.59,73.67,149033.43,0.3646,0.01513,0,-0.0047,-0.0748,-0.0063,-0.0004,0.0,0.0038
4576,48,South,Business,Construction,2025Q3,104825.9,668.0,35.87,73.04,80.83,292248.14,0.3151,0.11631,0,-0.0088,-0.0218,-0.0087,0.0253,0.0,0.0
4577,34,South,Salaried,IT,2025Q3,18000.0,652.0,21.53,56.53,61.97,22600.72,0.4178,0.13005,0,0.0271,-0.0022,-0.0422,0.0075,0.0,-0.0125
4578,21,North,Business,IT,2025Q3,71536.29,654.0,19.21,52.26,47.4,223232.85,0.3384,0.1615,0,0.0686,-0.0058,-0.062,0.0035,0.0,0.0
4579,39,North,Salaried,Transport,2025Q3,89933.26,,55.7,53.82,54.8,152573.53,0.3051,0.09092,0,0.0147,-0.0716,0.026,0.0042,0.0,-0.0118
4580,52,North,Salaried,Manufacturing,2025Q3,89896.71,,63.64,16.57,52.43,103193.29,0.3936,0.07571,0,-0.0125,-0.038,0.0225,-0.028,0.0,-0.0074
4581,40,North,Salaried,Construction,2025Q3,64677.86,592.0,58.3,56.59,76.82,144249.39,0.5457,0.2825,1,0.0286,0.1154,0.0709,0.0163,0.0,-0.0258
4582,53,West,Salaried,Transport,2025Q3,82700.35,632.0,14.46,28.75,51.88,100100.37,0.4916,0.05274,0,-0.0141,0.0103,-0.0364,-0.0162,0.0065,-0.0072
4583,46,North,Business,IT,2025Q3,95709.76,615.0,16.68,56.68,46.96,254301.21,0.3962,0.10411,0,-0.003,0.0355,-0.0591,0.0083,0.0,0.0
4584,58,South,Business,Retail,2025Q3,117152.59,641.0,69.65,31.83,30.46,103831.09,0.4176,0.09433,1,-0.049,0.0113,0.0564,-0.0279,0.0,0.0
4585,41,North,Salaried,Transport,2025Q3,47528.29,784.0,33.93,61.01,48.12,113389.53,0.3372,0.02845,0,0.0033,-0.0932,-0.0039,0.0038,0.0,-0.0039
4586,49,East,Salaried,Construction,2025Q3,69309.67,702.0,16.0,44.63,57.63,183800.12,0.3138,0.03816,0,-0.0041,-0.0258,-0.0207,-0.0023,0.0,-0.0044
4587,50,West,Salaried,Construction,2025Q3,110594.41,655.0,55.32,22.8,37.39,153357.24,0.342,0.0824,0,-0.0137,-0.0052,0.0251,-0.0343,0.0106,-0.0116
4588,61,East,Business,Manufacturing,2025Q3,106593.05,745.0,39.08,41.61,25.11,269946.36,0.4154,0.03716,0,-0.0149,-0.0471,-0.0005,-0.0028,0.0,0.0
4589,25,East,Salaried,Healthcare,2025Q3,86102.24,673.0,47.11,96.53,79.6,144840.13,0.361,0.18759,1,0.092,-0.0512,0.0262,0.0917,0.0,-0.0236
4590,39,East,Salaried,Retail,2025Q3,124940.67,549.0,2.19,0.0,39.99,403691.62,0.458,0.09211,0,0.0147,0.0676,-0.0947,-0.0709,0.0,-0.0118
4591,53,South,Salaried,IT,2025Q3,74943.37,773.0,32.78,51.66,33.81,84533.85,0.3028,0.01731,0,-0.0055,-0.0593,-0.0034,0.0004,0.0,-0.0028
4592,61,West,Business,Transport,2025Q3,84448.94,649.0,53.18,25.77,91.39,123778.38,0.4912,0.10632,0,-0.0447,0.0009,0.0197,-0.0272,0.0095,0.0
4593,47,East,Salaried,Manufacturing,2025Q3,73620.45,507.0,27.75,78.29,76.98,216287.92,0.5287,0.41555,0,-0.0134,0.2714,-0.0595,0.0769,0.0,-0.0288
4594,41,North,Salaried,IT,2025Q3,92781.87,551.0,57.76,65.96,80.51,201991.12,0.5867,0.4085,1,0.027,0.2241,0.0833,0.0458,0.0,-0.0295
4595,52,South,Business,Manufacturing,2025Q3,120200.13,737.0,16.93,52.09,70.1,313089.99,0.506,0.02198,0,-0.0059,-0.0421,-0.0158,0.0007,0.0,0.0
4596,54,North,Salaried,Construction,2025Q3,125595.59,552.0,36.2,68.18,86.23,215035.62,0.3881,0.21122,0,-0.0501,0.1478,-0.0145,0.0386,0.0,-0.0231
4597,40,North,Salaried,Healthcare,2025Q3,71437.5,752.0,64.32,53.38,77.67,133648.51,0.323,0.07727,1,0.0091,-0.1232,0.0272,0.0027,0.0,-0.0087
4598,48,East,Business,Healthcare,2025Q3,103085.02,666.0,19.59,48.13,53.11,337367.29,0.45,0.05939,0,-0.0054,-0.0118,-0.0303,-0.0014,0.0,0.0
4599,57,North,Salaried,Manufacturing,2025Q3,74588.15,709.0,42.34,34.83,38.7,153576.03,0.3359,0.03587,0,-0.0149,-0.0335,0.0017,-0.0075,0.0,-0.0048
4600,65,East,Business,Retail,2025Q3,64474.27,643.0,47.36,40.06,34.34,161307.82,0.4488,0.08178,0,-0.0537,0.0057,0.0105,-0.0095,0.0,0.0
4601,52,West,Salaried,Construction,2025Q3,82186.25,696.0,39.46,37.79,57.21,269124.79,0.3837,0.05297,0,-0.0115,-0.034,-0.0006,-0.0084,0.0061,-0.0068
4602,44,South,Salaried,Manufacturing,2025Q3,54932.42,682.0,34.0,48.23,38.0,140752.79,0.4896,0.05467,0,0.0019,-0.0278,-0.0086,-0.0015,0.0,-0.0086
4603,43,South,Business,Retail,2025Q3,101380.43,657.0,23.98,6.37,44.05,294227.5,0.5007,0.04502,0,0.0029,-0.0042,-0.0197,-0.0353,0.0,0.0
4604,50,East,Salaried,Manufacturing,2025Q3,47234.92,588.0,41.14,70.65,56.95,57890.21,0.4247,0.18353,0,-0.0251,0.0957,0.0039,0.0398,0.0,-0.0214
4605,43,East,Business,Transport,2025Q3,76492.01,684.0,36.36,90.83,87.96,80064.55,0.2692,0.12113,0,0.0064,-0.0501,-0.0088,0.048,0.0,0.0
4606,46,North,Business,Transport,2025Q3,97318.23,536.0,15.02,38.49,29.79,230462.81,0.5482,0.20661,1,-0.0046,0.1358,-0.0929,-0.0233,0.0,0.0
4607,32,North,Business,Manufacturing,2025Q3,86602.52,723.0,55.6,73.85,60.59,263073.4,0.3531,0.14406,0,0.0391,-0.1284,0.0341,0.0316,0.0,0.0
4608,58,East,Business,IT,2025Q3,102446.09,673.0,23.44,45.05,34.97,146371.22,0.4176,0.06043,0,-0.0202,-0.0133,-0.0181,-0.0029,0.0,0.0
4609,31,West,Business,Construction,2025Q3,112612.21,692.0,15.43,34.75,48.87,300504.48,0.4019,0.05585,0,0.0218,-0.0371,-0.04,-0.013,0.0075,0.0
4610,39,North,Salaried,Transport,2025Q3,99450.35,482.0,28.47,39.6,78.6,58177.77,0.517,0.41235,1,0.0395,0.3043,-0.0564,-0.0303,0.0,-0.0291
4611,45,South,Salaried,Manufacturing,2025Q3,64282.11,583.0,23.72,49.89,43.03,47785.07,0.4012,0.14167,0,0.0,0.0764,-0.0487,-0.0002,0.0,-0.0168
4612,66,West,Business,Manufacturing,2025Q3,139469.37,626.0,33.87,32.13,54.73,121189.53,0.3464,0.1057,0,-0.0533,0.0167,-0.0091,-0.0166,0.0081,0.0
4613,39,North,Business,Healthcare,2025Q3,117919.63,706.0,18.12,61.34,62.82,97736.51,0.42,0.06189,0,0.0092,-0.0477,-0.0313,0.0076,0.0,0.0
4614,37,North,Business,Transport,2025Q3,82169.76,,45.17,36.58,74.02,67542.83,0.5125,0.21573,1,0.0377,0.0895,0.018,-0.03,0.0,0.0
4615,38,East,Salaried,Transport,2025Q3,71117.26,833.0,60.1,24.39,49.04,43258.08,0.3536,0.02314,0,0.0039,-0.1223,0.0072,-0.0077,0.0,-0.0027
4616,62,North,Business,Transport,2025Q3,105987.01,642.0,39.69,47.56,85.22,249557.73,0.4202,0.08802,0,-0.0452,0.0066,-0.0005,-0.0023,0.0,0.0
4617,21,North,Business,Healthcare,2025Q3,58390.01,591.0,14.89,32.73,51.1,121164.39,0.3532,0.19673,0,0.0897,0.0872,-0.0946,-0.0362,0.0,0.0
4618,33,East,Business,Retail,2025Q3,70977.98,647.0,23.39,40.8,69.69,156363.61,0.4697,0.12823,1,0.0304,0.0034,-0.0388,-0.0119,0.0,0.0
4619,74,East,Business,Manufacturing,2025Q3,141447.81,595.0,41.54,46.81,56.2,231679.06,0.4937,0.13095,0,-0.1025,0.044,0.0028,-0.0036,0.0,0.0
4620,50,South,Business,Retail,2025Q3,103972.77,579.0,6.53,18.53,74.82,175963.31,0.4438,0.10058,0,-0.0117,0.045,-0.0696,-0.0349,0.0,0.0
4621,32,South,Salaried,Construction,2025Q3,54924.59,729.0,18.28,80.1,100.0,28620.12,0.3219,0.06446,0,0.0192,-0.0783,-0.0324,0.0191,0.0,-0.0078
4622,44,East,Business,IT,2025Q3,74032.07,695.0,11.64,65.88,54.45,157779.62,0.4183,0.07771,0,0.0015,-0.0336,-0.0397,0.0095,0.0,0.0
4623,45,East,Salaried,Manufacturing,2025Q3,62954.01,695.0,39.85,34.14,59.68,35374.45,0.425,0.06467,0,0.0,-0.0346,-0.0002,-0.0116,0.0,-0.0071
4624,53,East,Salaried,Manufacturing,2025Q3,80850.61,747.0,72.59,47.58,51.36,247524.71,0.3903,0.05041,0,-0.0141,-0.0975,0.0281,-0.0017,0.0,-0.0072
4625,64,East,Business,Transport,2025Q3,125137.06,693.0,17.82,61.99,48.28,167213.3,0.3258,0.03751,0,-0.0245,-0.0212,-0.0196,0.0048,0.0,0.0
4626,48,East,Business,Transport,2025Q3,78818.54,587.0,51.06,52.59,46.01,119675.88,0.4698,0.24458,0,-0.0162,0.1078,0.0394,0.0058,0.0,0.0
4627,38,West,Salaried,Retail,2025Q3,86530.65,708.0,28.98,89.36,59.63,111804.6,0.4202,0.09643,0,0.0171,-0.0769,-0.0226,0.0369,0.0108,-0.0118
4628,53,East,Salaried,Manufacturing,2025Q3,87345.22,583.0,16.88,42.75,44.46,74908.15,0.4845,0.11407,0,-0.0236,0.0535,-0.0534,-0.0087,0.0,-0.0122
4629,36,North,Business,Construction,2025Q3,86071.15,627.0,63.03,74.16,45.07,133975.14,0.4246,0.26256,0,0.0534,0.0536,0.0935,0.061,0.0,0.0
4630,33,West,Salaried,IT,2025Q3,84264.33,657.0,72.56,18.64,5.0,283522.83,0.5277,0.24461,0,0.0475,-0.0124,0.083,-0.0659,0.0182,-0.0195
4631,25,West,Salaried,Construction,2025Q3,73780.46,650.0,44.59,22.02,87.7,50124.97,0.4273,0.1789,0,0.063,0.0,0.0122,-0.0512,0.0157,-0.0171
4632,27,South,Salaried,Manufacturing,2025Q3,35118.68,,43.8,85.06,92.88,72610.41,0.5783,0.45792,1,0.1251,0.2851,0.0189,0.1047,0.0,-0.0296
4633,34,North,Salaried,Healthcare,2025Q3,47187.75,594.0,39.0,38.5,72.98,93003.3,0.4649,0.23219,0,0.0472,0.0856,-0.0034,-0.0241,0.0,-0.0208
4634,31,East,Business,Retail,2025Q3,74868.7,658.0,35.63,22.32,42.52,203132.42,0.332,0.1207,1,0.0336,-0.0091,-0.009,-0.0377,0.0,0.0
4635,47,South,Business,Transport,2025Q3,99807.51,618.0,43.44,46.95,34.73,209559.81,0.5056,0.20456,0,-0.0079,0.043,0.0093,-0.0051,0.0,0.0
4636,31,East,Business,IT,2025Q3,103562.36,737.0,48.82,75.81,28.71,52544.54,0.3679,0.15206,0,0.0346,-0.1388,0.0169,0.0282,0.0,0.0
4637,21,South,Salaried,Manufacturing,2025Q3,56171.22,748.0,64.61,31.2,72.78,41458.62,0.3577,0.13369,0,0.0458,-0.145,0.036,-0.022,0.0,-0.0112
4638,33,North,Business,Construction,2025Q3,111466.53,584.0,29.64,47.08,85.31,247376.38,0.5336,0.23501,0,0.0566,0.109,-0.0402,-0.0065,0.0,0.0
4639,39,North,Salaried,Transport,2025Q3,58479.84,664.0,40.04,7.2,63.32,143079.87,0.3226,0.07788,0,0.0103,-0.0109,0.0001,-0.0424,0.0,-0.0084
4640,37,West,SelfEmployed,Construction,2025Q3,67723.58,768.0,36.58,37.69,77.16,145158.97,0.2461,0.05183,0,0.0108,-0.1229,-0.0037,-0.0084,0.006,0.014
4641,61,North,SelfEmployed,Transport,2025Q3,93497.71,651.0,54.38,69.94,68.9,209629.64,0.4096,0.19687,0,-0.0729,-0.0016,0.0369,0.0312,0.0,0.0383
4642,37,East,Salaried,Transport,2025Q3,54689.9,632.0,76.4,30.74,44.58,169798.77,0.4579,0.17651,0,0.0385,0.0343,0.1078,-0.0447,0.0,-0.0226
4643,54,North,Business,Healthcare,2025Q3,120569.28,,54.94,20.02,80.19,217133.41,0.4731,0.03767,0,-0.0126,-0.0473,0.0117,-0.019,0.0,0.0
4644,44,South,Salaried,Retail,2025Q3,25843.04,641.0,50.77,30.93,78.91,25250.23,0.4422,0.11562,0,0.003,0.0103,0.0215,-0.027,0.0,-0.0136
4645,44,East,Salaried,Healthcare,2025Q3,66635.76,746.0,52.53,34.59,40.19,176791.34,0.2138,0.04551,0,0.0012,-0.0757,0.0098,-0.0088,0.0,-0.0056
4646,35,North,Salaried,Retail,2025Q3,88267.73,620.0,58.28,64.82,76.14,126045.79,0.3603,0.2917,0,0.0536,0.0624,0.0685,0.0349,0.0,-0.0251
4647,43,East,Business,Manufacturing,2025Q3,84178.27,,76.63,56.36,57.05,265068.48,0.3344,0.35122,0,0.0116,0.0483,0.1295,0.0158,0.0,0.0
4648,36,East,SelfEmployed,Construction,2025Q3,95811.96,,11.03,60.6,54.78,242159.01,0.2543,0.06469,0,0.0152,-0.0637,-0.0497,0.0081,0.0,0.0177
4649,46,North,Business,IT,2025Q3,132058.31,667.0,47.59,48.63,67.81,312697.78,0.4079,0.0943,1,-0.0029,-0.0206,0.0147,-0.0017,0.0,0.0
4650,41,South,Salaried,Manufacturing,2025Q3,74446.92,,2.0,34.36,67.19,227939.88,0.4624,0.0406,0,0.0044,-0.0085,-0.045,-0.0085,0.0,-0.0053
4651,34,East,Salaried,IT,2025Q3,87740.82,530.0,53.22,30.92,77.77,220604.3,0.5472,0.37387,0,0.0711,0.2487,0.0615,-0.056,0.0,-0.0291
4652,55,East,Business,Transport,2025Q3,144144.48,636.0,46.82,57.51,43.01,96964.76,0.4721,0.14806,0,-0.0364,0.0171,0.0152,0.0102,0.0,0.0
4653,49,East,Salaried,Transport,2025Q3,87437.63,719.0,29.25,82.96,71.31,142959.67,0.3587,0.07685,0,-0.0066,-0.0596,-0.0132,0.0186,0.0,-0.0071
4654,39,East,Business,IT,2025Q3,85334.86,607.0,2.0,27.3,36.8,150581.5,0.5291,0.11075,0,0.0125,0.0312,-0.0828,-0.0244,0.0,0.0
4655,46,North,Salaried,IT,2025Q3,93744.38,708.0,37.77,25.6,56.42,173553.45,0.3904,0.05329,0,-0.0012,-0.0363,-0.0019,-0.0142,0.0,-0.0054
4656,43,North,Business,Manufacturing,2025Q3,111115.9,678.0,41.57,23.01,57.76,153214.05,0.4225,0.06933,0,0.0039,-0.0247,0.0022,-0.0262,0.0,0.0
4657,34,East,Business,Manufacturing,2025Q3,81001.32,646.0,36.99,66.29,79.4,105166.45,0.3759,0.18365,0,0.0426,0.0066,-0.0094,0.028,0.0,0.0
4658,45,East,Salaried,IT,2025Q3,67890.81,752.0,28.06,47.07,60.19,153198.98,0.3722,0.03262,0,0.0,-0.0573,-0.0079,-0.0011,0.0,-0.0037
4659,37,East,Salaried,Manufacturing,2025Q3,100313.12,,23.65,60.22,54.76,265232.15,0.3984,0.11445,0,0.0232,0.0153,-0.0415,0.0132,0.0,-0.0141
4660,34,North,Business,Healthcare,2025Q3,76828.94,642.0,37.17,36.82,88.52,93803.67,0.3198,0.13116,0,0.0343,0.0106,-0.0072,-0.0208,0.0,0.0
4661,26,South,Salaried,Construction,2025Q3,80987.12,646.0,25.17,61.6,51.42,100281.33,0.4799,0.17023,0,0.0597,0.0059,-0.0442,0.0179,0.0,-0.0169
4662,40,East,Business,Manufacturing,2025Q3,91831.61,,50.95,41.67,50.58,191272.3,0.4357,0.10895,0,0.0155,-0.0205,0.0236,-0.0121,0.0,0.0
4663,50,North,Business,Manufacturing,2025Q3,128985.37,712.0,36.74,14.01,22.47,289617.73,0.4694,0.04426,0,-0.0053,-0.0333,-0.0024,-0.0187,0.0,0.0
4664,36,South,Salaried,IT,2025Q3,53217.17,560.0,10.41,68.3,55.66,76772.24,0.4027,0.21883,0,0.0418,0.1308,-0.121,0.0367,0.0,-0.022
4665,72,East,Business,Retail,2025Q3,100582.35,719.0,40.83,47.2,41.21,77061.77,0.4598,0.03278,0,-0.0316,-0.0318,0.0005,-0.001,0.0,0.0
4666,54,North,Salaried,Retail,2025Q3,100080.76,665.0,44.63,41.17,54.99,213476.37,0.2967,0.07848,0,-0.0197,-0.0124,0.0062,-0.0078,0.0,-0.0088
4667,58,South,Business,Healthcare,2025Q3,82953.89,698.0,63.89,54.19,64.8,238354.89,0.454,0.11025,1,-0.0346,-0.0536,0.0322,0.004,0.0,0.0
4668,53,North,Salaried,Construction,2025Q3,85899.31,823.0,52.85,16.23,38.3,100659.29,0.421,0.01,0,-0.0032,-0.0672,0.0029,-0.0063,0.0,-0.0016
4669,64,West,Business,Retail,2025Q3,136571.37,625.0,23.62,57.48,43.54,420000.0,0.3532,0.1093,0,-0.0536,0.0199,-0.0304,0.007,0.0093,0.0
4670,35,North,Business,IT,2025Q3,50473.02,577.0,60.81,34.89,28.01,150836.33,0.5424,0.39909,0,0.0605,0.1547,0.0875,-0.0421,0.0,0.0
4671,21,North,Salaried,Transport,2025Q3,62238.51,673.0,15.82,44.57,49.8,132944.1,0.5441,0.10441,0,0.0462,-0.0251,-0.0526,-0.006,0.0,-0.0113
4672,39,North,Salaried,Healthcare,2025Q3,93011.42,,38.45,73.06,41.11,286089.34,0.3696,0.12604,0,0.0162,-0.0442,-0.0032,0.0255,0.0,-0.0129
4673,50,North,Salaried,IT,2025Q3,80633.66,719.0,50.07,62.13,100.0,138937.62,0.5193,0.07483,0,-0.0094,-0.0666,0.0117,0.0086,0.0,-0.008
4674,46,North,Salaried,Healthcare,2025Q3,60812.33,623.0,61.34,44.12,90.08,105635.69,0.3008,0.16701,0,-0.0044,0.0417,0.0574,-0.0111,0.0,-0.0192
4675,47,East,Business,Manufacturing,2025Q3,88673.06,604.0,68.22,45.78,86.84,205709.47,0.4327,0.27359,0,-0.0112,0.0881,0.0967,-0.0101,0.0,0.0
4676,59,North,Salaried,Construction,2025Q3,74106.64,556.0,58.4,0.0,34.1,71167.9,0.2513,0.18246,0,-0.0598,0.0964,0.0435,-0.0975,0.0,-0.0168
4677,48,North,Salaried,Manufacturing,2025Q3,80544.85,567.0,35.81,29.92,56.45,237845.86,0.5309,0.13153,0,-0.0123,0.0955,-0.0123,-0.0372,0.0,-0.0178
4678,53,North,Salaried,Transport,2025Q3,78819.3,632.0,47.27,51.68,35.94,240527.46,0.3114,0.13638,0,-0.0269,0.0203,0.0152,0.0022,0.0,-0.0139
4679,34,South,Salaried,Manufacturing,2025Q3,57461.31,652.0,41.59,31.19,96.86,126315.08,0.2707,0.12322,0,0.0292,-0.0024,0.0034,-0.0262,0.0,-0.0134
4680,32,North,Salaried,Transport,2025Q3,73290.65,800.0,26.65,18.82,76.62,83512.35,0.396,0.02015,0,0.0054,-0.0693,-0.0054,-0.008,0.0,-0.0023
4681,62,East,Salaried,Transport,2025Q3,120324.08,545.0,,58.56,38.95,111970.54,0.5472,0.16879,1,-0.0879,0.1289,-0.0128,0.0161,0.0,-0.0201
4682,45,East,Business,Transport,2025Q3,97500.78,683.0,66.77,76.74,67.39,110526.34,0.3836,0.1693,0,0.0,-0.0619,0.0689,0.0444,0.0,0.0
4683,37,East,Business,Construction,2025Q3,108585.98,611.0,48.34,32.13,30.35,116767.69,0.4521,0.16855,0,0.0343,0.0617,0.026,-0.0374,0.0,0.0
4684,37,North,Business,IT,2025Q3,112818.85,675.0,70.95,67.25,57.27,328329.37,0.5597,0.19337,0,0.038,-0.0531,0.0934,0.0353,0.0,0.0
4685,37,West,Business,Construction,2025Q3,73840.47,622.0,20.68,63.95,56.49,79859.01,0.3612,0.20303,0,0.0307,0.0411,-0.0641,0.0234,0.017,0.0
4686,36,East,Salaried,IT,2025Q3,73447.45,730.0,31.9,26.51,74.79,225659.84,0.321,0.0374,0,0.0089,-0.0529,-0.0069,-0.0128,0.0,-0.005
4687,30,North,Business,Construction,2025Q3,70450.94,730.0,44.64,31.99,79.76,176304.08,0.4863,0.06583,0,0.024,-0.0871,0.0061,-0.0162,0.0,0.0
4688,27,South,Business,IT,2025Q3,48721.05,652.0,49.88,87.67,60.41,114856.39,0.4447,0.34932,0,0.0957,-0.0047,0.0403,0.0869,0.0,0.0
4689,42,East,Business,Retail,2025Q3,95303.7,758.0,36.13,23.43,55.52,219927.25,0.5037,0.02897,0,0.0024,-0.0635,-0.0024,-0.0111,0.0,0.0
4690,37,South,Salaried,Retail,2025Q3,50461.31,712.0,50.81,34.6,5.0,24130.68,0.3021,0.08923,1,0.0143,-0.064,0.0139,-0.0141,0.0,-0.0089
4691,56,South,Salaried,Healthcare,2025Q3,95217.46,755.0,50.69,91.25,91.24,219810.64,0.2476,0.04684,1,-0.0187,-0.1025,0.0103,0.0211,0.0,-0.0067
4692,47,East,Salaried,Transport,2025Q3,50394.19,657.0,15.79,35.48,46.85,84600.29,0.3103,0.05099,0,-0.0029,-0.0041,-0.0308,-0.0096,0.0,-0.0065
4693,47,North,Salaried,IT,2025Q3,81477.87,725.0,50.06,77.77,62.04,74070.92,0.4578,0.07046,0,-0.0043,-0.0872,0.0139,0.0218,0.0,-0.0095
4694,36,West,Salaried,Construction,2025Q3,40226.81,608.0,55.17,25.52,100.0,109069.42,0.5382,0.24458,0,0.0411,0.0708,0.0488,-0.0556,0.0204,-0.0217
4695,43,North,Business,Manufacturing,2025Q3,101929.57,601.0,42.74,51.04,36.12,162027.36,0.5303,0.20999,0,0.0093,0.0776,0.0091,0.0021,0.0,0.0
4696,48,North,Salaried,Manufacturing,2025Q3,72219.16,808.0,8.56,71.89,60.43,155670.73,0.4166,0.01588,0,-0.0012,-0.0605,-0.0119,0.0032,0.0,-0.0018
4697,52,North,Salaried,Retail,2025Q3,74083.72,586.0,33.57,37.72,69.94,64768.56,0.5501,0.14058,0,-0.0249,0.0643,-0.016,-0.0184,0.0,-0.0148
4698,43,South,Salaried,Construction,2025Q3,95077.09,630.0,45.01,50.19,81.85,91227.05,0.3859,0.11488,0,0.0072,0.0268,0.0127,0.0003,0.0,-0.0164
4699,56,West,SelfEmployed,Healthcare,2025Q3,88711.74,531.0,24.15,64.38,60.02,146436.26,0.3103,0.32718,0,-0.0719,0.2167,-0.0741,0.0375,0.0263,0.0635
4700,44,East,Salaried,Healthcare,2025Q3,77695.35,602.0,52.69,28.16,83.51,68580.37,0.3149,0.14201,0,0.0041,0.0651,0.0343,-0.0418,0.0,-0.0183
4701,53,West,Salaried,Manufacturing,2025Q3,80224.91,592.0,49.67,97.29,51.69,176638.03,0.3315,0.32899,0,-0.0502,0.1196,0.0402,0.1083,0.0253,-0.0265
4702,39,East,Salaried,IT,2025Q3,80333.06,614.0,40.15,70.83,70.87,49227.09,0.2853,0.23992,0,0.0277,0.0609,0.0005,0.0402,0.0,-0.0214
4703,24,South,Salaried,Construction,2025Q3,76473.01,680.0,38.28,40.14,68.28,152150.94,0.3082,0.13633,0,0.0507,-0.0402,-0.0038,-0.0133,0.0,-0.0135
4704,47,South,Business,Manufacturing,2025Q3,108441.44,697.0,41.09,42.83,58.18,154794.69,0.337,0.06854,1,-0.0037,-0.0421,0.0014,-0.0058,0.0,0.0
4705,52,North,Salaried,Transport,2025Q3,74499.97,592.0,37.94,90.06,66.47,122803.45,0.4963,0.18509,0,-0.0369,0.0949,-0.0075,0.075,0.0,-0.0222
4706,50,West,Salaried,Healthcare,2025Q3,102862.85,606.0,17.43,40.19,42.51,265942.29,0.4664,0.10551,0,-0.0136,0.0366,-0.0494,-0.0113,0.0105,-0.0115
4707,49,South,Business,Manufacturing,2025Q3,78705.68,734.0,31.12,37.61,54.03,153721.2,0.5188,0.03772,0,-0.004,-0.0489,-0.0065,-0.0054,0.0,0.0
4708,40,South,SelfEmployed,Retail,2025Q3,66735.33,,39.16,73.22,34.26,64353.55,0.2842,0.06495,0,0.0082,-0.156,-0.0011,0.0154,0.0,0.0165
4709,35,South,Business,Healthcare,2025Q3,80299.59,745.0,60.7,17.19,51.17,126123.14,0.4241,0.0642,0,0.0147,-0.0979,0.0205,-0.0278,0.0,0.0
4710,50,East,Business,Transport,2025Q3,114942.41,548.0,49.07,46.28,82.76,190585.24,0.5685,0.23666,0,-0.0304,0.1792,0.0369,-0.0095,0.0,0.0
4711,49,North,Salaried,Healthcare,2025Q3,59137.27,741.0,61.56,49.85,68.41,114465.13,0.3548,0.06056,0,-0.0066,-0.0878,0.0201,-0.0001,0.0,-0.0071
4712,38,East,Business,Transport,2025Q3,101346.71,786.0,15.52,32.52,66.16,217805.73,0.3443,0.01854,0,0.0033,-0.0603,-0.0116,-0.0043,0.0,0.0
4713,56,East,SelfEmployed,Manufacturing,2025Q3,93514.55,545.0,32.3,13.56,28.02,141355.62,0.5748,0.16623,0,-0.0536,0.1263,-0.0257,-0.0788,0.0,0.0435
4714,34,East,Salaried,Construction,2025Q3,58892.8,734.0,71.18,49.52,66.4,87687.27,0.3696,0.12206,0,0.0272,-0.1293,0.0488,-0.0006,0.0,-0.0125
4715,38,North,Salaried,Construction,2025Q3,90060.51,,26.11,63.14,58.74,223893.45,0.5334,0.08643,0,0.0154,-0.0261,-0.0264,0.0126,0.0,-0.0107
4716,62,North,Business,Healthcare,2025Q3,92451.93,638.0,25.79,33.06,70.75,93371.23,0.3132,0.06064,0,-0.0323,0.0068,-0.0177,-0.0122,0.0,0.0
4717,54,South,Salaried,Retail,2025Q3,125842.17,667.0,33.65,22.04,87.66,277277.62,0.5511,0.05297,0,-0.0131,-0.0094,-0.0062,-0.0181,0.0,-0.0059
4718,40,West,SelfEmployed,Transport,2025Q3,76920.45,690.0,70.29,75.63,51.82,236484.91,0.5141,0.29787,0,0.0277,-0.0974,0.1065,0.0584,0.0238,0.0571
4719,47,West,SelfEmployed,Manufacturing,2025Q3,89097.15,739.0,27.26,59.62,53.69,227868.0,0.3198,0.04994,0,-0.0034,-0.0885,-0.0168,0.0065,0.0067,0.0155
4720,46,East,Business,Manufacturing,2025Q3,120272.29,735.0,46.92,40.04,78.36,152085.46,0.3731,0.04911,0,-0.0014,-0.0711,0.0065,-0.0063,0.0,0.0
4721,21,North,Salaried,Healthcare,2025Q3,58166.73,558.0,44.27,68.26,47.93,20000.0,0.3604,0.57489,0,0.1596,0.2287,0.0213,0.0542,0.0,-0.03
4722,34,North,Salaried,Healthcare,2025Q3,88099.64,616.0,7.14,53.32,61.75,112808.31,0.3999,0.14752,0,0.0286,0.0339,-0.0875,0.0041,0.0,-0.0131
4723,43,East,Business,Transport,2025Q3,54643.15,666.0,37.75,87.36,20.07,47693.4,0.2968,0.17998,1,0.0073,-0.025,-0.0061,0.0512,0.0,0.0
4724,40,North,Business,Healthcare,2025Q3,79133.25,767.0,29.15,62.61,53.84,193797.62,0.2441,0.04256,0,0.0051,-0.0923,-0.0093,0.0055,0.0,0.0
4725,47,East,Business,Retail,2025Q3,100541.21,475.0,48.85,17.42,86.1,163157.59,0.3884,0.38395,1,-0.0138,0.3288,0.0426,-0.0972,0.0,0.0
4726,56,East,Business,Healthcare,2025Q3,120965.55,618.0,65.83,33.51,66.71,277814.38,0.5216,0.16569,0,-0.0479,0.044,0.061,-0.0297,0.0,0.0
4727,40,South,Business,Transport,2025Q3,100954.54,556.0,32.49,34.56,77.99,301805.66,0.3116,0.2337,0,0.0252,0.1428,-0.029,-0.0361,0.0,0.0
4728,32,South,Salaried,Construction,2025Q3,77068.58,567.0,32.49,54.81,79.13,89704.09,0.5664,0.2889,0,0.0693,0.15,-0.032,0.0118,0.0,-0.0254
4729,48,North,SelfEmployed,Construction,2025Q3,106399.04,727.0,78.29,41.32,86.99,174471.69,0.4737,0.10159,1,-0.0097,-0.127,0.0641,-0.0121,0.0,0.0299
4730,40,North,Salaried,Transport,2025Q3,80650.35,624.0,26.62,23.2,53.06,160311.12,0.542,0.11291,0,0.0116,0.0223,-0.0261,-0.032,0.0,-0.011
4731,42,East,Salaried,Healthcare,2025Q3,35322.69,501.0,16.51,60.96,78.85,85291.78,0.5072,0.23706,1,0.0184,0.246,-0.1113,0.0286,0.0,-0.0272
4732,41,South,Business,Retail,2025Q3,113959.66,649.0,60.04,70.0,100.0,217528.34,0.5598,0.26271,0,0.0195,0.002,0.0641,0.0402,0.0,0.0
4733,69,North,Salaried,Healthcare,2025Q3,83122.03,798.0,37.19,45.74,59.47,92626.31,0.261,0.01313,0,-0.0105,-0.0435,-0.0006,-0.0006,0.0,-0.0014
4734,21,North,Business,Manufacturing,2025Q3,75645.25,537.0,42.53,52.61,33.61,235955.05,0.5765,0.61438,1,0.1631,0.2796,0.0126,0.0078,0.0,0.0
4735,40,North,Salaried,Manufacturing,2025Q3,75358.09,696.0,73.7,26.71,48.1,80251.86,0.6547,0.11042,0,0.0135,-0.0623,0.0529,-0.0316,0.0,-0.0128
4736,44,East,Salaried,Construction,2025Q3,76551.9,767.0,15.55,36.5,69.37,192069.01,0.3655,0.01673,0,0.0005,-0.045,-0.0112,-0.0032,0.0,-0.0023
4737,35,East,Salaried,Construction,2025Q3,47691.27,657.0,34.87,37.4,26.77,61790.88,0.4206,0.10918,0,0.024,-0.0076,-0.0102,-0.0153,0.0,-0.012
4738,54,South,Business,Healthcare,2025Q3,64803.52,791.0,18.22,60.29,44.76,130042.5,0.3044,0.01863,0,-0.0047,-0.058,-0.009,0.0019,0.0,0.0
4739,53,South,Business,Manufacturing,2025Q3,80757.18,615.0,43.36,53.63,53.4,244424.36,0.4451,0.15519,0,-0.032,0.0446,0.0087,0.0057,0.0,0.0
4740,43,North,Salaried,IT,2025Q3,89672.29,758.0,29.15,40.75,62.2,175217.28,0.4046,0.02314,0,0.0015,-0.0592,-0.0067,-0.0032,0.0,-0.0035
4741,41,South,Salaried,Transport,2025Q3,46960.81,742.0,19.23,39.87,95.93,106980.37,0.2063,0.0321,0,0.003,-0.0471,-0.0143,-0.0036,0.0,-0.0036
4742,43,North,Salaried,Healthcare,2025Q3,58954.94,658.0,49.72,4.71,73.76,147526.28,0.4737,0.07935,0,0.004,-0.0067,0.0131,-0.0499,0.0,-0.0092
4743,43,West,Salaried,Healthcare,2025Q3,82324.84,559.0,38.17,83.33,37.72,199147.38,0.5481,0.32935,1,0.013,0.1927,-0.0086,0.0876,0.0275,-0.0284
4744,43,North,Salaried,Healthcare,2025Q3,56306.36,592.0,17.97,2.12,100.0,120624.42,0.3773,0.06395,0,0.0042,0.0377,-0.0406,-0.056,0.0,-0.0097
4745,42,South,Business,Retail,2025Q3,79125.13,501.0,18.95,57.28,59.67,52177.12,0.4457,0.47097,0,0.0192,0.2636,-0.1017,0.02,0.0,0.0
4746,47,North,Business,Healthcare,2025Q3,94872.79,700.0,41.32,48.83,26.39,260361.3,0.4779,0.08364,0,-0.0039,-0.047,0.0018,-0.001,0.0,0.0
4747,52,East,Salaried,Manufacturing,2025Q3,87987.57,692.0,11.27,42.15,39.23,177116.83,0.3385,0.0357,0,-0.0067,-0.0181,-0.0237,-0.0031,0.0,-0.004
4748,30,North,Salaried,Healthcare,2025Q3,44249.93,665.0,41.64,47.82,39.35,122030.17,0.4817,0.13835,0,0.0436,-0.0212,0.0039,-0.0032,0.0,-0.0152
4749,32,West,Salaried,Transport,2025Q3,67436.97,652.0,59.43,33.41,33.04,189354.19,0.4497,0.21513,0,0.0509,-0.0035,0.0539,-0.0331,0.0181,-0.0195
4750,25,North,Business,Retail,2025Q3,80779.39,752.0,,62.36,70.26,214234.31,0.5786,0.08473,0,0.0406,-0.1551,0.0146,0.0127,0.0,0.0
4751,54,East,Salaried,Transport,2025Q3,61782.39,680.0,28.03,19.1,6.66,140963.83,0.4067,0.03819,0,-0.0101,-0.0137,-0.0095,-0.0157,0.0,-0.0045
4752,47,East,Salaried,Construction,2025Q3,82267.17,622.0,42.39,55.21,79.65,266218.01,0.3946,0.15923,1,-0.0074,0.0359,0.0061,0.0079,0.0,-0.0162
4753,50,North,Business,Manufacturing,2025Q3,83201.5,670.0,17.97,33.09,76.29,210157.72,0.4403,0.04155,0,-0.007,-0.0115,-0.0254,-0.0105,0.0,0.0
4754,28,North,Salaried,IT,2025Q3,63530.47,799.0,40.18,38.61,50.87,93018.35,0.3846,0.03277,0,0.0124,-0.1176,0.0001,-0.0047,0.0,-0.0041
4755,64,South,Salaried,Construction,2025Q3,106715.42,702.0,32.77,39.2,78.31,121047.84,0.5399,0.02868,0,-0.0205,-0.0225,-0.0046,-0.0041,0.0,-0.0038
4756,37,East,Salaried,Healthcare,2025Q3,66227.34,633.0,21.37,44.36,38.15,80372.23,0.5598,0.09649,0,0.02,0.0169,-0.0418,-0.0068,0.0,-0.0122
4757,46,West,SelfEmployed,Transport,2025Q3,101941.48,657.0,47.98,59.05,43.15,93430.21,0.3667,0.18789,0,-0.0046,-0.0127,0.0246,0.017,0.0187,0.0443
4758,53,North,Business,IT,2025Q3,113034.65,692.0,6.36,47.21,70.99,146290.37,0.3974,0.02534,0,-0.0082,-0.019,-0.0306,-0.0011,0.0,0.0
4759,33,South,Salaried,Transport,2025Q3,82140.94,631.0,19.03,68.53,55.81,94931.21,0.3786,0.17789,0,0.0384,0.025,-0.0621,0.0264,0.0,-0.0161
4760,38,North,Business,IT,2025Q3,92555.98,625.0,20.95,70.99,47.5,56239.44,0.3665,0.20967,0,0.0255,0.0348,-0.0598,0.0321,0.0,0.0
4761,46,North,Salaried,Manufacturing,2025Q3,97313.8,659.0,29.92,54.79,57.73,127711.22,0.1635,0.07531,0,-0.0023,-0.0083,-0.0175,0.0045,0.0,-0.0101
4762,75,East,Salaried,IT,2025Q3,110531.72,,58.79,63.02,86.38,278460.77,0.5231,0.03164,0,-0.0323,-0.0588,0.008,0.0037,0.0,-0.0032
4763,47,South,Business,Retail,2025Q3,63389.31,714.0,50.07,92.55,85.6,56941.79,0.3515,0.11881,0,-0.006,-0.0958,0.0196,0.0442,0.0,0.0
4764,62,North,Salaried,Manufacturing,2025Q3,77642.73,632.0,39.68,16.91,68.52,188650.68,0.3981,0.0599,0,-0.0332,0.0102,-0.0004,-0.0267,0.0,-0.0071
4765,57,West,Salaried,IT,2025Q3,83597.37,719.0,38.93,71.68,52.89,266771.17,0.625,0.04568,1,-0.021,-0.0573,-0.0012,0.0125,0.0061,-0.0068
4766,48,East,Salaried,Manufacturing,2025Q3,77729.99,661.0,,81.99,70.43,123356.24,0.3724,0.11554,0,-0.0096,-0.014,-0.0049,0.0366,0.0,-0.0138
4767,33,East,Salaried,Transport,2025Q3,72239.3,683.0,59.95,57.54,42.75,106227.11,0.4013,0.1807,0,0.0417,-0.0567,0.0484,0.0122,0.0,-0.0174
4768,56,North,Business,Manufacturing,2025Q3,86974.87,677.0,8.95,89.89,83.38,198804.65,0.4394,0.05351,0,-0.0209,-0.02,-0.0483,0.0231,0.0,0.0
4769,28,West,Salaried,IT,2025Q3,97456.76,517.0,50.34,87.02,79.01,242829.78,0.5011,0.62399,1,0.1138,0.3496,0.0481,0.106,0.0276,-0.0266
4770,62,East,Salaried,Transport,2025Q3,90055.75,,29.87,40.59,98.63,109341.67,0.447,0.31303,0,-0.1126,0.2789,-0.0464,-0.0255,0.0,-0.0272
4771,46,South,Business,Construction,2025Q3,92361.62,675.0,46.05,42.27,43.96,158948.18,0.5086,0.0553,0,-0.0025,-0.027,0.0101,-0.0085,0.0,0.0
4772,21,North,Salaried,Construction,2025Q3,42926.52,602.0,46.12,59.67,41.47,143631.91,0.4571,0.36067,0,0.1336,0.1084,0.0272,0.0258,0.0,-0.0277
4773,40,West,Business,Retail,2025Q3,69039.22,549.0,49.73,34.27,71.03,115696.56,0.4718,0.38734,0,0.0316,0.204,0.0435,-0.0446,0.0272,0.0
4774,51,East,Salaried,Construction,2025Q3,79726.54,604.0,63.34,100.0,54.52,243166.43,0.3897,0.35444,0,-0.0386,0.1029,0.0958,0.1195,0.0,-0.0274
4775,41,East,Salaried,Construction,2025Q3,73495.91,723.0,16.06,65.35,79.99,118519.41,0.3915,0.05286,0,0.0046,-0.0501,-0.0257,0.0073,0.0,-0.0054
4776,52,East,Salaried,Construction,2025Q3,81335.73,684.0,54.09,49.02,86.35,71271.06,0.4936,0.07945,0,-0.0166,-0.0341,0.0196,-0.0009,0.0,-0.0099
4777,35,East,Business,Transport,2025Q3,112392.81,712.0,36.98,16.98,94.06,299324.91,0.484,0.07709,0,0.0133,-0.0497,-0.0033,-0.0254,0.0,0.0
4778,30,East,Salaried,IT,2025Q3,60826.43,691.0,30.63,53.54,61.17,150598.67,0.3788,0.08333,0,0.0307,-0.0468,-0.0175,0.0036,0.0,-0.0109
4779,43,West,Salaried,Manufacturing,2025Q3,73253.27,598.0,70.54,21.92,77.61,66436.02,0.3838,0.25189,0,0.0106,0.0944,0.0997,-0.0698,0.0224,-0.0237
4780,44,North,Business,Manufacturing,2025Q3,105375.32,713.0,,64.72,49.66,144118.93,0.4757,0.09014,0,0.0024,-0.0785,0.0147,0.0141,0.0,0.0
4781,40,North,Salaried,Retail,2025Q3,69020.82,700.0,31.32,0.0,64.34,120270.83,0.4341,0.03842,0,0.0047,-0.0256,-0.0067,-0.0286,0.0,-0.0045
4782,58,East,Business,Healthcare,2025Q3,113008.1,,53.32,78.44,58.93,328359.58,0.4969,0.14536,0,-0.0527,-0.0028,0.031,0.0387,0.0,0.0
4783,35,South,Salaried,Manufacturing,2025Q3,44577.19,664.0,37.26,38.67,57.86,128588.42,0.3451,0.10402,0,0.0237,-0.0155,-0.0053,-0.0136,0.0,-0.0119
4784,47,East,Business,Transport,2025Q3,70519.4,714.0,31.07,10.78,96.48,184050.92,0.4034,0.02985,0,-0.0019,-0.0321,-0.0063,-0.0191,0.0,0.0
4785,45,East,Salaried,Healthcare,2025Q3,78797.05,609.0,28.3,47.64,33.16,213088.77,0.5122,0.12344,0,0.0,0.0438,-0.0292,-0.0033,0.0,-0.0144
4786,27,East,Business,Transport,2025Q3,71230.88,734.0,42.87,48.37,59.9,42531.65,0.3411,0.06098,0,0.0331,-0.108,0.0045,-0.0016,0.0,0.0
4787,29,East,Business,Manufacturing,2025Q3,62637.55,698.0,28.18,46.59,61.08,96200.89,0.5617,0.10313,1,0.0307,-0.0539,-0.0214,-0.0034,0.0,0.0
4788,44,South,Business,Healthcare,2025Q3,92893.33,660.0,40.49,78.35,72.87,231117.81,0.5544,0.13401,0,0.0037,-0.0151,0.0013,0.0399,0.0,0.0
4789,66,West,Business,Retail,2025Q3,114263.8,764.0,52.19,56.38,38.06,137870.19,0.3713,0.03107,0,-0.0255,-0.0755,0.0071,0.0024,0.0037,0.0
4790,50,North,Salaried,IT,2025Q3,68321.86,,39.77,65.51,54.02,37727.85,0.4391,0.20404,0,-0.0262,0.1205,-0.0008,0.032,0.0,-0.0224
4791,25,East,Business,Retail,2025Q3,64261.68,629.0,69.62,42.53,48.08,135693.83,0.4605,0.36501,1,0.113,0.0499,0.1186,-0.0204,0.0,0.0
4792,21,West,SelfEmployed,Manufacturing,2025Q3,66899.1,614.0,,57.39,14.96,174974.47,0.4537,0.37591,0,0.1458,0.0902,-0.0086,0.0211,0.0284,0.0693
4793,52,North,Salaried,Construction,2025Q3,64520.59,684.0,59.58,19.21,83.25,202170.09,0.5128,0.04489,0,-0.0135,-0.0279,0.021,-0.0275,0.0,-0.008
4794,43,South,Salaried,Manufacturing,2025Q3,63927.41,740.0,53.62,53.68,30.6,112437.18,0.3255,0.0668,0,0.0033,-0.0911,0.0144,0.0026,0.0,-0.0075
4795,57,South,Salaried,Construction,2025Q3,97010.83,593.0,,31.32,27.94,201644.42,0.3778,0.15582,0,-0.0537,0.073,0.0555,-0.0347,0.0,-0.018
4796,34,East,Business,IT,2025Q3,81270.95,850.0,69.55,77.03,78.95,179115.47,0.3792,0.05065,0,0.013,-0.2751,0.022,0.0136,0.0,0.0
4797,48,South,Salaried,Healthcare,2025Q3,70710.35,615.0,9.82,49.66,53.3,44013.6,0.4793,0.09736,0,-0.0068,0.0255,-0.0602,-0.0003,0.0,-0.0098
4798,53,North,Business,IT,2025Q3,82544.75,685.0,42.24,62.58,53.99,185962.02,0.4124,0.07303,0,-0.0193,-0.0355,0.0035,0.0112,0.0,0.0
4799,39,West,Business,Healthcare,2025Q3,67962.2,660.0,36.21,53.77,54.38,161490.5,0.4956,0.14043,0,0.0192,-0.0139,-0.0095,0.0054,0.014,0.0
4800,39,North,Business,IT,2025Q3,83828.4,663.0,39.78,87.74,81.49,78181.74,0.5323,0.16584,0,0.0241,-0.0226,-0.0007,0.0591,0.0,0.0
4801,44,East,Salaried,Healthcare,2025Q3,112164.63,606.0,31.64,13.67,48.96,304532.72,0.5027,0.12094,0,0.0026,0.037,-0.0165,-0.0479,0.0,-0.0117
4802,50,East,Salaried,Construction,2025Q3,91284.16,,29.3,45.5,71.9,207359.7,0.4281,0.03303,0,-0.0047,-0.0448,-0.0075,-0.0017,0.0,-0.004
4803,44,North,Business,Transport,2025Q3,66708.44,602.0,20.41,26.88,37.18,179675.34,0.427,0.11231,0,0.0028,0.043,-0.0455,-0.0309,0.0,0.0
4804,55,North,Salaried,IT,2025Q3,98329.89,540.0,39.56,2.91,66.6,178593.61,0.472,0.12595,0,-0.0398,0.1017,-0.0011,-0.088,0.0,-0.0162
4805,39,West,Business,Transport,2025Q3,72540.04,584.0,52.94,25.45,78.05,98778.46,0.3413,0.30222,0,0.0322,0.1198,0.0484,-0.0624,0.0232,0.0
4806,29,East,Salaried,Transport,2025Q3,62112.57,758.0,30.1,73.78,88.1,93023.44,0.2945,0.07144,0,0.0214,-0.1157,-0.0125,0.0146,0.0,-0.0073
4807,66,North,Salaried,Transport,2025Q3,84900.51,745.0,32.74,47.34,29.02,279852.56,0.4949,0.01767,0,-0.0156,-0.0352,-0.0031,-0.0006,0.0,-0.0025
4808,37,East,Business,Transport,2025Q3,120809.59,524.0,26.83,43.17,54.07,216516.11,0.6119,0.34127,0,0.0479,0.2232,-0.061,-0.0185,0.0,0.0
4809,38,South,Salaried,Healthcare,2025Q3,49886.06,715.0,22.09,65.02,91.97,109602.16,0.2955,0.06531,0,0.01,-0.0547,-0.0234,0.0093,0.0,-0.007
4810,43,North,Salaried,Healthcare,2025Q3,80445.02,525.0,,50.54,78.44,168508.11,0.515,0.41365,1,0.0121,0.2144,-0.0257,0.0014,0.0,-0.0267
4811,45,East,Salaried,Transport,2025Q3,64264.17,658.0,43.49,61.49,56.02,169744.45,0.3027,0.1324,0,0.0,-0.0099,0.0074,0.0143,0.0,-0.0137
4812,40,South,Salaried,IT,2025Q3,85398.91,578.0,58.12,55.1,60.08,277707.06,0.5845,0.32861,0,0.0301,0.1472,0.0745,0.0134,0.0,-0.027
4813,44,North,SelfEmployed,IT,2025Q3,88982.17,721.0,18.93,59.94,65.94,197484.77,0.4013,0.06105,0,0.0016,-0.0647,-0.0298,0.0067,0.0,0.0155
4814,44,West,Business,Construction,2025Q3,113281.95,698.0,37.51,38.11,52.54,151546.73,0.6122,0.07312,1,0.0019,-0.0455,-0.0035,-0.0104,0.0078,0.0
4815,46,North,Business,Healthcare,2025Q3,105426.12,727.0,56.85,71.04,70.94,116808.65,0.3496,0.10935,0,-0.0025,-0.103,0.0257,0.0199,0.0,0.0
4816,21,North,Business,Retail,2025Q3,57516.39,640.0,19.14,21.33,69.81,95601.18,0.3902,0.11027,0,0.0578,0.0117,-0.0538,-0.0432,0.0,0.0
4817,65,North,Business,IT,2025Q3,162091.65,647.0,58.27,46.11,37.7,148761.62,0.4605,0.12021,0,-0.0647,0.003,0.0293,-0.0044,0.0,0.0
4818,42,East,Salaried,Retail,2025Q3,83897.67,558.0,30.98,72.13,50.2,240656.15,0.532,0.23753,0,0.017,0.1613,-0.0386,0.0517,0.0,-0.0254
4819,50,East,Business,Retail,2025Q3,86188.08,590.0,49.38,44.61,50.92,270729.55,0.5134,0.23377,0,-0.0244,0.0903,0.0298,-0.011,0.0,0.0
4820,29,West,SelfEmployed,Healthcare,2025Q3,73899.73,725.0,34.51,38.52,54.89,154537.74,0.4792,0.12084,0,0.0349,-0.1053,-0.0107,-0.0135,0.0107,0.0248
4821,39,North,SelfEmployed,Construction,2025Q3,90555.01,685.0,45.34,98.35,65.4,47079.28,0.3972,0.26214,1,0.0289,-0.076,0.0187,0.0883,0.0,0.0496
4822,37,East,Business,IT,2025Q3,95070.3,667.0,63.74,79.21,63.61,117987.28,0.5004,0.26134,0,0.0398,-0.0369,0.0788,0.0602,0.0,0.0
4823,60,East,Business,Retail,2025Q3,114028.51,746.0,36.06,51.12,45.6,197281.01,0.5718,0.03167,0,-0.0147,-0.051,-0.0023,0.0004,0.0,0.0
4824,38,South,Salaried,IT,2025Q3,87696.68,572.0,53.94,26.65,86.81,129878.83,0.5189,0.25172,0,0.0364,0.1326,0.0507,-0.0581,0.0,-0.0241
4825,52,North,Business,Transport,2025Q3,113527.08,709.0,42.39,3.23,60.1,277543.1,0.3414,0.029,0,-0.0073,-0.0301,0.0016,-0.025,0.0,0.0
4826,37,East,Salaried,Construction,2025Q3,54143.81,580.0,25.42,63.59,89.27,185255.64,0.4862,0.23875,0,0.0373,0.1088,-0.0557,0.0277,0.0,-0.022
4827,39,North,Business,IT,2025Q3,124144.97,760.0,,75.85,88.8,83791.12,0.2324,0.05975,0,0.0087,-0.1148,-0.005,0.0151,0.0,0.0
4828,41,East,Salaried,Retail,2025Q3,108439.98,,34.67,56.71,38.82,341383.5,0.4672,0.08828,0,0.0075,-0.0451,-0.0078,0.0055,0.0,-0.0088
4829,58,East,Business,Healthcare,2025Q3,117717.37,726.0,15.41,10.36,50.19,374530.28,0.2675,0.01563,0,-0.0069,-0.0202,-0.0099,-0.0095,0.0,0.0
4830,23,North,Business,Construction,2025Q3,72496.54,612.0,45.34,51.53,51.65,239381.2,0.4983,0.31816,1,0.1153,0.0821,0.0225,0.0039,0.0,0.0
4831,30,West,Salaried,Transport,2025Q3,64105.95,808.0,48.53,37.29,66.27,113219.39,0.369,0.03923,0,0.0125,-0.1433,0.0057,-0.0059,0.0041,-0.0046
4832,23,East,Business,Retail,2025Q3,65972.24,796.0,51.0,51.56,74.53,100388.94,0.4568,0.06925,0,0.0279,-0.1877,0.0118,0.0011,0.0,0.0
4833,32,South,Salaried,Healthcare,2025Q3,61401.08,689.0,,90.76,62.94,125885.64,0.4177,0.25778,1,0.0574,-0.0837,0.0648,0.0743,0.0,-0.0217
4834,35,East,Business,Construction,2025Q3,43237.88,740.0,53.26,65.37,48.98,87764.61,0.5091,0.08455,0,0.0223,-0.129,0.0212,0.0153,0.0,0.0
4835,26,South,SelfEmployed,Healthcare,2025Q3,95044.74,639.0,28.35,60.67,93.03,141713.46,0.4771,0.27376,0,0.0861,0.022,-0.0461,0.0232,0.0,0.0519
4836,36,East,Business,IT,2025Q3,104694.17,574.0,31.76,47.0,51.23,163541.87,0.5422,0.25062,0,0.0451,0.1265,-0.0327,-0.0069,0.0,0.0
4837,22,North,Business,Manufacturing,2025Q3,40719.64,714.0,51.42,57.12,74.84,119674.55,0.3744,0.17073,0,0.0671,-0.1155,0.0276,0.0109,0.0,0.0
4838,33,South,Business,IT,2025Q3,96819.78,597.0,44.24,32.09,59.26,61208.99,0.4111,0.29008,0,0.0556,0.0897,0.0151,-0.0412,0.0,0.0
4839,57,South,Business,Healthcare,2025Q3,102261.14,749.0,,60.21,58.7,102436.32,0.2813,0.02466,0,-0.0135,-0.0633,-0.0016,0.004,0.0,0.0
4840,48,South,Salaried,Construction,2025Q3,75717.17,731.0,24.0,43.75,73.48,71294.23,0.3081,0.03837,0,-0.0026,-0.0414,-0.0112,-0.0023,0.0,-0.0038
4841,46,South,Salaried,Manufacturing,2025Q3,86371.15,676.0,29.51,29.91,90.86,190169.62,0.4262,0.05436,0,-0.0015,-0.017,-0.0121,-0.0141,0.0,-0.0066
4842,33,North,Business,Healthcare,2025Q3,49429.83,672.0,47.32,65.93,66.1,95654.83,0.425,0.1581,0,0.0443,-0.0385,0.0206,0.0265,0.0,0.0
4843,27,West,Salaried,Healthcare,2025Q3,60197.51,727.0,6.79,0.0,50.22,77110.43,0.4327,0.02568,0,0.0108,-0.0346,-0.0248,-0.0217,0.0031,-0.0034
4844,31,North,Business,Manufacturing,2025Q3,80430.66,679.0,2.0,36.02,89.6,146630.93,0.3622,0.04786,0,0.0178,-0.0198,-0.0575,-0.0097,0.0,0.0
4845,44,North,Salaried,Transport,2025Q3,77148.08,632.0,49.09,61.49,69.88,85212.8,0.4474,0.19264,1,0.0041,0.0273,0.0252,0.0194,0.0,-0.0183
4846,54,South,Salaried,Construction,2025Q3,60085.19,557.0,29.46,74.94,63.41,120289.86,0.5678,0.19833,0,-0.0476,0.1328,-0.0394,0.0486,0.0,-0.0219
4847,54,East,Salaried,IT,2025Q3,92744.49,725.0,45.5,58.38,80.55,238425.59,0.436,0.06182,0,-0.0135,-0.0576,0.005,0.0046,0.0,-0.0061
4848,51,North,Business,Construction,2025Q3,116076.67,685.0,63.23,33.21,66.44,87929.68,0.4185,0.10762,0,-0.0156,-0.0391,0.0335,-0.019,0.0,0.0
4849,36,East,Business,Manufacturing,2025Q3,90831.97,847.0,21.79,46.88,100.0,222510.76,0.3814,0.0144,0,0.003,-0.0953,-0.006,-0.0005,0.0,0.0
4850,44,East,Business,Healthcare,2025Q3,86574.62,653.0,11.29,54.41,60.04,144174.34,0.526,0.05506,0,0.002,-0.0024,-0.0523,0.0037,0.0,0.0
4851,40,North,Salaried,Healthcare,2025Q3,120502.73,681.0,33.58,82.33,82.99,228758.88,0.4306,0.09539,0,0.0138,-0.0404,-0.014,0.0348,0.0,-0.0131
4852,42,West,SelfEmployed,Healthcare,2025Q3,65257.65,682.0,27.04,68.25,68.84,125898.22,0.3748,0.13556,0,0.0096,-0.0472,-0.0337,0.0239,0.0136,0.0318
4853,66,South,Salaried,Construction,2025Q3,109422.12,704.0,37.59,68.41,68.77,269173.46,0.3678,0.04378,0,-0.0325,-0.0329,-0.0021,0.0084,0.0,-0.0053
4854,25,East,Business,IT,2025Q3,77978.93,594.0,46.61,49.44,52.76,217996.53,0.4036,0.3824,1,0.1134,0.1231,0.0292,-0.0015,0.0,0.0
4855,41,North,Salaried,Retail,2025Q3,109221.63,655.0,43.23,24.44,52.86,241699.07,0.3802,0.05845,0,0.0092,-0.0048,0.0054,-0.0298,0.0,-0.0108
4856,57,East,Salaried,Construction,2025Q3,94361.5,716.0,38.74,17.07,69.93,101523.92,0.4676,0.02439,1,-0.0107,-0.0281,-0.0007,-0.0129,0.0,-0.0034
4857,28,East,Salaried,Manufacturing,2025Q3,72120.79,637.0,54.93,41.37,42.63,121327.32,0.5681,0.24875,0,0.0713,0.0237,0.0472,-0.0184,0.0,-0.0214
4858,37,North,Business,Construction,2025Q3,93502.91,,48.73,63.39,48.49,256294.29,0.3724,0.10383,0,0.02,-0.0897,0.0159,0.0147,0.0,0.0
4859,38,North,Salaried,Retail,2025Q3,51250.19,667.0,35.1,36.96,60.31,93404.66,0.3494,0.0832,0,0.0148,-0.0165,-0.0083,-0.0136,0.0,-0.0103
4860,42,North,Salaried,Manufacturing,2025Q3,58260.15,687.0,48.16,60.59,84.81,186339.84,0.3129,0.08371,0,0.0079,-0.0462,0.0148,0.0117,0.0,-0.0122
4861,26,North,Salaried,Transport,2025Q3,54537.98,738.0,13.27,30.52,61.61,74567.83,0.5348,0.04378,0,0.0147,-0.0541,-0.0242,-0.0092,0.0,-0.0045
4862,51,West,Salaried,Construction,2025Q3,99232.89,645.0,55.02,33.91,61.29,227766.96,0.5066,0.11476,1,-0.0194,0.0058,0.0291,-0.0225,0.0125,-0.0136
4863,51,East,SelfEmployed,Transport,2025Q3,94195.74,561.0,38.36,78.98,38.83,214613.48,0.4042,0.41893,0,-0.04,0.1899,-0.0077,0.077,0.0,0.067
4864,50,East,Salaried,Transport,2025Q3,77378.77,642.0,18.79,64.87,93.91,89381.94,0.4415,0.10872,0,-0.0116,0.0066,-0.0396,0.013,0.0,-0.0099
4865,34,West,Salaried,Retail,2025Q3,91399.6,604.0,31.33,41.26,82.14,194427.86,0.5558,0.23556,0,0.044,0.0677,-0.0287,-0.017,0.0182,-0.0196
4866,45,East,Salaried,Construction,2025Q3,40916.26,515.0,54.6,29.73,84.39,65184.03,0.4697,0.3677,1,0.0,0.2521,0.065,-0.0582,0.0,-0.0284
4867,34,East,Salaried,Transport,2025Q3,43375.24,653.0,25.72,68.88,30.95,56224.73,0.4955,0.12552,0,0.0322,-0.0039,-0.037,0.0244,0.0,-0.0147
4868,40,South,Salaried,Transport,2025Q3,27161.2,674.0,44.57,67.28,67.03,49566.51,0.4066,0.11977,0,0.0151,-0.033,0.01,0.0218,0.0,-0.0142
4869,68,South,Business,Retail,2025Q3,134049.59,,52.06,62.06,41.23,154003.33,0.3762,0.06164,0,-0.0366,-0.055,0.0091,0.0057,0.0,0.0
4870,45,North,Business,Transport,2025Q3,89858.93,583.0,38.39,44.09,75.43,164805.74,0.239,0.20517,0,0.0,0.0977,-0.0054,-0.0121,0.0,0.0
4871,31,South,Salaried,IT,2025Q3,81393.25,,,23.92,66.43,197100.09,0.3895,0.09162,0,0.0236,-0.0135,-0.0257,-0.0254,0.0,-0.009
4872,46,South,Business,Construction,2025Q3,90533.35,737.0,36.98,47.67,70.38,217395.46,0.3542,0.05038,0,-0.0013,-0.066,-0.0027,-0.0013,0.0,0.0
4873,29,North,Salaried,Manufacturing,2025Q3,80617.31,621.0,15.45,78.97,45.67,92455.78,0.4793,0.1794,1,0.0598,0.0444,-0.0872,0.048,0.0,-0.0192
4874,31,South,Business,Healthcare,2025Q3,76718.46,696.0,30.18,28.0,39.2,128423.91,0.4314,0.0711,0,0.0228,-0.0431,-0.0147,-0.0203,0.0,0.0
4875,33,South,Salaried,Construction,2025Q3,73178.41,769.0,20.28,49.04,47.19,216852.63,0.4017,0.03784,0,0.0086,-0.0745,-0.0142,-0.0003,0.0,-0.0038
4876,39,South,Salaried,Transport,2025Q3,75943.24,533.0,37.25,83.99,66.16,202741.3,0.5447,0.43623,0,0.0407,0.2596,-0.0136,0.0963,0.0,-0.0297
4877,54,North,Business,Healthcare,2025Q3,105778.73,679.0,17.69,41.31,55.16,297098.43,0.2304,0.04097,0,-0.012,-0.0156,-0.0232,-0.0046,0.0,0.0
4878,50,South,Business,Construction,2025Q3,126425.27,739.0,39.33,45.2,65.06,261082.18,0.3924,0.03608,0,-0.0059,-0.0618,-0.0005,-0.0024,0.0,0.0
4879,50,South,Business,IT,2025Q3,66860.36,,56.13,18.29,39.52,120227.63,0.3388,0.12605,0,-0.0156,0.0153,0.0301,-0.0463,0.0,0.0
4880,32,East,Business,Construction,2025Q3,78669.1,754.0,,61.71,59.87,156724.22,0.291,0.08788,0,0.0272,-0.1536,0.0258,0.0115,0.0,0.0
4881,38,East,Business,Healthcare,2025Q3,88863.77,703.0,18.07,31.71,87.9,245111.35,0.3857,0.05274,0,0.0081,-0.0346,-0.0243,-0.011,0.0,0.0
4882,47,North,Business,IT,2025Q3,94269.17,780.0,27.34,13.8,66.65,77149.83,0.3837,0.02495,0,-0.0009,-0.0474,-0.0045,-0.0085,0.0,0.0
4883,37,North,Salaried,Manufacturing,2025Q3,62238.07,700.0,51.64,27.02,67.9,73656.84,0.4502,0.08741,0,0.0151,-0.0511,0.0156,-0.0229,0.0,-0.0093
4884,41,South,Salaried,Transport,2025Q3,63375.11,786.0,49.26,52.59,68.06,85927.04,0.4148,0.05152,1,0.0039,-0.1113,0.0062,0.0011,0.0,-0.0046
4885,49,North,Business,Retail,2025Q3,122740.26,680.0,28.16,13.24,49.76,260541.05,0.3509,0.03922,0,-0.005,-0.0163,-0.0112,-0.0229,0.0,0.0
4886,40,South,Business,Transport,2025Q3,85827.02,567.0,30.22,17.51,92.63,144112.8,0.4408,0.20434,0,0.0202,0.1015,-0.0313,-0.0661,0.0,0.0
4887,46,West,Salaried,Transport,2025Q3,121383.04,617.0,39.32,60.3,67.14,112379.17,0.554,0.21772,0,-0.0042,0.0479,-0.002,0.0177,0.0172,-0.0185
4888,62,North,Business,Construction,2025Q3,116408.95,729.0,8.67,46.41,63.54,110907.07,0.529,0.02375,0,-0.011,-0.0247,-0.0157,-0.0008,0.0,0.0
4889,42,South,Salaried,IT,2025Q3,68686.2,728.0,46.41,27.89,73.74,167680.99,0.3756,0.06004,0,0.0037,-0.0586,0.0056,-0.0138,0.0,-0.0058
4890,57,East,Salaried,Retail,2025Q3,97348.22,639.0,55.33,40.93,78.81,228077.29,0.4388,0.11064,0,-0.0375,0.0113,0.0267,-0.0111,0.0,-0.0123
4891,50,South,Salaried,Healthcare,2025Q3,83060.79,783.0,,86.24,35.09,138215.59,0.3092,0.0376,0,-0.0047,-0.0935,-0.0055,0.0111,0.0,-0.004
4892,28,North,Business,Retail,2025Q3,100455.99,636.0,15.29,76.2,61.13,81948.66,0.5146,0.1567,0,0.0607,0.0219,-0.0854,0.0423,0.0,0.0
4893,32,North,Salaried,Transport,2025Q3,43881.0,691.0,60.6,45.64,100.0,77870.88,0.5984,0.18123,0,0.0389,-0.0643,0.0433,-0.0065,0.0,-0.0153
4894,35,West,SelfEmployed,IT,2025Q3,43178.65,690.0,41.51,65.96,93.11,98554.66,0.3707,0.16251,0,0.0389,-0.0762,0.0046,0.0274,0.0176,0.0414
4895,35,North,Business,Manufacturing,2025Q3,89097.66,570.0,49.34,50.66,57.87,73443.66,0.5496,0.40865,0,0.0613,0.1693,0.0416,0.0018,0.0,0.0
4896,43,East,Salaried,Retail,2025Q3,89842.53,652.0,16.86,8.97,74.56,160449.63,0.4857,0.05714,0,0.0025,-0.001,-0.0261,-0.0281,0.0,-0.0058
4897,51,East,Salaried,Retail,2025Q3,87146.3,822.0,,5.03,53.47,250628.92,0.3539,0.01,0,-0.0011,-0.0318,-0.0034,-0.0042,0.0,-0.0007
4898,58,North,Business,Construction,2025Q3,115404.55,597.0,44.63,27.99,67.07,347604.51,0.3904,0.17789,0,-0.0469,0.0529,0.0101,-0.0329,0.0,0.0
4899,47,East,Salaried,Transport,2025Q3,87857.86,703.0,54.44,13.33,50.83,136308.38,0.6072,0.06472,0,-0.0029,-0.0389,0.013,-0.0275,0.0,-0.0065
4900,39,North,Business,Healthcare,2025Q3,59552.8,582.0,19.93,53.97,50.49,132237.34,0.5126,0.1643,1,0.0255,0.0941,-0.0719,0.0075,0.0,0.0
4901,21,North,Salaried,Healthcare,2025Q3,60062.31,597.0,36.37,35.9,48.16,142894.1,0.5227,0.27876,0,0.1072,0.0954,-0.0141,-0.0337,0.0,-0.0236
4902,45,South,Business,Manufacturing,2025Q3,115302.05,,12.6,57.36,93.65,251768.17,0.4407,0.14139,0,0.0,0.1055,-0.0979,0.0131,0.0,0.0
4903,44,West,Salaried,IT,2025Q3,78791.81,724.0,26.78,57.7,50.39,100482.97,0.4065,0.05096,0,0.0014,-0.0579,-0.0146,0.0044,0.0056,-0.0062
4904,46,North,Business,Healthcare,2025Q3,68920.75,601.0,33.89,63.18,82.84,223536.53,0.3473,0.18557,0,-0.0045,0.0719,-0.0201,0.0239,0.0,0.0
4905,67,North,Business,Manufacturing,2025Q3,105390.57,746.0,,27.53,51.37,199378.81,0.4548,0.02508,0,-0.0183,-0.0394,0.0024,-0.0067,0.0,0.0
4906,58,West,SelfEmployed,Retail,2025Q3,106321.62,624.0,4.31,59.34,49.08,234543.7,0.4066,0.08644,0,-0.0375,0.0227,-0.0842,0.0095,0.0102,0.0237
4907,53,North,Salaried,IT,2025Q3,116121.35,669.0,59.13,26.98,67.79,217623.98,0.3387,0.07314,0,-0.0188,-0.0174,0.025,-0.0237,0.0,-0.0096
4908,33,West,SelfEmployed,Construction,2025Q3,38585.77,688.0,35.27,63.65,34.03,20000.0,0.3458,0.1896,0,0.0436,-0.069,-0.0142,0.0225,0.0167,0.0394
4909,38,East,Salaried,Manufacturing,2025Q3,76802.18,550.0,58.71,74.9,73.29,126448.77,0.6553,0.52759,1,0.0485,0.2435,0.0914,0.0734,0.0,-0.03
4910,43,East,Business,Manufacturing,2025Q3,73020.26,674.0,49.18,63.91,57.28,109812.95,0.3953,0.141,0,0.0066,-0.0351,0.0208,0.019,0.0,0.0
4911,35,East,SelfEmployed,Transport,2025Q3,84739.09,684.0,51.64,44.1,48.98,46018.38,0.4451,0.23797,1,0.036,-0.0595,0.0305,-0.0102,0.0,0.0384
4912,50,East,Business,Construction,2025Q3,106680.96,738.0,70.32,60.47,44.69,124269.04,0.3011,0.08411,0,-0.012,-0.1156,0.0384,0.0097,0.0,0.0
4913,48,North,Business,Manufacturing,2025Q3,90103.35,595.0,25.49,14.27,99.43,268596.51,0.4316,0.11654,0,-0.0081,0.0446,-0.0304,-0.0475,0.0,0.0
4914,32,West,Business,Construction,2025Q3,91268.79,604.0,40.17,9.31,59.31,220942.05,0.334,0.20045,1,0.05,0.0663,0.0005,-0.0868,0.0178,0.0
4915,57,West,Salaried,Retail,2025Q3,107918.12,,22.15,58.27,58.47,49948.53,0.438,0.03877,0,-0.0155,-0.0317,-0.0166,0.0037,0.0045,-0.005
4916,45,West,SelfEmployed,Retail,2025Q3,81637.71,756.0,36.36,76.77,77.46,168287.8,0.3176,0.09872,0,0.0,-0.1377,-0.0055,0.0206,0.0084,0.0194
4917,25,East,Business,Retail,2025Q3,49531.12,620.0,49.52,20.91,43.17,91591.74,0.5019,0.20118,0,0.0837,0.0529,0.0318,-0.0672,0.0,0.0
4918,43,South,Business,IT,2025Q3,115460.31,576.0,56.04,48.33,82.69,209296.98,0.3102,0.23996,0,0.0119,0.1456,0.0648,-0.0043,0.0,0.0
4919,47,East,Business,Manufacturing,2025Q3,108316.51,638.0,31.88,57.65,59.29,109336.78,0.3811,0.12268,0,-0.0063,0.0138,-0.0189,0.0097,0.0,0.0
4920,55,North,Business,Healthcare,2025Q3,110747.62,591.0,18.72,34.48,32.32,340973.0,0.5423,0.0963,0,-0.0283,0.0453,-0.0455,-0.0181,0.0,0.0
4921,40,South,Business,IT,2025Q3,74662.6,687.0,39.17,40.53,49.39,149180.21,0.5372,0.10378,1,0.0105,-0.0383,-0.0013,-0.0095,0.0,0.0
4922,53,East,Business,Healthcare,2025Q3,116537.85,587.0,24.37,61.49,38.1,305238.11,0.45,0.13231,0,-0.0325,0.0732,-0.0467,0.0177,0.0,0.0
4923,46,East,Business,IT,2025Q3,129263.66,726.0,28.75,50.38,61.62,378104.32,0.3698,0.0502,0,-0.0012,-0.054,-0.0109,0.0002,0.0,0.0
4924,30,South,Salaried,Retail,2025Q3,60916.41,674.0,48.75,50.48,44.13,175107.63,0.4284,0.15966,0,0.0461,-0.0369,0.021,0.0007,0.0,-0.016
4925,28,South,Salaried,Transport,2025Q3,63000.87,728.0,45.77,26.39,41.93,27737.01,0.5644,0.07164,0,0.0246,-0.0787,0.0069,-0.0203,0.0,-0.008
4926,56,East,SelfEmployed,Healthcare,2025Q3,75326.57,495.0,51.35,47.31,65.84,110271.07,0.4603,0.53237,1,-0.0767,0.3391,0.0563,-0.0081,0.0,0.0741
4927,57,South,Business,IT,2025Q3,89448.24,540.0,32.6,39.25,60.88,177121.28,0.4663,0.20469,0,-0.0602,0.1338,-0.0252,-0.0219,0.0,0.0
4928,48,West,Salaried,IT,2025Q3,59957.75,748.0,54.14,40.42,84.18,118225.08,0.309,0.05046,0,-0.0041,-0.084,0.0118,-0.0058,0.0054,-0.006
4929,60,East,Salaried,Transport,2025Q3,92454.81,611.0,38.23,36.09,83.3,283782.71,0.3869,0.10135,0,-0.0425,0.0308,-0.0031,-0.0152,0.0,-0.0108
4930,56,North,Salaried,Manufacturing,2025Q3,80365.98,,33.45,47.4,61.23,128816.57,0.4942,0.17242,0,-0.049,0.102,-0.0197,-0.0046,0.0,-0.018
4931,52,North,Business,Transport,2025Q3,104610.4,646.0,20.42,28.9,69.99,294903.25,0.5003,0.04786,0,-0.0121,0.0024,-0.0264,-0.016,0.0,0.0
4932,34,East,Business,Construction,2025Q3,65645.78,676.0,4.56,48.27,31.85,127919.85,0.4426,0.06114,0,0.0165,-0.0198,-0.0592,-0.0013,0.0,0.0
4933,63,South,Business,IT,2025Q3,104783.98,649.0,12.98,39.97,73.92,161745.12,0.4943,0.04108,0,-0.0262,0.0004,-0.0286,-0.0052,0.0,0.0
4934,50,East,Salaried,Healthcare,2025Q3,63936.35,692.0,41.45,27.49,68.21,70127.9,0.3328,0.04678,0,-0.0073,-0.0278,0.0014,-0.0149,0.0,-0.0062
4935,40,North,Salaried,IT,2025Q3,75476.29,683.0,23.48,5.13,79.08,102588.42,0.328,0.03846,0,0.0051,-0.0168,-0.015,-0.027,0.0,-0.0049
4936,37,North,Salaried,Healthcare,2025Q3,40018.16,679.0,11.68,68.84,53.88,107432.83,0.4809,0.07777,0,0.0142,-0.0255,-0.0503,0.0143,0.0,-0.0088
4937,47,South,Business,Healthcare,2025Q3,96128.41,752.0,31.29,64.42,54.05,65544.62,0.3537,0.03998,0,-0.0023,-0.0765,-0.0076,0.0064,0.0,0.0
4938,26,East,Salaried,Construction,2025Q3,54482.85,659.0,42.48,30.29,54.17,68205.84,0.3304,0.1584,0,0.0524,-0.0123,0.0058,-0.0308,0.0,-0.015
4939,52,West,SelfEmployed,Healthcare,2025Q3,94157.35,657.0,44.64,63.0,88.69,221607.47,0.4413,0.19819,0,-0.0301,-0.0114,0.013,0.0213,0.0166,0.0391
4940,34,West,SelfEmployed,Construction,2025Q3,44959.2,715.0,37.54,25.45,65.66,20000.0,0.4116,0.06245,0,0.0229,-0.0801,-0.0042,-0.0279,0.0096,0.0223
4941,48,South,Business,IT,2025Q3,106084.88,698.0,37.03,41.24,30.08,228859.07,0.3955,0.04813,0,-0.005,-0.0385,-0.0035,-0.0063,0.0,0.0
4942,38,East,Business,IT,2025Q3,79922.63,599.0,29.39,36.33,72.89,152694.87,0.5723,0.11898,0,0.0262,0.0661,-0.0324,-0.0247,0.0,0.0
4943,41,North,Business,IT,2025Q3,91908.03,654.0,48.14,41.89,50.73,84293.3,0.5761,0.13403,0,0.0129,-0.0054,0.0185,-0.0121,0.0,0.0
4944,36,East,Business,Retail,2025Q3,49838.66,690.0,35.17,62.22,81.69,60591.21,0.4903,0.10448,0,0.0224,-0.0511,-0.0098,0.0136,0.0,0.0
4945,42,West,Salaried,Transport,2025Q3,51530.8,620.0,36.78,39.16,70.78,99556.55,0.4724,0.15403,0,0.0104,0.0375,-0.0084,-0.0174,0.0147,-0.016
4946,65,South,Business,Retail,2025Q3,102577.23,623.0,54.61,40.53,84.81,202600.9,0.5474,0.13207,0,-0.0706,0.0271,0.0267,-0.0121,0.0,0.0
4947,59,West,SelfEmployed,Construction,2025Q3,121959.0,565.0,50.67,64.35,80.78,300293.53,0.4699,0.35227,0,-0.0938,0.177,0.0472,0.0383,0.0269,0.0653
4948,48,North,Business,Retail,2025Q3,103790.88,464.0,35.04,49.36,78.75,254508.72,0.4771,0.44932,1,-0.021,0.3711,-0.0248,-0.0019,0.0,0.0
4949,44,North,Salaried,IT,2025Q3,78037.75,635.0,32.77,34.98,82.69,140459.29,0.3861,0.09952,0,0.0025,0.0138,-0.0137,-0.0174,0.0,-0.0113
4950,53,South,Salaried,Manufacturing,2025Q3,67162.45,669.0,32.64,53.29,76.3,88853.38,0.3583,0.063,0,-0.0157,-0.0146,-0.01,0.0025,0.0,-0.0081
4951,56,West,Business,Healthcare,2025Q3,81587.23,586.0,5.66,69.84,46.12,109586.25,0.5241,0.10446,0,-0.0395,0.0621,-0.1001,0.025,0.0132,0.0
4952,35,South,Business,Retail,2025Q3,87579.79,754.0,55.55,71.23,37.13,74970.57,0.271,0.11147,0,0.0216,-0.1534,0.0237,0.0199,0.0,0.0
4953,43,East,Salaried,Manufacturing,2025Q3,87412.41,589.0,27.04,18.86,43.39,78214.17,0.4013,0.13017,0,0.0059,0.0556,-0.0305,-0.0459,0.0,-0.0134
4954,24,North,Business,IT,2025Q3,76461.53,722.0,51.67,19.96,74.61,159395.05,0.374,0.11709,0,0.039,-0.0914,0.0179,-0.0351,0.0,0.0
4955,56,East,Salaried,Healthcare,2025Q3,117272.03,688.0,38.67,69.98,15.53,241406.71,0.3016,0.05703,0,-0.023,-0.0327,-0.0018,0.0141,0.0,-0.0083
4956,67,East,Business,Manufacturing,2025Q3,99115.69,808.0,60.27,41.67,59.69,76227.9,0.3409,0.01353,0,-0.0148,-0.0764,0.0059,-0.0019,0.0,0.0
4957,45,North,Salaried,Transport,2025Q3,79828.66,697.0,46.47,0.0,54.68,146643.86,0.4185,0.0382,0,0.0,-0.0282,0.0052,-0.034,0.0,-0.0054
4958,21,East,Business,IT,2025Q3,39522.85,562.0,52.59,31.94,84.48,124538.19,0.5405,0.44939,1,0.1522,0.2078,0.0604,-0.0538,0.0,0.0
4959,51,East,Salaried,IT,2025Q3,85798.82,732.0,28.53,38.34,57.66,88194.39,0.3583,0.03374,0,-0.0051,-0.0396,-0.0072,-0.0042,0.0,-0.0036
4960,34,South,Business,Construction,2025Q3,108148.72,775.0,17.43,41.12,52.63,280415.05,0.3918,0.02865,1,0.0071,-0.0725,-0.0149,-0.003,0.0,0.0
4961,37,North,Salaried,Transport,2025Q3,50652.84,539.0,40.36,64.83,86.32,89109.34,0.3468,0.39796,0,0.0519,0.2321,0.0017,0.0415,0.0,-0.0289
4962,51,North,Business,Construction,2025Q3,112158.37,703.0,7.33,27.56,58.16,309639.04,0.3116,0.03018,0,-0.0046,-0.0196,-0.0228,-0.0078,0.0,0.0
4963,47,West,Business,Manufacturing,2025Q3,119338.72,719.0,30.51,68.58,54.93,153959.97,0.2511,0.0633,0,-0.0037,-0.0672,-0.0131,0.0129,0.0073,0.0
4964,39,East,Salaried,Healthcare,2025Q3,58785.17,646.0,18.97,54.27,50.22,171711.0,0.5072,0.11535,0,0.0138,0.0038,-0.0437,0.0044,0.0,-0.0111
4965,37,East,Business,Transport,2025Q3,92804.91,495.0,24.57,19.7,65.71,176438.05,0.4555,0.41681,0,0.0478,0.25,-0.0717,-0.085,0.0,0.0
4966,45,East,Business,Healthcare,2025Q3,120033.37,640.0,47.53,40.97,53.37,256709.92,0.4487,0.12036,0,0.0,0.0129,0.0174,-0.0137,0.0,0.0
4967,39,East,SelfEmployed,IT,2025Q3,83348.55,620.0,46.48,58.88,53.44,184743.75,0.4799,0.27656,0,0.033,0.0624,0.0257,0.0212,0.0,0.0571
4968,32,North,Business,Retail,2025Q3,94060.87,764.0,35.41,48.87,89.0,199933.06,0.4523,0.03933,0,0.0147,-0.1056,-0.0045,-0.0006,0.0,0.0
4969,40,South,Business,Retail,2025Q3,55168.91,,43.12,56.34,60.98,98771.88,0.5865,0.13133,1,0.0172,-0.0058,0.0079,0.0096,0.0,0.0
4970,48,East,Business,Construction,2025Q3,105048.46,632.0,29.35,35.08,51.04,259001.71,0.4305,0.10364,0,-0.0076,0.0161,-0.0204,-0.0169,0.0,0.0
4971,42,North,Salaried,Construction,2025Q3,83210.28,620.0,76.83,60.2,40.1,173177.8,0.3811,0.24966,0,0.0177,0.066,0.1332,0.0256,0.0,-0.0263
4972,28,North,Business,Retail,2025Q3,52428.18,682.0,42.81,39.23,63.97,134430.36,0.4722,0.11513,0,0.0451,-0.0453,0.0062,-0.0154,0.0,0.0
4973,55,East,Salaried,IT,2025Q3,68242.08,,28.55,100.0,48.81,161053.47,0.6116,0.12528,0,-0.0296,-0.0155,-0.0237,0.0449,0.0,-0.0119
4974,21,West,Business,Manufacturing,2025Q3,80872.03,606.0,52.01,18.97,52.63,177900.18,0.3998,0.31736,0,0.123,0.0929,0.0488,-0.0845,0.025,0.0
4975,39,East,Business,IT,2025Q3,80751.19,678.0,57.84,100.0,42.97,213564.78,0.3541,0.26993,0,0.0296,-0.0611,0.0596,0.0934,0.0,0.0
4976,37,North,Salaried,Healthcare,2025Q3,89414.89,622.0,25.61,27.07,63.94,261812.61,0.2329,0.08836,0,0.0199,0.0265,-0.0313,-0.0297,0.0,-0.0122
4977,46,West,Business,Manufacturing,2025Q3,98093.08,484.0,15.3,75.97,33.93,44021.0,0.3202,0.44963,1,-0.0069,0.3316,-0.1228,0.0752,0.0294,0.0
4978,50,North,Salaried,IT,2025Q3,82116.2,705.0,18.47,66.2,68.23,254516.03,0.5218,0.06229,0,-0.0064,-0.0346,-0.0227,0.0077,0.0,-0.0055
4979,56,North,Business,Retail,2025Q3,98431.92,699.0,27.28,27.99,49.07,267411.39,0.3965,0.03123,0,-0.012,-0.0236,-0.0097,-0.0101,0.0,0.0
4980,36,West,SelfEmployed,IT,2025Q3,81768.28,674.0,37.13,61.19,74.33,141350.35,0.3281,0.17466,0,0.0354,-0.0436,-0.0089,0.0196,0.0176,0.0415
4981,50,East,Salaried,Healthcare,2025Q3,95552.78,630.0,11.93,37.09,69.71,218877.53,0.4347,0.06903,0,-0.0087,0.0117,-0.0422,-0.0097,0.0,-0.0074
4982,46,West,SelfEmployed,Manufacturing,2025Q3,95109.31,655.0,31.31,54.05,62.08,123535.66,0.6339,0.13009,0,-0.0036,-0.0071,-0.0235,0.0061,0.0146,0.0343
4983,25,East,Salaried,Healthcare,2025Q3,50985.84,716.0,34.67,51.25,76.92,114886.89,0.4047,0.09989,0,0.0361,-0.0789,-0.009,0.0012,0.0,-0.0102
4984,65,East,Salaried,Construction,2025Q3,116909.87,617.0,43.2,40.32,91.14,182447.83,0.5922,0.06645,0,-0.0573,0.0255,0.0051,-0.0099,0.0,-0.0103
4985,28,North,Business,Transport,2025Q3,88138.5,718.0,47.79,38.49,85.37,257446.32,0.3287,0.06655,0,0.0352,-0.0897,0.0131,-0.0131,0.0,0.0
4986,49,South,Salaried,Retail,2025Q3,87134.21,560.0,44.42,55.5,33.78,190841.96,0.5758,0.27269,0,-0.0222,0.1453,0.0167,0.0125,0.0,-0.0238
4987,48,West,Salaried,Construction,2025Q3,80950.55,671.0,66.67,28.12,47.89,68496.37,0.3753,0.10243,0,-0.0091,-0.0266,0.0459,-0.0306,0.0121,-0.0132
4988,47,West,Business,Construction,2025Q3,102400.89,662.0,55.51,28.95,50.34,230111.87,0.3617,0.11282,0,-0.0062,-0.015,0.0298,-0.03,0.0124,0.0
4989,39,South,Salaried,IT,2025Q3,38229.78,728.0,41.55,69.01,72.77,109028.54,0.325,0.08762,0,0.011,-0.0863,0.0021,0.0145,0.0,-0.0088
4990,53,South,SelfEmployed,Healthcare,2025Q3,96143.57,598.0,22.47,57.42,49.56,210785.18,0.4198,0.18982,0,-0.0344,0.0674,-0.056,0.0124,0.0,0.0388
4991,27,North,Business,Retail,2025Q3,104923.29,605.0,27.19,19.25,48.77,136133.78,0.5213,0.1422,0,0.0603,0.0594,-0.0395,-0.0589,0.0,0.0
4992,43,South,Salaried,Retail,2025Q3,78759.76,565.0,15.14,25.93,45.32,171459.84,0.4187,0.14536,0,0.0064,0.0768,-0.0689,-0.0372,0.0,-0.0146
4993,38,West,SelfEmployed,Retail,2025Q3,79802.59,621.0,40.45,1.0,65.98,204804.73,0.5232,0.16137,1,0.0257,0.0402,0.0013,-0.0989,0.0162,0.038
4994,37,North,Business,Construction,2025Q3,73674.08,677.0,43.3,68.01,72.69,59477.23,0.3607,0.15898,1,0.0263,-0.0417,0.0082,0.0254,0.0,0.0
4995,49,South,Salaried,Retail,2025Q3,89069.09,538.0,,63.15,35.77,191142.38,0.4601,0.36586,0,-0.0264,0.2222,0.055,0.0358,0.0,-0.0283
4996,56,West,Business,Retail,2025Q3,97988.66,630.0,42.28,24.05,49.72,119718.46,0.392,0.07912,0,-0.0317,0.0183,0.0041,-0.032,0.0104,0.0
4997,40,East,SelfEmployed,IT,2025Q3,103667.4,702.0,54.86,62.29,22.1,210433.81,0.5543,0.14608,0,0.0182,-0.0935,0.0366,0.0191,0.0,0.0369
4998,53,South,Salaried,Retail,2025Q3,68254.85,653.0,55.19,91.68,12.17,170225.79,0.4679,0.12377,0,-0.0353,-0.0049,0.0404,0.0622,0.0,-0.0183
4999,45,South,Salaried,IT,2025Q3,68458.51,665.0,21.55,14.13,69.69,184275.13,0.445,0.04738,1,0.0,-0.0078,-0.0191,-0.023,0.0,-0.0056
5000,34,North,Salaried,Healthcare,2025Q3,55884.19,558.0,29.71,34.47,66.31,122716.07,0.4374,0.25527,0,0.0519,0.138,-0.0397,-0.0358,0.0,-0.0227
