customer_id,age,region,employment_type,industry,vintage,annual_income,bureau_score,dti,utilization,ltv,ead,lgd_actual,pd_score,default_flag,shap_age,shap_bureau_score,shap_dti,shap_utilization,shap_region,shap_employment_type
5001,66,South,Salaried,IT,2026Q1,100337.32,648.0,68.31,39.16,47.38,261523.27,0.458,0.12382,1,-0.0666,0.002,0.0406,-0.0123,0.0,-0.0113
5002,62,North,Salaried,Construction,2026Q1,106478.02,549.0,14.41,9.25,81.98,329267.56,0.4545,0.08236,0,-0.043,0.0525,-0.0469,-0.0444,0.0,-0.0093
5003,55,West,Salaried,IT,2026Q1,93505.99,581.0,39.05,24.52,75.93,43722.51,0.4233,0.14332,1,-0.0377,0.0703,-0.0023,-0.0416,0.014,-0.0153
5004,39,North,Business,Construction,2026Q1,109643.65,713.0,57.97,35.78,48.52,186782.05,0.373,0.10601,0,0.0131,-0.0767,0.026,-0.0153,0.0,0.0
5005,55,South,Business,Healthcare,2026Q1,88532.95,611.0,51.04,93.29,42.46,261706.76,0.4346,0.25442,1,-0.057,0.0732,0.0399,0.0864,0.0,0.0
5006,45,East,Salaried,Healthcare,2026Q1,64607.66,705.0,51.52,27.88,36.06,151645.15,0.5068,0.04634,0,0.0,-0.0462,0.0122,-0.0175,0.0,-0.0074
5007,58,West,SelfEmployed,IT,2026Q1,114424.1,664.0,32.46,40.55,42.99,223943.61,0.2752,0.08524,0,-0.0346,-0.0134,-0.0132,-0.0097,0.0094,0.0218
5008,68,West,Business,IT,2026Q1,96020.94,526.0,2.69,49.33,70.3,220174.27,0.4905,0.12194,1,-0.0937,0.0961,-0.1122,-0.0009,0.0133,0.0
5009,49,East,Salaried,Retail,2026Q1,61724.2,551.0,54.07,58.44,51.17,147546.64,0.5515,0.29614,0,-0.0252,0.1876,0.059,0.022,0.0,-0.027
5010,38,West,Salaried,Manufacturing,2026Q1,71507.91,538.0,64.08,43.28,42.52,86770.92,0.4838,0.51718,1,0.0484,0.2644,0.116,-0.0201,0.0297,-0.03
5011,58,East,Salaried,Retail,2026Q1,102038.44,650.0,49.64,38.75,45.45,222384.1,0.4649,0.07851,0,-0.0329,0.0,0.0138,-0.0111,0.0,-0.0098
5012,50,East,Business,IT,2026Q1,100239.95,748.0,51.82,100.0,84.42,91803.74,0.4794,0.08202,0,-0.012,-0.1335,0.0173,0.0379,0.0,0.0
5013,67,East,Business,Construction,2026Q1,64329.18,630.0,53.8,36.9,49.39,75238.63,0.3651,0.0962,0,-0.0691,0.0177,0.0217,-0.0147,0.0,0.0
5014,51,East,Salaried,Transport,2026Q1,79560.19,611.0,34.36,100.0,69.85,86015.66,0.4526,0.22074,0,-0.0293,0.0626,-0.0194,0.0829,0.0,-0.0206
5015,49,East,Salaried,Retail,2026Q1,66925.15,655.0,45.39,39.05,65.72,148230.47,0.33,0.1021,0,-0.01,-0.0048,0.0088,-0.0119,0.0,-0.0108
5016,51,West,SelfEmployed,Construction,2026Q1,111578.79,,28.84,49.73,61.73,165845.9,0.5015,0.1843,1,-0.0261,0.0525,-0.0353,-0.0005,0.017,0.0401
5017,53,West,Business,Retail,2026Q1,71165.92,595.0,64.25,65.47,48.6,91518.08,0.5745,0.32076,1,-0.0502,0.1142,0.0943,0.0386,0.0253,0.0
5018,28,East,Business,Transport,2026Q1,86660.17,631.0,10.72,39.83,85.31,166029.36,0.4855,0.10151,0,0.0426,0.0207,-0.0778,-0.0137,0.0,0.0
5019,41,North,SelfEmployed,Retail,2026Q1,81340.02,670.0,43.51,18.51,68.95,116684.36,0.3415,0.12169,0,0.0107,-0.0239,0.0068,-0.0436,0.0,0.0267
5020,62,East,Business,Manufacturing,2026Q1,111709.45,583.0,75.61,53.88,56.03,228472.24,0.6538,0.24867,0,-0.1055,0.1241,0.1207,0.0093,0.0,0.0
5021,43,South,Salaried,IT,2026Q1,89202.09,550.0,55.39,20.11,44.85,46408.81,0.5479,0.31889,0,0.011,0.1633,0.0571,-0.077,0.0,-0.0246
5022,50,South,Salaried,Manufacturing,2026Q1,77436.1,682.0,29.62,0.0,43.39,81304.1,0.3532,0.03172,0,-0.0048,-0.0134,-0.0074,-0.0257,0.0,-0.0041
5023,47,East,Business,Retail,2026Q1,95177.56,467.0,54.69,57.41,83.52,261302.95,0.5052,0.53887,0,-0.0134,0.4315,0.0723,0.0216,0.0,0.0
5024,42,West,Business,Manufacturing,2026Q1,120238.91,528.0,60.71,23.81,75.13,126596.73,0.4333,0.43457,1,0.0204,0.2629,0.0968,-0.078,0.029,0.0
5025,48,West,SelfEmployed,Healthcare,2026Q1,105373.32,619.0,50.5,67.36,96.52,189006.42,0.4411,0.32845,0,-0.0179,0.0662,0.042,0.0417,0.0245,0.0588
5026,39,East,Salaried,Manufacturing,2026Q1,87979.47,678.0,57.0,53.3,64.81,247476.11,0.4864,0.13116,0,0.0188,-0.0409,0.0358,0.0046,0.0,-0.0149
5027,34,West,SelfEmployed,Retail,2026Q1,90897.5,632.0,28.18,63.75,70.65,248945.72,0.4027,0.27305,0,0.0533,0.0353,-0.0469,0.0297,0.0219,0.0521
5028,52,South,Salaried,Construction,2026Q1,117145.83,579.0,,77.2,14.18,87817.47,0.3608,0.27547,1,-0.0363,0.1086,-0.0115,0.0522,0.0,-0.0218
5029,68,East,SelfEmployed,Manufacturing,2026Q1,115789.57,673.0,53.25,63.69,71.18,169945.57,0.3134,0.11324,0,-0.079,-0.0268,0.0229,0.0148,0.0,0.0256
5030,58,North,Business,Transport,2026Q1,105585.69,565.0,42.7,71.43,78.41,147565.58,0.4555,0.21415,0,-0.0751,0.1369,0.0101,0.0458,0.0,0.0
5031,58,North,Business,Construction,2026Q1,114777.37,663.0,40.84,33.74,88.53,321465.96,0.4885,0.06664,0,-0.0266,-0.0095,0.001,-0.0133,0.0,0.0
5032,62,North,Salaried,Healthcare,2026Q1,81936.49,587.0,31.63,72.38,10.45,45969.43,0.316,0.1371,1,-0.0704,0.068,-0.0224,0.0307,0.0,-0.0158
5033,52,West,Salaried,Transport,2026Q1,98191.02,537.0,70.25,59.83,26.1,116997.38,0.4608,0.37077,1,-0.0489,0.2609,0.1419,0.0291,0.0296,-0.0299
5034,50,West,Salaried,Construction,2026Q1,99635.94,666.0,49.48,58.65,71.08,136977.82,0.4225,0.09803,0,-0.0158,-0.0202,0.0189,0.0107,0.0123,-0.0135
5035,41,East,Business,Construction,2026Q1,82114.46,725.0,63.53,70.57,63.73,85908.49,0.3453,0.16528,0,0.0117,-0.1209,0.0431,0.0246,0.0,0.0
5036,59,North,Business,Retail,2026Q1,101932.77,591.0,12.95,71.61,29.99,78769.46,0.345,0.11483,0,-0.0485,0.0543,-0.0706,0.0251,0.0,0.0
5037,53,East,Salaried,Retail,2026Q1,90180.99,686.0,62.92,54.87,68.46,181275.51,0.4298,0.09899,0,-0.0225,-0.0425,0.0351,0.0052,0.0,-0.0115
5038,42,South,Business,Healthcare,2026Q1,77567.28,,29.77,7.34,53.93,205361.51,0.5121,0.27561,0,0.0181,0.2515,-0.0462,-0.1201,0.0,0.0
5039,47,West,SelfEmployed,Transport,2026Q1,67848.26,525.0,43.56,78.27,42.23,108654.91,0.4662,0.63666,0,-0.0138,0.3138,0.0177,0.0846,0.0298,0.0748
5040,38,West,Salaried,IT,2026Q1,66044.23,,50.98,37.05,39.62,92226.97,0.4617,0.37085,0,0.0435,0.1984,0.0485,-0.0363,0.0269,-0.0279
5041,56,East,SelfEmployed,Healthcare,2026Q1,95884.81,606.0,79.6,55.45,43.33,269540.15,0.4151,0.33667,1,-0.0729,0.1009,0.1541,0.0147,0.0,0.0649
5042,67,East,SelfEmployed,Retail,2026Q1,116444.4,649.0,77.0,62.89,43.48,348046.98,0.413,0.22824,0,-0.1179,0.0018,0.0951,0.024,0.0,0.0445
5043,38,West,SelfEmployed,Construction,2026Q1,88369.11,534.0,46.85,1.69,26.63,158418.71,0.6154,0.43358,1,0.0448,0.2327,0.0316,-0.1424,0.0278,0.0675
5044,61,West,Business,Retail,2026Q1,105261.53,,54.72,40.59,94.54,99999.28,0.4797,0.19752,0,-0.0954,0.1537,0.053,-0.0225,0.0226,0.0
5045,63,South,Salaried,Transport,2026Q1,103217.17,672.0,38.36,51.86,90.2,153793.44,0.4828,0.06879,0,-0.0334,-0.0142,-0.0018,0.0012,0.0,-0.0067
5046,37,West,SelfEmployed,Retail,2026Q1,68033.75,,48.64,100.0,81.67,108681.73,0.3895,0.57904,1,0.0541,0.2477,0.0416,0.1477,0.0287,0.0729
5047,27,West,Salaried,IT,2026Q1,33335.58,710.0,47.65,68.02,56.74,20567.31,0.3363,0.11577,0,0.0536,-0.1044,0.0185,0.0255,0.0146,-0.0159
5048,51,South,Salaried,Retail,2026Q1,78424.65,,53.15,28.02,42.34,218814.24,0.4668,0.27953,0,-0.0294,0.1154,0.0406,-0.0473,0.0,-0.0207
5049,48,South,Business,Manufacturing,2026Q1,98821.87,695.0,39.03,74.4,24.21,302200.98,0.3556,0.10031,0,-0.0075,-0.0518,-0.0017,0.0223,0.0,0.0
5050,48,South,Business,Transport,2026Q1,83914.4,671.0,55.87,80.45,73.42,145581.57,0.342,0.15437,0,-0.0122,-0.0352,0.0403,0.0457,0.0,0.0
5051,62,North,SelfEmployed,Healthcare,2026Q1,73595.65,621.0,53.86,42.74,52.22,171090.49,0.3724,0.21736,0,-0.0765,0.0395,0.0349,-0.0124,0.0,0.0374
5052,46,South,Business,Construction,2026Q1,76964.12,,30.84,49.4,94.35,131259.89,0.3918,0.1146,0,-0.0031,0.0209,-0.0212,-0.0008,0.0,0.0
5053,75,North,Business,Healthcare,2026Q1,96953.26,624.0,46.27,59.48,60.88,130193.32,0.6132,0.07966,0,-0.0998,0.0217,0.0102,0.0093,0.0,0.0
5054,33,South,Business,Retail,2026Q1,56264.62,693.0,39.5,59.62,60.04,126122.86,0.5669,0.13921,0,0.0315,-0.06,-0.0011,0.0118,0.0,0.0
5055,40,East,Salaried,IT,2026Q1,73172.98,467.0,80.6,47.39,40.75,63682.36,0.588,0.64068,0,0.03,0.4628,0.1905,-0.0065,0.0,-0.0244
5056,40,East,Salaried,Manufacturing,2026Q1,93551.88,593.0,68.48,24.38,95.8,259773.59,0.5413,0.26243,1,0.0261,0.1023,0.0945,-0.0635,0.0,-0.0238
5057,48,East,Business,Retail,2026Q1,95090.81,629.0,63.74,11.66,16.2,106781.23,0.5009,0.11437,0,-0.0106,0.0261,0.0491,-0.0662,0.0,0.0
5058,66,South,Business,Retail,2026Q1,131739.5,698.0,40.04,26.94,59.52,245198.82,0.2961,0.02812,0,-0.0257,-0.0224,0.0,-0.0104,0.0,0.0
5059,38,North,Salaried,Retail,2026Q1,23424.29,,77.5,35.99,44.12,32410.73,0.5173,0.40525,1,0.045,0.1646,0.1555,-0.0403,0.0,-0.0287
5060,40,East,Salaried,Healthcare,2026Q1,75704.63,474.0,42.5,44.99,77.34,34926.77,0.3563,0.45551,1,0.0349,0.3733,0.0125,-0.015,0.0,-0.03
5061,43,West,Business,IT,2026Q1,99991.94,445.0,36.64,63.67,59.72,179646.28,0.6233,0.67322,0,0.013,0.4831,-0.0153,0.0386,0.0281,0.0
5062,49,East,Salaried,Manufacturing,2026Q1,66510.12,621.0,84.27,29.03,42.9,182423.03,0.4788,0.16539,0,-0.0202,0.051,0.1186,-0.0471,0.0,-0.0217
5063,52,East,Salaried,Healthcare,2026Q1,67012.23,526.0,58.68,28.3,64.34,188692.99,0.4071,0.30397,1,-0.0436,0.2084,0.0742,-0.0585,0.0,-0.0263
5064,46,East,Salaried,Transport,2026Q1,71169.34,600.0,35.44,58.75,84.68,120736.05,0.4777,0.16327,0,-0.0041,0.0667,-0.0137,0.0148,0.0,-0.0182
5065,36,East,Business,Retail,2026Q1,99626.59,,41.82,30.68,66.34,74780.92,0.3887,0.35274,0,0.056,0.2321,0.0084,-0.0551,0.0,0.0
5066,49,West,SelfEmployed,Manufacturing,2026Q1,67062.08,591.0,60.49,33.43,72.37,69220.16,0.4345,0.29718,1,-0.0246,0.1209,0.081,-0.0443,0.0252,0.0608
5067,66,South,Business,Retail,2026Q1,95765.35,749.0,,45.07,80.35,141996.09,0.387,0.02777,0,-0.0199,-0.0475,0.0016,-0.0015,0.0,0.0
5068,60,West,SelfEmployed,Construction,2026Q1,74567.06,702.0,46.58,42.97,52.2,135754.95,0.3828,0.08318,0,-0.0359,-0.0521,0.0089,-0.0063,0.0082,0.0189
5069,45,North,Business,Healthcare,2026Q1,102506.04,615.0,74.91,22.87,93.1,286343.53,0.5833,0.22008,1,0.0,0.0617,0.1017,-0.0631,0.0,0.0
5070,51,South,Salaried,Manufacturing,2026Q1,69402.65,597.0,37.44,63.5,59.05,176633.7,0.4961,0.16268,0,-0.0257,0.0694,-0.0075,0.0223,0.0,-0.0181
5071,55,West,Business,Construction,2026Q1,98856.31,555.0,40.56,72.62,58.2,113980.12,0.5073,0.32987,1,-0.0632,0.1753,0.0024,0.0553,0.0252,0.0
5072,60,West,SelfEmployed,IT,2026Q1,106704.02,654.0,92.76,38.2,99.0,278463.62,0.3871,0.27184,0,-0.0872,-0.0084,0.1477,-0.0277,0.022,0.0525
5073,67,North,SelfEmployed,Construction,2026Q1,95471.28,591.0,55.66,96.24,55.09,285724.43,0.428,0.2408,1,-0.1458,0.1229,0.0642,0.1075,0.0,0.0616
5074,53,East,Salaried,Healthcare,2026Q1,57423.3,,56.09,31.97,73.45,75072.99,0.488,0.04457,0,-0.0132,-0.0443,0.0149,-0.0127,0.0,-0.0067
5075,37,West,Salaried,Manufacturing,2026Q1,78512.86,624.0,72.71,48.26,24.97,229960.23,0.395,0.26271,0,0.0456,0.0575,0.1203,-0.0045,0.025,-0.0262
5076,33,East,Business,Construction,2026Q1,91236.98,626.0,57.28,19.41,31.87,246204.06,0.3945,0.18906,0,0.0489,0.0393,0.0501,-0.0657,0.0,0.0
5077,57,West,Salaried,Healthcare,2026Q1,116289.04,502.0,,37.47,79.99,107960.4,0.4897,0.35964,0,-0.0837,0.3087,0.1362,-0.0374,0.0294,-0.0298
5078,34,West,SelfEmployed,Transport,2026Q1,80295.92,577.0,25.57,88.36,47.09,165657.89,0.4752,0.45829,0,0.0739,0.1793,-0.0718,0.1084,0.0293,0.072
5079,59,East,Salaried,Transport,2026Q1,90540.56,743.0,55.96,55.66,74.15,226010.72,0.3706,0.03634,0,-0.0194,-0.0684,0.0114,0.0027,0.0,-0.0052
5080,43,East,Salaried,IT,2026Q1,79811.34,,45.46,49.1,87.85,70621.73,0.4462,0.4351,0,0.0134,0.2762,0.026,-0.0026,0.0,-0.0292
5081,37,West,SelfEmployed,Manufacturing,2026Q1,74140.67,598.0,56.31,29.64,37.67,128854.23,0.3396,0.31509,0,0.0485,0.1153,0.0693,-0.0569,0.0265,0.0641
5082,56,East,Salaried,Manufacturing,2026Q1,85925.31,600.0,12.88,17.23,100.0,239883.99,0.5046,0.06858,0,-0.0197,0.0242,-0.0385,-0.0261,0.0,-0.0071
5083,39,North,Salaried,IT,2026Q1,60434.95,,25.17,75.22,40.92,37674.97,0.3788,0.14466,0,0.0206,0.0227,-0.0426,0.0353,0.0,-0.0162
5084,55,West,Salaried,IT,2026Q1,90391.44,642.0,47.35,56.75,67.64,291384.15,0.4266,0.12401,1,-0.0348,0.0095,0.0156,0.0088,0.0129,-0.0141
5085,52,East,Salaried,Healthcare,2026Q1,88025.52,578.0,60.07,29.91,82.54,276868.49,0.253,0.23207,0,-0.0346,0.1033,0.0594,-0.043,0.0,-0.0207
5086,29,West,Salaried,Manufacturing,2026Q1,59245.48,674.0,27.2,28.15,66.99,97314.5,0.4755,0.08503,0,0.0313,-0.0247,-0.0238,-0.0245,0.0096,-0.0106
5087,66,East,Salaried,Healthcare,2026Q1,78557.18,572.0,39.29,60.05,73.6,143115.29,0.5407,0.11964,1,-0.0934,0.083,-0.0019,0.0152,0.0,-0.0164
5088,64,North,SelfEmployed,Healthcare,2026Q1,75006.87,,53.81,70.21,47.12,231461.25,0.4841,0.11848,0,-0.0824,-0.0058,0.0326,0.0289,0.0,0.0351
5089,60,East,Business,Retail,2026Q1,95504.1,509.0,46.54,16.15,52.98,253608.9,0.5377,0.28423,0,-0.0867,0.1845,0.0238,-0.0836,0.0,0.0
5090,61,West,SelfEmployed,Manufacturing,2026Q1,87524.66,562.0,64.64,46.9,67.56,108807.18,0.4379,0.31234,0,-0.1086,0.1857,0.1051,-0.0087,0.0273,0.0663
5091,42,North,Salaried,Construction,2026Q1,66783.89,511.0,66.34,53.22,73.59,61906.47,0.6244,0.50662,1,0.021,0.3325,0.1302,0.0096,0.0,-0.0298
5092,63,North,Salaried,Healthcare,2026Q1,84513.96,632.0,31.22,50.38,34.16,67459.69,0.4154,0.09126,0,-0.0421,0.0123,-0.0128,0.0003,0.0,-0.0085
5093,58,South,Salaried,IT,2026Q1,119182.5,635.0,46.72,45.12,70.57,180415.3,0.5512,0.0907,0,-0.038,0.0139,0.0115,-0.0054,0.0,-0.0114
5094,27,North,SelfEmployed,Retail,2026Q1,61382.59,587.0,39.7,15.98,49.56,41689.87,0.4103,0.2671,0,0.0934,0.1222,-0.0013,-0.0914,0.0,0.0585
5095,39,East,Business,Construction,2026Q1,62195.79,632.0,68.36,49.53,45.98,81066.98,0.5809,0.27183,0,0.0314,0.0367,0.0951,-0.0011,0.0,0.0
5096,42,North,Business,IT,2026Q1,89219.42,533.0,62.49,65.27,85.71,96824.54,0.4735,0.57181,0,0.021,0.2878,0.1112,0.0458,0.0,0.0
5097,66,West,Salaried,Retail,2026Q1,88638.44,698.0,33.14,16.84,56.14,142898.78,0.3387,0.03533,0,-0.0203,-0.0177,-0.0038,-0.0125,0.0029,-0.0033
5098,39,North,Salaried,IT,2026Q1,104657.89,675.0,70.12,51.63,59.52,129179.09,0.2485,0.15443,0,0.0229,-0.0432,0.0707,0.0028,0.0,-0.018
5099,44,North,Business,Construction,2026Q1,96054.9,550.0,26.92,57.3,70.0,101140.23,0.4234,0.28911,0,0.0055,0.1602,-0.0545,0.0169,0.0,0.0
5100,36,South,Salaried,Manufacturing,2026Q1,84640.84,533.0,40.71,23.5,72.09,223564.36,0.5453,0.29714,1,0.0504,0.1956,0.003,-0.071,0.0,-0.0259
5101,45,East,Salaried,Transport,2026Q1,77139.31,581.0,30.71,34.4,59.37,177895.44,0.3886,0.15407,0,0.0,0.0766,-0.0261,-0.0263,0.0,-0.0165
5102,61,West,Business,Transport,2026Q1,109456.71,,40.86,29.04,59.96,248600.37,0.3101,0.09846,0,-0.0448,0.0168,0.0014,-0.0232,0.0095,0.0
5103,34,East,Business,Healthcare,2026Q1,72092.91,622.0,12.3,48.84,44.39,141404.45,0.4224,0.13627,0,0.031,0.031,-0.0763,-0.0016,0.0,0.0
5104,55,West,SelfEmployed,IT,2026Q1,92699.18,542.0,47.97,23.73,63.91,295126.1,0.5991,0.27482,0,-0.0633,0.1919,0.0333,-0.0716,0.0253,0.0609
5105,40,East,Business,Retail,2026Q1,70846.26,585.0,20.58,10.73,66.19,217027.76,0.5831,0.10471,1,0.0144,0.0593,-0.0487,-0.0609,0.0,0.0
5106,71,North,Business,Healthcare,2026Q1,107102.84,637.0,40.3,57.57,80.12,250243.55,0.1701,0.1044,0,-0.0728,0.0099,0.0004,0.0065,0.0,0.0
5107,51,West,SelfEmployed,Transport,2026Q1,95674.76,587.0,66.51,71.17,83.31,124986.59,0.4965,0.41987,1,-0.0418,0.1588,0.1244,0.0616,0.0294,0.0724
5108,49,East,Business,Healthcare,2026Q1,102136.02,621.0,50.59,41.26,47.11,207490.0,0.4759,0.17711,0,-0.0159,0.039,0.0269,-0.0148,0.0,0.0
5109,44,East,Salaried,Manufacturing,2026Q1,79637.45,682.0,83.73,4.88,80.91,214827.59,0.3011,0.14237,1,0.0028,-0.0404,0.0625,-0.0666,0.0,-0.0126
5110,52,East,Business,Retail,2026Q1,86899.19,,65.29,22.15,38.92,251788.75,0.4521,0.23987,0,-0.0382,0.1248,0.0818,-0.0672,0.0,0.0
5111,34,North,Salaried,Construction,2026Q1,106597.68,675.0,64.87,36.72,65.33,261334.21,0.5642,0.19004,0,0.0361,-0.0394,0.0545,-0.022,0.0,-0.0163
5112,51,East,Business,Retail,2026Q1,95323.96,612.0,39.22,51.97,83.64,122442.73,0.4702,0.14012,0,-0.0234,0.0474,-0.0021,0.0031,0.0,0.0
5113,44,South,Salaried,Manufacturing,2026Q1,80071.41,606.0,43.6,30.76,86.18,195661.7,0.5454,0.17783,0,0.0036,0.0526,0.0091,-0.0322,0.0,-0.0161
5114,43,South,Salaried,IT,2026Q1,97528.98,523.0,56.49,52.93,70.81,91960.79,0.3671,0.44138,0,0.0137,0.2761,0.0788,0.0086,0.0,-0.0297
5115,73,South,Salaried,Healthcare,2026Q1,85037.28,668.0,40.0,28.64,83.17,84308.06,0.4928,0.03371,0,-0.0389,-0.0074,0.0,-0.0098,0.0,-0.0043
5116,65,East,Business,IT,2026Q1,106380.41,,48.24,73.49,68.23,277799.81,0.386,0.04684,0,-0.0286,-0.0717,0.006,0.0098,0.0,0.0
5117,66,West,SelfEmployed,IT,2026Q1,136541.82,545.0,,14.25,50.4,114309.27,0.4366,0.28618,1,-0.1347,0.1787,0.0962,-0.0963,0.0243,0.0584
5118,59,West,Salaried,Retail,2026Q1,97433.99,553.0,50.28,42.8,84.62,181131.85,0.3957,0.21663,1,-0.0784,0.1417,0.0354,-0.0161,0.0212,-0.0225
5119,54,North,Business,Healthcare,2026Q1,114007.7,722.0,24.83,34.87,12.83,291250.63,0.3543,0.02225,0,-0.0082,-0.0338,-0.0102,-0.0057,0.0,0.0
5120,66,West,Business,Transport,2026Q1,103790.6,,59.09,51.53,71.05,194288.7,0.4258,0.1154,0,-0.0696,-0.012,0.031,0.0017,0.0108,0.0
5121,54,South,Salaried,Retail,2026Q1,77319.78,571.0,41.25,18.05,51.45,218409.32,0.4108,0.15543,0,-0.0333,0.0763,0.003,-0.0529,0.0,-0.0151
5122,57,East,Salaried,Healthcare,2026Q1,68014.06,732.0,39.59,50.47,60.45,141006.85,0.4694,0.04785,0,-0.0134,-0.0473,-0.0003,0.0002,0.0,-0.0043
5123,65,North,Salaried,Manufacturing,2026Q1,130618.09,587.0,86.84,35.73,100.0,90696.13,0.2809,0.25091,0,-0.1151,0.1024,0.1283,-0.0323,0.0,-0.0224
5124,59,North,SelfEmployed,IT,2026Q1,89120.08,620.0,50.41,52.23,72.95,54015.79,0.5143,0.16448,0,-0.0667,0.0449,0.0295,0.004,0.0,0.0412
5125,55,West,Salaried,Retail,2026Q1,61308.9,641.0,81.59,35.13,48.13,185573.51,0.2927,0.18866,0,-0.0461,0.0145,0.0954,-0.0285,0.0175,-0.0188
5126,59,East,Business,Transport,2026Q1,125378.24,670.0,36.05,72.42,24.02,338237.5,0.3508,0.08305,0,-0.036,-0.0188,-0.0064,0.0188,0.0,0.0
5127,51,South,Salaried,Healthcare,2026Q1,70010.99,648.0,37.33,47.34,43.8,115220.88,0.5002,0.10937,1,-0.0149,0.0018,-0.0045,-0.0027,0.0,-0.0104
5128,56,West,Business,Transport,2026Q1,114196.59,758.0,40.44,40.12,78.84,86089.89,0.4646,0.03825,0,-0.0108,-0.0643,0.0003,-0.0038,0.0034,0.0
5129,57,West,SelfEmployed,Transport,2026Q1,107534.96,711.0,46.43,41.03,50.56,164174.72,0.439,0.11048,0,-0.0268,-0.0617,0.0084,-0.0078,0.0079,0.0183
5130,36,East,Business,Construction,2026Q1,102167.16,725.0,43.22,41.69,57.56,82153.32,0.4784,0.06989,0,0.0151,-0.0783,0.0042,-0.0069,0.0,0.0
5131,42,South,Salaried,Manufacturing,2026Q1,48791.86,573.0,32.17,61.57,54.14,52784.72,0.4775,0.28017,1,0.015,0.1204,-0.0297,0.0244,0.0,-0.0225
5132,58,South,Salaried,Healthcare,2026Q1,95067.48,640.0,63.1,49.02,41.27,235135.21,0.4163,0.1671,0,-0.0479,0.0122,0.0449,-0.0014,0.0,-0.0145
5133,51,West,SelfEmployed,Transport,2026Q1,70451.39,,49.62,41.7,96.26,212261.47,0.3691,0.0845,1,-0.0125,-0.0927,0.0122,-0.0072,0.0079,0.0182
5134,50,South,Business,Transport,2026Q1,97160.99,591.0,61.54,63.95,64.31,162711.33,0.439,0.28253,1,-0.0302,0.1173,0.0823,0.034,0.0,0.0
5135,53,East,Business,Transport,2026Q1,114244.7,592.0,53.2,93.84,68.61,191573.51,0.4532,0.3066,0,-0.0507,0.1213,0.0547,0.1028,0.0,0.0
5136,28,West,Salaried,IT,2026Q1,30462.11,681.0,88.97,33.05,96.68,96856.6,0.3953,0.28978,0,0.0811,-0.0709,0.1441,-0.0411,0.0225,-0.0238
5137,48,West,Business,Transport,2026Q1,86386.05,,50.45,53.09,56.49,62789.3,0.3606,0.17333,0,-0.0115,0.0,0.026,0.0049,0.0154,0.0
5138,48,East,Salaried,IT,2026Q1,62269.13,617.0,63.77,30.21,50.91,68354.95,0.3152,0.14471,0,-0.0124,0.0463,0.0584,-0.0369,0.0,-0.018
5139,52,West,Business,Transport,2026Q1,100805.88,637.0,68.83,59.21,61.19,342100.96,0.3574,0.19887,1,-0.0368,0.0245,0.087,0.0191,0.0207,0.0
5140,59,East,Business,Construction,2026Q1,84087.37,494.0,29.44,76.46,32.92,194667.34,0.5631,0.39451,0,-0.0952,0.2763,-0.0506,0.0708,0.0,0.0
5141,46,East,Salaried,IT,2026Q1,89790.64,,31.28,17.49,64.4,147136.67,0.4279,0.07823,0,-0.0028,0.0481,-0.0187,-0.0455,0.0,-0.0126
5142,65,South,Salaried,Retail,2026Q1,90135.02,560.0,32.17,55.22,58.97,220998.56,0.4167,0.15443,0,-0.0861,0.0885,-0.0211,0.0078,0.0,-0.016
5143,39,South,Business,Transport,2026Q1,85230.26,727.0,42.23,11.21,55.78,238291.82,0.4756,0.0407,0,0.0067,-0.0543,0.0019,-0.0249,0.0,0.0
5144,58,West,Salaried,Transport,2026Q1,92438.03,606.0,43.27,35.08,81.63,221532.08,0.4358,0.10836,1,-0.0456,0.0442,0.007,-0.021,0.0126,-0.0137
5145,44,West,Salaried,IT,2026Q1,25429.36,624.0,51.92,45.89,63.99,39773.09,0.4705,0.17631,0,0.0043,0.0403,0.0341,-0.0077,0.0178,-0.0192
5146,63,East,Salaried,Manufacturing,2026Q1,73573.33,693.0,73.67,61.32,66.41,123299.35,0.3819,0.09936,1,-0.0537,-0.0498,0.0448,0.0112,0.0,-0.011
5147,52,East,Business,IT,2026Q1,124157.23,724.0,22.58,24.26,67.2,107166.62,0.377,0.02597,0,-0.0055,-0.031,-0.0105,-0.0091,0.0,0.0
5148,37,South,Salaried,Construction,2026Q1,47243.25,636.0,23.44,20.99,68.57,43345.47,0.3427,0.069,0,0.0159,0.0113,-0.0297,-0.0314,0.0,-0.0098
5149,51,West,SelfEmployed,Construction,2026Q1,71012.36,560.0,38.87,31.5,55.02,212534.78,0.4573,0.218,0,-0.035,0.153,-0.0046,-0.0467,0.0235,0.0561
5150,54,West,SelfEmployed,Transport,2026Q1,86216.7,581.0,32.52,51.68,29.1,215648.34,0.3905,0.24503,1,-0.0489,0.1112,-0.0283,0.0037,0.0212,0.0504
5151,52,West,Salaried,Healthcare,2026Q1,96952.92,638.0,24.01,15.34,43.19,230394.75,0.3587,0.06487,0,-0.0121,0.007,-0.0208,-0.0283,0.0064,-0.0071
5152,54,West,SelfEmployed,IT,2026Q1,67743.68,640.0,42.71,100.0,54.06,69428.0,0.4424,0.29095,1,-0.0519,0.0209,0.0104,0.0999,0.0227,0.0543
5153,48,East,Business,Transport,2026Q1,89542.13,563.0,51.81,32.34,73.38,180601.04,0.4644,0.20448,0,-0.0164,0.1405,0.0427,-0.0427,0.0,0.0
5154,44,West,SelfEmployed,Manufacturing,2026Q1,105680.06,478.0,46.89,28.43,68.13,197239.93,0.4255,0.57737,1,0.0069,0.4021,0.0341,-0.0621,0.0297,0.0746
5155,32,North,Business,Retail,2026Q1,85615.44,508.0,39.15,18.6,86.87,247933.86,0.4535,0.42164,0,0.0831,0.2757,-0.0041,-0.0927,0.0,0.0
5156,56,East,Salaried,IT,2026Q1,68668.51,537.0,48.26,58.99,61.19,138868.08,0.4565,0.27634,1,-0.068,0.1883,0.0333,0.022,0.0,-0.0256
5157,56,East,Salaried,IT,2026Q1,105124.19,603.0,20.46,35.94,100.0,227928.13,0.5367,0.07602,0,-0.0263,0.0313,-0.0345,-0.0136,0.0,-0.0095
5158,71,North,Salaried,Retail,2026Q1,94010.88,596.0,59.34,60.15,84.42,164602.36,0.3207,0.14331,0,-0.1203,0.0631,0.0442,0.0153,0.0,-0.0164
5159,50,West,Business,Transport,2026Q1,104351.5,505.0,48.11,55.42,45.93,140515.46,0.5764,0.43546,0,-0.0349,0.3142,0.04,0.0161,0.0297,0.0
5160,53,East,Salaried,Retail,2026Q1,69725.09,601.0,53.87,89.56,57.34,20000.0,0.5237,0.3136,0,-0.0462,0.0921,0.0509,0.0826,0.0,-0.0242
5161,52,West,SelfEmployed,Healthcare,2026Q1,108695.95,731.0,49.24,21.72,50.41,247104.59,0.4005,0.0528,0,-0.0118,-0.0734,0.0094,-0.0219,0.0063,0.0146
5162,60,West,Business,Construction,2026Q1,99168.12,642.0,,46.54,73.54,232308.1,0.4657,0.06284,0,-0.0336,0.0057,-0.0274,-0.0028,0.0076,0.0
5163,44,South,Salaried,IT,2026Q1,79723.98,754.0,41.07,42.31,71.47,134151.23,0.4323,0.02493,0,0.001,-0.0708,0.0008,-0.0034,0.0,-0.0045
5164,52,North,Business,IT,2026Q1,65014.6,618.0,70.13,2.53,73.84,143955.41,0.3271,0.16068,0,-0.0263,0.0388,0.0607,-0.0863,0.0,0.0
5165,50,North,Salaried,Healthcare,2026Q1,108052.97,616.0,57.74,57.69,20.09,99947.26,0.4595,0.17549,0,-0.0233,0.0532,0.0507,0.0143,0.0,-0.0199
5166,58,North,SelfEmployed,Transport,2026Q1,119828.03,637.0,44.86,41.22,44.68,149341.71,0.3996,0.11523,1,-0.0477,0.0156,0.0108,-0.0126,0.0,0.0308
5167,74,South,Business,Healthcare,2026Q1,96430.94,742.0,61.26,63.9,40.49,296173.93,0.2454,0.0514,0,-0.0456,-0.0626,0.0134,0.0059,0.0,0.0
5168,54,North,Business,IT,2026Q1,127312.36,725.0,64.5,51.42,61.89,405258.61,0.3377,0.06017,0,-0.0193,-0.0807,0.0275,0.0012,0.0,0.0
5169,34,East,Business,Healthcare,2026Q1,57584.2,670.0,70.43,46.23,39.51,42459.41,0.5079,0.17082,0,0.0473,-0.0394,0.0851,-0.0077,0.0,0.0
5170,37,East,SelfEmployed,Construction,2026Q1,54642.41,647.0,60.94,76.84,47.68,47420.96,0.4127,0.28272,1,0.0485,0.0074,0.0873,0.0685,0.0,0.0641
5171,62,West,Salaried,Retail,2026Q1,88157.08,560.0,71.87,31.63,34.95,237170.56,0.5317,0.21445,0,-0.1023,0.147,0.105,-0.0451,0.0227,-0.024
5172,32,West,Salaried,Manufacturing,2026Q1,68235.67,527.0,49.17,65.73,63.18,88360.09,0.4916,0.49891,1,0.0907,0.3057,0.0458,0.0471,0.0299,-0.0297
5173,53,North,Business,Transport,2026Q1,114800.4,588.0,63.16,55.45,96.28,298372.01,0.3413,0.27008,1,-0.0469,0.1145,0.0826,0.0129,0.0,0.0
5174,42,West,SelfEmployed,Construction,2026Q1,80297.12,722.0,32.09,83.47,75.16,101358.2,0.4645,0.11219,0,0.0086,-0.1112,-0.0177,0.0363,0.0121,0.0282
5175,75,East,Salaried,Manufacturing,2026Q1,84499.18,739.0,60.86,42.63,80.57,257865.37,0.4631,0.03172,0,-0.0341,-0.0427,0.0093,-0.0025,0.0,-0.0034
5176,37,East,Business,Construction,2026Q1,103707.0,509.0,,97.35,100.0,291333.24,0.4366,0.66531,1,0.0525,0.3675,0.0535,0.1372,0.0,0.0
5177,43,South,Salaried,Healthcare,2026Q1,71679.82,710.0,57.95,37.87,76.38,99731.4,0.2878,0.08045,0,0.004,-0.0631,0.0224,-0.0112,0.0,-0.0091
5178,59,East,Salaried,Transport,2026Q1,100754.42,742.0,68.27,57.32,69.87,209833.42,0.3816,0.05879,0,-0.0248,-0.0846,0.0235,0.0045,0.0,-0.0067
5179,47,South,Business,Transport,2026Q1,110592.13,703.0,33.69,34.41,25.0,222045.52,0.3598,0.05674,0,-0.0028,-0.0375,-0.0066,-0.01,0.0,0.0
5180,42,East,Salaried,Healthcare,2026Q1,63885.59,587.0,71.42,66.23,79.73,150630.47,0.4403,0.37494,1,0.0197,0.1465,0.1346,0.0449,0.0,-0.0288
5181,39,East,Salaried,Retail,2026Q1,66733.55,674.0,59.05,36.09,50.22,56894.59,0.5185,0.15761,0,0.0172,-0.0317,0.0359,-0.0193,0.0,-0.0137
5182,43,North,Business,Transport,2026Q1,101554.76,513.0,52.9,100.0,68.23,176485.48,0.5606,0.58381,0,0.0133,0.3537,0.0626,0.1478,0.0,0.0
5183,40,South,Salaried,Retail,2026Q1,89499.8,523.0,28.98,52.12,75.43,204881.39,0.5376,0.30017,0,0.03,0.2189,-0.0501,0.0056,0.0,-0.0269
5184,50,West,Salaried,Manufacturing,2026Q1,70175.61,788.0,38.54,45.99,56.16,127483.82,0.4228,0.02067,0,-0.0036,-0.0782,-0.0007,-0.0012,0.0027,-0.003
5185,71,South,Business,Healthcare,2026Q1,114470.13,587.0,63.24,27.47,62.07,293554.87,0.4371,0.1241,0,-0.1138,0.066,0.0481,-0.0364,0.0,0.0
5186,73,West,SelfEmployed,Manufacturing,2026Q1,84897.97,541.0,48.22,3.68,28.13,126522.86,0.5629,0.14953,0,-0.1454,0.1188,0.0232,-0.0973,0.0171,0.0404
5187,72,East,Business,Transport,2026Q1,108667.22,594.0,67.0,55.11,37.14,174189.42,0.3761,0.15277,0,-0.1405,0.0755,0.0679,0.009,0.0,0.0
5188,49,West,SelfEmployed,Manufacturing,2026Q1,114949.93,745.0,61.44,24.21,60.24,310247.48,0.3406,0.06806,0,-0.0078,-0.1078,0.0237,-0.0234,0.0075,0.0175
5189,58,East,Business,Transport,2026Q1,70419.63,697.0,36.28,63.86,20.07,76486.0,0.4506,0.05773,0,-0.0244,-0.0371,-0.0044,0.0088,0.0,0.0
5190,51,West,SelfEmployed,Construction,2026Q1,122744.55,573.0,47.71,0.0,93.09,176887.51,0.6276,0.19755,0,-0.0297,0.1098,0.0249,-0.1178,0.0195,0.0463
5191,41,North,Salaried,Retail,2026Q1,106203.83,,46.61,24.19,56.86,126405.01,0.4273,0.12956,0,0.0137,0.0437,0.016,-0.0438,0.0,-0.0159
5192,30,North,Salaried,Retail,2026Q1,41637.83,652.0,62.58,49.56,66.7,31678.86,0.5159,0.26779,0,0.0652,-0.0039,0.0695,-0.0009,0.0,-0.0217
5193,31,South,Business,Retail,2026Q1,60140.57,665.0,49.52,78.62,29.54,158460.91,0.3358,0.28298,1,0.0628,-0.0308,0.0323,0.0558,0.0,0.0
5194,52,West,SelfEmployed,Transport,2026Q1,91257.53,653.0,47.41,46.12,45.44,183501.46,0.4475,0.1758,0,-0.0281,-0.0045,0.0189,-0.0064,0.0155,0.0364
5195,35,West,SelfEmployed,Transport,2026Q1,68335.45,554.0,55.49,51.61,53.2,245414.52,0.5129,0.54407,0,0.0699,0.249,0.0773,0.0048,0.0299,0.0749
5196,41,South,Salaried,IT,2026Q1,92124.56,603.0,44.12,23.09,19.58,183893.07,0.5112,0.19441,0,0.0143,0.057,0.0106,-0.0476,0.0,-0.0165
5197,54,North,Salaried,Transport,2026Q1,98755.65,,,47.56,66.46,174850.54,0.4443,0.3287,0,-0.057,0.1917,0.085,-0.0064,0.0,-0.0266
5198,24,West,SelfEmployed,Construction,2026Q1,64377.93,684.0,51.12,38.65,83.59,120418.09,0.367,0.18409,0,0.0865,-0.072,0.0366,-0.0247,0.0203,0.0482
5199,66,West,SelfEmployed,Construction,2026Q1,79873.41,613.0,68.28,83.91,59.44,112522.1,0.352,0.28349,0,-0.1391,0.082,0.1099,0.082,0.0257,0.0619
5200,51,South,Salaried,Transport,2026Q1,77274.16,642.0,60.98,2.84,61.67,205808.97,0.4182,0.09178,0,-0.0149,0.0071,0.0294,-0.0591,0.0,-0.0105
5201,46,North,Business,Retail,2026Q1,138439.19,574.0,,63.91,55.71,415723.25,0.5889,0.34652,1,-0.0061,0.1515,0.0486,0.0353,0.0,0.0
5202,43,West,Business,Transport,2026Q1,94111.81,663.0,71.88,32.16,43.16,88969.02,0.4001,0.22003,0,0.0082,-0.0224,0.0773,-0.0343,0.0173,0.0
5203,55,East,Business,Construction,2026Q1,126740.77,665.0,39.25,43.45,60.42,413811.5,0.6219,0.09405,0,-0.0223,-0.0125,-0.0011,-0.0058,0.0,0.0
5204,39,South,Business,IT,2026Q1,93229.34,522.0,51.17,43.43,61.99,132184.21,0.4748,0.48152,0,0.041,0.2801,0.0542,-0.0195,0.0,0.0
5205,65,West,SelfEmployed,Retail,2026Q1,134174.66,673.0,50.6,36.71,70.76,292913.78,0.4876,0.1078,0,-0.0586,-0.0234,0.0162,-0.0142,0.0095,0.0222
5206,60,West,Business,Retail,2026Q1,104237.55,541.0,55.03,23.89,43.08,186776.69,0.6414,0.24415,0,-0.0878,0.1623,0.0531,-0.0641,0.0222,0.0
5207,42,North,Salaried,Transport,2026Q1,96073.8,573.0,39.72,13.7,59.41,188559.25,0.4666,0.1604,0,0.0116,0.0896,-0.0008,-0.0707,0.0,-0.0177
5208,48,East,Salaried,Construction,2026Q1,97156.58,682.0,50.63,100.0,48.92,71393.36,0.569,0.1443,1,-0.0113,-0.052,0.0259,0.0637,0.0,-0.0164
5209,63,East,Business,Manufacturing,2026Q1,109713.06,575.0,39.21,44.55,53.07,151983.9,0.4607,0.1541,0,-0.0772,0.0797,-0.0021,-0.0087,0.0,0.0
5210,54,East,Salaried,Manufacturing,2026Q1,86686.87,627.0,25.8,25.15,66.04,83179.55,0.4213,0.07475,0,-0.0173,0.014,-0.0198,-0.0209,0.0,-0.0078
5211,48,West,SelfEmployed,IT,2026Q1,61221.32,613.0,,63.52,15.29,176574.15,0.4521,0.41337,1,-0.0174,0.0752,0.0241,0.0318,0.0238,0.0569
5212,42,North,Business,Transport,2026Q1,82445.09,522.0,52.76,66.97,79.91,87807.59,0.3532,0.48075,0,0.021,0.3035,0.0635,0.0507,0.0,0.0
5213,49,East,Business,Transport,2026Q1,140444.59,716.0,32.0,48.53,65.8,400030.2,0.3363,0.04383,0,-0.0055,-0.0472,-0.008,-0.0008,0.0,0.0
5214,45,East,Salaried,Manufacturing,2026Q1,109340.69,716.0,42.78,25.42,86.03,122271.5,0.3214,0.05121,0,0.0,-0.0445,0.0024,-0.0148,0.0,-0.0055
5215,53,East,Salaried,Transport,2026Q1,82683.48,651.0,57.04,68.57,12.85,132913.71,0.4283,0.13949,1,-0.0307,-0.0014,0.0383,0.0261,0.0,-0.0159
5216,47,North,Salaried,Construction,2026Q1,63507.73,599.0,59.12,29.61,76.88,56060.35,0.4937,0.23252,0,-0.0089,0.0731,0.0528,-0.0411,0.0,-0.0194
5217,39,West,Business,IT,2026Q1,108928.19,626.0,60.54,27.8,39.7,294878.2,0.3921,0.27001,0,0.0277,0.0423,0.0629,-0.0494,0.02,0.0
5218,62,East,Salaried,Manufacturing,2026Q1,97610.54,711.0,32.18,24.05,76.67,294167.59,0.6068,0.03409,0,-0.0143,-0.0223,-0.004,-0.0086,0.0,-0.003
5219,56,West,Salaried,Manufacturing,2026Q1,95582.14,584.0,84.36,23.71,75.9,169383.13,0.3253,0.29432,0,-0.0657,0.1206,0.1407,-0.0673,0.0234,-0.0247
5220,39,East,Salaried,Transport,2026Q1,66271.11,591.0,23.86,63.88,95.98,142592.62,0.3526,0.24554,0,0.0252,0.0831,-0.0559,0.025,0.0,-0.0196
5221,44,West,Salaried,Healthcare,2026Q1,103121.14,605.0,45.25,36.05,67.79,89984.08,0.5023,0.15212,0,0.0042,0.0632,0.0152,-0.0265,0.0173,-0.0187
5222,58,North,Business,IT,2026Q1,108477.61,,11.29,100.0,18.62,152851.98,0.4617,0.47987,1,-0.0903,0.3288,-0.1425,0.1357,0.0,0.0
5223,41,West,Business,Healthcare,2026Q1,99782.35,667.0,32.3,53.55,49.62,80609.27,0.2604,0.13383,0,0.0111,-0.0208,-0.0169,0.0043,0.0119,0.0
5224,48,West,SelfEmployed,Retail,2026Q1,68829.96,633.0,34.05,50.95,68.1,208251.94,0.4709,0.18424,1,-0.0126,0.0257,-0.018,0.0017,0.0168,0.0396
5225,47,East,Business,Construction,2026Q1,79836.36,676.0,68.35,53.37,61.24,233793.94,0.4463,0.15257,0,-0.0075,-0.0416,0.0613,0.0053,0.0,0.0
5226,42,North,Business,Construction,2026Q1,68707.57,,,35.14,37.88,191053.39,0.4669,0.23621,0,0.0186,0.1336,0.1368,-0.0411,0.0,0.0
5227,38,West,Salaried,Transport,2026Q1,78769.13,522.0,51.83,66.52,73.59,77530.45,0.469,0.55509,1,0.049,0.3112,0.0591,0.0495,0.03,-0.0298
5228,49,East,Salaried,Manufacturing,2026Q1,82071.21,,40.48,29.13,100.0,193375.87,0.4337,0.09226,1,-0.0106,0.019,0.0009,-0.025,0.0,-0.0114
5229,40,East,Salaried,IT,2026Q1,48431.71,541.0,6.88,37.3,61.85,54171.69,0.5998,0.16749,0,0.0194,0.1153,-0.1168,-0.0232,0.0,-0.0181
5230,43,East,Business,Manufacturing,2026Q1,95774.59,659.0,35.18,67.19,81.73,102609.13,0.5076,0.13738,0,0.0063,-0.0118,-0.0114,0.0219,0.0,0.0
5231,59,South,Salaried,Manufacturing,2026Q1,91777.69,665.0,18.81,77.89,66.31,146427.89,0.4822,0.06597,0,-0.0271,-0.0103,-0.0297,0.0168,0.0,-0.0074
5232,42,North,Salaried,Construction,2026Q1,40477.5,766.0,37.33,93.63,42.75,110931.8,0.475,0.05076,0,0.0044,-0.1223,-0.003,0.0227,0.0,-0.0069
5233,55,West,SelfEmployed,Construction,2026Q1,80734.74,716.0,42.88,38.22,32.63,104531.89,0.3993,0.05916,0,-0.02,-0.0629,0.0036,-0.0095,0.0072,0.0167
5234,61,South,Business,Transport,2026Q1,110559.13,639.0,51.42,60.0,64.32,275555.03,0.4581,0.10935,1,-0.0584,0.0128,0.0232,0.0127,0.0,0.0
5235,49,East,Salaried,IT,2026Q1,61711.22,,44.95,8.06,64.19,113304.27,0.1904,0.11401,1,-0.0116,0.0421,0.0095,-0.0607,0.0,-0.0125
5236,56,East,SelfEmployed,IT,2026Q1,89865.87,680.0,40.69,82.65,52.33,63590.04,0.6206,0.15898,0,-0.0395,-0.0426,0.0016,0.0388,0.0,0.0308
5237,41,West,SelfEmployed,Healthcare,2026Q1,67593.58,641.0,39.98,44.32,60.69,85646.59,0.4346,0.20532,0,0.0173,0.0154,-0.0001,-0.0111,0.0185,0.0437
5238,58,South,Salaried,Construction,2026Q1,59869.01,588.0,45.76,63.55,38.63,163234.17,0.5441,0.1953,1,-0.0615,0.0826,0.0168,0.0234,0.0,-0.0189
5239,57,West,SelfEmployed,Healthcare,2026Q1,57276.69,480.0,65.45,62.11,58.43,45274.13,0.5604,0.65042,1,-0.0711,0.4295,0.1216,0.0334,0.0275,0.0702
5240,66,North,Salaried,Transport,2026Q1,74257.52,777.0,58.9,58.42,60.32,62256.61,0.4477,0.02513,0,-0.0207,-0.0744,0.0084,0.0026,0.0,-0.0034
5241,63,West,Salaried,IT,2026Q1,128553.7,693.0,,34.09,46.2,233363.67,0.3881,0.03608,0,-0.0247,-0.0228,-0.0021,-0.0081,0.0044,-0.0049
5242,53,West,Business,Construction,2026Q1,76469.96,664.0,42.69,31.79,37.23,234492.41,0.5288,0.07997,0,-0.0192,-0.0128,0.0041,-0.0187,0.0089,0.0
5243,75,West,Business,Healthcare,2026Q1,115443.42,624.0,,68.12,33.98,263383.48,0.5034,0.16338,0,-0.1672,0.0421,0.0984,0.0327,0.0186,0.0
5244,60,North,Business,Transport,2026Q1,103864.81,749.0,38.41,36.73,100.0,73884.05,0.3018,0.03193,0,-0.0127,-0.0464,-0.0008,-0.0042,0.0,0.0
5245,64,East,Business,IT,2026Q1,143580.09,681.0,58.43,32.63,37.03,156369.64,0.4317,0.06831,0,-0.0409,-0.0241,0.0192,-0.0139,0.0,0.0
5246,45,West,SelfEmployed,Transport,2026Q1,47269.54,526.0,63.78,45.63,62.84,21089.35,0.4807,0.57347,1,0.0,0.3155,0.1183,-0.0128,0.0297,0.0746
5247,46,West,Business,Construction,2026Q1,79476.14,603.0,,45.04,75.89,139392.02,0.4099,0.23823,1,-0.0049,0.0776,0.028,-0.0106,0.0203,0.0
5248,51,West,Salaried,Construction,2026Q1,87115.2,672.0,37.63,38.71,82.49,111698.36,0.3314,0.06807,0,-0.0122,-0.0181,-0.0033,-0.0097,0.0077,-0.0085
5249,39,West,SelfEmployed,Construction,2026Q1,76816.41,702.0,18.01,44.82,100.0,139870.77,0.3337,0.0849,0,0.0116,-0.0538,-0.0391,-0.0047,0.0084,0.0196
5250,50,West,SelfEmployed,Healthcare,2026Q1,81226.88,600.0,57.7,54.02,33.13,103678.18,0.4977,0.30296,1,-0.0316,0.1082,0.0728,0.0105,0.0259,0.0624
5251,50,North,Business,Retail,2026Q1,105796.47,724.0,51.66,25.8,58.46,101442.95,0.3713,0.04506,0,-0.007,-0.0554,0.0098,-0.0155,0.0,0.0
5252,62,South,Salaried,Construction,2026Q1,53530.05,530.0,36.41,22.37,40.41,179401.09,0.5112,0.16337,1,-0.076,0.1142,-0.0101,-0.0506,0.0,-0.0171
5253,63,West,Business,Construction,2026Q1,102131.27,603.0,56.7,60.51,64.65,208755.53,0.4332,0.20688,0,-0.0941,0.0717,0.0491,0.0198,0.0188,0.0
5254,51,West,SelfEmployed,Retail,2026Q1,79288.96,,50.25,56.98,43.08,198389.7,0.4347,0.34379,1,-0.0355,0.0898,0.04,0.0168,0.0239,0.0572
5255,46,North,Business,Healthcare,2026Q1,107958.77,685.0,35.65,40.51,61.03,184561.5,0.3422,0.06131,0,-0.0019,-0.0302,-0.006,-0.0079,0.0,0.0
5256,70,West,Salaried,Manufacturing,2026Q1,60422.3,,25.19,35.69,39.71,93343.19,0.3591,0.01908,0,-0.0219,-0.0198,-0.0076,-0.0041,0.0025,-0.0028
5257,33,South,Business,Construction,2026Q1,76276.04,707.0,41.14,65.53,35.91,32305.73,0.4018,0.1081,0,0.0302,-0.0811,0.0023,0.0178,0.0,0.0
5258,33,West,SelfEmployed,Retail,2026Q1,70048.68,526.0,70.91,22.1,40.66,101270.58,0.3399,0.65481,0,0.0821,0.3246,0.1526,-0.076,0.0289,0.0732
5259,55,East,Business,Manufacturing,2026Q1,92133.47,630.0,58.84,23.04,35.94,314519.54,0.4537,0.12968,1,-0.0337,0.022,0.0354,-0.0396,0.0,0.0
5260,49,West,SelfEmployed,IT,2026Q1,76765.46,516.0,54.17,31.13,66.51,80730.02,0.4685,0.57334,1,-0.028,0.3022,0.0696,-0.0565,0.0298,0.0736
5261,47,East,Salaried,IT,2026Q1,75079.06,623.0,54.88,0.0,52.86,186767.74,0.3144,0.10497,0,-0.0054,0.025,0.0251,-0.0717,0.0,-0.0119
5262,30,South,Salaried,Manufacturing,2026Q1,81937.83,733.0,34.44,91.64,62.51,105589.46,0.3903,0.10844,0,0.0326,-0.1187,-0.0107,0.0375,0.0,-0.0115
5263,40,West,SelfEmployed,Construction,2026Q1,90852.23,758.0,40.32,19.31,28.68,275816.66,0.1702,0.05098,0,0.0063,-0.0976,0.0003,-0.0208,0.0054,0.0125
5264,66,West,SelfEmployed,Retail,2026Q1,89587.56,653.0,49.05,70.45,63.51,58074.33,0.3897,0.15785,0,-0.0917,-0.0043,0.0218,0.0289,0.0148,0.0346
5265,64,East,Salaried,Construction,2026Q1,79654.98,640.0,47.04,54.31,51.71,129577.59,0.438,0.08048,0,-0.0547,0.0087,0.011,0.0042,0.0,-0.0104
5266,59,West,Salaried,Healthcare,2026Q1,68502.57,608.0,31.05,56.33,85.79,57150.28,0.5156,0.12271,0,-0.0482,0.0412,-0.0204,0.0078,0.0122,-0.0134
5267,41,North,Business,IT,2026Q1,105060.7,619.0,30.17,84.56,99.69,84851.44,0.6501,0.18522,0,0.0185,0.0525,-0.0353,0.0624,0.0,0.0
5268,46,East,Salaried,Retail,2026Q1,65593.39,719.0,46.71,58.01,68.59,184899.85,0.4188,0.07147,0,-0.0018,-0.0664,0.008,0.0058,0.0,-0.008
5269,46,East,SelfEmployed,Manufacturing,2026Q1,62177.67,561.0,40.11,46.81,74.74,66526.49,0.4826,0.34182,0,-0.0062,0.1714,0.0005,-0.0084,0.0,0.062
5270,43,West,Salaried,Transport,2026Q1,75106.16,,43.56,80.72,53.73,205476.79,0.3168,0.27648,1,0.0112,0.0943,0.0142,0.0687,0.0237,-0.025
5271,44,South,Salaried,Construction,2026Q1,79326.85,621.0,44.87,0.73,66.15,127021.56,0.4234,0.08823,1,0.0025,0.0249,0.0083,-0.0662,0.0,-0.0112
5272,49,North,Salaried,Manufacturing,2026Q1,73686.79,572.0,70.4,76.11,52.77,81941.31,0.418,0.36874,1,-0.0272,0.1798,0.1338,0.0724,0.0,-0.0291
5273,34,East,Salaried,Construction,2026Q1,67232.88,654.0,40.74,50.13,61.94,200870.71,0.2902,0.12355,1,0.0338,-0.0055,0.0018,0.0002,0.0,-0.0154
5274,63,East,Salaried,IT,2026Q1,88203.01,725.0,,46.19,53.16,150767.37,0.5402,0.03698,0,-0.0256,-0.0489,0.011,-0.0019,0.0,-0.0051
5275,49,West,SelfEmployed,Transport,2026Q1,95774.78,662.0,31.07,42.62,65.66,127425.5,0.459,0.16919,0,-0.0119,-0.0141,-0.0195,-0.0093,0.0117,0.0272
5276,44,West,Business,Healthcare,2026Q1,94012.48,572.0,70.15,55.83,69.18,277594.31,0.4986,0.44541,1,0.0069,0.1883,0.1382,0.0171,0.0292,0.0
5277,33,West,Business,Healthcare,2026Q1,67694.88,,76.12,37.1,62.12,186308.66,0.5903,0.48279,0,0.083,0.2102,0.1724,-0.0387,0.0299,0.0
5278,59,West,Business,Retail,2026Q1,114283.78,,41.74,26.85,64.33,282686.06,0.3562,0.21454,0,-0.078,0.159,0.0062,-0.0539,0.021,0.0
5279,39,South,Business,IT,2026Q1,69240.65,611.0,27.95,49.68,94.96,87722.41,0.3393,0.16455,0,0.0222,0.0519,-0.0365,-0.0005,0.0,0.0
5280,55,West,Salaried,Transport,2026Q1,64686.23,562.0,20.35,63.57,58.52,195364.78,0.5708,0.20002,0,-0.0457,0.1049,-0.0663,0.0232,0.0173,-0.0187
5281,40,West,SelfEmployed,Retail,2026Q1,81539.93,635.0,50.94,45.27,75.43,136262.27,0.3544,0.27544,0,0.0258,0.0302,0.0395,-0.011,0.0222,0.053
5282,51,West,Business,Transport,2026Q1,102208.23,571.0,43.2,58.63,56.05,86275.99,0.5105,0.31265,0,-0.0348,0.1384,0.0126,0.0202,0.0234,0.0
5283,36,East,Business,Transport,2026Q1,97367.9,523.0,70.45,63.85,75.35,268573.98,0.4957,0.65846,1,0.0611,0.332,0.15,0.04,0.0,0.0
5284,48,North,Salaried,Manufacturing,2026Q1,111058.1,486.0,52.73,62.6,79.21,241970.7,0.6459,0.51307,1,-0.0209,0.3657,0.0635,0.0378,0.0,-0.0299
5285,49,West,Salaried,IT,2026Q1,45649.2,661.0,37.12,60.57,80.51,125755.22,0.544,0.09623,0,-0.0113,-0.0122,-0.0057,0.0116,0.011,-0.0121
5286,52,North,SelfEmployed,Healthcare,2026Q1,78796.91,524.0,62.58,61.66,76.6,169882.54,0.5954,0.5221,1,-0.0483,0.3109,0.1122,0.0349,0.0,0.0749
5287,60,West,SelfEmployed,Retail,2026Q1,98802.84,,14.56,54.39,83.98,223012.42,0.2933,0.09224,0,-0.0373,-0.0017,-0.0469,0.0038,0.0085,0.0197
5288,56,East,Business,Transport,2026Q1,130389.51,,47.57,1.14,41.5,101687.24,0.5089,0.12187,0,-0.0402,0.0717,0.0167,-0.0841,0.0,0.0
5289,67,East,Business,IT,2026Q1,102737.24,636.0,49.32,32.18,39.35,146168.86,0.5172,0.11297,0,-0.0588,0.0107,0.0127,-0.0173,0.0,0.0
5290,34,North,Salaried,Manufacturing,2026Q1,35621.24,615.0,55.93,42.04,85.79,63979.02,0.4392,0.21797,0,0.0516,0.0631,0.0532,-0.0178,0.0,-0.0226
5291,73,South,Business,Retail,2026Q1,95561.63,,,66.1,41.98,71866.42,0.3868,0.09796,0,-0.0882,0.018,-0.001,0.0146,0.0,0.0
5292,60,South,Business,Retail,2026Q1,99927.89,683.0,45.6,37.37,64.0,296076.96,0.406,0.06181,0,-0.028,-0.0236,0.0059,-0.009,0.0,0.0
5293,45,North,Salaried,Manufacturing,2026Q1,82085.3,570.0,39.7,69.54,84.37,125639.88,0.5255,0.30619,1,0.0,0.1397,-0.0012,0.0444,0.0,-0.0246
5294,61,North,Salaried,Construction,2026Q1,129087.76,,56.12,79.53,55.91,178477.33,0.3031,0.0488,1,-0.035,-0.0678,0.0181,0.0196,0.0,-0.0081
5295,69,East,Salaried,Healthcare,2026Q1,84850.21,670.0,59.92,96.34,50.02,186275.13,0.5628,0.1375,0,-0.0898,-0.025,0.0357,0.0469,0.0,-0.0131
5296,62,North,Salaried,Manufacturing,2026Q1,99936.65,,34.49,61.92,37.43,46734.67,0.298,0.12196,0,-0.0636,0.0542,-0.0129,0.0153,0.0,-0.0141
5297,39,East,Salaried,Construction,2026Q1,88328.82,602.0,,33.37,66.8,249308.33,0.3902,0.20838,0,0.0288,0.0815,0.063,-0.0377,0.0,-0.0222
5298,50,East,Salaried,IT,2026Q1,69162.25,626.0,28.8,56.61,63.3,114438.87,0.339,0.12826,0,-0.0145,0.0233,-0.0239,0.0075,0.0,-0.0123
5299,58,South,Business,IT,2026Q1,131706.85,589.0,43.99,66.27,92.15,144497.55,0.451,0.15521,0,-0.0652,0.0878,0.0126,0.0298,0.0,0.0
5300,50,West,Business,Manufacturing,2026Q1,83947.37,500.0,62.27,15.01,68.95,230003.17,0.4399,0.51277,1,-0.0345,0.3018,0.1039,-0.1044,0.0291,0.0
5301,55,East,Business,IT,2026Q1,80245.91,,40.52,74.3,90.24,164192.88,0.5671,0.30968,0,-0.062,0.1748,0.0022,0.0577,0.0,0.0
5302,56,West,Salaried,Retail,2026Q1,112522.35,551.0,40.26,36.87,82.95,86301.84,0.4449,0.20621,0,-0.0557,0.1282,0.0009,-0.0274,0.0193,-0.0206
5303,39,South,Business,Manufacturing,2026Q1,83647.94,604.0,,52.47,77.16,160080.46,0.4689,0.22233,1,0.0313,0.0862,0.0408,0.0057,0.0,0.0
5304,64,North,Salaried,Manufacturing,2026Q1,71765.43,535.0,2.0,25.39,43.13,192926.3,0.4581,0.08013,0,-0.0509,0.0586,-0.0798,-0.0256,0.0,-0.0097
5305,51,North,Salaried,Manufacturing,2026Q1,72347.4,674.0,36.72,71.5,89.58,83584.91,0.3943,0.10924,0,-0.0148,-0.0242,-0.0055,0.0191,0.0,-0.0104
5306,50,South,Salaried,Transport,2026Q1,66412.39,,41.76,7.18,45.84,145814.53,0.4518,0.08404,0,-0.011,0.0168,0.0026,-0.0472,0.0,-0.0093
5307,40,South,SelfEmployed,Healthcare,2026Q1,68304.91,590.0,44.42,46.66,54.53,58649.17,0.3439,0.33169,0,0.0291,0.1215,0.0186,-0.0086,0.0,0.0602
5308,47,South,Business,Manufacturing,2026Q1,94802.25,562.0,51.36,37.02,47.73,80737.35,0.3822,0.31329,1,-0.0113,0.1493,0.043,-0.0322,0.0,0.0
5309,60,South,Salaried,Manufacturing,2026Q1,82058.28,619.0,47.33,65.28,66.22,173902.31,0.3499,0.12215,0,-0.0584,0.0362,0.0167,0.0206,0.0,-0.015
5310,53,North,Salaried,IT,2026Q1,119064.38,682.0,67.54,38.66,45.9,239003.36,0.4414,0.07425,0,-0.0215,-0.0355,0.0387,-0.0126,0.0,-0.011
5311,58,West,SelfEmployed,Healthcare,2026Q1,88007.96,490.0,75.97,75.41,27.9,59330.09,0.4952,0.67044,1,-0.0691,0.4136,0.1663,0.0666,0.0254,0.0655
5312,50,South,Salaried,Construction,2026Q1,76531.56,516.0,46.3,41.63,100.0,245380.73,0.4921,0.32833,1,-0.0316,0.2283,0.0272,-0.0226,0.0,-0.027
5313,51,West,SelfEmployed,Retail,2026Q1,114811.58,,37.46,61.39,34.61,214441.19,0.4663,0.36981,0,-0.0403,0.2136,-0.012,0.0316,0.0278,0.0677
5314,32,West,Business,IT,2026Q1,100473.9,529.0,67.97,63.4,87.47,93209.2,0.5029,0.63167,0,0.0872,0.3205,0.1358,0.0377,0.028,0.0
5315,54,West,SelfEmployed,Transport,2026Q1,104402.06,519.0,43.84,56.52,81.7,317795.9,0.4396,0.47667,1,-0.0629,0.2894,0.019,0.0193,0.0295,0.0728
5316,48,East,Salaried,Manufacturing,2026Q1,70262.91,618.0,37.8,59.9,72.73,192033.44,0.4277,0.14129,0,-0.0111,0.0398,-0.0057,0.0146,0.0,-0.016
5317,53,South,Business,IT,2026Q1,122922.17,615.0,60.94,13.05,56.73,338771.25,0.4709,0.11872,1,-0.0292,0.0403,0.0433,-0.0624,0.0,0.0
5318,26,West,SelfEmployed,Retail,2026Q1,58694.86,592.0,48.27,35.37,33.83,41185.24,0.3887,0.36645,1,0.1199,0.1412,0.0393,-0.043,0.0286,0.07
5319,75,West,Salaried,Transport,2026Q1,82609.98,631.0,61.59,37.04,65.38,92985.46,0.4737,0.10027,0,-0.097,0.0158,0.0299,-0.0137,0.0094,-0.0104
5320,51,West,SelfEmployed,Construction,2026Q1,77418.18,612.0,36.66,62.59,85.65,99286.27,0.5337,0.26838,1,-0.0313,0.0662,-0.0121,0.0258,0.0207,0.0492
5321,55,East,Salaried,Manufacturing,2026Q1,98148.26,,43.49,73.9,74.24,264813.4,0.4733,0.30642,0,-0.0568,0.1356,0.013,0.0507,0.0,-0.0235
5322,54,North,Salaried,Retail,2026Q1,78134.71,588.0,61.5,54.13,62.98,212470.36,0.5656,0.2234,0,-0.0487,0.1018,0.0693,0.0089,0.0,-0.0225
5323,47,East,Business,Construction,2026Q1,95179.29,632.0,12.63,41.32,93.89,59578.3,0.4257,0.08107,0,-0.0042,0.0132,-0.05,-0.0079,0.0,0.0
5324,55,South,Salaried,Healthcare,2026Q1,66102.05,,40.51,48.53,76.82,144217.81,0.5563,0.26747,0,-0.0562,0.1647,0.0019,-0.0033,0.0,-0.0232
5325,63,North,Salaried,Healthcare,2026Q1,105785.21,638.0,64.18,54.69,57.59,69589.65,0.3676,0.13587,0,-0.0682,0.0142,0.0456,0.0062,0.0,-0.0142
5326,52,East,SelfEmployed,Manufacturing,2026Q1,75767.6,399.0,43.99,46.16,76.06,77757.15,0.5413,0.74071,1,-0.0377,0.5805,0.0163,-0.0092,0.0,0.0641
5327,59,East,Business,Retail,2026Q1,86462.36,616.0,65.15,33.42,59.72,80211.71,0.4854,0.17673,0,-0.0597,0.044,0.0565,-0.0285,0.0,0.0
5328,58,East,Business,Healthcare,2026Q1,97652.98,639.0,36.17,22.54,32.39,251895.59,0.5112,0.06084,0,-0.0274,0.0074,-0.0051,-0.0245,0.0,0.0
5329,58,East,Salaried,Transport,2026Q1,63000.8,552.0,51.93,25.8,100.0,93951.56,0.5036,0.17952,0,-0.0638,0.1197,0.035,-0.0499,0.0,-0.0196
5330,70,North,SelfEmployed,IT,2026Q1,88660.22,690.0,43.28,22.73,73.05,104803.02,0.5392,0.04858,0,-0.0418,-0.0232,0.0027,-0.0164,0.0,0.0113
5331,54,East,Salaried,Construction,2026Q1,67198.37,696.0,21.82,51.74,8.73,119416.66,0.4725,0.03391,1,-0.011,-0.0248,-0.0167,0.0008,0.0,-0.0049
5332,49,South,Salaried,Retail,2026Q1,82525.81,632.0,42.68,34.02,79.95,189702.63,0.4413,0.09672,0,-0.0112,0.0175,0.005,-0.0197,0.0,-0.012
5333,50,East,Salaried,Construction,2026Q1,66458.51,728.0,40.59,61.91,87.89,51647.39,0.41,0.05288,0,-0.0073,-0.062,0.0006,0.0066,0.0,-0.0062
5334,54,East,Salaried,Healthcare,2026Q1,88266.85,,37.71,0.0,78.27,99466.51,0.4091,0.10916,0,-0.0289,0.0692,-0.0049,-0.078,0.0,-0.0131
5335,35,East,Salaried,Retail,2026Q1,62879.84,678.0,33.93,30.22,88.12,107824.32,0.3982,0.08372,1,0.0181,-0.0255,-0.0093,-0.0191,0.0,-0.0092
5336,65,West,SelfEmployed,Retail,2026Q1,92279.01,714.0,70.43,44.11,72.81,260626.96,0.3937,0.08452,0,-0.0602,-0.08,0.0409,-0.0062,0.0098,0.0228
5337,47,West,SelfEmployed,Retail,2026Q1,106804.72,540.0,,51.75,47.82,93478.65,0.4855,0.3012,0,-0.0135,0.2334,-0.0139,0.005,0.0284,0.0693
5338,49,West,SelfEmployed,Retail,2026Q1,56741.56,623.0,53.24,49.71,70.08,176672.88,0.4263,0.26291,1,-0.0217,0.0519,0.0467,-0.0007,0.022,0.0524
5339,36,East,Salaried,Retail,2026Q1,77749.94,517.0,45.99,69.5,90.75,163318.01,0.365,0.49642,0,0.0627,0.3119,0.0299,0.0582,0.0,-0.03
5340,51,West,SelfEmployed,Transport,2026Q1,67744.48,675.0,61.3,80.68,87.17,117721.24,0.5181,0.27835,0,-0.0316,-0.053,0.068,0.0597,0.0209,0.0497
5341,35,East,Salaried,IT,2026Q1,51098.32,731.0,75.74,58.07,39.32,164884.34,0.2286,0.12603,1,0.0292,-0.1396,0.0635,0.0108,0.0,-0.0145
5342,31,North,Salaried,Healthcare,2026Q1,54391.97,581.0,72.74,50.72,90.3,23989.43,0.3833,0.44009,0,0.0929,0.1704,0.1495,0.0021,0.0,-0.0297
5343,42,East,Salaried,Healthcare,2026Q1,67938.12,616.0,39.52,59.8,53.57,40317.46,0.5421,0.17129,0,0.0122,0.0492,-0.0014,0.0168,0.0,-0.0185
5344,47,East,Salaried,Manufacturing,2026Q1,75585.56,583.0,56.98,45.77,58.19,215082.82,0.3878,0.2266,0,-0.0106,0.1123,0.0581,-0.0096,0.0,-0.0232
5345,41,West,SelfEmployed,IT,2026Q1,81030.29,787.0,66.9,74.38,62.17,153242.71,0.4605,0.10142,0,0.0105,-0.2476,0.0426,0.0255,0.0112,0.026
5346,53,East,SelfEmployed,Construction,2026Q1,80723.18,556.0,43.36,47.06,100.0,239838.57,0.4809,0.27191,0,-0.0497,0.1715,0.0141,-0.0076,0.0,0.0601
5347,63,South,Salaried,Healthcare,2026Q1,48033.12,556.0,64.19,43.79,32.3,95794.14,0.5039,0.24814,0,-0.1042,0.1411,0.0781,-0.014,0.0,-0.0228
5348,52,East,Business,IT,2026Q1,82799.25,656.0,48.5,58.91,53.6,193571.99,0.3934,0.12823,0,-0.0232,-0.0075,0.0176,0.0113,0.0,0.0
5349,26,East,Business,Construction,2026Q1,87497.08,,27.49,33.32,74.97,267014.12,0.4202,0.16462,0,0.0689,0.0562,-0.0415,-0.0327,0.0,0.0
5350,50,East,Business,Healthcare,2026Q1,104172.33,789.0,79.79,81.82,63.75,250147.55,0.4324,0.09192,0,-0.0109,-0.2064,0.0423,0.024,0.0,0.0
5351,56,South,Salaried,Construction,2026Q1,95121.45,753.0,20.36,14.86,63.37,147007.24,0.3982,0.01146,0,-0.0046,-0.0264,-0.0062,-0.0067,0.0,-0.0016
5352,46,South,Salaried,Transport,2026Q1,70969.82,660.0,26.0,25.26,83.58,96175.67,0.3874,0.0579,0,-0.0016,-0.0063,-0.0174,-0.0186,0.0,-0.0069
5353,53,West,Salaried,Healthcare,2026Q1,90387.03,681.0,40.47,72.14,34.67,136248.79,0.4149,0.10997,0,-0.0213,-0.034,0.0008,0.0208,0.0099,-0.011
5354,53,East,SelfEmployed,IT,2026Q1,81250.08,668.0,62.69,83.89,51.77,141827.88,0.3983,0.27292,0,-0.042,-0.0369,0.0704,0.064,0.0,0.0487
5355,38,West,SelfEmployed,Healthcare,2026Q1,69497.3,689.0,57.39,91.77,100.0,111475.54,0.313,0.20746,1,0.0383,-0.0949,0.0655,0.0908,0.0239,0.0572
5356,63,West,SelfEmployed,Construction,2026Q1,88114.96,654.0,78.31,36.19,43.75,147973.27,0.4337,0.21034,1,-0.0884,-0.0067,0.0899,-0.0264,0.0175,0.0412
5357,47,West,SelfEmployed,Retail,2026Q1,101556.05,549.0,64.14,46.17,67.22,294403.54,0.5192,0.50107,0,-0.014,0.2498,0.1178,-0.0115,0.0299,0.0742
5358,46,East,SelfEmployed,Healthcare,2026Q1,36811.88,562.0,50.74,55.1,55.13,97205.7,0.4578,0.41385,0,-0.0067,0.1957,0.0499,0.0145,0.0,0.0689
5359,55,South,Business,Construction,2026Q1,100520.7,,67.41,57.94,25.84,126857.65,0.4049,0.1141,0,-0.0336,-0.0465,0.0482,0.0099,0.0,0.0
5360,32,West,Salaried,Construction,2026Q1,64810.61,584.0,43.51,71.64,42.94,163420.37,0.477,0.40025,0,0.0802,0.1488,0.0162,0.0583,0.0275,-0.0284
5361,64,East,Business,Manufacturing,2026Q1,110087.55,709.0,49.92,57.95,43.26,294561.04,0.3256,0.06606,0,-0.0353,-0.0455,0.0095,0.0048,0.0,0.0
5362,39,South,Business,Transport,2026Q1,82417.58,667.0,,100.0,82.24,98437.43,0.2642,0.22014,0,0.0259,-0.032,0.0006,0.0805,0.0,0.0
5363,70,West,SelfEmployed,Retail,2026Q1,127034.29,537.0,65.17,72.79,45.34,315135.99,0.5432,0.48487,1,-0.1724,0.2581,0.1188,0.0663,0.0295,0.0725
5364,62,East,Business,Transport,2026Q1,105327.69,540.0,42.28,74.8,87.66,241273.47,0.5147,0.36896,0,-0.1074,0.1839,0.0094,0.0579,0.0,0.0
5365,39,West,SelfEmployed,Construction,2026Q1,73066.97,529.0,26.8,28.93,48.42,114392.05,0.31,0.42573,1,0.0381,0.2338,-0.0631,-0.0604,0.0274,0.0665
5366,54,East,Salaried,Transport,2026Q1,94112.99,671.0,26.66,68.21,72.76,170932.05,0.4073,0.06162,0,-0.0181,-0.0164,-0.0193,0.0128,0.0,-0.0081
5367,39,East,Salaried,Healthcare,2026Q1,40276.95,,30.1,73.55,69.48,76756.42,0.4105,0.09881,0,0.0126,-0.0514,-0.0173,0.0203,0.0,-0.0102
5368,38,East,Salaried,IT,2026Q1,54894.57,,55.62,69.06,63.23,141373.99,0.4129,0.37789,0,0.042,0.1243,0.0654,0.0487,0.0,-0.0272
5369,23,South,Business,Transport,2026Q1,88495.5,618.0,,11.15,79.79,210954.79,0.3688,0.21606,0,0.0835,0.0519,0.0169,-0.0869,0.0,0.0
5370,57,West,SelfEmployed,Transport,2026Q1,98104.07,640.0,48.31,31.71,66.35,325098.15,0.4265,0.15506,0,-0.0457,0.0128,0.0189,-0.0287,0.0139,0.0325
5371,45,East,Salaried,Construction,2026Q1,49122.85,678.0,54.18,31.96,77.61,100431.63,0.3563,0.06977,0,0.0,-0.0287,0.0207,-0.0194,0.0,-0.0103
5372,59,East,Business,Retail,2026Q1,149116.69,,56.07,44.84,31.3,386092.49,0.4431,0.18545,1,-0.0671,0.0767,0.0441,-0.0096,0.0,0.0
5373,52,South,Salaried,Manufacturing,2026Q1,77666.41,,42.71,42.06,37.72,212498.0,0.3187,0.08901,0,-0.018,0.0028,0.0045,-0.0084,0.0,-0.0107
5374,37,West,Business,Manufacturing,2026Q1,68357.52,613.0,46.29,100.0,49.9,207281.26,0.4819,0.34318,0,0.0514,0.0907,0.0293,0.1291,0.028,0.0
5375,59,West,Salaried,Retail,2026Q1,61165.48,512.0,40.55,37.93,39.24,78409.73,0.6042,0.31279,0,-0.0849,0.1997,0.0022,-0.0299,0.0234,-0.0247
5376,56,North,Salaried,Retail,2026Q1,108613.93,711.0,53.7,49.87,67.95,178988.58,0.4095,0.04768,0,-0.0195,-0.05,0.0134,-0.0001,0.0,-0.007
5377,45,West,SelfEmployed,Construction,2026Q1,65492.66,639.0,46.22,62.75,62.61,106556.74,0.4889,0.27541,0,0.0,0.0216,0.0222,0.0271,0.0214,0.051
5378,61,South,Business,Retail,2026Q1,96772.96,605.0,33.76,51.32,94.02,179568.26,0.4244,0.11487,0,-0.0551,0.0426,-0.0136,0.0016,0.0,0.0
5379,47,South,Salaried,Manufacturing,2026Q1,82084.61,567.0,49.34,91.49,77.37,181401.98,0.5809,0.41941,0,-0.0132,0.1796,0.0424,0.1071,0.0,-0.0284
5380,41,South,Salaried,IT,2026Q1,34628.99,570.0,58.66,60.33,49.98,37553.91,0.4019,0.37434,1,0.0253,0.1704,0.0807,0.028,0.0,-0.028
5381,48,South,Business,Construction,2026Q1,106827.14,520.0,76.1,43.42,65.24,124556.03,0.3459,0.51576,0,-0.021,0.3105,0.1742,-0.0197,0.0,0.0
5382,46,East,Salaried,IT,2026Q1,59106.29,542.0,29.07,42.62,79.47,53012.73,0.35,0.22682,0,-0.005,0.1457,-0.0408,-0.016,0.0,-0.0218
5383,34,South,Salaried,Manufacturing,2026Q1,83884.12,554.0,27.27,70.31,76.26,190607.05,0.3902,0.30954,0,0.064,0.1829,-0.0584,0.0513,0.0,-0.027
5384,21,South,Salaried,Manufacturing,2026Q1,57900.01,580.0,24.98,78.32,65.14,64394.72,0.4654,0.36594,0,0.1361,0.1525,-0.0715,0.0737,0.0,-0.028
5385,68,East,SelfEmployed,IT,2026Q1,123670.0,,37.74,62.32,43.74,277877.98,0.3827,0.03908,0,-0.0453,-0.0448,-0.0024,0.0073,0.0,0.0138
5386,62,West,SelfEmployed,Healthcare,2026Q1,101396.4,659.0,44.85,37.96,62.27,280632.34,0.5844,0.09895,0,-0.0535,-0.0096,0.0087,-0.0143,0.0107,0.0248
5387,66,East,Business,IT,2026Q1,126796.31,555.0,40.66,36.6,41.58,291641.49,0.4808,0.17825,0,-0.0963,0.0986,0.0018,-0.0231,0.0,0.0
5388,60,North,Business,Manufacturing,2026Q1,111143.12,510.0,24.85,62.78,77.53,201042.34,0.4849,0.26931,0,-0.0907,0.1985,-0.064,0.0294,0.0,0.0
5389,45,East,Salaried,Manufacturing,2026Q1,73383.06,,70.86,85.01,77.99,71176.87,0.4715,0.53997,0,0.0,0.2378,0.1496,0.1035,0.0,-0.03
5390,48,West,SelfEmployed,Healthcare,2026Q1,91288.44,716.0,18.09,66.5,50.36,191491.7,0.5087,0.06151,1,-0.0057,-0.065,-0.0347,0.0119,0.0075,0.0173
5391,43,East,Business,Healthcare,2026Q1,34201.31,663.0,76.29,41.94,65.99,64771.33,0.2878,0.16936,0,0.0087,-0.0236,0.0907,-0.0157,0.0,0.0
5392,56,West,Salaried,Transport,2026Q1,74580.83,606.0,57.0,45.69,66.53,122235.48,0.4933,0.18784,0,-0.0509,0.0621,0.0458,-0.0079,0.0174,-0.0187
5393,55,North,Salaried,Construction,2026Q1,104746.77,617.0,70.82,5.22,64.09,215026.16,0.3647,0.11739,0,-0.0349,0.0357,0.055,-0.0733,0.0,-0.0141
5394,46,South,Business,Healthcare,2026Q1,67365.3,696.0,32.09,74.47,46.17,160140.78,0.4373,0.09559,0,-0.0023,-0.0496,-0.0134,0.0207,0.0,0.0
5395,55,East,Business,Manufacturing,2026Q1,87977.7,,42.24,23.72,47.51,260293.04,0.4123,0.09854,0,-0.0297,0.0307,0.0042,-0.034,0.0,0.0
5396,63,East,Business,Transport,2026Q1,78355.82,772.0,44.65,74.15,76.27,105070.88,0.3925,0.03303,0,-0.0198,-0.08,0.0027,0.0078,0.0,0.0
5397,50,South,Business,IT,2026Q1,62074.72,624.0,,51.77,70.15,128129.08,0.4765,0.09964,0,-0.0183,0.0321,0.0019,0.0026,0.0,0.0
5398,37,West,SelfEmployed,Manufacturing,2026Q1,68243.21,555.0,51.85,95.03,75.48,75749.63,0.5323,0.6127,1,0.0537,0.2555,0.0569,0.1323,0.0285,0.0724
5399,55,East,Business,Transport,2026Q1,105791.24,481.0,52.05,72.71,64.54,291259.25,0.5265,0.52164,0,-0.0685,0.3832,0.0602,0.068,0.0,0.0
5400,37,West,SelfEmployed,Retail,2026Q1,70057.1,648.0,33.75,57.39,33.1,51642.77,0.4396,0.16319,1,0.0349,0.0036,-0.0215,0.0144,0.0193,0.0456
5401,41,West,SelfEmployed,IT,2026Q1,55960.53,,78.3,49.82,64.11,68939.43,0.4832,0.47328,1,0.0277,0.121,0.1769,-0.0005,0.0297,0.0732
5402,53,North,SelfEmployed,IT,2026Q1,68095.28,554.0,,35.7,60.61,229642.14,0.4573,0.22977,0,-0.0425,0.1379,-0.0371,-0.0321,0.0,0.0494
5403,57,West,Business,Healthcare,2026Q1,82506.33,,55.86,50.99,48.69,119283.05,0.4667,0.10407,0,-0.04,-0.0184,0.0294,0.0012,0.012,0.0
5404,51,West,Business,Construction,2026Q1,89099.6,636.0,52.0,46.77,24.69,259968.79,0.5262,0.19602,0,-0.0241,0.0198,0.03,-0.0053,0.0156,0.0
5405,39,West,Salaried,Construction,2026Q1,51491.09,587.0,52.43,16.83,33.03,78201.98,0.5948,0.19504,1,0.0279,0.0981,0.0403,-0.0767,0.0202,-0.0216
5406,75,North,SelfEmployed,Construction,2026Q1,128785.23,639.0,8.24,77.52,44.52,244972.91,0.5256,0.07511,0,-0.0732,0.0069,-0.0507,0.0173,0.0,0.0159
5407,44,North,Salaried,Manufacturing,2026Q1,60244.7,609.0,,43.15,60.31,142397.34,0.5575,0.16904,0,0.0039,0.0551,0.0138,-0.012,0.0,-0.0178
5408,55,East,Salaried,Construction,2026Q1,74223.55,681.0,45.13,42.56,77.02,233494.41,0.3482,0.07524,0,-0.019,-0.0238,0.0059,-0.0056,0.0,-0.0076
5409,44,North,Salaried,Transport,2026Q1,82630.38,624.0,54.03,9.52,90.71,211426.2,0.511,0.13469,0,0.003,0.0277,0.0273,-0.0628,0.0,-0.0136
5410,40,West,Salaried,IT,2026Q1,32889.43,592.0,,39.91,51.36,59866.66,0.4667,0.12892,0,0.0192,0.0738,-0.0416,-0.0181,0.0166,-0.0179
5411,51,West,Business,IT,2026Q1,121677.02,703.0,53.17,65.35,72.54,222867.72,0.3439,0.08961,0,-0.017,-0.0691,0.0225,0.0162,0.0108,0.0
5412,45,West,SelfEmployed,Manufacturing,2026Q1,96915.55,545.0,,32.22,66.94,106470.05,0.4137,0.42177,1,0.0,0.248,0.1016,-0.0532,0.0296,0.073
5413,51,South,Salaried,Construction,2026Q1,93823.0,522.0,58.68,27.11,83.62,182243.73,0.5604,0.42292,0,-0.0379,0.2196,0.0761,-0.0629,0.0,-0.0269
5414,43,East,Business,Transport,2026Q1,73891.38,,48.67,43.28,90.63,190101.42,0.5314,0.30709,0,0.0109,0.1276,0.0327,-0.0162,0.0,0.0
5415,51,North,Salaried,Transport,2026Q1,63868.93,497.0,67.07,51.45,87.69,144595.32,0.3922,0.56697,1,-0.0419,0.3437,0.1322,0.0043,0.0,-0.03
5416,42,South,Salaried,Healthcare,2026Q1,60329.31,514.0,62.37,71.07,76.62,96048.95,0.4653,0.50177,1,0.0208,0.3358,0.1114,0.063,0.0,-0.0295
5417,62,South,Salaried,Retail,2026Q1,82309.26,,36.88,76.52,59.29,233104.94,0.3404,0.15114,0,-0.07,0.0546,-0.008,0.0355,0.0,-0.0157
5418,53,East,Business,Retail,2026Q1,119030.69,622.0,51.21,47.04,63.56,123146.54,0.4069,0.14075,0,-0.032,0.0367,0.0275,-0.0048,0.0,0.0
5419,49,South,Salaried,Retail,2026Q1,42536.48,600.0,63.94,19.8,62.47,113350.03,0.3902,0.2261,0,-0.0171,0.0676,0.0603,-0.0598,0.0,-0.0184
5420,50,North,Salaried,Manufacturing,2026Q1,102021.32,652.0,74.27,36.0,54.45,202175.56,0.4245,0.16455,1,-0.019,-0.0029,0.0694,-0.023,0.0,-0.0162
5421,46,South,Salaried,Manufacturing,2026Q1,71117.32,586.0,38.2,70.68,38.12,141494.66,0.5126,0.2274,0,-0.0051,0.103,-0.0065,0.0416,0.0,-0.0222
5422,51,North,Salaried,IT,2026Q1,98848.1,489.0,34.27,23.71,20.22,259227.15,0.4203,0.26587,0,-0.0357,0.2248,-0.0241,-0.0689,0.0,-0.0253
5423,66,North,Salaried,Manufacturing,2026Q1,99917.85,,31.62,62.73,28.52,173921.92,0.34,0.05948,0,-0.0386,-0.0115,-0.0091,0.0072,0.0,-0.0064
5424,44,East,Business,IT,2026Q1,99708.24,612.0,27.53,99.93,55.36,270425.27,0.4415,0.25173,0,0.0051,0.0678,-0.0483,0.0921,0.0,0.0
5425,52,East,SelfEmployed,IT,2026Q1,105566.5,665.0,48.42,69.22,60.27,300986.44,0.4216,0.15841,0,-0.029,-0.0242,0.0221,0.0296,0.0,0.0376
5426,42,West,SelfEmployed,Transport,2026Q1,77242.76,661.0,,56.3,69.04,173085.34,0.3245,0.1581,0,0.0119,-0.0183,-0.0067,0.0107,0.0168,0.0396
5427,23,South,Salaried,Manufacturing,2026Q1,37215.75,,57.49,78.0,62.16,45397.58,0.4569,0.24778,0,0.0898,-0.0907,0.0554,0.0534,0.0,-0.0217
5428,57,North,SelfEmployed,Manufacturing,2026Q1,76616.96,558.0,38.61,57.65,75.51,253570.76,0.3877,0.28561,0,-0.0733,0.1594,-0.0057,0.0184,0.0,0.0573
5429,62,West,SelfEmployed,Transport,2026Q1,114750.6,537.0,30.19,39.91,57.64,133086.42,0.576,0.23184,1,-0.0999,0.1642,-0.0389,-0.0236,0.022,0.0525
5430,55,East,Salaried,IT,2026Q1,110892.99,612.0,63.53,52.86,80.52,201462.82,0.5009,0.1999,0,-0.0475,0.0571,0.0632,0.0053,0.0,-0.0194
5431,75,West,Salaried,Transport,2026Q1,88022.28,608.0,47.44,24.64,72.43,239806.6,0.5423,0.0871,0,-0.085,0.0271,0.0099,-0.0246,0.0081,-0.009
5432,46,East,Business,Retail,2026Q1,110111.9,,61.71,19.87,47.8,329256.01,0.3908,0.07682,0,-0.002,-0.0528,0.0256,-0.0298,0.0,0.0
5433,40,West,Business,Manufacturing,2026Q1,102067.45,653.0,40.1,45.22,85.2,90766.04,0.5494,0.15971,0,0.0165,-0.0041,0.0002,-0.0072,0.0142,0.0
5434,63,North,Business,IT,2026Q1,78212.4,628.0,75.94,32.64,54.67,131247.2,0.4764,0.13478,0,-0.0776,0.029,0.0726,-0.0292,0.0,0.0
5435,64,West,Salaried,Manufacturing,2026Q1,108017.25,535.0,53.93,32.34,58.41,74663.9,0.5433,0.29247,0,-0.1097,0.1584,0.0472,-0.0408,0.0212,-0.0226
5436,62,East,Business,Construction,2026Q1,93770.09,570.0,30.42,24.85,60.21,251462.79,0.5409,0.10063,0,-0.058,0.0639,-0.021,-0.0345,0.0,0.0
5437,38,West,Business,Retail,2026Q1,110218.64,508.0,21.92,42.04,72.7,138495.25,0.5413,0.39462,0,0.0445,0.2608,-0.0875,-0.0225,0.0275,0.0
5438,42,North,Salaried,Transport,2026Q1,76073.04,562.0,52.98,32.32,95.06,89840.39,0.3659,0.27042,0,0.0164,0.149,0.0486,-0.0442,0.0,-0.0245
5439,32,North,Salaried,Healthcare,2026Q1,107774.18,630.0,55.05,48.69,43.72,325093.07,0.4095,0.20278,0,0.0584,0.0368,0.0492,-0.0028,0.0,-0.022
5440,72,East,Salaried,Healthcare,2026Q1,98397.62,649.0,59.52,33.36,81.0,113075.74,0.4457,0.06357,0,-0.0661,0.0007,0.0208,-0.0137,0.0,-0.008
5441,40,North,Salaried,Construction,2026Q1,59085.95,662.0,19.52,32.62,94.23,99747.5,0.3621,0.08591,0,0.0079,-0.0084,-0.0294,-0.0137,0.0,-0.0076
5442,37,East,Business,IT,2026Q1,92227.24,670.0,19.98,43.53,87.41,171339.69,0.4574,0.06925,0,0.0152,-0.018,-0.0354,-0.006,0.0,0.0
5443,49,South,Business,Construction,2026Q1,107414.93,,19.2,11.75,46.6,191176.55,0.362,0.03965,0,-0.0053,-0.0036,-0.0225,-0.0253,0.0,0.0
5444,51,East,Business,Manufacturing,2026Q1,105656.06,577.0,33.23,28.6,84.45,126988.27,0.5034,0.13426,0,-0.0231,0.0784,-0.0184,-0.0364,0.0,0.0
5445,57,West,SelfEmployed,Transport,2026Q1,87014.94,566.0,57.82,75.2,65.72,215499.27,0.5491,0.47393,0,-0.0835,0.1995,0.0843,0.072,0.0291,0.0715
5446,49,East,SelfEmployed,Retail,2026Q1,100653.52,706.0,48.36,62.99,36.16,206537.75,0.5766,0.11689,1,-0.0118,-0.0782,0.0158,0.0148,0.0,0.0269
5447,43,West,Business,Healthcare,2026Q1,67117.41,591.0,20.86,48.29,38.76,70177.78,0.4348,0.16784,0,0.0081,0.0764,-0.0631,-0.003,0.0169,0.0
5448,46,South,Salaried,Retail,2026Q1,35118.11,,23.78,14.78,33.36,103870.37,0.4696,0.09179,0,-0.0025,0.0413,-0.0321,-0.0435,0.0,-0.011
5449,43,West,SelfEmployed,Construction,2026Q1,87823.97,610.0,53.47,25.01,62.47,173271.8,0.4215,0.24146,1,0.0105,0.0747,0.0479,-0.0612,0.0222,0.0529
5450,65,East,Salaried,Manufacturing,2026Q1,133298.41,517.0,66.41,42.42,65.45,130002.9,0.5383,0.31757,0,-0.1324,0.2248,0.1039,-0.0203,0.0,-0.0269
5451,50,East,Salaried,IT,2026Q1,90732.53,606.0,56.28,56.56,62.3,249592.45,0.4426,0.18032,1,-0.0242,0.0694,0.0491,0.0128,0.0,-0.0206
5452,57,East,Business,Construction,2026Q1,87032.24,512.0,72.97,34.26,41.92,58705.6,0.4489,0.36725,0,-0.0835,0.2862,0.1487,-0.0467,0.0,0.0
5453,48,East,Salaried,Construction,2026Q1,72056.97,661.0,54.49,60.36,38.63,170216.98,0.5865,0.13952,0,-0.0101,-0.0147,0.0303,0.0138,0.0,-0.0146
5454,30,East,Salaried,Manufacturing,2026Q1,61713.19,588.0,72.65,44.46,67.07,66147.89,0.5207,0.37918,1,0.0961,0.1491,0.1436,-0.0161,0.0,-0.0292
5455,68,South,Business,Manufacturing,2026Q1,94564.26,578.0,86.86,67.11,74.15,166195.26,0.3483,0.35781,1,-0.1553,0.1511,0.1724,0.0445,0.0,0.0
5456,56,East,Salaried,Healthcare,2026Q1,67265.18,488.0,44.85,57.31,61.08,171333.4,0.4499,0.40588,0,-0.0756,0.2982,0.023,0.0208,0.0,-0.0291
5457,54,South,SelfEmployed,Retail,2026Q1,98056.29,640.0,59.52,67.44,42.69,104542.61,0.4528,0.27234,0,-0.048,0.0191,0.0624,0.0353,0.0,0.0493
5458,27,North,SelfEmployed,Transport,2026Q1,74751.07,,13.58,48.25,50.23,100317.71,0.41,0.04277,0,0.0161,-0.1134,-0.027,-0.0008,0.0,0.0105
5459,48,North,Business,IT,2026Q1,76106.1,579.0,59.76,36.47,73.19,107567.29,0.3179,0.28624,0,-0.0167,0.1233,0.0696,-0.0328,0.0,0.0
5460,67,West,Salaried,IT,2026Q1,70198.92,615.0,31.04,66.72,44.8,144560.36,0.4243,0.09454,0,-0.0726,0.0306,-0.0178,0.0172,0.0106,-0.0117
5461,64,West,SelfEmployed,Construction,2026Q1,96242.13,725.0,57.94,51.49,71.49,129495.96,0.5289,0.05653,1,-0.0464,-0.0813,0.0214,0.0012,0.0079,0.0184
5462,48,West,SelfEmployed,Manufacturing,2026Q1,77930.98,779.0,40.93,52.18,54.13,169345.77,0.4548,0.04586,0,-0.004,-0.1244,0.0008,0.0012,0.0052,0.012
5463,63,East,Salaried,Construction,2026Q1,102540.85,536.0,55.32,58.43,56.12,165621.42,0.5326,0.26748,1,-0.1128,0.1837,0.0584,0.0202,0.0,-0.0251
5464,67,South,Business,IT,2026Q1,96084.42,700.0,29.14,73.57,82.34,206284.76,0.2434,0.03823,0,-0.0354,-0.0306,-0.0104,0.0108,0.0,0.0
5465,48,West,Salaried,IT,2026Q1,83279.17,429.0,,57.31,61.46,99575.75,0.3539,0.6645,0,-0.0194,0.4998,0.0113,0.0207,0.0284,-0.0275
5466,64,East,Salaried,Retail,2026Q1,99179.76,404.0,60.17,71.26,45.03,204008.68,0.5028,0.66913,0,-0.103,0.5566,0.0931,0.0577,0.0,-0.0254
5467,64,West,SelfEmployed,Retail,2026Q1,114010.81,496.0,53.81,0.0,32.22,300640.9,0.4117,0.34717,0,-0.1265,0.2494,0.0584,-0.1434,0.0261,0.0631
5468,59,South,Business,Healthcare,2026Q1,100792.94,593.0,17.08,59.29,21.63,105638.46,0.4095,0.09374,0,-0.0456,0.0492,-0.0546,0.0107,0.0,0.0
5469,60,West,SelfEmployed,IT,2026Q1,83800.51,482.0,45.76,79.28,62.42,173042.77,0.4406,0.59834,0,-0.0965,0.4052,0.0281,0.0868,0.0293,0.074
5470,40,West,Business,Transport,2026Q1,79746.88,707.0,37.97,71.34,58.86,192543.86,0.418,0.12679,0,0.0129,-0.0773,-0.004,0.0225,0.0111,0.0
5471,59,East,Salaried,Construction,2026Q1,83805.71,621.0,32.12,26.28,92.63,131816.95,0.3993,0.09736,0,-0.0303,0.0182,-0.011,-0.021,0.0,-0.0082
5472,49,South,Business,Retail,2026Q1,128982.52,,36.64,33.56,68.26,152840.24,0.5456,0.06379,0,-0.0087,-0.0085,-0.0051,-0.0159,0.0,0.0
5473,40,West,Business,Construction,2026Q1,75572.56,594.0,60.38,86.26,70.85,110343.66,0.2504,0.45563,1,0.0342,0.1424,0.0969,0.1031,0.0294,0.0
5474,67,East,Salaried,Construction,2026Q1,128444.29,578.0,73.06,100.0,49.53,219269.43,0.4907,0.29145,0,-0.1489,0.153,0.1317,0.1212,0.0,-0.0277
5475,49,West,Salaried,Manufacturing,2026Q1,79064.97,612.0,57.88,58.82,46.38,209443.65,0.4231,0.19742,0,-0.0207,0.0668,0.0581,0.0185,0.0209,-0.0223
5476,53,East,Business,Construction,2026Q1,89608.8,750.0,37.88,100.0,75.17,96156.0,0.4198,0.06499,0,-0.0144,-0.1037,-0.0025,0.027,0.0,0.0
5477,52,North,Business,Healthcare,2026Q1,83824.35,632.0,48.8,43.58,53.88,91274.51,0.4641,0.14481,0,-0.0247,0.0216,0.0194,-0.0093,0.0,0.0
5478,33,East,Salaried,Manufacturing,2026Q1,44335.42,,48.72,75.67,42.6,89278.79,0.3716,0.2924,1,0.0601,0.0425,0.0325,0.0555,0.0,-0.024
5479,47,East,Salaried,Manufacturing,2026Q1,73021.35,,62.67,28.5,87.28,56372.02,0.4542,0.30757,0,-0.0122,0.1862,0.0885,-0.0579,0.0,-0.0264
5480,59,West,SelfEmployed,Healthcare,2026Q1,93892.48,,48.43,58.84,54.67,198276.22,0.5067,0.41738,0,-0.0948,0.205,0.0382,0.0243,0.0274,0.0665
5481,50,West,SelfEmployed,IT,2026Q1,87210.59,572.0,57.85,21.19,42.92,112978.38,0.4027,0.33972,0,-0.0307,0.1499,0.0708,-0.0783,0.0251,0.0603
5482,46,South,Salaried,IT,2026Q1,115150.6,660.0,49.05,62.17,100.0,336687.97,0.4732,0.13072,0,-0.0032,-0.0131,0.0194,0.0159,0.0,-0.0144
5483,54,East,SelfEmployed,Retail,2026Q1,115453.65,640.0,56.58,34.76,47.51,109075.61,0.5056,0.18026,0,-0.0372,0.0144,0.0402,-0.0264,0.0,0.0367
5484,62,East,Salaried,Construction,2026Q1,91373.5,484.0,62.4,27.36,51.58,125705.11,0.3714,0.35255,1,-0.1158,0.2818,0.0968,-0.0651,0.0,-0.0283
5485,32,East,Salaried,Healthcare,2026Q1,55425.5,648.0,30.66,81.08,86.95,152894.85,0.353,0.21381,1,0.0483,0.0033,-0.0296,0.0493,0.0,-0.0186
5486,49,East,Salaried,Transport,2026Q1,52627.57,667.0,45.47,60.84,100.0,95681.09,0.2309,0.11078,0,-0.0111,-0.0191,0.01,0.0117,0.0,-0.0119
5487,50,East,Business,Construction,2026Q1,98665.57,658.0,44.02,30.83,62.53,266439.32,0.5302,0.0853,0,-0.012,-0.0074,0.0063,-0.0205,0.0,0.0
5488,69,West,Salaried,Manufacturing,2026Q1,113860.76,657.0,60.34,33.61,93.68,106501.83,0.3656,0.06798,0,-0.0632,-0.0056,0.0243,-0.0151,0.0081,-0.0089
5489,63,West,SelfEmployed,Construction,2026Q1,122168.04,658.0,47.71,14.66,57.71,340852.36,0.574,0.08084,0,-0.0477,-0.007,0.0111,-0.0388,0.0088,0.0203
5490,35,North,Business,Manufacturing,2026Q1,70364.29,643.0,36.17,34.14,42.38,116587.06,0.4043,0.14149,1,0.0294,0.0087,-0.0092,-0.0238,0.0,0.0
5491,65,North,SelfEmployed,Healthcare,2026Q1,76019.58,527.0,41.15,33.12,39.21,173204.21,0.6346,0.26183,0,-0.1213,0.1778,0.0044,-0.041,0.0,0.0537
5492,48,East,Salaried,Retail,2026Q1,77270.13,684.0,50.29,56.8,88.43,61215.11,0.4022,0.10794,0,-0.0076,-0.0378,0.0165,0.0069,0.0,-0.0109
5493,32,West,SelfEmployed,Construction,2026Q1,79377.58,735.0,57.64,52.49,71.66,258774.02,0.3008,0.14481,0,0.0413,-0.1615,0.0402,0.0038,0.0148,0.0348
5494,35,West,SelfEmployed,Retail,2026Q1,67466.28,704.0,36.83,27.11,66.47,101787.99,0.4113,0.11059,0,0.0228,-0.0683,-0.0059,-0.0279,0.0104,0.0242
5495,65,South,Salaried,Transport,2026Q1,100916.94,,39.04,26.14,45.62,309652.38,0.3932,0.03846,0,-0.0391,0.0073,-0.0011,-0.0177,0.0,-0.0069
5496,55,East,Salaried,Transport,2026Q1,81354.02,613.0,38.41,87.76,52.64,154846.54,0.4167,0.1721,0,-0.0449,0.0523,-0.0047,0.0573,0.0,-0.0183
5497,39,West,SelfEmployed,Manufacturing,2026Q1,79820.09,575.0,39.08,67.3,68.95,72147.75,0.5382,0.39916,1,0.0401,0.1776,-0.0045,0.0493,0.0288,0.0704
5498,67,South,Business,Manufacturing,2026Q1,113470.18,491.0,41.27,68.47,40.25,150880.24,0.5432,0.28301,1,-0.1503,0.2717,0.0058,0.0494,0.0,0.0
5499,58,North,SelfEmployed,Manufacturing,2026Q1,92808.97,684.0,54.14,47.26,35.69,182053.36,0.4364,0.12323,0,-0.0396,-0.0408,0.0239,-0.0031,0.0,0.0251
5500,47,West,Salaried,Retail,2026Q1,53138.98,517.0,62.91,22.18,51.23,146107.78,0.4476,0.39541,1,-0.0135,0.2646,0.103,-0.082,0.0283,-0.029
5501,53,South,Salaried,IT,2026Q1,103416.22,594.0,38.71,56.46,61.86,277817.77,0.4206,0.17654,0,-0.0331,0.0683,-0.0036,0.0104,0.0,-0.0172
5502,40,West,Business,Healthcare,2026Q1,74234.43,592.0,20.32,34.53,55.05,175575.67,0.4967,0.15395,0,0.0183,0.07,-0.0612,-0.027,0.0158,0.0
5503,72,South,Business,Manufacturing,2026Q1,71665.22,,52.6,100.0,92.31,199299.7,0.5467,0.0918,0,-0.0766,-0.055,0.0168,0.0346,0.0,0.0
5504,37,East,Business,Retail,2026Q1,79953.91,663.0,22.65,31.25,93.01,148762.36,0.5108,0.08133,0,0.015,-0.0112,-0.0296,-0.0182,0.0,0.0
5505,36,West,SelfEmployed,Manufacturing,2026Q1,80653.71,576.0,69.32,79.1,66.08,175212.24,0.3411,0.64198,1,0.0611,0.2005,0.1444,0.0852,0.0288,0.073
5506,52,South,Business,Retail,2026Q1,112361.43,610.0,46.6,42.03,40.87,220943.41,0.5169,0.1621,0,-0.0279,0.0503,0.0168,-0.0132,0.0,0.0
5507,75,East,Business,Healthcare,2026Q1,119679.42,604.0,51.13,47.93,68.46,197473.62,0.4024,0.11922,0,-0.1129,0.0408,0.02,-0.0025,0.0,0.0
5508,35,East,Salaried,Construction,2026Q1,66365.93,660.0,64.42,79.72,51.56,186540.49,0.4137,0.26186,0,0.0499,-0.0216,0.0822,0.0623,0.0,-0.0236
5509,59,East,Business,Retail,2026Q1,104293.21,549.0,43.69,23.82,5.0,67429.45,0.5411,0.19757,0,-0.0669,0.1165,0.0109,-0.0524,0.0,0.0
5510,51,East,Salaried,Construction,2026Q1,66658.97,638.0,54.01,75.59,95.77,38233.82,0.4394,0.18169,0,-0.0261,0.0186,0.0377,0.0409,0.0,-0.0184
5511,54,East,SelfEmployed,Retail,2026Q1,83885.57,604.0,54.16,37.91,36.91,140158.57,0.5163,0.17679,0,-0.0464,0.075,0.045,-0.026,0.0,0.0474
5512,63,East,Salaried,Manufacturing,2026Q1,105953.99,785.0,75.06,62.88,100.0,108469.06,0.361,0.03032,0,-0.024,-0.1131,0.0193,0.0054,0.0,-0.0048
5513,42,South,Salaried,Manufacturing,2026Q1,62139.92,564.0,80.77,69.28,59.7,138490.68,0.3255,0.47888,1,0.021,0.2206,0.1935,0.0576,0.0,-0.03
5514,47,East,Business,Retail,2026Q1,93335.33,701.0,,65.57,86.1,165063.27,0.3615,0.11505,0,-0.005,-0.0611,0.0117,0.0151,0.0,0.0
5515,42,South,Business,Construction,2026Q1,78647.12,,71.9,20.86,90.9,103374.48,0.305,0.28744,0,0.0169,0.1166,0.1118,-0.0766,0.0,0.0
5516,65,South,Salaried,IT,2026Q1,80653.41,,14.37,37.65,78.54,193797.57,0.4743,0.04256,0,-0.0366,0.0176,-0.0327,-0.008,0.0,-0.0064
5517,64,North,Business,Retail,2026Q1,102801.61,710.0,43.86,51.69,66.54,242916.28,0.3709,0.04322,0,-0.0295,-0.0389,0.0032,0.0009,0.0,0.0
5518,38,West,Salaried,IT,2026Q1,64688.72,655.0,58.11,26.21,63.56,212432.12,0.3996,0.14056,0,0.0234,-0.0072,0.0407,-0.0402,0.0147,-0.016
5519,54,East,Business,Transport,2026Q1,94641.96,,25.27,56.63,64.53,239749.68,0.4191,0.11628,1,-0.0294,0.0386,-0.0349,0.0082,0.0,0.0
5520,62,South,Salaried,Manufacturing,2026Q1,94356.37,594.0,82.41,71.17,33.97,262264.16,0.518,0.33246,0,-0.1088,0.1132,0.1465,0.051,0.0,-0.026
5521,33,West,SelfEmployed,Retail,2026Q1,36944.99,,71.64,37.09,46.64,103795.29,0.4432,0.21147,0,0.0477,-0.1319,0.0815,-0.0256,0.0183,0.0431
5522,65,East,Business,Retail,2026Q1,99533.88,594.0,42.17,68.22,21.68,194858.31,0.1939,0.19062,0,-0.0915,0.068,0.0059,0.0278,0.0,0.0
5523,49,East,Salaried,Retail,2026Q1,87639.0,594.0,82.43,48.15,52.02,61701.99,0.2587,0.3132,1,-0.025,0.1181,0.1535,-0.0049,0.0,-0.0268
5524,45,East,Business,Transport,2026Q1,114162.62,572.0,60.59,53.92,30.98,118963.9,0.5374,0.36263,0,0.0,0.163,0.0866,0.0106,0.0,0.0
5525,65,South,SelfEmployed,IT,2026Q1,78453.83,741.0,51.83,63.01,72.37,169237.5,0.4178,0.06655,0,-0.0383,-0.0834,0.0113,0.0077,0.0,0.014
5526,62,West,SelfEmployed,Construction,2026Q1,77625.95,,55.13,74.21,16.37,147918.94,0.452,0.46538,1,-0.1181,0.2728,0.0741,0.0712,0.0297,0.0735
5527,35,North,Business,Transport,2026Q1,83942.64,638.0,35.81,26.36,54.67,53522.56,0.4342,0.09432,0,0.0284,0.0142,-0.0097,-0.0355,0.0,0.0
5528,58,South,Business,Transport,2026Q1,118994.32,641.0,50.67,68.53,64.58,330385.47,0.4416,0.13726,1,-0.051,0.0118,0.0244,0.0254,0.0,0.0
5529,57,West,Salaried,Manufacturing,2026Q1,71096.54,,34.99,67.72,65.38,85399.24,0.4703,0.35051,0,-0.0728,0.1807,-0.0208,0.0411,0.0237,-0.025
5530,26,East,Business,IT,2026Q1,39260.58,600.0,48.02,51.65,28.53,20000.0,0.5025,0.34675,0,0.1066,0.1097,0.0347,0.0044,0.0,0.0
5531,56,East,Business,Transport,2026Q1,103149.9,593.0,49.67,25.2,87.48,140470.72,0.3617,0.1512,0,-0.0436,0.0638,0.023,-0.042,0.0,0.0
5532,45,East,Salaried,Retail,2026Q1,58501.63,577.0,51.46,59.63,59.86,182741.76,0.4265,0.26287,0,0.0,0.1333,0.0443,0.0229,0.0,-0.025
5533,62,West,SelfEmployed,Retail,2026Q1,125712.59,625.0,47.8,57.69,50.69,298531.36,0.4304,0.1719,1,-0.0826,0.0379,0.0224,0.0135,0.0174,0.041
5534,41,North,Business,Transport,2026Q1,83213.14,639.0,85.64,43.8,37.85,91754.07,0.4449,0.29847,0,0.0227,0.0244,0.1506,-0.0157,0.0,0.0
5535,51,North,Salaried,Construction,2026Q1,58290.29,598.0,22.2,65.06,57.27,144667.29,0.4305,0.15513,0,-0.0211,0.0547,-0.0477,0.02,0.0,-0.0148
5536,44,South,Salaried,Transport,2026Q1,56976.69,755.0,19.16,33.39,28.66,163440.87,0.3767,0.01671,0,0.0006,-0.0439,-0.0108,-0.0046,0.0,-0.0027
5537,43,East,Salaried,Retail,2026Q1,74697.37,573.0,33.97,62.18,61.97,74430.66,0.4956,0.20928,0,0.0101,0.1216,-0.0228,0.0258,0.0,-0.0227
5538,26,West,SelfEmployed,Healthcare,2026Q1,58736.75,636.0,47.72,49.38,24.68,152048.99,0.5149,0.34475,0,0.1061,0.0333,0.0333,-0.0017,0.0261,0.0629
5539,62,North,Business,Transport,2026Q1,105957.93,626.0,41.65,65.59,48.91,304601.42,0.4547,0.12702,0,-0.0621,0.0262,0.0036,0.0191,0.0,0.0
5540,63,East,Salaried,Manufacturing,2026Q1,142642.75,659.0,25.37,19.19,52.51,294685.97,0.3233,0.0248,0,-0.0213,-0.0034,-0.0112,-0.0146,0.0,-0.0042
5541,51,South,Salaried,Manufacturing,2026Q1,60394.54,632.0,78.53,0.0,44.63,96870.85,0.3981,0.12554,1,-0.0207,0.0213,0.067,-0.0857,0.0,-0.0145
5542,54,East,Business,Retail,2026Q1,110499.67,561.0,56.63,19.59,48.1,297742.65,0.3273,0.26484,0,-0.0465,0.1251,0.0521,-0.0692,0.0,0.0
5543,42,East,Salaried,IT,2026Q1,94976.43,662.0,42.68,49.61,48.23,251273.16,0.4707,0.11137,0,0.0081,-0.0138,0.0052,-0.0005,0.0,-0.0125
5544,62,South,Salaried,IT,2026Q1,110608.59,619.0,33.23,92.26,59.93,141076.98,0.419,0.12004,0,-0.0668,0.0358,-0.0169,0.05,0.0,-0.0149
5545,53,South,SelfEmployed,Transport,2026Q1,70909.53,685.0,43.69,56.1,80.0,38679.43,0.4953,0.10519,0,-0.0235,-0.043,0.0069,0.0068,0.0,0.0257
5546,51,West,SelfEmployed,Retail,2026Q1,89127.96,671.0,39.87,80.62,87.96,177799.49,0.4454,0.20845,1,-0.0254,-0.0356,-0.0004,0.0465,0.0165,0.0388
5547,66,West,SelfEmployed,Construction,2026Q1,74799.37,659.0,54.15,65.43,80.01,134300.69,0.4608,0.16054,0,-0.0903,-0.0129,0.0323,0.0219,0.0145,0.034
5548,36,South,Salaried,IT,2026Q1,79905.21,682.0,27.19,3.31,87.66,275086.97,0.3125,0.04227,0,0.0103,-0.0189,-0.0132,-0.0332,0.0,-0.0058
5549,29,East,Salaried,Construction,2026Q1,51102.88,,35.46,50.36,81.52,111590.04,0.376,0.29946,0,0.0812,0.1278,-0.0187,0.0009,0.0,-0.0249
5550,55,East,Business,Construction,2026Q1,103779.62,624.0,61.64,34.13,58.73,169467.29,0.4155,0.14635,0,-0.0402,0.0337,0.0485,-0.0265,0.0,0.0
5551,48,East,Salaried,Healthcare,2026Q1,101206.83,,38.32,28.25,53.74,93832.41,0.3725,0.04101,0,-0.0042,-0.029,-0.0016,-0.0141,0.0,-0.0061
5552,38,West,SelfEmployed,Construction,2026Q1,79861.32,634.0,,49.17,95.91,242485.73,0.4086,0.34661,0,0.0402,0.0362,0.0715,-0.0021,0.025,0.0601
5553,52,East,Salaried,Healthcare,2026Q1,84147.87,566.0,46.85,56.47,60.64,162471.97,0.3759,0.26157,0,-0.038,0.1307,0.0244,0.0141,0.0,-0.0228
5554,54,West,SelfEmployed,IT,2026Q1,85996.91,548.0,43.74,9.71,37.72,72535.67,0.5066,0.22573,0,-0.0508,0.1551,0.014,-0.1021,0.0222,0.0528
5555,60,East,Business,Retail,2026Q1,125023.36,671.0,36.69,29.36,70.75,259583.01,0.4048,0.06004,0,-0.0248,-0.0125,-0.0033,-0.0135,0.0,0.0
5556,38,North,Salaried,Healthcare,2026Q1,57708.95,581.0,49.09,35.08,93.35,157011.82,0.5311,0.18046,0,0.0347,0.1141,0.0323,-0.0348,0.0,-0.023
5557,45,North,SelfEmployed,Construction,2026Q1,89674.69,615.0,44.67,44.98,77.32,283433.66,0.3243,0.22501,0,0.0,0.0602,0.0159,-0.0107,0.0,0.0481
5558,53,East,Salaried,Construction,2026Q1,91606.81,714.0,9.5,64.27,56.2,82071.56,0.5216,0.04549,0,-0.0075,-0.0299,-0.0247,0.0048,0.0,-0.0038
5559,62,East,Salaried,Transport,2026Q1,102985.5,561.0,65.87,32.35,83.55,302326.69,0.4482,0.289,0,-0.0924,0.1246,0.0763,-0.0386,0.0,-0.0213
5560,60,East,Business,Healthcare,2026Q1,108286.37,699.0,53.21,58.55,39.07,308831.12,0.3424,0.0693,0,-0.034,-0.0459,0.016,0.0066,0.0,0.0
5561,45,West,SelfEmployed,Retail,2026Q1,64225.96,550.0,25.05,92.88,68.54,60483.2,0.4414,0.56496,1,0.0,0.2348,-0.0745,0.1212,0.0294,0.0724
5562,56,East,Business,Retail,2026Q1,99095.5,700.0,45.0,48.69,54.46,110287.54,0.3418,0.06799,0,-0.0204,-0.0405,0.0055,-0.0009,0.0,0.0
5563,44,West,SelfEmployed,Healthcare,2026Q1,51425.94,630.0,,55.88,46.57,144489.61,0.4126,0.23192,1,0.005,0.0376,0.009,0.0126,0.0211,0.0502
5564,45,North,Salaried,Retail,2026Q1,69805.74,502.0,32.68,42.74,44.44,172649.37,0.5627,0.34606,0,0.0,0.2464,-0.0335,-0.0197,0.0,-0.0273
5565,47,West,SelfEmployed,Healthcare,2026Q1,95717.49,535.0,58.34,31.64,64.05,164302.97,0.4416,0.4368,1,-0.0139,0.2649,0.0886,-0.055,0.0296,0.0729
5566,43,East,Business,Retail,2026Q1,105449.66,,70.57,36.33,59.96,105388.28,0.4678,0.42267,0,0.0132,0.1973,0.132,-0.0396,0.0,0.0
5567,58,West,SelfEmployed,Construction,2026Q1,82632.62,627.0,40.71,64.78,80.38,68426.66,0.404,0.1817,0,-0.0624,0.0359,0.0022,0.0258,0.0178,0.042
5568,60,East,Business,Retail,2026Q1,139816.28,695.0,41.23,23.75,40.01,229985.04,0.3928,0.04299,0,-0.02,-0.0245,0.001,-0.0143,0.0,0.0
5569,46,South,Business,Transport,2026Q1,62597.66,644.0,32.87,33.24,100.0,126515.65,0.3972,0.09122,0,-0.0024,0.0055,-0.013,-0.0187,0.0,0.0
5570,52,East,Salaried,Healthcare,2026Q1,89155.67,559.0,12.39,34.6,65.18,270538.2,0.3586,0.0912,0,-0.0221,0.0717,-0.071,-0.0208,0.0,-0.0132
5571,46,North,SelfEmployed,Construction,2026Q1,93533.73,716.0,54.74,58.31,67.6,261084.28,0.5484,0.10737,0,-0.0029,-0.0987,0.0274,0.01,0.0,0.0279
5572,40,North,Salaried,Construction,2026Q1,80452.35,614.0,,41.08,76.25,183619.3,0.4667,0.29133,0,0.0282,0.0752,0.1323,-0.0227,0.0,-0.0255
5573,38,South,Business,Retail,2026Q1,90461.3,556.0,45.48,40.11,29.52,104410.55,0.6028,0.32261,1,0.0415,0.179,0.0236,-0.0266,0.0,0.0
5574,69,East,Salaried,IT,2026Q1,97726.07,610.0,45.1,40.81,100.0,270480.34,0.4924,0.10376,0,-0.0724,0.0302,0.008,-0.0095,0.0,-0.0104
5575,42,South,Business,Healthcare,2026Q1,117435.2,619.0,46.91,52.62,46.89,199468.16,0.2959,0.22316,0,0.0134,0.0501,0.0216,0.0051,0.0,0.0
5576,57,West,Business,Healthcare,2026Q1,81795.05,560.0,39.83,76.6,79.54,169344.35,0.4883,0.2846,0,-0.0746,0.1614,-0.0007,0.0621,0.0244,0.0
5577,54,North,Salaried,Manufacturing,2026Q1,76951.47,683.0,29.65,78.81,70.25,250056.42,0.414,0.0679,0,-0.0189,-0.0286,-0.0152,0.0201,0.0,-0.0085
5578,37,West,Salaried,Healthcare,2026Q1,69649.05,593.0,88.94,22.13,53.32,192642.86,0.4276,0.39744,1,0.0517,0.1351,0.1957,-0.0817,0.0281,-0.0289
5579,55,East,Salaried,Transport,2026Q1,81210.48,562.0,55.45,50.46,75.44,115861.9,0.4325,0.24703,1,-0.0568,0.1404,0.0543,0.001,0.0,-0.0235
5580,53,West,Business,Retail,2026Q1,80198.56,,57.45,65.69,57.1,234106.14,0.5286,0.15388,0,-0.0331,-0.0157,0.0425,0.0242,0.0158,0.0
5581,50,West,Salaried,IT,2026Q1,90240.27,645.0,84.13,88.94,68.04,249899.99,0.3395,0.30448,0,-0.0319,0.0121,0.1626,0.0951,0.0262,-0.0272
5582,45,East,Salaried,Construction,2026Q1,79329.67,672.0,,23.39,73.81,239201.64,0.3981,0.07811,0,0.0,-0.0203,0.0155,-0.0277,0.0,-0.0096
5583,50,East,Business,Healthcare,2026Q1,124594.64,670.0,34.45,52.14,60.73,262480.62,0.4584,0.09137,0,-0.0114,-0.0185,-0.0089,0.0019,0.0,0.0
5584,55,East,Salaried,Manufacturing,2026Q1,98511.65,573.0,30.58,69.07,66.23,140915.83,0.4026,0.16249,1,-0.0465,0.0977,-0.0305,0.0325,0.0,-0.019
5585,41,West,Salaried,IT,2026Q1,90816.07,610.0,78.73,35.31,48.66,251337.34,0.4562,0.33059,0,0.0234,0.0856,0.1385,-0.0389,0.0251,-0.0262
5586,66,North,SelfEmployed,Manufacturing,2026Q1,120623.23,465.0,60.75,36.55,42.15,232392.54,0.5791,0.63243,1,-0.1418,0.3918,0.1028,-0.0402,0.0,0.0747
5587,58,East,Salaried,Healthcare,2026Q1,68402.15,627.0,46.4,38.1,78.33,168737.62,0.4845,0.09248,1,-0.0379,0.0206,0.011,-0.0136,0.0,-0.0113
5588,24,East,Salaried,Healthcare,2026Q1,50139.54,634.0,39.24,56.11,44.18,108823.67,0.2782,0.21623,0,0.0855,0.029,-0.0026,0.0124,0.0,-0.0215
5589,48,West,SelfEmployed,Retail,2026Q1,80260.04,,43.4,41.85,90.42,157842.12,0.3821,0.22905,1,-0.0158,0.0808,0.0123,-0.0184,0.0214,0.0508
5590,73,North,Salaried,Construction,2026Q1,120569.37,553.0,54.33,58.36,41.95,235867.97,0.3907,0.20778,0,-0.1529,0.1196,0.0416,0.0154,0.0,-0.0197
5591,54,East,SelfEmployed,Manufacturing,2026Q1,94535.14,690.0,77.3,34.74,60.6,223916.19,0.4645,0.13799,0,-0.034,-0.0632,0.0703,-0.0241,0.0,0.0333
5592,42,South,Business,Transport,2026Q1,88309.13,,46.94,74.57,72.84,293976.09,0.427,0.44555,0,0.0207,0.2628,0.0342,0.0717,0.0,0.0
5593,57,West,Salaried,Construction,2026Q1,85584.03,720.0,34.28,58.65,83.15,70413.22,0.4062,0.03421,0,-0.0167,-0.0469,-0.0051,0.0042,0.0048,-0.0054
5594,27,North,Business,IT,2026Q1,94077.96,515.0,27.48,8.84,63.75,111915.95,0.43,0.3212,1,0.1008,0.23,-0.0576,-0.1167,0.0,0.0
5595,53,West,Salaried,IT,2026Q1,65343.23,600.0,58.08,61.71,100.0,139842.52,0.4332,0.20895,0,-0.0438,0.0875,0.0608,0.0251,0.0216,-0.0229
5596,44,North,SelfEmployed,IT,2026Q1,83853.75,463.0,65.31,14.82,27.68,181715.73,0.6362,0.59548,1,0.0066,0.4501,0.1237,-0.0924,0.0,0.0724
5597,50,West,Business,Healthcare,2026Q1,122426.61,567.0,77.42,35.52,16.58,322854.26,0.6423,0.43348,0,-0.0335,0.1831,0.1556,-0.0418,0.0279,0.0
5598,35,East,Salaried,Retail,2026Q1,76329.06,,91.05,46.3,29.64,113297.37,0.4544,0.31151,0,0.0603,0.0387,0.1859,-0.0101,0.0,-0.0276
5599,45,West,SelfEmployed,Manufacturing,2026Q1,77456.39,639.0,23.92,36.93,28.98,63149.35,0.3505,0.12426,0,0.0,0.0132,-0.0413,-0.019,0.0131,0.0307
5600,21,North,Salaried,Retail,2026Q1,59506.13,602.0,48.5,63.4,34.61,34305.87,0.4621,0.39335,1,0.1389,0.1124,0.0386,0.0366,0.0,-0.0283
5601,43,West,Business,Healthcare,2026Q1,63264.7,584.0,41.75,92.4,48.67,150009.73,0.5729,0.36526,0,0.0131,0.1504,0.0082,0.1102,0.0277,0.0
5602,51,East,Salaried,IT,2026Q1,69534.38,778.0,44.96,2.66,49.35,159244.61,0.4034,0.0178,0,-0.0029,-0.0465,0.0015,-0.0119,0.0,-0.002
5603,62,North,Salaried,Healthcare,2026Q1,85851.64,612.0,34.71,35.27,51.34,104434.92,0.3072,0.10864,0,-0.0439,0.0266,-0.0084,-0.0144,0.0,-0.0095
5604,75,West,Business,Transport,2026Q1,98378.72,811.0,53.47,52.06,35.68,261603.47,0.3579,0.01688,0,-0.0198,-0.0695,0.0036,0.0004,0.0017,0.0
5605,41,South,Salaried,Transport,2026Q1,84823.08,722.0,,44.63,59.96,260926.46,0.2969,0.03618,0,0.0046,-0.0491,-0.0117,-0.0028,0.0,-0.0054
5606,56,North,Salaried,Retail,2026Q1,64939.25,572.0,55.79,5.92,75.57,50015.29,0.3785,0.17423,0,-0.0437,0.0805,0.036,-0.0805,0.0,-0.016
5607,46,North,Business,IT,2026Q1,113463.55,585.0,66.68,75.26,50.18,218225.79,0.4402,0.38037,0,-0.0067,0.1529,0.1181,0.0697,0.0,0.0
5608,47,East,Business,Healthcare,2026Q1,102652.62,728.0,,51.2,54.22,161276.85,0.3329,0.0396,0,-0.003,-0.0652,-0.0002,0.0007,0.0,0.0
5609,51,West,SelfEmployed,Transport,2026Q1,77846.21,523.0,66.18,64.76,79.35,190921.27,0.5102,0.54779,0,-0.0396,0.3291,0.1296,0.0432,0.0291,0.0737
5610,48,South,Business,IT,2026Q1,84704.39,,50.17,60.39,76.28,236707.31,0.4817,0.08029,0,-0.0066,-0.0704,0.0143,0.009,0.0,0.0
5611,71,West,Salaried,Construction,2026Q1,99435.65,,63.14,41.64,50.3,118605.63,0.3397,0.14749,0,-0.108,0.0431,0.0449,-0.012,0.0132,-0.0144
5612,47,West,SelfEmployed,Retail,2026Q1,102151.07,449.0,53.04,19.75,83.96,298721.57,0.5751,0.6119,1,-0.013,0.4718,0.0627,-0.0802,0.0284,0.0723
5613,37,East,Business,Retail,2026Q1,82778.78,541.0,33.17,49.96,53.59,71564.37,0.5334,0.35062,1,0.0483,0.2055,-0.0313,-0.0001,0.0,0.0
5614,52,West,Salaried,IT,2026Q1,100472.03,602.0,47.62,18.37,72.26,322899.16,0.4511,0.12724,0,-0.0248,0.0512,0.017,-0.0512,0.0135,-0.0148
5615,38,North,Business,Construction,2026Q1,84683.76,583.0,,71.52,36.18,164399.24,0.4769,0.39988,1,0.0413,0.1371,0.0041,0.0537,0.0,0.0
5616,46,West,Salaried,Transport,2026Q1,88656.57,,61.49,73.97,44.17,312029.43,0.5044,0.37828,0,-0.0068,0.1878,0.0985,0.0673,0.0287,-0.0293
5617,62,West,Business,Healthcare,2026Q1,132531.17,517.0,44.22,57.09,35.33,333319.5,0.5571,0.39517,1,-0.1131,0.2321,0.0186,0.0188,0.0263,0.0
5618,47,East,Business,IT,2026Q1,96869.43,616.0,64.89,44.1,58.88,108624.57,0.3051,0.22981,0,-0.0101,0.0596,0.0765,-0.0128,0.0,0.0
5619,56,North,Business,Healthcare,2026Q1,82166.46,722.0,56.27,71.2,49.68,217501.98,0.4754,0.08335,0,-0.0252,-0.0794,0.0204,0.0164,0.0,0.0
5620,48,East,Salaried,Retail,2026Q1,75468.31,720.0,51.22,75.56,44.19,160320.92,0.4927,0.05467,0,-0.0067,-0.0811,0.0157,0.0207,0.0,-0.0097
5621,53,North,Business,IT,2026Q1,133256.97,700.0,51.97,61.29,64.89,375281.15,0.4279,0.11286,0,-0.0195,-0.0548,0.0173,0.0102,0.0,0.0
5622,42,North,Business,Construction,2026Q1,79351.76,606.0,63.76,76.96,78.59,162345.87,0.5109,0.3193,1,0.0191,0.1023,0.1006,0.0705,0.0,0.0
5623,59,East,Business,Retail,2026Q1,70852.01,701.0,58.67,77.8,56.65,178409.77,0.2513,0.11177,0,-0.0413,-0.063,0.029,0.0263,0.0,0.0
5624,36,East,Business,IT,2026Q1,66029.48,511.0,63.29,81.81,64.23,131324.86,0.5446,0.63691,1,0.0584,0.3641,0.1104,0.0897,0.0,0.0
5625,41,West,SelfEmployed,IT,2026Q1,76337.56,660.0,31.48,76.9,58.24,169008.17,0.328,0.16521,1,0.0174,-0.0183,-0.0288,0.047,0.0186,0.044
5626,51,South,Business,Healthcare,2026Q1,105292.78,726.0,39.3,0.0,40.52,287941.77,0.48,0.03212,0,-0.0049,-0.0337,-0.0004,-0.0215,0.0,0.0
5627,59,West,SelfEmployed,Transport,2026Q1,117349.98,,48.09,58.71,50.65,267716.23,0.5796,0.12439,1,-0.0528,-0.0249,0.0179,0.0118,0.0134,0.0315
5628,52,East,Salaried,Healthcare,2026Q1,67869.09,508.0,43.76,51.24,87.63,109667.52,0.6114,0.34647,0,-0.0458,0.2492,0.0169,0.0034,0.0,-0.0278
5629,56,East,Salaried,Construction,2026Q1,109991.68,557.0,32.99,66.03,52.19,242561.37,0.5862,0.20465,0,-0.0563,0.1247,-0.0245,0.0305,0.0,-0.0209
5630,37,North,Business,Transport,2026Q1,96896.59,,68.05,14.93,99.49,215738.54,0.4361,0.25392,1,0.0467,0.1509,0.1085,-0.0976,0.0,0.0
5631,47,West,SelfEmployed,IT,2026Q1,105041.68,,29.75,22.26,50.03,233737.25,0.5546,0.23378,0,-0.0113,0.1683,-0.0427,-0.071,0.0233,0.0557
5632,53,East,Salaried,Retail,2026Q1,101096.73,596.0,63.66,88.39,45.58,86670.19,0.429,0.24285,0,-0.0504,0.1131,0.0928,0.0906,0.0,-0.0265
5633,51,North,Business,Manufacturing,2026Q1,89719.5,,76.5,62.38,100.0,170886.33,0.5571,0.27346,1,-0.0369,0.0833,0.1313,0.0307,0.0,0.0
5634,38,East,Business,IT,2026Q1,117286.41,602.0,39.93,55.17,87.54,225309.73,0.484,0.29227,0,0.0337,0.0824,-0.0003,0.0111,0.0,0.0
5635,41,East,Salaried,Retail,2026Q1,96208.48,557.0,12.56,36.12,48.32,179947.97,0.269,0.19276,0,0.0146,0.0965,-0.0884,-0.0238,0.0,-0.0169
5636,49,West,Salaried,Manufacturing,2026Q1,81522.34,,40.36,25.72,56.77,210766.46,0.4799,0.07757,0,-0.0063,-0.0311,0.0004,-0.0176,0.006,-0.0067
5637,58,West,Salaried,Healthcare,2026Q1,113286.28,606.0,35.7,32.32,16.76,136748.26,0.3207,0.12452,0,-0.0399,0.038,-0.0085,-0.0219,0.0109,-0.012
5638,73,East,Business,IT,2026Q1,163843.35,,25.49,32.47,73.44,192398.97,0.6236,0.14691,0,-0.1228,0.1021,-0.0387,-0.0273,0.0,0.0
5639,38,East,Salaried,IT,2026Q1,87951.36,588.0,54.7,63.26,48.56,238821.89,0.516,0.38448,1,0.0413,0.1287,0.0607,0.0338,0.0,-0.0268
5640,51,East,Salaried,Transport,2026Q1,47302.68,580.0,55.05,55.08,57.73,125350.28,0.4418,0.23282,0,-0.0327,0.1158,0.0519,0.0112,0.0,-0.0231
5641,39,South,Salaried,IT,2026Q1,42017.73,494.0,55.41,28.55,35.98,63774.22,0.6244,0.53428,1,0.0415,0.3305,0.0753,-0.0643,0.0,-0.0299
5642,50,West,SelfEmployed,Transport,2026Q1,94341.22,,33.14,68.43,83.61,121901.14,0.4668,0.28209,0,-0.029,0.1093,-0.0284,0.0423,0.0235,0.0562
5643,46,East,Salaried,Construction,2026Q1,61271.79,705.0,65.3,0.0,45.46,121030.19,0.3371,0.05772,0,-0.0015,-0.043,0.022,-0.0425,0.0,-0.0069
5644,54,East,Business,IT,2026Q1,86702.83,,37.49,0.0,67.48,88204.36,0.4669,0.09077,0,-0.0229,0.0355,-0.0042,-0.0627,0.0,0.0
5645,28,North,Business,IT,2026Q1,80692.38,605.0,31.17,64.92,57.27,78485.62,0.5825,0.32548,0,0.084,0.0869,-0.0365,0.0341,0.0,0.0
5646,46,North,Salaried,Healthcare,2026Q1,70916.11,655.0,,85.84,89.8,108741.83,0.4641,0.17641,0,-0.0032,-0.0063,-0.0227,0.0411,0.0,-0.0141
5647,51,South,SelfEmployed,Healthcare,2026Q1,105594.79,577.0,36.11,0.0,76.37,265347.67,0.3007,0.12788,0,-0.0233,0.0793,-0.0105,-0.0957,0.0,0.0354
5648,52,East,Salaried,Manufacturing,2026Q1,100765.04,544.0,49.77,37.2,61.92,161671.88,0.4894,0.29377,0,-0.0392,0.1601,0.0356,-0.0305,0.0,-0.0236
5649,54,East,Business,Retail,2026Q1,81347.68,666.0,31.16,87.43,55.64,85579.82,0.46,0.1042,1,-0.0269,-0.0182,-0.0183,0.0364,0.0,0.0
5650,52,West,SelfEmployed,IT,2026Q1,96168.47,,34.97,12.75,37.95,59357.79,0.4506,0.12828,1,-0.0237,0.0356,-0.0117,-0.059,0.0129,0.0301
5651,64,West,Business,Healthcare,2026Q1,99982.54,501.0,73.4,68.76,26.23,212598.58,0.2731,0.54548,1,-0.1262,0.3553,0.1644,0.0562,0.0299,0.0
5652,65,East,Business,Manufacturing,2026Q1,122781.6,,37.71,40.6,33.09,217120.75,0.3668,0.07974,0,-0.045,0.0027,-0.0029,-0.0075,0.0,0.0
5653,48,North,Business,Construction,2026Q1,90583.15,639.0,62.09,69.5,65.89,259747.23,0.4725,0.18566,1,-0.015,0.0204,0.0677,0.0382,0.0,0.0
5654,44,East,Business,Manufacturing,2026Q1,107671.34,499.0,49.33,74.81,75.98,130554.0,0.6059,0.49488,1,0.0069,0.3637,0.0464,0.0742,0.0,0.0
5655,52,West,SelfEmployed,IT,2026Q1,89685.3,455.0,63.27,56.26,82.74,162104.58,0.4227,0.72579,1,-0.0375,0.489,0.1019,0.0153,0.0247,0.0639
5656,59,East,Business,Manufacturing,2026Q1,132616.65,573.0,51.38,29.06,59.17,193817.72,0.3899,0.14409,1,-0.0651,0.0938,0.0311,-0.04,0.0,0.0
5657,50,East,Salaried,Transport,2026Q1,85937.79,791.0,48.18,26.35,60.91,158270.72,0.3083,0.02089,0,-0.003,-0.0684,0.003,-0.0065,0.0,-0.0025
5658,38,North,Salaried,Healthcare,2026Q1,42823.45,779.0,42.75,37.06,50.38,152699.96,0.4297,0.03869,0,0.0056,-0.0894,0.0017,-0.0053,0.0,-0.004
5659,61,South,Salaried,IT,2026Q1,101198.71,721.0,35.3,11.11,52.22,78580.81,0.4501,0.02226,0,-0.0113,-0.0234,-0.002,-0.0119,0.0,-0.0026
5660,54,East,Business,IT,2026Q1,94305.12,567.0,52.08,64.42,73.2,84172.44,0.5045,0.30902,0,-0.0549,0.151,0.0476,0.0346,0.0,0.0
5661,69,West,SelfEmployed,Transport,2026Q1,69786.19,561.0,39.25,5.9,45.5,80035.96,0.4239,0.12824,1,-0.1047,0.0856,-0.0019,-0.0789,0.0143,0.0336
5662,42,West,Salaried,IT,2026Q1,68050.07,530.0,16.84,80.8,64.11,103369.77,0.4195,0.4153,1,0.0187,0.2218,-0.1107,0.0782,0.0266,-0.0276
5663,53,West,Salaried,Retail,2026Q1,93745.9,534.0,53.54,30.38,62.56,208867.04,0.515,0.34756,0,-0.0488,0.1914,0.0533,-0.0514,0.0244,-0.0256
5664,55,West,SelfEmployed,Retail,2026Q1,107582.89,660.0,46.3,42.4,59.27,306358.66,0.5374,0.16173,0,-0.0355,-0.0131,0.0138,-0.0108,0.0131,0.0307
5665,48,East,Business,Retail,2026Q1,106308.9,736.0,54.05,34.95,58.38,154924.3,0.4179,0.05876,0,-0.0044,-0.0732,0.0125,-0.0099,0.0,0.0
5666,40,East,Salaried,Construction,2026Q1,71754.44,601.0,48.0,85.28,82.18,168614.59,0.4791,0.27208,0,0.029,0.102,0.033,0.0824,0.0,-0.0262
5667,53,South,SelfEmployed,Manufacturing,2026Q1,85141.44,581.0,60.55,59.66,70.59,182394.45,0.3847,0.30579,1,-0.0529,0.1507,0.088,0.0261,0.0,0.0656
5668,45,West,SelfEmployed,Manufacturing,2026Q1,68303.95,555.0,55.22,71.23,66.79,137767.09,0.3719,0.57212,1,0.0,0.2438,0.0758,0.0636,0.03,0.0748
5669,50,East,Salaried,Retail,2026Q1,96234.88,603.0,45.96,36.39,73.9,139694.23,0.4916,0.13893,0,-0.0187,0.0547,0.0145,-0.022,0.0,-0.0159
5670,50,East,Business,Retail,2026Q1,108745.71,559.0,54.39,63.75,51.2,289510.0,0.4274,0.29142,0,-0.0323,0.1833,0.062,0.0363,0.0,0.0
5671,38,West,Salaried,Construction,2026Q1,59679.62,,69.15,64.89,81.65,185958.03,0.4733,0.49385,1,0.0477,0.332,0.1442,0.0435,0.0291,-0.0284
5672,45,South,Salaried,IT,2026Q1,103152.46,630.0,34.38,49.41,81.63,104807.3,0.5014,0.14466,0,0.0,0.0217,-0.0126,-0.0008,0.0,-0.0135
5673,46,East,Salaried,IT,2026Q1,93846.55,563.0,16.14,53.13,50.5,148872.76,0.4985,0.20117,0,-0.004,0.0974,-0.0784,0.0053,0.0,-0.0177
5674,51,North,Business,IT,2026Q1,113579.94,582.0,63.22,54.7,61.83,141795.05,0.4064,0.38966,0,-0.0364,0.1312,0.0877,0.0117,0.0,0.0
5675,55,South,Business,Transport,2026Q1,100227.12,,57.84,53.66,55.48,285521.68,0.4977,0.19018,0,-0.0458,0.0459,0.0477,0.0065,0.0,0.0
5676,54,West,SelfEmployed,IT,2026Q1,128891.66,,92.53,65.7,73.64,151113.99,0.5672,0.79873,1,-0.0379,0.4283,0.219,0.0323,0.0202,0.0531
5677,60,South,Salaried,IT,2026Q1,75541.33,,49.76,29.05,67.77,189529.5,0.5905,0.19559,0,-0.0883,0.1865,0.0357,-0.0511,0.0,-0.0237
5678,52,West,SelfEmployed,Construction,2026Q1,52595.2,,43.87,0.0,39.69,37007.26,0.4148,0.14135,1,-0.0222,0.0242,0.0079,-0.0788,0.0121,0.0282
5679,72,East,Business,Healthcare,2026Q1,132303.01,539.0,55.23,32.59,57.48,172222.01,0.454,0.19409,1,-0.1472,0.131,0.0443,-0.0355,0.0,0.0
5680,54,East,SelfEmployed,IT,2026Q1,110091.62,621.0,61.86,33.43,87.53,153253.99,0.364,0.20556,0,-0.0444,0.0475,0.0627,-0.0345,0.0,0.0449
5681,35,West,SelfEmployed,Manufacturing,2026Q1,90988.86,568.0,57.82,53.41,53.99,123351.84,0.5217,0.47572,1,0.0697,0.2135,0.0885,0.0102,0.03,0.0747
5682,46,East,Salaried,Transport,2026Q1,99930.75,637.0,44.35,49.95,79.41,271805.3,0.5051,0.13198,1,-0.0033,0.0157,0.0098,-0.0001,0.0,-0.0145
5683,75,South,Salaried,Healthcare,2026Q1,124507.24,509.0,,34.96,92.18,208799.4,0.4875,0.28707,1,-0.1927,0.2007,0.0985,-0.0374,0.0,-0.0246
5684,35,East,Business,Transport,2026Q1,104450.24,562.0,32.39,6.34,59.82,264193.1,0.5871,0.19137,0,0.0413,0.1139,-0.0256,-0.0972,0.0,0.0
5685,55,East,Salaried,Retail,2026Q1,92805.26,727.0,37.33,34.23,86.44,202477.82,0.4321,0.02425,0,-0.0096,-0.0385,-0.0016,-0.0062,0.0,-0.0038
5686,75,East,Salaried,Healthcare,2026Q1,110817.53,643.0,73.34,55.44,38.36,116923.96,0.3702,0.1243,0,-0.1118,0.0073,0.0499,0.0062,0.0,-0.0122
5687,37,West,SelfEmployed,Construction,2026Q1,80190.11,681.0,,75.02,64.19,230806.51,0.4303,0.29355,0,0.0425,-0.073,0.0699,0.0559,0.0233,0.0558
5688,67,West,Salaried,Construction,2026Q1,116017.37,619.0,41.29,32.24,68.65,358464.73,0.4248,0.07848,0,-0.0601,0.0223,0.0019,-0.0176,0.0086,-0.0095
5689,67,East,Business,Manufacturing,2026Q1,99144.44,532.0,50.23,45.8,49.71,259186.4,0.512,0.29754,0,-0.1309,0.1649,0.0361,-0.0095,0.0,0.0
5690,47,North,Salaried,Transport,2026Q1,76156.47,568.0,81.14,41.54,51.69,124499.59,0.6642,0.36669,1,-0.0132,0.1798,0.167,-0.0241,0.0,-0.0286
5691,29,North,Salaried,Manufacturing,2026Q1,43411.7,,44.58,24.04,70.85,95120.36,0.5767,0.27709,0,0.0788,0.1331,0.0177,-0.0656,0.0,-0.0243
5692,57,South,SelfEmployed,Retail,2026Q1,107284.51,,36.91,66.03,63.48,85836.43,0.5482,0.19498,0,-0.0704,0.1299,-0.0122,0.0358,0.0,0.0542
5693,49,West,Business,Healthcare,2026Q1,124938.94,707.0,,56.15,69.65,246483.29,0.3008,0.07883,0,-0.0096,-0.0663,0.014,0.0059,0.0094,0.0
5694,48,North,Salaried,Construction,2026Q1,64819.28,603.0,62.37,100.0,100.0,175668.61,0.5575,0.37389,1,-0.0195,0.1082,0.095,0.1234,0.0,-0.028
5695,58,West,Business,Transport,2026Q1,73917.49,523.0,54.16,22.07,56.47,116885.85,0.5339,0.28919,0,-0.0814,0.204,0.0559,-0.0747,0.0246,0.0
5696,50,East,Salaried,Construction,2026Q1,80132.59,572.0,65.0,44.4,34.25,90230.99,0.5704,0.30727,1,-0.0294,0.1405,0.0903,-0.0139,0.0,-0.0251
5697,33,East,Business,IT,2026Q1,86530.51,646.0,34.68,49.39,44.74,108221.29,0.2946,0.11171,0,0.0395,0.0057,-0.0146,-0.001,0.0,0.0
5698,49,West,Business,Construction,2026Q1,92448.48,515.0,29.19,29.98,58.63,179804.19,0.4192,0.31013,0,-0.0234,0.203,-0.0461,-0.0515,0.0239,0.0
5699,54,South,Business,Construction,2026Q1,78188.12,,65.75,73.45,31.51,112534.17,0.4694,0.13058,1,-0.032,-0.0631,0.0493,0.0294,0.0,0.0
5700,56,North,Business,Construction,2026Q1,121414.81,717.0,29.8,39.57,64.75,363511.04,0.2779,0.04411,0,-0.0119,-0.0352,-0.0075,-0.0045,0.0,0.0
5701,64,North,Business,IT,2026Q1,114822.23,,29.64,32.65,89.18,247853.29,0.5824,0.12564,0,-0.0719,0.0758,-0.025,-0.0251,0.0,0.0
5702,29,West,Salaried,Manufacturing,2026Q1,94716.66,654.0,36.34,67.34,92.96,288133.4,0.4772,0.21372,0,0.0613,-0.007,-0.0118,0.0307,0.0182,-0.0196
5703,61,East,Salaried,Manufacturing,2026Q1,108578.13,682.0,33.34,25.93,60.65,327775.47,0.4307,0.03968,0,-0.0191,-0.0144,-0.0049,-0.0114,0.0,-0.0044
5704,46,East,Salaried,Construction,2026Q1,62395.97,,37.9,53.68,71.46,97684.81,0.3952,0.30946,1,-0.0056,0.1646,-0.0084,0.0087,0.0,-0.0245
5705,52,West,Business,Manufacturing,2026Q1,106601.86,589.0,20.53,28.66,79.25,337675.48,0.3973,0.12545,1,-0.0222,0.0545,-0.0473,-0.0296,0.012,0.0
5706,60,East,Salaried,IT,2026Q1,100856.32,599.0,70.44,40.3,100.0,211035.44,0.3579,0.19258,1,-0.0736,0.0726,0.0776,-0.0187,0.0,-0.0193
5707,42,East,Salaried,Transport,2026Q1,103342.09,643.0,23.52,47.65,61.59,117746.63,0.4126,0.09103,0,0.0069,0.0064,-0.032,-0.0024,0.0,-0.0107
5708,46,West,Salaried,Retail,2026Q1,67207.12,717.0,,61.13,42.49,184587.79,0.4767,0.18266,0,-0.0037,-0.1224,0.0853,0.0168,0.0151,-0.0164
5709,56,East,Salaried,Retail,2026Q1,64075.65,,61.33,48.24,53.56,177080.82,0.4181,0.18582,0,-0.0528,0.0721,0.0583,-0.0033,0.0,-0.0195
5710,44,East,Salaried,Construction,2026Q1,76347.2,514.0,91.94,35.65,44.34,110218.98,0.5486,0.55451,0,0.0068,0.3436,0.2517,-0.0413,0.0,-0.0289
5711,54,East,Salaried,Manufacturing,2026Q1,81199.29,497.0,36.67,56.41,67.68,96787.47,0.3733,0.37925,0,-0.0591,0.2576,-0.0153,0.0172,0.0,-0.0277
5712,38,South,Business,Healthcare,2026Q1,81321.09,,41.66,28.04,75.39,128935.38,0.3133,0.3006,0,0.0358,0.1385,0.0063,-0.0537,0.0,0.0
5713,64,West,SelfEmployed,Construction,2026Q1,107756.89,598.0,70.26,71.53,60.95,159731.7,0.5401,0.41464,1,-0.1281,0.1166,0.1224,0.0561,0.0267,0.0647
5714,58,North,Salaried,Construction,2026Q1,37795.34,698.0,32.47,100.0,44.77,102797.16,0.358,0.09858,0,-0.0295,-0.0458,-0.0111,0.0324,0.0,-0.0088
5715,42,South,Salaried,Retail,2026Q1,53574.87,499.0,61.6,49.56,47.66,111966.76,0.468,0.53395,0,0.021,0.3517,0.1072,-0.0013,0.0,-0.0298
5716,62,South,Salaried,Transport,2026Q1,94164.21,604.0,46.96,59.56,78.68,91411.13,0.3749,0.15871,1,-0.0689,0.0518,0.0163,0.0135,0.0,-0.0154
5717,55,West,SelfEmployed,Construction,2026Q1,92127.41,717.0,63.78,21.27,49.68,274986.32,0.4256,0.11575,0,-0.0237,-0.0753,0.0294,-0.03,0.0086,0.0199
5718,40,East,Salaried,IT,2026Q1,108168.65,644.0,70.6,46.37,100.0,233943.17,0.566,0.24812,0,0.0227,0.0109,0.0857,-0.0074,0.0,-0.0209
5719,58,East,Salaried,Retail,2026Q1,88513.14,532.0,40.1,62.81,40.69,122382.24,0.4071,0.33472,1,-0.0778,0.1799,0.0004,0.0294,0.0,-0.0244
5720,58,South,Business,IT,2026Q1,78910.31,628.0,36.06,56.92,39.57,144232.84,0.3095,0.13108,0,-0.0417,0.022,-0.0081,0.008,0.0,0.0
5721,33,North,Salaried,Construction,2026Q1,53311.08,613.0,27.76,32.4,41.31,89345.44,0.3471,0.12787,1,0.0367,0.0433,-0.0329,-0.028,0.0,-0.0154
5722,23,North,Salaried,Healthcare,2026Q1,74668.31,701.0,24.98,36.7,84.71,60842.64,0.4136,0.07479,0,0.0341,-0.0509,-0.0244,-0.0122,0.0,-0.009
5723,46,North,Salaried,Healthcare,2026Q1,72948.91,665.0,39.79,41.63,54.47,158006.32,0.3279,0.06573,0,-0.0022,-0.0138,-0.0003,-0.0082,0.0,-0.0099
5724,42,East,Business,Healthcare,2026Q1,52300.93,634.0,48.5,41.64,52.52,45559.96,0.3635,0.15984,0,0.0113,0.0229,0.0221,-0.0143,0.0,0.0
5725,57,South,Business,Retail,2026Q1,114400.54,653.0,39.49,30.42,96.64,98220.68,0.2589,0.06501,0,-0.0258,-0.0022,-0.0007,-0.0173,0.0,0.0
5726,43,West,SelfEmployed,Transport,2026Q1,103436.54,617.0,52.86,73.37,8.45,85698.45,0.462,0.33383,1,0.0128,0.0788,0.0569,0.0618,0.0272,0.0659
5727,44,South,Salaried,Retail,2026Q1,73777.47,,60.28,67.84,66.18,46412.56,0.5185,0.37909,0,0.0066,0.194,0.091,0.0495,0.0,-0.0289
5728,70,West,Business,Retail,2026Q1,104235.29,664.0,39.7,20.3,54.72,189451.05,0.352,0.03922,0,-0.042,-0.0072,-0.0003,-0.0182,0.0049,0.0
5729,64,West,Business,IT,2026Q1,124022.14,569.0,41.42,93.01,100.0,182743.21,0.4005,0.24252,0,-0.119,0.1439,0.0057,0.0925,0.0237,0.0
5730,33,South,Salaried,Transport,2026Q1,29931.3,639.0,67.85,66.03,50.19,53190.21,0.4469,0.33634,0,0.065,0.0246,0.102,0.0385,0.0,-0.0256
5731,65,South,Salaried,Construction,2026Q1,108232.29,662.0,54.54,35.84,44.51,348997.85,0.4664,0.06018,0,-0.0444,-0.0087,0.0159,-0.0114,0.0,-0.0079
5732,67,West,SelfEmployed,Retail,2026Q1,105135.5,529.0,45.69,43.01,73.67,70178.66,0.4755,0.30334,1,-0.1446,0.2057,0.0239,-0.0183,0.0252,0.0607
5733,49,West,SelfEmployed,Healthcare,2026Q1,104112.9,599.0,37.93,44.63,66.69,92479.7,0.4534,0.27601,0,-0.0207,0.0855,-0.0075,-0.0117,0.0208,0.0494
5734,46,East,Salaried,Retail,2026Q1,57139.76,720.0,62.67,22.3,71.7,47937.84,0.3733,0.053,0,-0.0016,-0.0614,0.0211,-0.0218,0.0,-0.0072
5735,29,East,Salaried,Transport,2026Q1,61157.08,705.0,44.22,9.53,52.13,85217.37,0.4597,0.07661,0,0.0232,-0.0494,0.0051,-0.0377,0.0,-0.0079
5736,35,North,Salaried,IT,2026Q1,85121.41,643.0,17.67,34.46,47.92,249103.24,0.4669,0.0709,0,0.0199,0.0059,-0.0428,-0.0161,0.0,-0.0101
5737,49,West,SelfEmployed,Transport,2026Q1,98087.05,602.0,15.86,68.47,41.43,136603.17,0.3752,0.20557,1,-0.0186,0.072,-0.0888,0.0334,0.0186,0.0441
5738,45,South,Salaried,Manufacturing,2026Q1,31706.59,595.0,35.64,12.03,65.43,81294.87,0.417,0.13103,0,0.0,0.0501,-0.0094,-0.0564,0.0,-0.0131
5739,46,South,Salaried,Construction,2026Q1,92866.21,568.0,32.2,44.53,63.62,236127.88,0.502,0.17885,0,-0.0044,0.1055,-0.0257,-0.0105,0.0,-0.0195
5740,54,South,Salaried,IT,2026Q1,103892.22,609.0,49.16,39.99,67.22,320084.87,0.4862,0.16514,0,-0.0333,0.0463,0.0208,-0.0152,0.0,-0.0152
5741,70,West,SelfEmployed,IT,2026Q1,114708.12,702.0,18.52,36.67,100.0,140192.17,0.3277,0.03566,1,-0.0309,-0.0237,-0.0166,-0.0054,0.0036,0.0082
5742,44,East,Salaried,Construction,2026Q1,76982.69,571.0,49.03,40.14,91.06,109620.44,0.451,0.25987,1,0.0052,0.1264,0.0321,-0.0227,0.0,-0.023
5743,44,West,Business,Retail,2026Q1,108808.19,527.0,32.6,63.4,59.23,321401.76,0.4377,0.44146,1,0.0067,0.2495,-0.0358,0.0376,0.0282,0.0
5744,49,North,Salaried,Manufacturing,2026Q1,82444.27,680.0,64.76,28.44,50.94,88728.81,0.2664,0.10704,0,-0.0099,-0.0319,0.0342,-0.0243,0.0,-0.0106
5745,47,West,Salaried,IT,2026Q1,46406.16,,36.04,38.69,84.89,128628.32,0.573,0.17477,0,-0.0082,0.0772,-0.0117,-0.0205,0.0167,-0.018
5746,69,West,Salaried,Retail,2026Q1,84984.15,,62.3,58.15,75.27,136064.22,0.4342,0.22862,0,-0.1523,0.1686,0.0806,0.0193,0.0235,-0.0248
5747,48,West,Salaried,Construction,2026Q1,107166.52,,46.9,28.63,66.55,169471.84,0.375,0.19276,0,-0.0107,0.0404,0.0162,-0.0347,0.0142,-0.0155
5748,60,North,Salaried,Transport,2026Q1,85858.41,591.0,40.29,64.07,73.84,110878.23,0.4444,0.1469,1,-0.0644,0.0691,0.0008,0.0213,0.0,-0.0167
5749,75,East,Business,IT,2026Q1,122788.83,617.0,27.59,75.83,40.31,207096.56,0.4024,0.05808,0,-0.0928,0.0245,-0.0216,0.0214,0.0,0.0
5750,69,West,Business,Retail,2026Q1,83149.42,,35.11,35.42,76.63,69065.92,0.5359,0.07995,0,-0.0515,0.0019,-0.0058,-0.0108,0.0065,0.0
5751,48,West,Salaried,Retail,2026Q1,89050.63,638.0,69.94,73.13,49.3,38713.1,0.5233,0.28624,0,-0.0166,0.0248,0.0993,0.0503,0.0226,-0.024
5752,45,West,SelfEmployed,IT,2026Q1,95468.08,644.0,46.42,30.86,57.53,274897.06,0.4271,0.1739,1,0.0,0.0092,0.0176,-0.0353,0.0165,0.0388
5753,40,West,Salaried,Retail,2026Q1,113251.43,622.0,34.18,13.39,75.01,217862.69,0.5098,0.11228,0,0.0133,0.0275,-0.0122,-0.0522,0.0115,-0.0126
5754,51,North,Salaried,IT,2026Q1,96523.47,491.0,52.92,84.55,78.58,297853.2,0.4846,0.58565,0,-0.0412,0.3729,0.0645,0.1033,0.0,-0.0295
5755,33,North,Business,Construction,2026Q1,98213.61,618.0,,48.71,18.27,145451.07,0.304,0.29517,1,0.052,0.0542,0.0009,-0.0027,0.0,0.0
5756,75,West,SelfEmployed,Manufacturing,2026Q1,78857.45,525.0,36.57,52.45,92.24,129086.57,0.4722,0.24939,0,-0.1893,0.1798,-0.0135,0.0056,0.0225,0.0538
5757,44,West,Business,Manufacturing,2026Q1,80656.2,563.0,41.14,34.74,79.27,249583.46,0.4129,0.24033,0,0.0055,0.1447,0.0044,-0.0374,0.0229,0.0
5758,51,North,Salaried,IT,2026Q1,120110.01,564.0,,26.93,43.89,124386.15,0.399,0.24177,1,-0.0327,0.135,0.0767,-0.0553,0.0,-0.0231
5759,53,West,SelfEmployed,Construction,2026Q1,108091.8,651.0,47.34,47.56,52.14,347050.17,0.4732,0.1307,1,-0.0327,-0.0015,0.0189,-0.004,0.0156,0.0366
5760,37,South,SelfEmployed,Healthcare,2026Q1,86108.79,,59.08,94.58,64.83,61593.37,0.6493,0.77109,1,0.0414,0.4002,0.0733,0.1063,0.0,0.0565
5761,61,West,Salaried,Manufacturing,2026Q1,123942.8,599.0,40.94,39.18,52.91,296340.73,0.3833,0.15166,0,-0.0577,0.0495,0.002,-0.0149,0.0125,-0.0137
5762,55,North,Business,Transport,2026Q1,85513.16,606.0,37.99,71.29,34.37,103885.12,0.4619,0.18298,0,-0.0447,0.0602,-0.006,0.0343,0.0,0.0
5763,47,East,Business,Healthcare,2026Q1,100368.42,665.0,71.33,94.22,42.85,153525.48,0.4289,0.28241,0,-0.0111,-0.0334,0.1038,0.0903,0.0,0.0
5764,54,West,Salaried,Healthcare,2026Q1,93583.52,619.0,30.82,44.8,73.9,215543.5,0.5939,0.12739,1,-0.0269,0.0288,-0.0191,-0.0062,0.0111,-0.0122
5765,49,East,Salaried,IT,2026Q1,77897.53,649.0,42.83,49.72,39.32,217384.62,0.3928,0.10271,0,-0.0112,0.001,0.0053,-0.0003,0.0,-0.0121
5766,50,North,Business,Transport,2026Q1,70593.17,620.0,65.79,41.27,59.26,102872.97,0.5747,0.17437,0,-0.0238,0.0488,0.0719,-0.0177,0.0,0.0
5767,43,North,Salaried,Transport,2026Q1,101791.45,728.0,40.53,35.58,69.46,257426.73,0.2532,0.04453,0,0.0024,-0.056,0.0005,-0.0082,0.0,-0.0056
5768,52,East,Salaried,Retail,2026Q1,84676.4,583.0,77.61,36.12,65.81,140644.41,0.3999,0.27548,0,-0.0412,0.1232,0.1252,-0.0348,0.0,-0.0248
5769,55,West,SelfEmployed,Construction,2026Q1,101686.29,771.0,33.67,0.0,53.33,147537.02,0.4533,0.02365,0,-0.0064,-0.0529,-0.0027,-0.0162,0.0023,0.0052
5770,41,West,SelfEmployed,IT,2026Q1,68711.03,574.0,58.11,37.86,48.22,219505.07,0.2839,0.44299,1,0.0268,0.1784,0.0839,-0.0356,0.0287,0.0701
5771,53,East,SelfEmployed,Healthcare,2026Q1,78846.26,665.0,75.29,31.38,38.27,112735.45,0.3997,0.12728,0,-0.0346,-0.025,0.0798,-0.0345,0.0,0.039
5772,29,South,Salaried,Manufacturing,2026Q1,56259.71,,51.01,49.58,67.36,51528.33,0.2932,0.08214,0,0.0356,-0.0908,0.0191,-0.0005,0.0,-0.0119
5773,64,North,Business,IT,2026Q1,104623.65,600.0,54.5,100.0,42.44,231877.11,0.3346,0.30272,0,-0.1144,0.0917,0.0519,0.0986,0.0,0.0
5774,37,East,Business,Transport,2026Q1,104594.9,608.0,61.21,57.97,100.0,160563.92,0.5793,0.27788,0,0.0468,0.0917,0.0849,0.0205,0.0,0.0
5775,31,East,Salaried,Healthcare,2026Q1,70964.74,521.0,7.07,54.11,55.44,176987.76,0.5526,0.33565,0,0.0747,0.2034,-0.1522,0.0102,0.0,-0.0256
5776,45,South,Salaried,Transport,2026Q1,58819.31,843.0,70.85,38.66,65.35,94413.47,0.3732,0.01518,0,0.0,-0.1457,0.0108,-0.0034,0.0,-0.003
5777,53,West,Salaried,Healthcare,2026Q1,56779.42,599.0,53.45,61.49,47.02,58968.22,0.5466,0.29256,0,-0.0421,0.0845,0.0442,0.0235,0.0206,-0.022
5778,47,East,Business,Transport,2026Q1,110312.65,710.0,,48.38,73.29,355820.56,0.4451,0.07626,0,-0.004,-0.0609,0.0116,-0.0014,0.0,0.0
5779,59,West,SelfEmployed,Transport,2026Q1,116024.1,566.0,50.51,29.61,22.03,311888.42,0.5343,0.30511,0,-0.0825,0.1388,0.0386,-0.05,0.0226,0.0539
5780,48,East,Business,Manufacturing,2026Q1,88814.54,519.0,15.26,57.75,68.55,186557.8,0.4961,0.27656,0,-0.0169,0.1895,-0.1076,0.0179,0.0,0.0
5781,48,North,SelfEmployed,IT,2026Q1,76003.34,571.0,62.48,26.96,55.37,217672.84,0.4232,0.39772,1,-0.0189,0.1601,0.0916,-0.064,0.0,0.0631
5782,49,West,SelfEmployed,Transport,2026Q1,89181.23,627.0,,40.12,100.0,112138.17,0.3781,0.27714,1,-0.0202,0.0413,0.0453,-0.0215,0.0203,0.0483
5783,69,East,Business,IT,2026Q1,114269.29,623.0,32.69,44.0,59.07,268776.52,0.4181,0.07168,0,-0.0605,0.0177,-0.0105,-0.005,0.0,0.0
5784,46,East,Salaried,Healthcare,2026Q1,82560.28,570.0,54.58,41.99,44.25,194547.49,0.3243,0.21676,0,-0.0055,0.1347,0.0527,-0.0191,0.0,-0.024
5785,75,East,Salaried,Manufacturing,2026Q1,122860.79,584.0,56.74,83.5,79.16,377379.81,0.4597,0.14757,1,-0.1623,0.0882,0.0464,0.0545,0.0,-0.0192
5786,72,West,SelfEmployed,Retail,2026Q1,126706.88,625.0,39.14,69.6,63.82,217398.72,0.5576,0.12328,0,-0.119,0.0305,-0.0021,0.0264,0.0141,0.0329
5787,38,West,SelfEmployed,Manufacturing,2026Q1,93926.55,562.0,68.42,22.32,31.77,193768.94,0.3898,0.42857,1,0.0483,0.2174,0.1354,-0.0828,0.0297,0.0734
5788,61,South,Salaried,Retail,2026Q1,72723.87,,46.02,27.16,93.8,106787.95,0.4409,0.15874,0,-0.0577,0.0604,0.0126,-0.0332,0.0,-0.0137
5789,44,West,SelfEmployed,Manufacturing,2026Q1,93195.37,542.0,43.55,53.32,35.13,151881.88,0.2937,0.42641,1,0.0069,0.2502,0.0175,0.0098,0.0295,0.0726
5790,52,North,SelfEmployed,Healthcare,2026Q1,96950.92,,58.72,79.67,52.07,256152.07,0.4278,0.22163,0,-0.0344,-0.0368,0.0555,0.053,0.0,0.0455
5791,33,East,Salaried,IT,2026Q1,42774.05,526.0,,40.51,66.56,90058.68,0.7068,0.29545,1,0.0726,0.231,-0.0275,-0.0264,0.0,-0.0279
5792,50,West,Salaried,Retail,2026Q1,74379.6,595.0,40.54,18.68,62.35,221269.98,0.4606,0.12946,0,-0.0173,0.0568,0.0013,-0.0504,0.0135,-0.0147
5793,75,East,Salaried,Construction,2026Q1,112547.64,653.0,29.63,53.4,77.54,254703.63,0.5052,0.04311,0,-0.051,-0.0014,-0.0093,0.0016,0.0,-0.0052
5794,42,North,SelfEmployed,Healthcare,2026Q1,56421.18,658.0,45.2,40.95,33.69,76214.08,0.3855,0.1596,0,0.011,-0.0122,0.0135,-0.0151,0.0,0.0363
5795,59,East,Salaried,Healthcare,2026Q1,78518.27,539.0,42.7,92.49,56.38,207679.63,0.5143,0.28731,1,-0.0923,0.2066,0.012,0.1031,0.0,-0.0273
5796,52,West,SelfEmployed,IT,2026Q1,92588.93,670.0,,29.89,43.53,262476.45,0.3707,0.13425,0,-0.0224,-0.0254,0.0198,-0.028,0.0122,0.0284
5797,45,South,Business,IT,2026Q1,84025.67,649.0,64.31,25.86,72.86,212371.27,0.4445,0.16899,0,0.0,0.0014,0.0518,-0.0406,0.0,0.0
5798,64,South,Business,Manufacturing,2026Q1,128165.16,662.0,58.88,38.11,79.13,153292.33,0.2879,0.0811,0,-0.0514,-0.0108,0.0251,-0.0117,0.0,0.0
5799,46,West,SelfEmployed,Healthcare,2026Q1,98810.93,610.0,50.06,26.22,53.72,187767.19,0.5311,0.17037,0,-0.005,0.0689,0.0338,-0.0545,0.0206,0.049
5800,51,South,Salaried,Healthcare,2026Q1,58480.76,,,56.12,57.63,163191.42,0.4677,0.18903,0,-0.0253,0.0031,0.0671,0.0102,0.0,-0.0178
5801,54,South,Salaried,Transport,2026Q1,69190.7,,38.04,42.37,49.88,82996.33,0.482,0.07671,0,-0.019,-0.0062,-0.0027,-0.0064,0.0,-0.0086
5802,65,West,SelfEmployed,Construction,2026Q1,123152.81,786.0,55.92,70.15,38.72,130249.8,0.3457,0.05854,0,-0.032,-0.1317,0.0122,0.0096,0.005,0.0116
5803,47,West,SelfEmployed,Retail,2026Q1,96666.47,501.0,62.64,100.0,72.57,255735.55,0.5179,0.7142,1,-0.0103,0.3816,0.0937,0.1275,0.0231,0.0601
5804,75,North,Business,Healthcare,2026Q1,66694.81,646.0,,41.64,40.85,168634.65,0.5463,0.14654,0,-0.1133,0.0043,0.0561,-0.0103,0.0,0.0
5805,31,East,Salaried,IT,2026Q1,89664.26,667.0,50.34,18.46,59.75,148765.56,0.3614,0.1062,0,0.0344,-0.0205,0.0195,-0.0446,0.0,-0.0128
5806,44,North,Business,Construction,2026Q1,90970.45,638.0,41.8,37.47,72.41,78343.47,0.4924,0.18245,1,0.0031,0.0142,0.004,-0.0179,0.0,0.0
5807,65,West,SelfEmployed,Retail,2026Q1,101929.68,687.0,48.25,31.35,30.16,170642.77,0.4136,0.06383,0,-0.0476,-0.0324,0.0103,-0.0165,0.0076,0.0177
5808,45,West,Salaried,Retail,2026Q1,60669.41,683.0,49.06,63.02,63.31,81415.35,0.5405,0.12995,1,0.0,-0.0444,0.0181,0.0157,0.0123,-0.0134
5809,53,West,SelfEmployed,Transport,2026Q1,114533.87,642.0,37.23,60.38,38.8,95404.27,0.3722,0.1285,0,-0.0337,0.012,-0.0079,0.0167,0.0161,0.038
5810,40,West,SelfEmployed,Retail,2026Q1,89462.89,,48.31,60.56,67.58,71268.58,0.3989,0.32966,0,0.0306,0.0886,0.0362,0.0278,0.0263,0.0637
5811,35,North,Business,Healthcare,2026Q1,80163.5,,76.37,45.74,61.4,90183.48,0.5661,0.70395,1,0.0608,0.4404,0.168,-0.0104,0.0,0.0
5812,45,North,Salaried,Manufacturing,2026Q1,27263.99,766.0,21.16,40.97,45.84,65792.11,0.3738,0.02281,0,0.0,-0.0509,-0.0094,-0.0024,0.0,-0.0026
5813,59,East,Business,IT,2026Q1,95419.11,461.0,9.24,68.85,65.9,215582.66,0.5332,0.32814,1,-0.0928,0.2814,-0.1483,0.049,0.0,0.0
5814,44,West,Business,Transport,2026Q1,71100.24,663.0,23.73,72.38,70.4,92832.04,0.4838,0.11563,0,0.0029,-0.0158,-0.0386,0.0254,0.012,0.0
5815,50,West,SelfEmployed,Construction,2026Q1,82055.47,645.0,,88.48,35.74,66540.39,0.4463,0.25187,1,-0.0246,0.0092,-0.0243,0.068,0.0196,0.0464
5816,46,South,Business,Retail,2026Q1,76560.85,532.0,,71.79,62.3,52571.96,0.3315,0.31815,0,-0.0064,0.2194,-0.0517,0.0565,0.0,0.0
5817,59,West,SelfEmployed,Transport,2026Q1,111600.92,776.0,,52.84,46.17,304904.06,0.4367,0.0308,0,-0.0152,-0.0875,-0.0033,0.0011,0.0036,0.0084
5818,33,North,Salaried,Retail,2026Q1,93674.49,683.0,,28.57,74.68,287637.37,0.3635,0.07939,0,0.02,-0.0291,-0.0126,-0.0197,0.0,-0.0087
5819,50,South,Business,Construction,2026Q1,94776.21,643.0,55.21,70.09,14.64,78306.31,0.3105,0.18971,0,-0.0222,0.0114,0.042,0.034,0.0,0.0
5820,47,East,SelfEmployed,Construction,2026Q1,65567.6,534.0,32.89,48.38,68.69,31668.11,0.6071,0.35009,0,-0.0129,0.2224,-0.0332,-0.0045,0.0,0.0655
5821,41,South,Business,Healthcare,2026Q1,81575.09,727.0,29.53,54.34,33.94,227993.22,0.4936,0.05569,0,0.0055,-0.0646,-0.012,0.0026,0.0,0.0
5822,64,West,SelfEmployed,Transport,2026Q1,93760.24,732.0,16.7,48.49,50.8,215824.75,0.3024,0.02432,0,-0.0205,-0.0419,-0.0174,-0.0005,0.0034,0.0078
5823,32,East,Salaried,Construction,2026Q1,93246.88,634.0,63.92,1.27,87.4,225937.96,0.246,0.21685,0,0.0438,0.0226,0.0553,-0.096,0.0,-0.017
5824,55,West,SelfEmployed,Transport,2026Q1,94360.35,,69.43,67.69,30.08,199043.19,0.3742,0.10132,0,-0.0306,-0.1568,0.0459,0.0192,0.0112,0.0262
5825,56,West,SelfEmployed,Transport,2026Q1,120611.04,637.0,52.07,33.18,64.5,376224.21,0.566,0.13941,0,-0.0459,0.0183,0.0299,-0.0291,0.0155,0.0364
5826,47,East,Salaried,IT,2026Q1,52909.31,649.0,50.04,55.16,39.23,70002.18,0.3492,0.14041,0,-0.0067,0.0013,0.0219,0.0071,0.0,-0.0147
5827,72,East,SelfEmployed,Retail,2026Q1,108955.04,,58.53,57.67,86.9,251717.64,0.4031,0.14168,0,-0.1333,0.0439,0.0459,0.0125,0.0,0.0381
5828,56,North,Salaried,Manufacturing,2026Q1,67777.3,674.0,61.02,39.24,67.46,109942.77,0.3317,0.0816,0,-0.0278,-0.0234,0.0281,-0.0108,0.0,-0.01
5829,43,West,SelfEmployed,Healthcare,2026Q1,80537.17,660.0,29.52,68.08,100.0,215225.66,0.4502,0.20479,0,0.0078,-0.0162,-0.0318,0.0286,0.0164,0.0385
5830,58,West,Business,Healthcare,2026Q1,112343.53,,44.02,91.9,62.96,100483.33,0.4419,0.2908,0,-0.0802,0.1234,0.0163,0.0919,0.0241,0.0
5831,46,South,Salaried,Retail,2026Q1,50389.42,543.0,63.67,43.06,77.79,142824.97,0.4019,0.33964,0,-0.0066,0.2169,0.1022,-0.0196,0.0,-0.0284
5832,47,West,Business,IT,2026Q1,83567.03,607.0,39.31,40.03,57.34,130065.78,0.3231,0.14719,0,-0.0083,0.0584,-0.002,-0.018,0.0167,0.0
5833,63,West,SelfEmployed,Retail,2026Q1,97360.17,,50.52,47.52,97.87,59733.65,0.4395,0.1179,0,-0.0606,-0.0238,0.0192,-0.003,0.0114,0.0265
5834,57,West,SelfEmployed,Healthcare,2026Q1,98735.8,608.0,67.39,60.29,61.97,308345.12,0.511,0.28962,0,-0.0775,0.0922,0.1071,0.0265,0.0257,0.062
5835,63,East,Salaried,IT,2026Q1,64891.0,556.0,86.28,33.94,86.59,114614.87,0.4145,0.27311,0,-0.1163,0.1716,0.1583,-0.0426,0.0,-0.0262
5836,24,West,SelfEmployed,Healthcare,2026Q1,73071.72,615.0,,36.64,24.73,236480.19,0.4909,0.45471,1,0.1362,0.0916,0.1118,-0.0398,0.0293,0.0721
5837,55,West,Business,IT,2026Q1,108603.66,540.0,27.71,46.73,61.71,127455.13,0.4606,0.26267,1,-0.0539,0.1506,-0.0469,-0.0071,0.0208,0.0
5838,68,East,Business,Transport,2026Q1,130201.39,,,32.63,50.91,233917.49,0.6118,0.09537,0,-0.079,0.0536,-0.0061,-0.0217,0.0,0.0
5839,39,North,Salaried,Healthcare,2026Q1,42525.72,496.0,67.4,34.1,74.86,20000.0,0.5907,0.46798,1,0.0419,0.3614,0.1356,-0.047,0.0,-0.0297
5840,53,West,SelfEmployed,Transport,2026Q1,86028.53,628.0,36.05,59.52,84.67,261184.38,0.4698,0.17592,0,-0.0363,0.0339,-0.0123,0.0167,0.0175,0.0412
5841,49,South,Salaried,Manufacturing,2026Q1,79855.21,673.0,61.94,31.96,98.15,132228.59,0.4259,0.10883,0,-0.0104,-0.0249,0.0327,-0.021,0.0,-0.0112
5842,59,East,Business,Healthcare,2026Q1,107580.15,621.0,,54.07,36.51,207115.23,0.4466,0.23091,0,-0.0746,0.0499,0.0985,0.0083,0.0,0.0
5843,45,East,SelfEmployed,Healthcare,2026Q1,85827.64,,65.09,26.1,83.76,243469.48,0.4296,0.17995,0,0.0,0.0069,0.0683,-0.0497,0.0,0.0436
5844,60,East,Business,IT,2026Q1,95051.52,630.0,76.69,51.17,53.97,200867.44,0.4263,0.20818,0,-0.075,0.0326,0.0918,0.0022,0.0,0.0
5845,48,North,SelfEmployed,Transport,2026Q1,89068.02,651.0,29.78,30.46,86.25,72531.37,0.2848,0.09026,0,-0.0079,-0.001,-0.0202,-0.0234,0.0,0.0242
5846,75,East,Salaried,Transport,2026Q1,155088.7,660.0,16.97,45.94,61.14,236422.85,0.5633,0.0235,0,-0.0351,-0.0032,-0.0159,-0.0014,0.0,-0.0035
5847,55,East,Business,Transport,2026Q1,110805.42,661.0,35.42,78.44,91.64,286107.38,0.3294,0.13694,0,-0.0303,-0.0123,-0.0092,0.029,0.0,0.0
5848,75,West,Salaried,Retail,2026Q1,75739.49,697.0,48.07,31.06,47.08,90963.19,0.5175,0.04061,0,-0.0404,-0.0212,0.0048,-0.0081,0.0036,-0.0041
5849,58,North,Salaried,Construction,2026Q1,115650.84,509.0,33.39,27.92,79.42,279818.43,0.3873,0.19052,0,-0.0682,0.1619,-0.0233,-0.0484,0.0,-0.0211
5850,47,West,SelfEmployed,Manufacturing,2026Q1,116210.53,671.0,35.53,53.73,35.56,194475.66,0.3857,0.14551,0,-0.0067,-0.0292,-0.0108,0.0051,0.0134,0.0313
5851,52,East,Salaried,Manufacturing,2026Q1,97795.44,,45.71,41.06,34.8,139221.35,0.4516,0.1205,0,-0.0266,0.0545,0.0139,-0.0141,0.0,-0.0159
5852,56,South,SelfEmployed,Transport,2026Q1,117800.08,586.0,40.58,100.0,36.4,305017.62,0.458,0.40562,0,-0.0725,0.1382,0.0026,0.1207,0.0,0.0643
5853,26,South,Business,IT,2026Q1,116563.58,487.0,61.34,14.06,56.71,297296.37,0.3628,0.61916,0,0.1319,0.3973,0.1057,-0.0988,0.0,0.0
5854,62,North,Salaried,IT,2026Q1,97042.56,,48.23,48.05,55.81,108131.25,0.5443,0.30437,1,-0.1077,0.2135,0.0331,-0.0049,0.0,-0.0256
5855,53,East,Business,Healthcare,2026Q1,117861.28,,,100.0,69.64,331753.3,0.4052,0.24584,0,-0.0485,0.1262,-0.0062,0.1079,0.0,0.0
5856,57,West,SelfEmployed,Retail,2026Q1,122797.34,561.0,63.26,54.6,65.9,346007.11,0.504,0.45719,1,-0.083,0.2028,0.1061,0.0133,0.0287,0.0701
5857,58,West,SelfEmployed,Transport,2026Q1,82465.16,686.0,93.72,54.43,56.66,107287.47,0.5686,0.24914,0,-0.0721,-0.079,0.1417,0.0095,0.0211,0.0501
5858,37,South,Business,Healthcare,2026Q1,111534.5,668.0,55.36,14.09,67.12,295391.46,0.4184,0.12403,0,0.0208,-0.0216,0.0276,-0.0514,0.0,0.0
5859,52,South,Salaried,Healthcare,2026Q1,86519.17,720.0,39.42,40.22,54.93,129314.77,0.4203,0.04957,1,-0.0083,-0.0431,-0.0005,-0.0048,0.0,-0.0049
5860,51,South,Business,Construction,2026Q1,114417.78,608.0,21.41,49.79,72.1,342646.52,0.3514,0.12759,0,-0.0184,0.0397,-0.0439,-0.0003,0.0,0.0
5861,38,North,Business,Transport,2026Q1,101867.14,,43.59,1.85,41.41,265398.1,0.4257,0.0674,0,0.0137,-0.0115,0.0053,-0.0559,0.0,0.0
5862,67,North,Business,Manufacturing,2026Q1,99275.97,,28.83,68.39,70.23,289974.55,0.3806,0.30227,1,-0.1344,0.19,-0.0453,0.0403,0.0,0.0
5863,72,West,SelfEmployed,Manufacturing,2026Q1,133451.88,781.0,55.99,25.29,27.51,103241.56,0.3672,0.02098,0,-0.0258,-0.0702,0.0065,-0.008,0.0027,0.0061
5864,47,East,SelfEmployed,IT,2026Q1,78599.61,740.0,74.76,75.36,91.71,230190.24,0.423,0.14767,0,-0.0075,-0.1755,0.0711,0.0358,0.0,0.0354
5865,57,South,Business,Retail,2026Q1,107399.66,562.0,34.16,6.11,38.92,121324.45,0.3583,0.11675,0,-0.0411,0.0726,-0.0132,-0.069,0.0,0.0
5866,51,South,Business,Manufacturing,2026Q1,111989.11,727.0,38.57,61.31,37.26,313952.89,0.3275,0.04319,0,-0.0093,-0.0638,-0.0015,0.0066,0.0,0.0
5867,47,West,Business,Healthcare,2026Q1,103710.32,540.0,59.39,68.51,89.33,160577.65,0.5169,0.44855,0,-0.014,0.2653,0.095,0.055,0.0299,0.0
5868,46,North,Salaried,Healthcare,2026Q1,67302.87,,36.24,23.57,49.41,172117.19,0.4346,0.13819,0,-0.0039,0.087,-0.0105,-0.0481,0.0,-0.0171
5869,37,South,Business,Transport,2026Q1,61333.12,,19.87,66.13,87.15,144126.63,0.4185,0.14395,0,0.0291,0.0426,-0.0642,0.0254,0.0,0.0
5870,55,South,SelfEmployed,Transport,2026Q1,78741.37,558.0,,43.9,61.23,48437.72,0.5676,0.3839,0,-0.0682,0.201,0.1181,-0.0175,0.0,0.0685
5871,44,West,SelfEmployed,Transport,2026Q1,96717.86,,25.49,23.48,27.53,205186.09,0.3307,0.11244,0,0.0025,-0.0092,-0.029,-0.0322,0.0102,0.0237
5872,58,West,SelfEmployed,IT,2026Q1,105959.48,695.0,46.37,24.47,55.4,220327.6,0.3035,0.09712,0,-0.0282,-0.0405,0.008,-0.0231,0.0075,0.0175
5873,46,North,Salaried,Healthcare,2026Q1,73947.66,521.0,45.57,45.25,13.36,93132.96,0.4956,0.3718,1,-0.0064,0.234,0.0249,-0.0131,0.0,-0.0277
5874,38,East,Salaried,IT,2026Q1,66142.63,626.0,40.89,51.15,69.16,189378.31,0.6061,0.21836,0,0.026,0.0343,0.0025,0.0019,0.0,-0.0177
5875,43,West,SelfEmployed,Construction,2026Q1,77222.72,551.0,57.43,62.91,77.51,65793.1,0.5068,0.47621,1,0.014,0.2548,0.0869,0.0387,0.03,0.0748
5876,55,East,Business,IT,2026Q1,80969.06,637.0,23.28,45.22,71.63,212403.95,0.4256,0.10328,0,-0.0225,0.0096,-0.0275,-0.0042,0.0,0.0
5877,47,East,Salaried,Construction,2026Q1,94891.02,638.0,53.39,63.05,45.35,163607.98,0.4538,0.1643,0,-0.0081,0.018,0.0349,0.0212,0.0,-0.0178
5878,41,West,Business,Transport,2026Q1,68094.5,,34.0,52.71,63.93,100829.65,0.42,0.35882,0,0.0216,0.1316,-0.0244,0.0064,0.0231,0.0
5879,69,West,Business,Manufacturing,2026Q1,115431.38,607.0,48.47,48.43,33.03,278966.98,0.5385,0.11376,0,-0.0978,0.0456,0.0183,-0.0022,0.0132,0.0
5880,36,East,Salaried,Construction,2026Q1,91413.28,625.0,34.43,19.56,70.54,193028.92,0.3686,0.13861,0,0.0237,0.0256,-0.012,-0.0434,0.0,-0.013
5881,65,North,SelfEmployed,Construction,2026Q1,101949.41,571.0,49.5,26.17,72.12,84218.31,0.428,0.16071,0,-0.1018,0.1014,0.0278,-0.0483,0.0,0.0423
5882,63,North,Salaried,Retail,2026Q1,121298.55,504.0,60.94,50.24,47.31,201977.09,0.6031,0.32084,0,-0.1227,0.2626,0.0909,0.0007,0.0,-0.0283
5883,61,South,Business,Transport,2026Q1,86774.76,671.0,,60.99,44.64,89692.54,0.4295,0.11972,1,-0.0413,-0.0194,0.0073,0.0095,0.0,0.0
5884,59,East,Salaried,IT,2026Q1,65296.77,670.0,42.51,75.15,39.63,87890.66,0.4801,0.07698,1,-0.0372,-0.0195,0.004,0.0215,0.0,-0.0102
5885,42,East,Salaried,Retail,2026Q1,32463.51,667.0,34.88,60.77,90.73,53722.84,0.3457,0.10896,1,0.0076,-0.0189,-0.01,0.0115,0.0,-0.0118
5886,45,East,Salaried,Transport,2026Q1,90195.94,550.0,49.23,64.13,45.05,129992.02,0.4085,0.3043,0,0.0,0.1983,0.0408,0.0376,0.0,-0.0278
5887,72,South,Business,IT,2026Q1,80414.85,602.0,63.52,69.64,83.89,55036.71,0.4464,0.1876,0,-0.1416,0.0674,0.0613,0.0332,0.0,0.0
5888,62,East,Salaried,Retail,2026Q1,120516.35,,46.39,43.57,56.72,337193.78,0.4909,0.36432,0,-0.1057,0.2083,0.0253,-0.016,0.0,-0.025
5889,56,East,Salaried,Retail,2026Q1,117705.68,760.0,69.96,69.33,31.43,99086.95,0.3631,0.06263,0,-0.0198,-0.1158,0.026,0.0118,0.0,-0.0071
5890,45,West,SelfEmployed,Construction,2026Q1,89401.55,528.0,43.52,63.62,45.95,135029.69,0.3554,0.48745,1,0.0,0.2966,0.0176,0.0408,0.03,0.0747
5891,41,South,Business,Retail,2026Q1,73436.77,703.0,78.33,64.98,56.03,197777.21,0.4359,0.17572,0,0.0164,-0.1045,0.0901,0.0257,0.0,0.0
5892,38,South,SelfEmployed,Healthcare,2026Q1,44883.09,565.0,16.33,53.17,47.45,94774.56,0.466,0.27363,0,0.0376,0.1467,-0.104,0.0076,0.0,0.0561
5893,43,West,SelfEmployed,Construction,2026Q1,89979.41,639.0,38.96,59.38,74.11,217099.54,0.5137,0.22223,1,0.0095,0.0201,-0.0036,0.0188,0.02,0.0473
5894,48,North,Business,Transport,2026Q1,94000.21,601.0,34.49,52.39,50.15,271434.38,0.3087,0.18184,0,-0.0123,0.0637,-0.0162,0.004,0.0,0.0
5895,53,East,Business,Construction,2026Q1,102996.79,,46.11,14.55,61.58,205782.62,0.3587,0.15504,1,-0.0287,0.0597,0.0138,-0.0585,0.0,0.0
5896,64,West,Salaried,Manufacturing,2026Q1,103344.31,646.0,57.2,79.93,53.78,224352.93,0.3712,0.13613,0,-0.081,0.0055,0.0388,0.0403,0.0147,-0.0159
5897,74,East,Salaried,Retail,2026Q1,83002.23,580.0,89.01,70.45,53.39,230840.64,0.275,0.31467,0,-0.1896,0.1316,0.1579,0.048,0.0,-0.0254
5898,67,East,Business,Transport,2026Q1,107475.57,508.0,49.52,52.8,48.45,312634.25,0.5171,0.25319,1,-0.1448,0.2266,0.0395,0.0072,0.0,0.0
5899,37,South,Salaried,Manufacturing,2026Q1,72118.35,607.0,61.56,65.22,52.84,207973.01,0.3927,0.32661,0,0.0466,0.093,0.0856,0.0383,0.0,-0.0266
5900,43,West,Salaried,Healthcare,2026Q1,115826.4,,34.92,36.74,85.78,98663.02,0.3658,0.05876,0,0.0034,-0.0372,-0.0066,-0.0106,0.0071,-0.0079
5901,40,West,SelfEmployed,Transport,2026Q1,94219.73,619.0,43.01,32.92,57.17,113839.83,0.4371,0.22719,0,0.024,0.0553,0.0106,-0.0386,0.0207,0.0492
5902,63,East,Salaried,Retail,2026Q1,95492.06,554.0,58.85,39.46,69.78,114836.51,0.3639,0.23603,0,-0.0982,0.1305,0.0578,-0.0224,0.0,-0.0213
5903,60,West,SelfEmployed,Manufacturing,2026Q1,79867.52,806.0,23.73,44.54,72.98,249838.63,0.339,0.02168,0,-0.0086,-0.0708,-0.0064,-0.0011,0.0019,0.0044
5904,46,North,Business,Healthcare,2026Q1,115526.96,619.0,29.69,49.03,39.62,137827.64,0.506,0.12962,0,-0.0033,0.0352,-0.026,-0.0014,0.0,0.0
5905,50,West,Business,Manufacturing,2026Q1,126558.97,560.0,49.26,18.88,37.1,237130.26,0.3212,0.24881,0,-0.0263,0.1336,0.0319,-0.074,0.021,0.0
5906,54,West,Salaried,IT,2026Q1,57586.05,,45.37,5.16,30.1,27668.02,0.3171,0.02082,0,-0.0056,-0.047,0.002,-0.0138,0.0022,-0.0025
5907,57,West,SelfEmployed,IT,2026Q1,62154.85,500.0,51.47,20.23,43.56,81032.72,0.5079,0.34,1,-0.0832,0.295,0.0544,-0.0885,0.0288,0.0705
5908,65,North,SelfEmployed,Healthcare,2026Q1,103701.7,555.0,21.08,30.26,72.6,209601.65,0.6017,0.15025,0,-0.0836,0.0883,-0.0532,-0.0318,0.0,0.0332
5909,54,East,Business,Manufacturing,2026Q1,96251.01,,42.54,75.72,24.03,132841.33,0.481,0.13212,0,-0.0241,-0.0414,0.0043,0.0235,0.0,0.0
5910,49,North,Salaried,Transport,2026Q1,105732.1,553.0,43.91,5.92,67.8,291695.87,0.4674,0.19862,0,-0.0166,0.1058,0.0109,-0.0889,0.0,-0.0178
5911,56,North,SelfEmployed,Healthcare,2026Q1,74170.43,668.0,51.08,62.96,41.75,83200.73,0.5538,0.13587,0,-0.0424,-0.0262,0.0253,0.0182,0.0,0.0333
5912,49,North,Salaried,Manufacturing,2026Q1,63200.04,,61.55,25.22,70.58,181893.48,0.3466,0.08251,0,-0.0094,-0.0259,0.0291,-0.0271,0.0,-0.0102
5913,56,North,Salaried,Transport,2026Q1,58990.67,759.0,48.72,39.44,47.99,190426.6,0.4711,0.02581,0,-0.0099,-0.0602,0.0044,-0.0037,0.0,-0.0035
5914,49,East,Business,Transport,2026Q1,77172.51,690.0,30.43,52.44,69.2,103766.61,0.4545,0.07264,0,-0.0072,-0.0325,-0.0127,0.0018,0.0,0.0
5915,65,West,Salaried,IT,2026Q1,97532.37,587.0,53.18,49.34,72.58,259856.11,0.5235,0.17527,0,-0.0952,0.0785,0.0346,-0.0011,0.0165,-0.0179
5916,65,North,Business,Retail,2026Q1,82204.24,568.0,19.97,62.66,43.68,249505.64,0.6205,0.10709,0,-0.0796,0.0755,-0.054,0.0168,0.0,0.0
5917,49,North,Salaried,IT,2026Q1,138473.35,,49.56,0.0,51.78,420000.0,0.4094,0.21024,0,-0.0179,0.1208,0.0278,-0.1096,0.0,-0.0192
5918,74,East,Business,Manufacturing,2026Q1,72341.49,,55.72,92.72,47.65,140643.92,0.4382,0.34392,0,-0.1948,0.1953,0.0644,0.1004,0.0,0.0
5919,54,East,Salaried,Healthcare,2026Q1,74865.77,645.0,46.98,68.05,55.98,134720.21,0.4198,0.12901,0,-0.031,0.0061,0.0149,0.0224,0.0,-0.0141
5920,56,East,Business,Manufacturing,2026Q1,105653.92,497.0,58.47,32.95,56.52,190059.35,0.5724,0.40832,0,-0.0756,0.2891,0.0845,-0.0499,0.0,0.0
5921,67,East,Business,IT,2026Q1,134457.63,629.0,26.85,63.99,69.55,217685.0,0.3198,0.07034,0,-0.0592,0.0156,-0.0218,0.0116,0.0,0.0
5922,74,West,SelfEmployed,Healthcare,2026Q1,92392.01,487.0,84.27,76.39,100.0,151557.66,0.5731,0.71604,1,-0.1546,0.4154,0.2155,0.0744,0.0275,0.0703
5923,64,South,SelfEmployed,Healthcare,2026Q1,68468.48,635.0,33.22,100.0,85.24,163631.65,0.2522,0.14011,0,-0.0902,0.0225,-0.0204,0.0706,0.0,0.0391
5924,55,East,Business,Transport,2026Q1,82093.26,581.0,6.3,67.63,31.1,181950.41,0.484,0.12541,0,-0.0343,0.0629,-0.0947,0.0216,0.0,0.0
5925,47,West,SelfEmployed,Retail,2026Q1,119397.78,661.0,27.51,44.33,37.75,366682.02,0.3392,0.11702,0,-0.0059,-0.0131,-0.0283,-0.0072,0.0118,0.0275
5926,55,East,Business,Construction,2026Q1,63826.62,434.0,94.93,43.08,69.62,78020.05,0.4782,0.74893,1,-0.0471,0.5327,0.2459,-0.0147,0.0,0.0
5927,58,North,SelfEmployed,IT,2026Q1,115092.4,682.0,65.44,22.7,42.25,248000.54,0.3793,0.10222,0,-0.0382,-0.0368,0.0378,-0.0339,0.0,0.0242
5928,56,South,Salaried,Transport,2026Q1,91631.95,619.0,27.72,73.68,45.99,60704.51,0.4558,0.10188,0,-0.0364,0.0315,-0.0283,0.0268,0.0,-0.0132
5929,49,West,Business,IT,2026Q1,102394.4,586.0,66.79,59.27,36.98,145062.2,0.4618,0.33365,1,-0.0261,0.1414,0.1117,0.0251,0.027,0.0
5930,43,North,Salaried,Healthcare,2026Q1,96385.33,654.0,68.46,61.42,56.11,81373.02,0.5339,0.17856,0,0.009,-0.0073,0.0778,0.0215,0.0,-0.0203
5931,54,West,Salaried,Construction,2026Q1,71261.78,,24.76,55.84,32.99,73250.86,0.3273,0.07965,1,-0.0211,0.0016,-0.0261,0.0051,0.0086,-0.0095
5932,44,North,Salaried,Healthcare,2026Q1,93296.26,,67.52,0.0,81.88,226995.66,0.4757,0.38937,1,0.0062,0.2207,0.1089,-0.1431,0.0,-0.0271
5933,33,West,SelfEmployed,Healthcare,2026Q1,76638.87,629.0,41.4,26.76,75.22,159655.25,0.4519,0.2461,1,0.0539,0.0382,0.0049,-0.0529,0.0205,0.0487
5934,41,East,Salaried,Construction,2026Q1,49326.37,668.0,59.17,0.0,27.31,106123.6,0.3907,0.06911,0,0.0083,-0.0168,0.0255,-0.0599,0.0,-0.0098
5935,46,West,Salaried,Manufacturing,2026Q1,75816.76,510.0,63.36,57.76,72.14,161585.58,0.4807,0.51908,0,-0.007,0.3355,0.1159,0.0232,0.03,-0.0297
5936,42,North,Salaried,Transport,2026Q1,73116.5,632.0,63.0,32.78,70.59,199608.18,0.4125,0.17659,0,0.0119,0.0271,0.0575,-0.0322,0.0,-0.0182
5937,53,West,SelfEmployed,Healthcare,2026Q1,47680.77,,44.78,46.19,68.01,74187.47,0.5331,0.08521,0,-0.0211,-0.0589,0.0079,-0.004,0.0098,0.0228
5938,37,East,SelfEmployed,Manufacturing,2026Q1,59742.99,630.0,34.83,43.14,62.62,28868.44,0.4959,0.1864,0,0.0333,0.0328,-0.017,-0.0135,0.0,0.0436
5939,38,West,SelfEmployed,Manufacturing,2026Q1,87062.86,586.0,56.4,89.28,60.47,219165.52,0.4928,0.5992,1,0.0489,0.1728,0.0818,0.1172,0.0299,0.0749
5940,65,West,Business,Construction,2026Q1,112229.37,525.0,61.13,35.98,67.67,197652.78,0.6499,0.25621,0,-0.1315,0.2128,0.084,-0.0376,0.0255,0.0
5941,61,North,Business,Transport,2026Q1,124915.34,543.0,55.46,38.35,38.05,135521.86,0.45,0.27383,0,-0.0946,0.1617,0.0548,-0.0277,0.0,0.0
5942,54,North,Business,Retail,2026Q1,122855.7,590.0,46.99,26.46,49.38,144414.8,0.5096,0.11804,0,-0.0362,0.069,0.0176,-0.041,0.0,0.0
5943,66,North,Salaried,IT,2026Q1,79427.39,671.0,,25.23,89.01,209420.95,0.3653,0.05962,0,-0.041,-0.0137,0.017,-0.0182,0.0,-0.0068
5944,43,North,Business,Construction,2026Q1,76516.46,658.0,21.91,39.87,60.55,156845.97,0.4202,0.06783,0,0.0039,-0.0066,-0.0304,-0.0092,0.0,0.0
5945,59,North,Salaried,Retail,2026Q1,60852.17,591.0,59.7,37.32,65.38,155173.79,0.4215,0.18915,1,-0.0632,0.0741,0.0491,-0.0228,0.0,-0.0178
5946,48,West,SelfEmployed,Healthcare,2026Q1,96477.65,562.0,44.72,54.05,92.88,184176.71,0.4633,0.46269,0,-0.0199,0.19,0.0219,0.0113,0.0277,0.0675
5947,67,South,Business,Transport,2026Q1,101551.92,576.0,65.78,11.77,75.47,122347.78,0.5126,0.15383,0,-0.0986,0.0799,0.0563,-0.07,0.0,0.0
5948,53,North,Business,Construction,2026Q1,119800.54,,50.56,21.66,100.0,175710.93,0.408,0.07046,0,-0.0131,-0.0346,0.0102,-0.021,0.0,0.0
5949,41,West,Salaried,Manufacturing,2026Q1,91667.54,514.0,57.63,54.15,55.52,206291.01,0.5013,0.54613,0,0.028,0.3229,0.0876,0.0124,0.03,-0.0299
5950,65,East,Salaried,Construction,2026Q1,103451.39,619.0,57.33,19.71,53.42,212505.89,0.3864,0.0977,0,-0.0579,0.0245,0.0248,-0.0347,0.0,-0.0104
5951,46,South,Business,Healthcare,2026Q1,84569.94,581.0,42.03,45.48,56.0,179377.01,0.3591,0.19446,1,-0.0049,0.1056,0.007,-0.0096,0.0,0.0
5952,37,West,Business,Manufacturing,2026Q1,104064.7,661.0,35.99,52.95,68.93,223467.98,0.4084,0.17193,0,0.0257,-0.0157,-0.0102,0.0043,0.0143,0.0
5953,67,West,Business,Construction,2026Q1,111356.01,601.0,62.97,43.25,79.05,310579.97,0.3835,0.18972,0,-0.1083,0.0659,0.0577,-0.0122,0.0169,0.0
5954,57,East,Business,Retail,2026Q1,106720.29,530.0,53.19,41.35,69.67,299752.72,0.5497,0.27024,0,-0.0759,0.2021,0.0533,-0.0226,0.0,0.0
5955,41,East,Business,IT,2026Q1,53170.05,723.0,,51.26,75.55,44702.33,0.4243,0.07291,0,0.0083,-0.0867,0.0174,0.0012,0.0,0.0
5956,49,North,Salaried,Healthcare,2026Q1,87020.83,630.0,62.75,28.42,41.95,158808.27,0.4086,0.13403,0,-0.0145,0.0254,0.0482,-0.0353,0.0,-0.0156
5957,49,East,Business,Retail,2026Q1,95976.1,626.0,57.91,89.22,56.79,171209.43,0.448,0.24503,0,-0.0229,0.0494,0.0655,0.0835,0.0,0.0
5958,41,East,SelfEmployed,Retail,2026Q1,78920.05,520.0,69.76,32.01,79.7,121123.78,0.4706,0.56124,1,0.0277,0.3285,0.1477,-0.052,0.0,0.0746
5959,41,East,Salaried,Construction,2026Q1,62435.54,592.0,42.39,69.12,57.23,42964.64,0.3515,0.28109,0,0.021,0.1036,0.0091,0.0417,0.0,-0.0238
5960,49,East,Salaried,IT,2026Q1,52394.91,565.0,56.55,64.18,33.87,147624.62,0.4368,0.313,1,-0.0249,0.1647,0.0676,0.036,0.0,-0.0267
5961,61,East,Salaried,Transport,2026Q1,89917.38,,69.38,2.69,84.56,262552.51,0.4291,0.11953,0,-0.0542,0.0395,0.0478,-0.0717,0.0,-0.0128
5962,60,East,SelfEmployed,IT,2026Q1,59077.08,487.0,38.11,21.6,42.33,47566.57,0.5465,0.29329,1,-0.0996,0.2622,-0.0086,-0.0802,0.0,0.064
5963,44,North,Business,Healthcare,2026Q1,86490.04,623.0,32.53,55.83,57.29,52742.19,0.31,0.17993,0,0.0036,0.0348,-0.0205,0.0089,0.0,0.0
5964,60,South,Business,Healthcare,2026Q1,94875.38,671.0,46.44,95.81,60.99,280142.98,0.3853,0.14628,0,-0.0545,-0.028,0.0137,0.0498,0.0,0.0
5965,67,East,Salaried,Transport,2026Q1,119971.33,577.0,48.59,65.04,24.18,272457.01,0.5405,0.23987,0,-0.1081,0.0895,0.0238,0.0249,0.0,-0.0182
5966,41,West,SelfEmployed,Transport,2026Q1,114648.89,,51.65,77.01,39.64,301936.87,0.4054,0.29714,1,0.0246,0.0405,0.05,0.0683,0.0263,0.0635
5967,58,West,SelfEmployed,Construction,2026Q1,68860.43,544.0,60.65,42.45,50.5,178664.52,0.5335,0.35131,1,-0.0896,0.228,0.0939,-0.0219,0.0284,0.0694
5968,51,East,Salaried,Construction,2026Q1,96071.46,729.0,56.51,83.24,78.63,203808.31,0.4347,0.06817,0,-0.014,-0.0962,0.0224,0.0263,0.0,-0.0098
5969,47,East,Business,Retail,2026Q1,81347.95,,89.81,74.49,64.76,53025.8,0.5278,0.6593,0,-0.0133,0.2797,0.2438,0.0718,0.0,0.0
5970,51,East,Salaried,IT,2026Q1,73380.41,602.0,,0.0,100.0,206338.09,0.4238,0.11989,0,-0.0226,0.0555,0.0589,-0.093,0.0,-0.0159
5971,59,South,Business,Healthcare,2026Q1,95261.84,560.0,38.3,37.92,98.74,200058.66,0.3429,0.16653,0,-0.0647,0.1035,-0.005,-0.0222,0.0,0.0
5972,36,East,Salaried,Construction,2026Q1,91823.52,551.0,62.34,33.56,55.23,281877.43,0.4491,0.31788,1,0.0575,0.2099,0.0987,-0.0475,0.0,-0.0287
5973,50,East,Business,Manufacturing,2026Q1,93958.87,723.0,47.42,24.11,63.75,217687.33,0.4425,0.04559,0,-0.0064,-0.0502,0.006,-0.0154,0.0,0.0
5974,46,West,Salaried,Retail,2026Q1,85032.63,715.0,58.32,52.7,41.5,158395.28,0.4951,0.09498,0,-0.0024,-0.0793,0.0263,0.0027,0.0095,-0.0105
5975,51,South,Salaried,Construction,2026Q1,51851.99,582.0,53.17,82.5,44.64,20972.09,0.3815,0.32016,1,-0.0366,0.1321,0.0525,0.0755,0.0,-0.0259
5976,48,South,SelfEmployed,Transport,2026Q1,66608.54,848.0,19.79,44.1,42.21,105835.05,0.3319,0.01207,0,-0.0011,-0.0867,-0.006,-0.0009,0.0,0.0032
5977,42,North,SelfEmployed,Healthcare,2026Q1,71848.95,691.0,36.64,32.44,24.72,159362.81,0.3827,0.0758,0,0.0068,-0.045,-0.0057,-0.0191,0.0,0.0221
5978,71,South,Salaried,IT,2026Q1,99960.29,686.0,50.45,53.94,38.54,64577.56,0.5472,0.05488,0,-0.0486,-0.0227,0.0091,0.0022,0.0,-0.0061
5979,22,East,Salaried,Transport,2026Q1,67930.09,617.0,60.09,56.66,89.53,188715.66,0.4284,0.3612,1,0.1316,0.0786,0.0864,0.0182,0.0,-0.028
5980,57,West,SelfEmployed,Retail,2026Q1,84796.57,698.0,30.37,55.33,71.74,217536.82,0.4346,0.07489,0,-0.0267,-0.0455,-0.0144,0.0043,0.0078,0.0182
5981,57,South,Salaried,Manufacturing,2026Q1,112566.74,625.0,70.22,19.41,20.01,281936.42,0.4522,0.11383,0,-0.0432,0.0282,0.0548,-0.0477,0.0,-0.0143
5982,51,North,Business,Healthcare,2026Q1,91995.82,550.0,62.41,75.98,50.49,277305.25,0.2848,0.45367,0,-0.0417,0.2313,0.1054,0.0746,0.0,0.0
5983,53,South,Business,Retail,2026Q1,86303.67,615.0,32.3,13.03,75.2,209360.35,0.4626,0.09649,0,-0.019,0.0253,-0.0127,-0.0411,0.0,0.0
5984,57,East,Business,Retail,2026Q1,117852.68,587.0,47.92,23.65,46.27,189673.66,0.4384,0.12997,0,-0.0475,0.0681,0.0189,-0.0444,0.0,0.0
5985,45,West,Salaried,Manufacturing,2026Q1,89288.71,533.0,62.47,65.02,66.29,100355.94,0.3839,0.43142,1,0.0,0.2809,0.1101,0.0449,0.0299,-0.03
5986,46,West,SelfEmployed,Construction,2026Q1,53087.95,686.0,67.04,76.27,12.35,63316.07,0.5866,0.2762,1,-0.0053,-0.0813,0.0875,0.0544,0.0218,0.052
5987,47,West,Business,Retail,2026Q1,121882.28,629.0,26.37,37.32,26.18,256129.81,0.5539,0.08293,0,-0.0057,0.0208,-0.0299,-0.0159,0.0113,0.0
5988,56,East,Business,Retail,2026Q1,91623.04,612.0,37.59,34.35,47.14,226545.42,0.4655,0.09477,0,-0.0343,0.0352,-0.0049,-0.02,0.0,0.0
5989,56,West,SelfEmployed,Construction,2026Q1,90501.34,736.0,64.59,34.22,61.55,227199.87,0.4097,0.06793,0,-0.025,-0.1,0.0285,-0.0146,0.0081,0.0188
5990,39,East,Salaried,Transport,2026Q1,55264.71,629.0,29.84,23.2,66.19,197030.22,0.5565,0.08707,1,0.0142,0.019,-0.0199,-0.0329,0.0,-0.0113
5991,50,West,Business,Healthcare,2026Q1,88242.72,702.0,57.64,34.96,21.83,230066.47,0.4994,0.09642,0,-0.0116,-0.0566,0.0239,-0.0152,0.0089,0.0
5992,44,West,SelfEmployed,Manufacturing,2026Q1,52676.88,546.0,47.9,27.55,58.38,149607.98,0.4402,0.435,0,0.0066,0.2186,0.0367,-0.0654,0.028,0.0681
5993,40,East,Business,Healthcare,2026Q1,92265.62,564.0,44.71,27.55,78.48,162054.99,0.4688,0.2976,1,0.0261,0.1405,0.0178,-0.0552,0.0,0.0
5994,45,South,SelfEmployed,Transport,2026Q1,73004.55,,10.48,40.59,34.07,88831.93,0.4909,0.10248,0,0.0,0.0323,-0.077,-0.0124,0.0,0.0281
5995,38,West,Salaried,IT,2026Q1,64494.15,624.0,65.07,50.13,59.14,129514.53,0.3825,0.33257,0,0.0374,0.0534,0.0884,0.0003,0.0233,-0.0246
5996,31,East,Salaried,Construction,2026Q1,81519.43,638.0,36.2,64.37,62.33,63733.73,0.6355,0.157,0,0.0532,0.0195,-0.012,0.0251,0.0,-0.0192
5997,51,West,SelfEmployed,Retail,2026Q1,97933.44,686.0,38.47,46.53,74.25,217816.73,0.4818,0.10696,1,-0.0166,-0.0427,-0.0029,-0.0039,0.0106,0.0246
5998,61,East,Salaried,Healthcare,2026Q1,90644.83,850.0,55.72,47.55,66.18,163315.55,0.3219,0.01213,0,-0.0065,-0.0851,0.0031,-0.0003,0.0,-0.0015
5999,47,West,Business,Retail,2026Q1,128529.93,508.0,48.09,41.85,59.08,190485.83,0.75,0.50319,0,-0.0138,0.2962,0.0393,-0.0242,0.0292,0.0
6000,61,West,SelfEmployed,IT,2026Q1,77633.49,576.0,,28.07,52.73,72377.75,0.4148,0.23571,1,-0.0862,0.1088,0.0262,-0.0484,0.0199,0.0471
6001,59,East,Salaried,Construction,2026Q1,90097.37,,45.63,45.1,59.1,155642.52,0.5134,0.11415,0,-0.0365,0.0043,0.0085,-0.0048,0.0,-0.01
6002,41,West,SelfEmployed,Retail,2026Q1,103565.06,751.0,39.09,59.15,95.71,265518.99,0.3542,0.06953,0,0.0079,-0.1294,-0.0014,0.0078,0.0084,0.0196
6003,41,West,SelfEmployed,Transport,2026Q1,108142.6,603.0,38.04,58.26,36.29,183059.15,0.4077,0.3347,1,0.023,0.0968,-0.0083,0.0204,0.0246,0.0592
6004,35,West,SelfEmployed,Manufacturing,2026Q1,48656.77,616.0,57.49,32.93,38.49,46933.74,0.4753,0.37146,1,0.0582,0.0762,0.0716,-0.0464,0.0258,0.0621
6005,53,East,Business,Retail,2026Q1,85280.66,590.0,32.89,45.18,64.23,254898.32,0.4599,0.16577,0,-0.0313,0.0675,-0.0193,-0.0076,0.0,0.0
6006,56,West,Business,Transport,2026Q1,121687.26,654.0,37.56,65.31,33.08,280030.94,0.4311,0.10019,0,-0.0351,-0.0045,-0.005,0.0173,0.0116,0.0
6007,50,West,Salaried,Transport,2026Q1,72408.94,616.0,48.79,55.0,31.11,184645.99,0.4593,0.17813,1,-0.0221,0.05,0.0251,0.0089,0.0174,-0.0188
6008,42,East,SelfEmployed,Healthcare,2026Q1,82651.03,673.0,57.96,32.25,100.0,42663.33,0.4951,0.17374,0,0.0109,-0.0366,0.0422,-0.0304,0.0,0.036
6009,50,North,Salaried,Transport,2026Q1,72086.62,701.0,35.92,19.4,62.73,155480.12,0.5111,0.0439,0,-0.0055,-0.027,-0.0031,-0.0161,0.0,-0.0047
6010,58,North,Salaried,Transport,2026Q1,87804.09,592.0,34.9,0.0,69.94,147430.51,0.7136,0.06476,0,-0.0298,0.0344,-0.0075,-0.0543,0.0,-0.0089
6011,57,West,Salaried,Healthcare,2026Q1,24864.15,,43.33,77.03,57.4,53118.69,0.5108,0.07853,0,-0.033,-0.036,0.0056,0.0244,0.0098,-0.0108
6012,56,North,Business,IT,2026Q1,94356.53,567.0,33.66,98.49,77.6,203683.45,0.438,0.34057,0,-0.0674,0.1496,-0.0268,0.1045,0.0,0.0
6013,54,West,Business,Healthcare,2026Q1,98393.81,633.0,45.99,64.25,65.39,188335.65,0.3826,0.19371,0,-0.0381,0.0245,0.016,0.0225,0.0161,0.0
6014,63,West,SelfEmployed,Retail,2026Q1,92524.47,572.0,12.06,29.09,39.96,65760.54,0.5278,0.14747,0,-0.0645,0.0657,-0.0729,-0.0293,0.0122,0.0284
6015,40,East,Business,Construction,2026Q1,89033.96,505.0,72.0,41.03,67.95,217185.74,0.4601,0.65656,1,0.0345,0.3607,0.1586,-0.026,0.0,0.0
6016,44,South,Salaried,Transport,2026Q1,51741.82,680.0,46.85,34.03,46.8,24844.17,0.3561,0.08334,0,0.0021,-0.0283,0.0096,-0.0155,0.0,-0.0094
6017,40,West,SelfEmployed,Healthcare,2026Q1,84957.72,548.0,19.3,40.93,52.89,123726.55,0.3626,0.25548,1,0.0292,0.1833,-0.0949,-0.0238,0.0252,0.0605
6018,46,East,Business,Retail,2026Q1,122174.06,567.0,38.67,54.91,47.33,275898.68,0.4409,0.31635,0,-0.0055,0.1375,-0.0052,0.0112,0.0,0.0
6019,66,North,Salaried,Healthcare,2026Q1,118750.79,593.0,48.83,58.01,27.98,142959.19,0.3273,0.14403,0,-0.0898,0.0627,0.0208,0.0116,0.0,-0.0157
6020,42,East,Business,Healthcare,2026Q1,101565.07,747.0,,26.99,73.6,90933.01,0.4459,0.05843,0,0.0034,-0.0732,0.0047,-0.013,0.0,0.0
6021,42,West,SelfEmployed,Manufacturing,2026Q1,86611.54,728.0,26.59,55.1,31.11,109588.36,0.3039,0.06544,0,0.0056,-0.0856,-0.0209,0.0041,0.0079,0.0184
6022,32,East,Salaried,Transport,2026Q1,52069.13,504.0,67.63,0.0,60.68,50241.92,0.5483,0.50701,1,0.0884,0.3156,0.1314,-0.148,0.0,-0.0299
6023,57,East,Business,Manufacturing,2026Q1,93478.47,534.0,61.54,79.86,12.82,201387.78,0.5772,0.39924,1,-0.0837,0.2621,0.1024,0.0859,0.0,0.0
6024,50,North,Salaried,Transport,2026Q1,96651.32,,26.88,17.79,79.99,169440.88,0.3804,0.02544,0,-0.0029,-0.0347,-0.0057,-0.009,0.0,-0.0024
6025,65,East,Salaried,Healthcare,2026Q1,91987.93,,,49.31,61.82,206752.22,0.2286,0.01904,0,-0.0179,-0.0599,0.0056,-0.0002,0.0,-0.0031
6026,66,West,Salaried,Transport,2026Q1,133537.7,651.0,33.03,59.08,55.04,310724.33,0.5743,0.07135,0,-0.0496,-0.0007,-0.0097,0.0068,0.0075,-0.0083
6027,38,North,Business,Construction,2026Q1,53844.96,,25.95,52.72,58.91,58413.87,0.4394,0.14577,0,0.0231,0.0292,-0.0391,0.0041,0.0,0.0
6028,49,West,Business,Healthcare,2026Q1,91432.0,614.0,33.03,59.3,65.97,84011.23,0.5082,0.15585,0,-0.0165,0.0493,-0.0207,0.0153,0.0164,0.0
6029,64,North,SelfEmployed,Construction,2026Q1,91594.2,603.0,59.45,76.71,70.7,154112.37,0.3431,0.27743,1,-0.1179,0.0912,0.071,0.0596,0.0,0.056
6030,42,South,Business,Manufacturing,2026Q1,102854.13,533.0,31.43,34.5,76.03,167223.58,0.5937,0.25546,0,0.0167,0.184,-0.0359,-0.0391,0.0,0.0
6031,61,North,Salaried,Transport,2026Q1,108803.05,674.0,51.84,52.97,82.71,153111.55,0.2448,0.07161,0,-0.0377,-0.0205,0.0149,0.0024,0.0,-0.0088
6032,23,South,Salaried,Healthcare,2026Q1,33625.0,554.0,24.66,34.01,98.23,60565.95,0.3409,0.29524,0,0.1092,0.1655,-0.0669,-0.041,0.0,-0.0253
6033,49,South,Salaried,Construction,2026Q1,56048.41,662.0,58.47,72.99,64.02,138765.39,0.534,0.13914,0,-0.0155,-0.0184,0.0433,0.0335,0.0,-0.0167
6034,43,East,Business,Manufacturing,2026Q1,75873.5,,42.82,44.68,45.43,38068.86,0.3485,0.16935,0,0.0078,0.0421,0.0079,-0.0093,0.0,0.0
6035,62,West,SelfEmployed,Healthcare,2026Q1,109784.78,692.0,54.19,45.16,61.43,316409.22,0.4852,0.10781,1,-0.05,-0.0483,0.022,-0.0052,0.0099,0.0231
6036,46,South,Salaried,Healthcare,2026Q1,85360.99,571.0,27.7,43.06,14.39,215608.25,0.505,0.15204,0,-0.0041,0.0928,-0.0382,-0.0123,0.0,-0.0179
6037,59,South,Salaried,Manufacturing,2026Q1,59838.8,531.0,81.74,55.42,34.57,163209.38,0.5309,0.44114,1,-0.0976,0.2637,0.185,0.0159,0.0,-0.0297
6038,56,South,SelfEmployed,Retail,2026Q1,99788.12,549.0,78.32,45.93,64.26,110385.63,0.5637,0.41936,1,-0.0768,0.2433,0.1778,-0.0122,0.0,0.0734
6039,42,North,Business,IT,2026Q1,91750.18,617.0,6.71,45.86,49.11,298979.68,0.3539,0.12727,0,0.0072,0.0278,-0.0766,-0.0045,0.0,0.0
6040,60,North,Salaried,Healthcare,2026Q1,89042.48,607.0,67.95,39.36,71.16,126064.7,0.5853,0.18071,0,-0.0676,0.0568,0.0652,-0.0188,0.0,-0.0176
6041,56,South,Business,Transport,2026Q1,112094.85,531.0,50.06,42.13,56.47,269979.82,0.4602,0.25312,0,-0.0685,0.1968,0.0406,-0.0202,0.0,0.0
6042,33,South,Salaried,Manufacturing,2026Q1,69890.74,,55.32,50.01,62.26,52849.49,0.5138,0.41374,0,0.0705,0.1429,0.0647,0.0,0.0,-0.0273
6043,56,North,Business,Manufacturing,2026Q1,102956.1,623.0,54.39,70.15,52.49,268787.52,0.5854,0.20322,0,-0.0525,0.0421,0.0409,0.0349,0.0,0.0
6044,45,West,SelfEmployed,Transport,2026Q1,105594.39,666.0,62.31,55.65,68.38,175456.56,0.4332,0.20599,0,0.0,-0.0329,0.0702,0.0119,0.0207,0.0493
6045,55,North,SelfEmployed,Healthcare,2026Q1,121113.06,,38.17,37.33,48.49,292193.21,0.6454,0.21342,0,-0.039,0.0414,-0.0047,-0.0203,0.0,0.0341
6046,53,West,SelfEmployed,Retail,2026Q1,84420.19,666.0,23.66,39.17,33.12,74781.29,0.2618,0.08206,0,-0.019,-0.0146,-0.0289,-0.0106,0.0088,0.0204
6047,61,South,Business,Healthcare,2026Q1,104852.98,621.0,37.12,82.86,80.46,109829.27,0.5873,0.11585,0,-0.0661,0.0361,-0.0075,0.0434,0.0,0.0
6048,61,East,Business,Construction,2026Q1,118096.3,621.0,,14.2,70.63,304685.31,0.4026,0.08441,0,-0.0348,0.0178,-0.0066,-0.0331,0.0,0.0
6049,41,North,Salaried,Construction,2026Q1,69606.73,652.0,48.08,18.24,70.84,116050.79,0.3313,0.10476,0,0.0096,-0.002,0.0136,-0.0398,0.0,-0.0113
6050,44,North,Salaried,IT,2026Q1,88231.01,537.0,47.58,31.26,95.78,63304.73,0.6959,0.34824,0,0.0058,0.1872,0.0305,-0.0488,0.0,-0.0255
6051,47,South,Salaried,Manufacturing,2026Q1,80728.15,746.0,39.61,61.93,37.03,252516.67,0.2929,0.04638,0,-0.0025,-0.0748,-0.0003,0.0058,0.0,-0.0055
6052,62,West,Salaried,Construction,2026Q1,105872.78,623.0,,28.36,78.38,108593.8,0.3592,0.07041,0,-0.0424,0.0191,-0.0049,-0.0211,0.0083,-0.0092
6053,46,West,Business,IT,2026Q1,104580.11,612.0,58.62,27.7,63.95,122432.28,0.5237,0.17503,1,-0.0047,0.0607,0.0548,-0.0476,0.0191,0.0
6054,54,East,Salaried,Transport,2026Q1,83187.64,635.0,30.84,68.95,28.18,194052.4,0.5085,0.09512,0,-0.0268,0.0149,-0.0189,0.02,0.0,-0.0121
6055,60,West,Salaried,Transport,2026Q1,106241.43,,,15.86,64.82,132595.8,0.3948,0.04744,0,-0.0257,-0.0313,0.017,-0.0249,0.0058,-0.0064
6056,51,East,SelfEmployed,Construction,2026Q1,102817.47,646.0,47.07,63.18,72.8,160362.88,0.3303,0.14617,0,-0.0268,0.0066,0.0205,0.0228,0.0,0.0413
6057,69,West,SelfEmployed,Transport,2026Q1,147936.28,661.0,38.94,75.13,38.8,420000.0,0.4022,0.10148,0,-0.0877,-0.0129,-0.0022,0.0273,0.0116,0.0271
6058,44,East,Business,Manufacturing,2026Q1,57644.84,624.0,31.88,64.01,48.77,104768.44,0.412,0.15935,0,0.0038,0.0355,-0.0235,0.0217,0.0,0.0
6059,56,South,Salaried,Construction,2026Q1,98489.34,544.0,70.23,52.71,51.86,268132.58,0.3729,0.34778,1,-0.0736,0.2109,0.125,0.0075,0.0,-0.0281
6060,54,West,Business,Construction,2026Q1,118473.58,441.0,20.06,63.63,40.66,359866.32,0.4576,0.35513,0,-0.0627,0.4057,-0.0986,0.0408,0.0299,0.0
6061,51,West,Salaried,IT,2026Q1,122092.64,674.0,54.9,100.0,76.55,202814.52,0.5219,0.15656,0,-0.0267,-0.0431,0.0408,0.0742,0.0174,-0.0188
6062,27,West,Salaried,Transport,2026Q1,51132.43,,45.79,48.8,91.72,139020.87,0.4684,0.14404,0,0.053,-0.0589,0.014,-0.0018,0.0145,-0.0158
6063,47,West,Salaried,IT,2026Q1,80400.06,537.0,43.74,48.88,49.73,120295.25,0.5316,0.30475,0,-0.0125,0.2063,0.0164,-0.003,0.026,-0.0271
6064,31,North,Salaried,IT,2026Q1,55709.14,528.0,27.33,94.88,56.61,87781.7,0.4333,0.51048,0,0.0962,0.2883,-0.0632,0.1305,0.0,-0.03
6065,45,East,Salaried,IT,2026Q1,108594.19,538.0,,35.42,65.4,80832.34,0.3904,0.23036,1,0.0,0.1612,-0.0168,-0.0342,0.0,-0.0231
6066,49,East,Business,Construction,2026Q1,81345.88,574.0,85.14,42.48,82.03,115143.18,0.589,0.39301,0,-0.0271,0.1753,0.1866,-0.0218,0.0,0.0
6067,75,West,SelfEmployed,Transport,2026Q1,102782.32,553.0,65.45,88.33,29.29,202178.62,0.4074,0.43394,0,-0.2066,0.2196,0.1164,0.1059,0.0289,0.0707
6068,58,North,Salaried,Transport,2026Q1,62109.94,623.0,64.08,69.08,63.91,85510.96,0.3396,0.22224,0,-0.0632,0.0422,0.0645,0.0333,0.0,-0.0194
6069,39,East,Business,Manufacturing,2026Q1,35889.65,625.0,59.36,20.53,46.18,41085.37,0.4638,0.18791,1,0.0242,0.0382,0.0518,-0.0596,0.0,0.0
6070,52,West,Salaried,IT,2026Q1,83022.54,,52.21,50.6,59.71,118655.58,0.4377,0.13632,0,-0.0305,0.047,0.0329,0.001,0.0169,-0.0182
6071,55,North,Salaried,Manufacturing,2026Q1,83760.22,,71.19,64.08,56.69,103670.53,0.3987,0.3735,1,-0.0635,0.1435,0.1179,0.0354,0.0,-0.0266
6072,51,West,Business,Manufacturing,2026Q1,92845.66,551.0,51.58,46.38,74.97,131916.54,0.3754,0.36762,0,-0.038,0.1866,0.0488,-0.0096,0.0259,0.0
6073,50,West,SelfEmployed,Healthcare,2026Q1,100086.57,,85.9,45.45,66.04,110037.87,0.3849,0.6286,0,-0.0302,0.3621,0.2222,-0.0119,0.027,0.0693
6074,44,North,Business,IT,2026Q1,104540.38,574.0,68.57,19.19,50.71,140508.53,0.4844,0.30194,0,0.0058,0.1405,0.1032,-0.0818,0.0,0.0
6075,54,West,SelfEmployed,Manufacturing,2026Q1,80338.57,656.0,53.89,62.31,54.68,239311.12,0.3557,0.1692,0,-0.0425,-0.0105,0.0398,0.0221,0.0181,0.0427
6076,53,East,Salaried,IT,2026Q1,84927.56,502.0,58.64,94.15,68.49,197432.98,0.5914,0.53552,1,-0.0543,0.3597,0.0929,0.1317,0.0,-0.0293
6077,57,North,Salaried,Construction,2026Q1,85301.84,608.0,47.29,56.95,40.65,85617.54,0.5177,0.16961,0,-0.0487,0.0507,0.0179,0.0105,0.0,-0.0162
6078,59,West,SelfEmployed,IT,2026Q1,97261.42,540.0,76.13,69.22,76.31,106174.43,0.4826,0.56846,1,-0.0932,0.2849,0.1781,0.0574,0.0297,0.0747
6079,59,East,Salaried,IT,2026Q1,116097.99,,38.93,28.8,26.96,179007.85,0.4796,0.21524,0,-0.0713,0.1448,-0.0035,-0.0447,0.0,-0.0203
6080,51,East,Business,Transport,2026Q1,104425.08,678.0,58.84,24.66,100.0,141243.57,0.54,0.09316,0,-0.0143,-0.0277,0.0256,-0.0273,0.0,0.0
6081,48,West,Business,Transport,2026Q1,112950.99,696.0,,30.73,89.26,139914.23,0.526,0.10038,1,-0.0064,-0.0459,0.0139,-0.0187,0.0084,0.0
6082,58,South,Business,Retail,2026Q1,99593.57,647.0,35.61,54.66,61.93,342032.13,0.542,0.10034,0,-0.0346,0.0027,-0.0075,0.0045,0.0,0.0
6083,41,East,Salaried,Healthcare,2026Q1,52531.3,,55.05,50.67,70.06,78632.35,0.5574,0.41421,0,0.0269,0.2519,0.0706,0.0019,0.0,-0.0294
6084,23,South,Salaried,Transport,2026Q1,76094.49,670.0,4.41,12.44,52.51,115824.62,0.3992,0.0523,0,0.0247,-0.0127,-0.0513,-0.0289,0.0,-0.0066
6085,31,West,Salaried,IT,2026Q1,77153.96,663.0,62.59,40.38,56.58,103770.19,0.5857,0.19874,1,0.0563,-0.0242,0.0636,-0.0194,0.0188,-0.0201
6086,29,West,SelfEmployed,Manufacturing,2026Q1,61650.64,749.0,73.13,49.07,67.96,74786.28,0.4031,0.17091,1,0.0569,-0.2145,0.0782,-0.0016,0.017,0.04
6087,56,West,SelfEmployed,Construction,2026Q1,91230.92,577.0,39.87,55.61,56.73,95882.09,0.4589,0.27785,0,-0.0654,0.1297,-0.0005,0.0132,0.0233,0.0556
6088,51,North,Salaried,IT,2026Q1,91847.25,639.0,42.54,49.57,50.78,192921.96,0.4017,0.09047,0,-0.0178,0.0115,0.005,-0.0005,0.0,-0.0125
6089,59,East,Salaried,Healthcare,2026Q1,95716.83,552.0,45.26,67.45,76.26,262355.97,0.4086,0.25628,0,-0.0813,0.1509,0.0195,0.0378,0.0,-0.0235
6090,56,West,Business,Transport,2026Q1,99226.46,484.0,64.69,17.97,54.47,289798.17,0.498,0.50537,0,-0.0768,0.3333,0.1169,-0.0958,0.0295,0.0
6091,61,East,Business,Manufacturing,2026Q1,86304.23,488.0,72.79,88.4,61.09,120336.32,0.4266,0.62387,1,-0.0982,0.4053,0.1613,0.1127,0.0,0.0
6092,62,South,Salaried,Manufacturing,2026Q1,126287.24,617.0,69.26,3.67,56.05,164262.14,0.3995,0.10307,0,-0.0534,0.0293,0.0433,-0.0643,0.0,-0.0117
6093,60,South,Salaried,Manufacturing,2026Q1,89957.32,563.0,67.15,71.89,60.8,186257.14,0.5668,0.26189,1,-0.098,0.1693,0.1066,0.0549,0.0,-0.0269
6094,61,North,Salaried,IT,2026Q1,111692.87,649.0,54.33,77.74,60.36,78071.27,0.4784,0.1052,0,-0.0601,0.0013,0.0294,0.0336,0.0,-0.0143
6095,68,North,Business,Transport,2026Q1,68206.48,657.0,16.01,26.58,36.79,87104.26,0.4714,0.02495,0,-0.0267,-0.0024,-0.0183,-0.0097,0.0,0.0
6096,73,North,Business,Manufacturing,2026Q1,94572.34,,45.01,90.3,14.98,277485.61,0.3245,0.13835,0,-0.1265,0.0418,0.0121,0.0507,0.0,0.0
6097,51,East,Salaried,Healthcare,2026Q1,101855.7,508.0,63.07,44.96,51.54,267077.7,0.6714,0.41395,0,-0.0416,0.2943,0.1079,-0.0149,0.0,-0.0296
6098,67,East,Business,IT,2026Q1,108054.23,547.0,62.81,44.31,74.34,138121.96,0.4075,0.24287,0,-0.1342,0.1584,0.0779,-0.0134,0.0,0.0
6099,44,East,Business,Retail,2026Q1,109671.62,630.0,45.1,67.94,75.21,221297.05,0.4255,0.20153,1,0.0044,0.0329,0.0158,0.0323,0.0,0.0
6100,44,East,Salaried,Construction,2026Q1,65069.31,637.0,18.32,50.99,61.85,166554.95,0.4404,0.10779,0,0.0023,0.011,-0.0422,0.001,0.0,-0.0103
6101,68,West,SelfEmployed,Construction,2026Q1,102918.02,,62.39,37.77,39.63,134207.27,0.4606,0.16568,1,-0.1018,0.0174,0.0488,-0.0198,0.0147,0.0345
6102,51,West,SelfEmployed,Manufacturing,2026Q1,76315.7,673.0,34.17,40.73,26.81,56029.49,0.4299,0.13207,0,-0.0164,-0.0255,-0.0112,-0.0106,0.0104,0.0243
6103,32,East,Business,Healthcare,2026Q1,97507.66,597.0,34.23,52.65,69.06,244463.35,0.4108,0.20134,1,0.0623,0.0938,-0.0224,0.006,0.0,0.0
6104,37,East,Salaried,Healthcare,2026Q1,63421.81,628.0,64.7,35.1,85.09,162466.54,0.3721,0.22284,0,0.0355,0.0382,0.0721,-0.0318,0.0,-0.021
6105,41,West,Salaried,Retail,2026Q1,87960.59,652.0,50.81,60.05,61.56,258270.9,0.3876,0.17158,0,0.0159,-0.0033,0.0296,0.017,0.017,-0.0183
6106,37,North,Salaried,Retail,2026Q1,96545.67,680.0,62.65,37.12,92.82,94019.29,0.2082,0.14615,0,0.0237,-0.0428,0.044,-0.0188,0.0,-0.0144
6107,56,South,SelfEmployed,Retail,2026Q1,90872.55,613.0,26.13,38.3,74.47,103601.93,0.5681,0.10922,0,-0.0371,0.0375,-0.0331,-0.0159,0.0,0.0288
6108,41,East,Business,Retail,2026Q1,86328.23,610.0,46.78,38.7,55.21,89798.26,0.6427,0.20163,0,0.0172,0.0608,0.0207,-0.0224,0.0,0.0
6109,47,East,Salaried,Construction,2026Q1,69111.64,635.0,21.69,4.48,36.4,40809.99,0.5816,0.04929,0,-0.0029,0.0078,-0.0219,-0.0354,0.0,-0.0064
6110,43,East,Business,Transport,2026Q1,125534.17,617.0,,41.84,47.02,74991.72,0.5079,0.25688,0,0.0101,0.0604,0.0788,-0.0184,0.0,0.0
6111,35,North,Salaried,Healthcare,2026Q1,65663.28,595.0,61.21,57.25,14.97,185144.15,0.5084,0.38911,1,0.0595,0.1199,0.0875,0.0192,0.0,-0.0273
6112,36,East,Salaried,Retail,2026Q1,64266.8,571.0,32.71,84.86,67.46,211708.73,0.4829,0.26114,0,0.0538,0.1613,-0.0333,0.0863,0.0,-0.0273
6113,60,West,SelfEmployed,Construction,2026Q1,78072.95,497.0,44.29,81.44,65.17,93120.08,0.5051,0.53068,1,-0.1005,0.3645,0.0213,0.094,0.0299,0.0748
6114,54,West,SelfEmployed,Construction,2026Q1,82704.43,650.0,57.89,48.35,76.72,225291.77,0.4057,0.24304,1,-0.042,0.0,0.0493,-0.0031,0.0179,0.0421
6115,21,West,SelfEmployed,Retail,2026Q1,55062.28,645.0,32.21,47.78,55.75,183786.75,0.3851,0.30827,1,0.1117,0.0107,-0.0319,-0.0053,0.0231,0.0552
6116,43,West,SelfEmployed,Healthcare,2026Q1,102522.76,632.0,20.5,33.03,47.85,200897.59,0.2621,0.14579,0,0.0063,0.0213,-0.0519,-0.0254,0.0133,0.0311
6117,60,West,SelfEmployed,Transport,2026Q1,92718.72,642.0,47.39,64.84,60.99,68339.7,0.4336,0.15556,0,-0.0696,0.0125,0.0205,0.0245,0.0168,0.0396
6118,56,North,Business,Transport,2026Q1,95031.44,602.0,60.4,20.42,52.81,102880.63,0.4334,0.14047,0,-0.0453,0.0582,0.0469,-0.053,0.0,0.0
6119,73,West,Salaried,IT,2026Q1,115571.51,741.0,32.13,28.64,75.05,244392.72,0.4085,0.01591,0,-0.0179,-0.0256,-0.0026,-0.0044,0.0017,-0.0019
6120,47,West,SelfEmployed,Healthcare,2026Q1,86915.56,674.0,69.51,14.94,86.65,191223.38,0.4639,0.15403,1,-0.0076,-0.0382,0.0634,-0.064,0.0152,0.0358
6121,54,East,Salaried,Transport,2026Q1,65151.51,746.0,54.47,45.64,47.91,100573.58,0.4148,0.03389,0,-0.0113,-0.0691,0.0101,-0.0021,0.0,-0.005
6122,40,West,SelfEmployed,Manufacturing,2026Q1,108039.73,569.0,68.77,52.36,89.02,228996.81,0.4738,0.50446,0,0.035,0.2132,0.1417,0.0071,0.03,0.0748
6123,33,West,SelfEmployed,Manufacturing,2026Q1,63868.16,610.0,31.25,22.78,84.43,146141.1,0.3941,0.30515,1,0.0526,0.0667,-0.0317,-0.0614,0.02,0.0475
6124,54,North,Salaried,Retail,2026Q1,89811.66,610.0,,27.02,52.58,108204.0,0.4484,0.09573,0,-0.0228,0.03,-0.0141,-0.0252,0.0,-0.0103
6125,46,North,Salaried,Healthcare,2026Q1,85574.21,713.0,37.39,60.56,64.21,181701.14,0.4327,0.04764,0,-0.0016,-0.0548,-0.0031,0.007,0.0,-0.0074
6126,75,West,SelfEmployed,Construction,2026Q1,71945.78,473.0,71.41,42.64,51.82,226791.64,0.4421,0.60342,1,-0.1933,0.391,0.1543,-0.0219,0.03,0.0748
6127,44,South,Business,Transport,2026Q1,84824.02,656.0,49.15,27.25,54.17,90819.65,0.4029,0.10104,0,0.0027,-0.0067,0.0168,-0.03,0.0,0.0
6128,45,East,Salaried,Construction,2026Q1,65990.02,629.0,44.91,34.41,41.25,51522.25,0.2874,0.16838,0,0.0,0.0235,0.0105,-0.0222,0.0,-0.0139
6129,51,South,Business,Transport,2026Q1,75623.75,,69.92,63.37,40.05,82813.2,0.5788,0.16549,0,-0.0219,-0.0611,0.0591,0.0186,0.0,0.0
6130,60,South,Salaried,IT,2026Q1,87921.88,580.0,28.51,60.91,63.82,90109.12,0.3525,0.08737,0,-0.0584,0.0697,-0.0299,0.015,0.0,-0.015
6131,59,South,Business,Manufacturing,2026Q1,106283.15,500.0,52.22,45.03,41.99,328601.14,0.5418,0.29257,1,-0.0954,0.2722,0.0554,-0.0141,0.0,0.0
6132,32,East,Business,Manufacturing,2026Q1,89597.05,747.0,46.44,24.61,41.2,203229.1,0.4474,0.05553,0,0.0163,-0.0908,0.0064,-0.0184,0.0,0.0
6133,64,South,SelfEmployed,Manufacturing,2026Q1,103686.73,617.0,73.78,20.04,80.05,95678.36,0.3757,0.19451,0,-0.0927,0.048,0.0803,-0.0597,0.0,0.0405
6134,48,West,SelfEmployed,Healthcare,2026Q1,86427.83,683.0,63.18,8.69,79.1,254929.49,0.4936,0.13018,0,-0.009,-0.0434,0.0405,-0.0622,0.012,0.0279
6135,21,West,Salaried,Manufacturing,2026Q1,83810.63,597.0,40.18,28.3,62.67,46042.38,0.4877,0.31638,1,0.1138,0.1012,0.0007,-0.0552,0.0235,-0.0247
6136,50,North,SelfEmployed,IT,2026Q1,82789.63,695.0,75.35,61.79,51.94,119581.41,0.318,0.1871,0,-0.0227,-0.0885,0.0871,0.021,0.0,0.0423
6137,39,South,Salaried,Healthcare,2026Q1,40972.7,671.0,50.95,30.87,87.51,34942.5,0.3899,0.0824,0,0.0148,-0.0238,0.0189,-0.0236,0.0,-0.0118
6138,63,North,Business,IT,2026Q1,93149.43,701.0,57.33,25.53,36.8,121958.12,0.3752,0.046,0,-0.0297,-0.0339,0.0139,-0.0157,0.0,0.0
6139,54,East,Salaried,IT,2026Q1,104944.2,596.0,54.39,27.53,64.0,303898.26,0.4905,0.11329,1,-0.0356,0.0624,0.0337,-0.0383,0.0,-0.0162
6140,62,East,Salaried,Construction,2026Q1,88260.04,710.0,75.35,38.18,29.97,173620.83,0.4594,0.0627,0,-0.0364,-0.0547,0.0326,-0.0094,0.0,-0.0079
6141,63,North,Business,IT,2026Q1,92004.17,654.0,9.36,70.97,45.27,201454.13,0.3813,0.06649,0,-0.0324,-0.0023,-0.0415,0.0115,0.0,0.0
6142,45,East,Business,Retail,2026Q1,104577.93,495.0,56.61,27.75,46.75,258336.85,0.5257,0.52297,1,0.0,0.3233,0.0804,-0.0666,0.0,0.0
6143,53,South,Business,Manufacturing,2026Q1,126853.65,711.0,,34.76,72.02,326104.35,0.3879,0.09714,0,-0.023,-0.0817,0.0589,-0.0185,0.0,0.0
6144,63,East,Salaried,Healthcare,2026Q1,89460.54,658.0,27.8,21.9,46.84,174851.01,0.4466,0.04029,0,-0.0231,-0.0033,-0.0099,-0.0143,0.0,-0.0046
6145,52,West,SelfEmployed,IT,2026Q1,102608.27,,32.4,68.36,53.54,74822.07,0.4904,0.20811,0,-0.0387,0.0924,-0.0297,0.0393,0.022,0.0523
6146,41,North,Business,IT,2026Q1,114588.99,,51.8,47.0,50.38,267515.53,0.5016,0.2653,0,0.0195,0.0711,0.0396,-0.0065,0.0,0.0
6147,66,West,Salaried,Construction,2026Q1,133038.5,550.0,68.17,17.05,56.64,322134.73,0.4256,0.19629,0,-0.1166,0.1338,0.0814,-0.075,0.0198,-0.0212
6148,50,North,Salaried,Manufacturing,2026Q1,91338.45,628.0,53.43,24.69,62.71,264531.86,0.3175,0.11126,0,-0.0155,0.0231,0.0254,-0.0357,0.0,-0.0132
6149,41,East,Salaried,Transport,2026Q1,72184.39,,44.57,56.77,54.99,55173.13,0.4131,0.15018,0,0.0126,-0.0079,0.0104,0.0093,0.0,-0.0147
6150,71,West,Business,IT,2026Q1,113958.9,626.0,47.85,71.62,72.09,273826.03,0.4438,0.12389,0,-0.1079,0.0275,0.017,0.0271,0.0132,0.0
6151,29,West,Business,Healthcare,2026Q1,38093.99,634.0,42.19,34.12,92.51,75032.76,0.2735,0.21951,0,0.0637,0.0272,0.0071,-0.0328,0.0189,0.0
6152,43,West,SelfEmployed,Transport,2026Q1,59908.22,581.0,40.6,62.55,85.32,77787.77,0.4267,0.35028,0,0.0129,0.1531,0.0028,0.0342,0.0273,0.0664
6153,44,East,Business,Transport,2026Q1,99844.97,556.0,26.25,56.17,99.19,98447.22,0.4065,0.26617,1,0.0052,0.1449,-0.0552,0.0137,0.0,0.0
6154,60,East,Business,Construction,2026Q1,152393.46,621.0,82.01,89.37,50.61,249591.56,0.3823,0.32291,1,-0.0977,0.0655,0.1524,0.0938,0.0,0.0
6155,46,North,Salaried,Retail,2026Q1,67411.82,636.0,50.85,26.16,71.21,76232.81,0.3598,0.14072,0,-0.0029,0.0151,0.0208,-0.0331,0.0,-0.0131
6156,42,East,Business,Retail,2026Q1,85018.2,590.0,31.81,87.41,61.84,179348.79,0.4933,0.25743,0,0.0168,0.1141,-0.0345,0.0821,0.0,0.0
6157,61,South,SelfEmployed,Retail,2026Q1,106645.82,650.0,66.0,65.07,98.44,195936.0,0.3251,0.22059,0,-0.0808,0.0,0.0701,0.0272,0.0,0.0434
6158,59,West,SelfEmployed,Construction,2026Q1,125587.3,677.0,10.69,27.98,72.57,193479.98,0.4629,0.04413,0,-0.0199,-0.0144,-0.0327,-0.0127,0.0048,0.0111
6159,47,North,Salaried,IT,2026Q1,63594.26,685.0,27.36,62.59,72.1,31743.92,0.4944,0.0733,0,-0.0037,-0.029,-0.018,0.009,0.0,-0.008
6160,53,East,Salaried,Manufacturing,2026Q1,75928.96,585.0,52.82,31.06,66.33,150112.27,0.5554,0.15722,1,-0.0347,0.081,0.034,-0.0353,0.0,-0.018
6161,38,West,SelfEmployed,Construction,2026Q1,78910.78,505.0,47.25,53.03,55.33,212693.95,0.4955,0.67295,1,0.0475,0.3688,0.035,0.0087,0.0289,0.0733
6162,47,North,Salaried,IT,2026Q1,81345.15,,57.08,60.96,100.0,214934.66,0.5296,0.17655,0,-0.0078,0.003,0.0416,0.0172,0.0,-0.0171
6163,49,East,Salaried,Healthcare,2026Q1,84218.98,599.0,33.4,34.25,36.4,150663.03,0.419,0.10243,0,-0.0128,0.0498,-0.0152,-0.0222,0.0,-0.0138
6164,36,East,Salaried,Transport,2026Q1,75894.46,620.0,41.1,88.04,57.29,109408.81,0.4351,0.30011,0,0.0464,0.0595,0.0043,0.0795,0.0,-0.0241
6165,32,North,Salaried,IT,2026Q1,75930.45,585.0,44.84,47.69,78.19,168995.62,0.5184,0.36107,0,0.068,0.1217,0.0193,-0.0057,0.0,-0.025
6166,46,West,Salaried,Manufacturing,2026Q1,84184.95,729.0,34.87,49.06,46.5,129226.31,0.4077,0.04169,1,-0.0013,-0.0607,-0.005,-0.0005,0.0053,-0.0059
6167,62,East,Salaried,Manufacturing,2026Q1,92569.99,590.0,30.09,65.83,54.97,147203.09,0.3923,0.11231,0,-0.0642,0.0586,-0.0242,0.0201,0.0,-0.0143
6168,56,East,Salaried,Manufacturing,2026Q1,62415.64,746.0,72.96,64.28,79.87,41775.37,0.3048,0.08752,0,-0.0226,-0.1065,0.032,0.0102,0.0,-0.0081
6169,43,North,Business,Transport,2026Q1,67102.43,671.0,31.17,67.64,56.06,165208.96,0.4817,0.09904,0,0.0054,-0.0247,-0.0185,0.0191,0.0,0.0
6170,75,East,Salaried,Construction,2026Q1,90945.01,690.0,43.84,63.66,37.32,170821.18,0.4251,0.05038,0,-0.051,-0.0221,0.003,0.0062,0.0,-0.0052
6171,38,North,Business,IT,2026Q1,106477.49,609.0,32.48,95.4,95.98,279934.54,0.4428,0.2962,0,0.0384,0.083,-0.0318,0.0978,0.0,0.0
6172,56,West,Business,IT,2026Q1,127872.44,562.0,38.15,53.43,60.25,220453.09,0.5012,0.223,1,-0.0602,0.1318,-0.0068,0.0074,0.021,0.0
6173,44,West,Salaried,IT,2026Q1,52384.9,666.0,24.79,52.37,52.96,20000.0,0.3397,0.08591,0,0.0022,-0.0148,-0.0269,0.0022,0.0089,-0.0098
6174,63,North,Business,IT,2026Q1,125678.22,642.0,,77.47,84.92,193733.28,0.4623,0.11021,0,-0.0516,0.0071,-0.0234,0.0241,0.0,0.0
6175,49,North,SelfEmployed,Manufacturing,2026Q1,60756.83,,42.15,48.2,41.7,86718.25,0.4445,0.28173,0,-0.0224,0.1168,0.0083,-0.0042,0.0,0.0544
6176,47,West,SelfEmployed,Retail,2026Q1,98383.61,666.0,42.63,22.46,32.4,96250.31,0.3362,0.09849,1,-0.0058,-0.0192,0.0052,-0.0382,0.0117,0.0272
6177,61,East,Salaried,Construction,2026Q1,83917.51,658.0,52.23,37.15,56.32,201290.51,0.3854,0.07032,1,-0.0375,-0.0063,0.0153,-0.0114,0.0,-0.0087
6178,48,West,Salaried,IT,2026Q1,41730.48,,,37.24,64.14,123550.37,0.5844,0.61269,0,-0.0205,0.3653,0.2038,-0.0371,0.0296,-0.0291
6179,58,South,SelfEmployed,Manufacturing,2026Q1,79042.96,660.0,,85.34,29.1,228314.09,0.3775,0.2404,0,-0.0617,-0.0173,0.0325,0.0562,0.0,0.0414
6180,49,North,Business,IT,2026Q1,85530.49,684.0,39.83,31.05,50.18,246620.98,0.4354,0.07349,0,-0.0071,-0.0268,-0.0002,-0.0153,0.0,0.0
6181,21,South,Salaried,Healthcare,2026Q1,63916.67,515.0,10.1,21.78,62.31,90572.34,0.5404,0.39739,0,0.1203,0.2112,-0.1379,-0.0755,0.0,-0.0258
6182,74,West,SelfEmployed,Construction,2026Q1,110869.92,751.0,27.07,67.11,51.16,135247.37,0.3514,0.02804,0,-0.0342,-0.0544,-0.0083,0.0053,0.0032,0.0074
6183,56,East,Business,Manufacturing,2026Q1,100304.56,713.0,76.12,93.12,44.11,285640.14,0.5744,0.17081,0,-0.0443,-0.1124,0.0724,0.0558,0.0,0.0
6184,47,West,SelfEmployed,IT,2026Q1,82262.57,501.0,59.48,16.63,41.51,56652.54,0.5528,0.52482,1,-0.014,0.3421,0.0965,-0.0983,0.03,0.0746
6185,65,North,SelfEmployed,Manufacturing,2026Q1,121398.46,594.0,,94.26,56.79,142383.18,0.4101,0.38696,0,-0.1302,0.1146,0.0526,0.1009,0.0,0.0602
6186,39,East,SelfEmployed,Construction,2026Q1,62107.08,557.0,56.73,27.04,68.2,181304.31,0.4688,0.40377,1,0.0396,0.2071,0.0771,-0.0676,0.0,0.0695
6187,40,East,Salaried,Healthcare,2026Q1,82518.5,537.0,29.19,7.82,55.96,207555.77,0.0818,0.23105,0,0.0212,0.1305,-0.0364,-0.0921,0.0,-0.0196
6188,34,North,SelfEmployed,Manufacturing,2026Q1,118723.6,639.0,53.49,15.19,33.62,328057.05,0.4621,0.20063,0,0.0453,0.0189,0.0402,-0.0758,0.0,0.0442
6189,48,South,Business,Construction,2026Q1,104933.93,628.0,44.14,49.34,48.13,257237.83,0.6355,0.13696,0,-0.0112,0.0287,0.0104,-0.001,0.0,0.0
6190,43,East,Salaried,Construction,2026Q1,84790.58,556.0,65.74,38.63,71.87,235135.89,0.4714,0.42952,0,0.0127,0.1909,0.1073,-0.0318,0.0,-0.0279
6191,47,East,Salaried,Construction,2026Q1,67389.31,564.0,45.49,46.03,60.43,114956.16,0.417,0.24237,0,-0.0105,0.1338,0.0198,-0.009,0.0,-0.023
6192,34,West,Salaried,Transport,2026Q1,104262.73,619.0,34.96,35.89,28.29,265434.8,0.4713,0.17708,0,0.0396,0.0433,-0.0148,-0.0255,0.0164,-0.0178
6193,42,East,Salaried,Healthcare,2026Q1,60400.85,646.0,52.83,18.88,100.0,44140.88,0.29,0.09799,0,0.0082,0.0043,0.0233,-0.0432,0.0,-0.0126
6194,55,West,SelfEmployed,Transport,2026Q1,92896.24,562.0,40.76,62.75,74.71,100281.56,0.5596,0.37741,1,-0.0652,0.1754,0.0034,0.0333,0.0263,0.0635
6195,65,East,Business,Transport,2026Q1,71089.83,623.0,57.3,36.04,75.42,231401.25,0.4223,0.09434,0,-0.0706,0.0271,0.031,-0.0183,0.0,0.0
6196,50,West,Business,Transport,2026Q1,85063.46,656.0,48.27,72.76,50.25,197694.35,0.362,0.13968,0,-0.0205,-0.0094,0.0219,0.0349,0.0161,0.0
6197,45,East,Business,Construction,2026Q1,105915.22,680.0,63.62,62.9,62.95,100068.22,0.3641,0.19173,0,0.0,-0.0496,0.0541,0.0198,0.0,0.0
6198,57,West,Business,IT,2026Q1,100642.89,638.0,32.86,40.04,50.41,218015.1,0.4626,0.09249,0,-0.032,0.0104,-0.0126,-0.0104,0.0095,0.0
6199,63,South,Salaried,Construction,2026Q1,112348.55,629.0,72.89,36.34,71.16,182832.85,0.5046,0.12859,0,-0.0707,0.0249,0.0606,-0.0204,0.0,-0.0147
6200,62,North,Salaried,Healthcare,2026Q1,96236.08,602.0,54.28,0.95,70.25,261326.02,0.4401,0.0742,0,-0.0471,0.0347,0.0207,-0.0609,0.0,-0.0103
6201,56,East,Business,Retail,2026Q1,110967.71,590.0,48.41,66.27,21.1,245863.02,0.504,0.24323,0,-0.0582,0.0947,0.028,0.0323,0.0,0.0
6202,42,South,Salaried,IT,2026Q1,92466.71,,63.92,51.93,85.66,54530.71,0.4714,0.24909,0,0.0141,0.0355,0.0713,0.004,0.0,-0.0213
6203,49,East,Business,Construction,2026Q1,67294.03,625.0,59.13,58.38,74.87,177055.84,0.338,0.22742,1,-0.0194,0.0426,0.0573,0.0164,0.0,0.0
6204,53,South,Salaried,Healthcare,2026Q1,99526.97,646.0,58.37,27.72,73.68,290245.39,0.4911,0.0784,0,-0.0229,0.004,0.0297,-0.0278,0.0,-0.0118
6205,23,East,Salaried,Transport,2026Q1,50650.32,566.0,55.2,48.12,46.01,113366.5,0.4888,0.48989,1,0.1418,0.2018,0.0729,-0.0056,0.0,-0.0297
6206,50,West,Salaried,Construction,2026Q1,72941.25,662.0,59.41,20.53,66.49,208112.99,0.4086,0.10677,1,-0.0134,-0.0126,0.0302,-0.0369,0.0104,-0.0114
6207,69,East,Salaried,Construction,2026Q1,79311.21,,44.06,25.12,24.15,127821.66,0.568,0.174,0,-0.1232,0.137,0.012,-0.0495,0.0,-0.0189
6208,43,East,Business,Manufacturing,2026Q1,98422.17,664.0,57.42,76.92,71.35,256333.18,0.4179,0.20536,0,0.0089,-0.0259,0.0503,0.047,0.0,0.0
6209,30,East,Salaried,IT,2026Q1,65972.12,604.0,39.4,40.09,57.84,166503.52,0.4957,0.1872,0,0.0633,0.0742,-0.0021,-0.021,0.0,-0.0212
6210,43,West,SelfEmployed,Healthcare,2026Q1,98460.62,541.0,35.38,44.63,72.98,221489.37,0.3582,0.42084,0,0.0133,0.23,-0.0223,-0.0155,0.0282,0.0689
6211,42,South,Salaried,Manufacturing,2026Q1,46567.48,542.0,39.88,15.26,33.86,24593.53,0.5718,0.22174,0,0.0145,0.1456,-0.0004,-0.0815,0.0,-0.0218
6212,62,North,Salaried,Retail,2026Q1,111294.6,655.0,20.36,26.4,45.28,173455.74,0.5476,0.04212,0,-0.0209,-0.002,-0.0166,-0.0113,0.0,-0.0044
6213,75,East,SelfEmployed,Healthcare,2026Q1,121197.65,626.0,28.24,22.71,53.42,248649.55,0.3378,0.06257,0,-0.0668,0.0128,-0.0143,-0.0207,0.0,0.0144
6214,52,East,Business,Manufacturing,2026Q1,82383.42,632.0,42.77,41.16,62.2,241668.14,0.3416,0.12518,0,-0.0222,0.0193,0.0057,-0.0116,0.0,0.0
6215,41,East,Salaried,Retail,2026Q1,91466.25,605.0,22.2,33.88,67.11,274988.49,0.4581,0.12932,0,0.0112,0.0426,-0.0423,-0.0217,0.0,-0.0131
6216,37,East,Business,IT,2026Q1,91781.86,590.0,41.68,40.27,90.17,286765.42,0.5823,0.26984,0,0.0385,0.0999,0.0061,-0.022,0.0,0.0
6217,61,East,Business,IT,2026Q1,83313.11,626.0,61.32,59.52,53.3,229781.81,0.523,0.1406,0,-0.0724,0.0339,0.0518,0.0154,0.0,0.0
6218,58,West,SelfEmployed,Transport,2026Q1,99647.35,616.0,42.75,79.42,48.05,155770.12,0.4413,0.28326,0,-0.0738,0.063,0.0101,0.0598,0.0217,0.0516
6219,63,South,Business,Healthcare,2026Q1,62546.92,566.0,41.7,58.04,86.78,169437.87,0.4634,0.15221,0,-0.0921,0.1087,0.0053,0.0149,0.0,0.0
6220,44,South,SelfEmployed,IT,2026Q1,96160.63,504.0,45.27,24.82,48.19,265991.73,0.4123,0.44116,0,0.0069,0.3074,0.0259,-0.0753,0.0,0.0725
6221,68,West,Business,Healthcare,2026Q1,100470.14,570.0,5.96,18.96,73.5,258416.23,0.5092,0.08358,0,-0.0527,0.0376,-0.0566,-0.0271,0.007,0.0
6222,52,West,SelfEmployed,IT,2026Q1,61086.47,628.0,49.64,25.59,40.65,94675.09,0.3562,0.17599,1,-0.0295,0.0315,0.0255,-0.0454,0.0163,0.0383
6223,42,East,Business,Healthcare,2026Q1,46437.75,674.0,59.12,51.18,45.02,94923.85,0.5322,0.14463,0,0.0104,-0.0369,0.0426,0.0018,0.0,0.0
6224,27,East,Salaried,Healthcare,2026Q1,65923.75,,62.96,70.05,92.17,57783.53,0.5199,0.71055,1,0.1102,0.4314,0.0997,0.0502,0.0,-0.0231
6225,44,East,Business,IT,2026Q1,88349.85,584.0,40.1,69.02,77.3,90320.05,0.3366,0.2378,0,0.0056,0.1202,0.0004,0.0432,0.0,0.0
6226,44,East,Salaried,Retail,2026Q1,69760.36,,71.41,93.55,70.08,99668.29,0.461,0.40814,0,0.0062,0.0425,0.1227,0.1046,0.0,-0.0272
6227,38,West,Business,Manufacturing,2026Q1,89800.34,626.0,51.82,45.53,82.9,247580.71,0.4351,0.18926,0,0.0333,0.0439,0.0397,-0.0097,0.0208,0.0
6228,55,East,Business,Healthcare,2026Q1,100809.12,621.0,63.64,36.07,65.21,117727.89,0.3271,0.13984,1,-0.0427,0.0399,0.056,-0.0246,0.0,0.0
6229,42,West,Business,Manufacturing,2026Q1,102196.53,582.0,42.68,46.58,53.3,110791.03,0.4159,0.21585,0,0.0163,0.1217,0.0105,-0.0082,0.0231,0.0
6230,40,West,Business,Transport,2026Q1,86877.01,,71.07,7.79,51.25,267073.99,0.5227,0.41293,0,0.0309,0.1737,0.1245,-0.1214,0.0266,0.0
6231,40,South,Salaried,Retail,2026Q1,63564.29,648.0,39.96,47.58,68.66,139533.42,0.4645,0.121,1,0.0146,0.0024,-0.0001,-0.0032,0.0,-0.0138
6232,34,West,Salaried,Transport,2026Q1,58480.42,633.0,53.67,39.93,57.13,140952.3,0.4374,0.23482,0,0.0472,0.0297,0.0424,-0.021,0.0195,-0.0209
6233,44,East,Business,Construction,2026Q1,94569.69,613.0,48.32,21.34,53.43,62024.16,0.4282,0.17077,0,0.0036,0.0463,0.0206,-0.0507,0.0,0.0
6234,44,West,SelfEmployed,Retail,2026Q1,92015.22,754.0,27.98,76.18,93.99,205637.8,0.3026,0.07792,0,0.0018,-0.1224,-0.0176,0.0181,0.0075,0.0174
6235,47,East,Salaried,Healthcare,2026Q1,67718.29,701.0,72.68,31.58,73.06,89955.63,0.3911,0.09728,0,-0.0049,-0.0604,0.0432,-0.0208,0.0,-0.0108
6236,54,West,SelfEmployed,Manufacturing,2026Q1,84041.73,651.0,42.52,37.02,42.28,90664.91,0.4606,0.13454,0,-0.0313,-0.0013,0.0056,-0.0187,0.013,0.0304
6237,67,North,Salaried,Healthcare,2026Q1,101173.57,681.0,28.55,13.69,91.11,192616.34,0.3876,0.03048,0,-0.0198,-0.0095,-0.0061,-0.0128,0.0,-0.003
6238,61,East,Business,Transport,2026Q1,111846.5,662.0,34.57,51.27,45.41,243009.38,0.492,0.06806,0,-0.0343,-0.0088,-0.0072,0.001,0.0,0.0
6239,33,North,Business,Healthcare,2026Q1,63964.07,,60.71,90.78,57.68,151223.52,0.3628,0.43406,1,0.0817,0.1332,0.1,0.1172,0.0,0.0
6240,60,West,Business,Healthcare,2026Q1,82176.77,542.0,73.9,52.4,60.56,88332.36,0.4738,0.46833,0,-0.1041,0.2361,0.1497,0.007,0.0287,0.0
6241,62,South,Business,Construction,2026Q1,107854.39,684.0,33.63,71.98,77.08,140378.63,0.4343,0.0709,0,-0.0357,-0.0268,-0.0082,0.0143,0.0,0.0
6242,58,East,Business,Retail,2026Q1,111884.36,617.0,55.12,33.37,76.85,319910.51,0.5168,0.0961,0,-0.0487,0.0373,0.0318,-0.0252,0.0,0.0
6243,45,East,Business,Manufacturing,2026Q1,96521.12,679.0,40.01,62.42,37.55,314117.17,0.4657,0.09963,0,0.0,-0.0346,0.0,0.0135,0.0,0.0
6244,66,West,SelfEmployed,Healthcare,2026Q1,78373.72,674.0,10.41,31.27,72.61,205704.88,0.3558,0.03789,0,-0.0292,-0.0113,-0.0295,-0.0094,0.0043,0.0099
6245,40,North,Salaried,IT,2026Q1,78102.53,516.0,59.31,24.61,46.25,175226.52,0.5522,0.47223,1,0.0333,0.2714,0.089,-0.0751,0.0,-0.0293
6246,62,South,Business,IT,2026Q1,122435.83,661.0,31.3,57.35,65.9,139878.07,0.3888,0.0678,0,-0.0366,-0.008,-0.0117,0.0053,0.0,0.0
6247,61,East,SelfEmployed,Healthcare,2026Q1,91256.41,736.0,59.06,78.84,35.62,245948.65,0.3467,0.07973,0,-0.0439,-0.1128,0.0267,0.0245,0.0,0.0217
6248,55,South,Salaried,Construction,2026Q1,73775.37,606.0,56.82,28.81,75.17,219070.75,0.4195,0.12177,0,-0.038,0.05,0.0367,-0.0342,0.0,-0.0154
6249,30,North,Business,Healthcare,2026Q1,99289.02,,40.92,54.84,43.76,306451.79,0.4344,0.20436,0,0.0597,0.0139,0.003,0.0092,0.0,0.0
6250,52,East,Salaried,Construction,2026Q1,102104.61,,53.92,4.54,71.93,243657.75,0.5129,0.0582,0,-0.01,-0.0244,0.0115,-0.0327,0.0,-0.0059
6251,59,East,Salaried,Healthcare,2026Q1,72326.34,519.0,61.62,24.04,58.31,214289.85,0.5116,0.35842,0,-0.0866,0.2013,0.0803,-0.0679,0.0,-0.0253
6252,51,West,Salaried,IT,2026Q1,85568.87,480.0,20.69,100.0,77.44,257645.24,0.5787,0.43119,0,-0.0419,0.3618,-0.0957,0.1449,0.0299,-0.03
6253,49,South,Salaried,Transport,2026Q1,60563.66,,,37.45,62.33,134725.14,0.5041,0.17181,0,-0.0161,0.0547,0.0331,-0.022,0.0,-0.0173
6254,46,South,Salaried,Healthcare,2026Q1,85295.67,512.0,55.73,34.13,66.14,191817.15,0.5676,0.37079,1,-0.0067,0.266,0.0716,-0.0461,0.0,-0.0288
6255,44,East,Business,Healthcare,2026Q1,82013.2,710.0,44.55,61.73,46.68,156504.86,0.3927,0.08557,0,0.0022,-0.0687,0.007,0.0106,0.0,0.0
6256,49,West,SelfEmployed,Healthcare,2026Q1,70381.15,677.0,73.31,24.4,62.95,153973.26,0.2067,0.15274,0,-0.0165,-0.0462,0.0751,-0.048,0.0163,0.0384
6257,63,East,Salaried,Construction,2026Q1,67126.54,707.0,51.47,61.46,23.73,50023.25,0.5384,0.04328,0,-0.0332,-0.0436,0.0109,0.0068,0.0,-0.0066
6258,42,West,SelfEmployed,Retail,2026Q1,104313.82,615.0,,61.7,76.06,171717.5,0.473,0.50511,1,0.021,0.0946,0.2031,0.035,0.0299,0.0741
6259,54,West,SelfEmployed,Manufacturing,2026Q1,84291.74,694.0,71.53,40.45,100.0,228329.73,0.5038,0.13977,1,-0.0347,-0.0719,0.0634,-0.015,0.0145,0.034
6260,21,North,Salaried,IT,2026Q1,112058.05,624.0,77.45,79.82,63.23,285076.86,0.2403,0.53461,0,0.1618,0.071,0.1788,0.0885,0.0,-0.03
6261,44,East,SelfEmployed,IT,2026Q1,109312.17,645.0,60.18,12.97,79.51,207026.36,0.5439,0.16987,0,0.0039,0.0075,0.0489,-0.0712,0.0,0.0377
6262,58,North,Salaried,IT,2026Q1,111706.43,764.0,66.75,39.75,44.23,328243.61,0.5359,0.04833,0,-0.0152,-0.0805,0.0148,-0.0046,0.0,-0.0045
6263,61,West,SelfEmployed,Transport,2026Q1,62239.08,533.0,44.13,77.04,73.98,34446.27,0.6283,0.48683,1,-0.1114,0.2574,0.0201,0.0771,0.0291,0.0715
6264,38,East,Business,IT,2026Q1,83047.4,736.0,81.93,68.51,68.11,204166.49,0.3037,0.21888,1,0.025,-0.1707,0.0851,0.028,0.0,0.0
6265,53,East,SelfEmployed,Manufacturing,2026Q1,54110.4,,30.72,37.74,72.12,178375.11,0.3219,0.35317,1,-0.0544,0.291,-0.0449,-0.0355,0.0,0.0686
6266,59,West,Business,Retail,2026Q1,112737.36,617.0,77.3,33.07,68.88,340000.19,0.3618,0.253,0,-0.0727,0.0543,0.0986,-0.0359,0.0193,0.0
6267,41,South,Business,Transport,2026Q1,87003.28,,45.83,53.05,60.59,77781.65,0.4332,0.15107,0,0.0136,-0.0085,0.0141,0.0046,0.0,0.0
6268,32,East,Business,Healthcare,2026Q1,106674.95,585.0,26.49,4.41,55.58,300963.14,0.5038,0.1706,0,0.0422,0.0731,-0.039,-0.0861,0.0,0.0
6269,35,East,SelfEmployed,Retail,2026Q1,56710.42,638.0,58.12,48.35,50.16,167531.6,0.389,0.29112,0,0.0541,0.0264,0.0686,-0.0041,0.0,0.0577
6270,32,West,SelfEmployed,Retail,2026Q1,81356.14,643.0,46.98,54.11,91.39,86618.97,0.4913,0.29605,1,0.0688,0.0156,0.0278,0.01,0.024,0.0576
6271,58,North,Salaried,Transport,2026Q1,88988.2,,58.54,31.1,63.71,175347.98,0.3956,0.07842,0,-0.0323,-0.0088,0.0243,-0.019,0.0,-0.0096
6272,51,North,SelfEmployed,Transport,2026Q1,89519.71,604.0,79.68,47.75,55.59,130885.15,0.4318,0.42287,0,-0.0398,0.108,0.1593,-0.0063,0.0,0.0665
6273,45,West,SelfEmployed,Retail,2026Q1,98773.39,572.0,29.74,48.04,86.19,211236.55,0.4496,0.26125,0,0.0,0.142,-0.0439,-0.0049,0.024,0.0576
6274,40,South,Business,Transport,2026Q1,95891.75,631.0,73.18,15.14,73.06,323451.94,0.3271,0.20635,0,0.0219,0.032,0.0877,-0.0765,0.0,0.0
6275,62,West,SelfEmployed,Retail,2026Q1,115594.08,596.0,60.43,46.47,73.75,312059.89,0.4171,0.28571,0,-0.1013,0.0975,0.0707,-0.0082,0.0224,0.0535
6276,48,West,SelfEmployed,Manufacturing,2026Q1,97067.79,620.0,62.08,16.83,65.9,157781.16,0.4313,0.21458,0,-0.015,0.0522,0.0675,-0.0767,0.0202,0.0479
6277,53,North,Salaried,Healthcare,2026Q1,90469.95,597.0,19.72,33.41,91.85,87921.74,0.4009,0.106,0,-0.0201,0.0376,-0.0391,-0.0177,0.0,-0.0103
6278,40,East,Business,Manufacturing,2026Q1,73708.88,632.0,56.6,36.57,51.94,51548.33,0.3847,0.18267,0,0.0207,0.0288,0.0462,-0.0262,0.0,0.0
6279,37,North,Salaried,Construction,2026Q1,63839.92,577.0,66.22,81.31,48.48,105207.88,0.4699,0.45717,0,0.055,0.1846,0.1252,0.0912,0.0,-0.0299
6280,61,North,Salaried,Transport,2026Q1,72281.61,586.0,80.82,66.86,42.53,92813.46,0.3156,0.36212,0,-0.103,0.1285,0.1447,0.0416,0.0,-0.0263
6281,51,West,SelfEmployed,Construction,2026Q1,84622.01,543.0,23.5,81.67,64.28,250375.92,0.5508,0.36535,0,-0.0404,0.223,-0.0804,0.0852,0.028,0.0681
6282,52,East,Salaried,IT,2026Q1,90930.96,629.0,43.4,34.67,70.9,190419.14,0.5491,0.12364,0,-0.0198,0.0197,0.0062,-0.0185,0.0,-0.0117
6283,53,South,Salaried,Manufacturing,2026Q1,58060.74,557.0,92.82,41.65,43.14,26394.67,0.4367,0.45331,1,-0.0554,0.2141,0.2195,-0.0246,0.0,-0.0295
6284,61,East,Salaried,Retail,2026Q1,105281.07,639.0,15.17,53.78,74.46,192869.39,0.4679,0.07744,0,-0.0284,0.0059,-0.0322,0.0023,0.0,-0.0066
6285,63,East,Salaried,Healthcare,2026Q1,88072.12,687.0,67.2,50.11,66.87,166305.73,0.4715,0.07386,0,-0.0461,-0.0357,0.0321,0.0001,0.0,-0.0093
6286,38,North,Business,IT,2026Q1,82761.72,,53.23,72.54,87.07,156959.09,0.4897,0.10985,0,0.0184,-0.1135,0.0242,0.0247,0.0,0.0
6287,47,South,Business,Transport,2026Q1,93058.72,611.0,,62.84,94.88,72597.75,0.4404,0.19713,0,-0.0087,0.0571,-0.0058,0.0224,0.0,0.0
6288,39,East,Salaried,Healthcare,2026Q1,74365.9,807.0,42.42,68.17,47.77,122447.18,0.4491,0.032,0,0.005,-0.1296,0.0015,0.0064,0.0,-0.0041
6289,52,South,Business,IT,2026Q1,53893.76,,89.57,41.73,49.74,68129.81,0.4779,0.21793,0,-0.0336,-0.0184,0.117,-0.0166,0.0,0.0
6290,46,South,SelfEmployed,IT,2026Q1,83700.0,627.0,62.89,64.74,37.52,98385.38,0.3886,0.31984,1,-0.006,0.0516,0.0891,0.0367,0.0,0.0605
6291,46,East,Salaried,Retail,2026Q1,64932.57,750.0,46.5,37.31,56.2,120956.02,0.3197,0.03139,0,-0.001,-0.0687,0.0045,-0.006,0.0,-0.0047
6292,47,West,Business,IT,2026Q1,88684.61,558.0,36.35,100.0,20.7,246765.14,0.3746,0.38231,0,-0.0136,0.2097,-0.0178,0.1346,0.0288,0.0
6293,47,West,SelfEmployed,IT,2026Q1,100141.36,617.0,63.38,41.18,38.9,164531.35,0.321,0.3669,1,-0.0118,0.0699,0.0877,-0.0226,0.0244,0.0586
6294,75,East,Salaried,Manufacturing,2026Q1,94650.9,598.0,43.92,51.16,76.58,298685.93,0.4189,0.08989,0,-0.1012,0.0393,0.0066,0.0012,0.0,-0.0109
6295,29,West,SelfEmployed,Retail,2026Q1,56298.12,530.0,34.55,64.92,74.51,135508.78,0.4832,0.59634,1,0.1113,0.3098,-0.0264,0.0442,0.0295,0.0744
6296,48,North,Salaried,Manufacturing,2026Q1,84922.62,685.0,45.38,100.0,77.17,111708.88,0.3547,0.12588,0,-0.0103,-0.0525,0.0123,0.0573,0.0,-0.0149
6297,33,North,Salaried,Healthcare,2026Q1,44558.1,638.0,55.89,71.66,65.49,67157.76,0.3821,0.23971,0,0.06,0.0249,0.057,0.0474,0.0,-0.024
6298,52,West,Salaried,Retail,2026Q1,104386.58,663.0,45.95,29.29,69.95,98516.97,0.3354,0.09806,0,-0.016,-0.0114,0.0085,-0.0207,0.0086,-0.0095
6299,34,South,Salaried,Transport,2026Q1,101687.12,662.0,77.55,71.54,79.11,52792.48,0.4916,0.30323,1,0.0594,-0.028,0.1292,0.0505,0.0,-0.0254
6300,49,South,Business,Retail,2026Q1,70318.75,503.0,,12.99,51.91,122970.34,0.4963,0.35134,1,-0.0269,0.2768,0.0977,-0.1091,0.0,0.0
6301,42,North,Salaried,IT,2026Q1,85130.42,699.0,44.01,36.51,71.74,137914.0,0.45,0.07146,0,0.0052,-0.0436,0.005,-0.0111,0.0,-0.0081
6302,62,East,Salaried,Retail,2026Q1,118834.21,,,31.04,78.51,87265.03,0.4286,0.20559,0,-0.085,0.1056,0.0586,-0.038,0.0,-0.0194
6303,34,East,Salaried,Retail,2026Q1,58197.99,684.0,43.85,38.73,66.76,86518.15,0.3891,0.13213,0,0.0246,-0.0391,0.0067,-0.0129,0.0,-0.0114
6304,35,South,Salaried,Healthcare,2026Q1,57015.69,533.0,,65.07,59.12,115293.56,0.4695,0.36236,1,0.0679,0.2654,0.0289,0.0442,0.0,-0.0298
6305,37,South,Salaried,Healthcare,2026Q1,58542.1,,48.73,72.17,81.88,146410.52,0.3195,0.24477,0,0.0347,0.0125,0.0274,0.0407,0.0,-0.0206
6306,54,West,Salaried,IT,2026Q1,106949.47,575.0,40.98,75.56,14.88,100724.99,0.4544,0.24708,1,-0.0512,0.1262,0.0037,0.0544,0.0224,-0.0237
6307,52,South,Salaried,Manufacturing,2026Q1,106820.69,633.0,66.68,36.88,5.76,272727.22,0.4098,0.20657,0,-0.0273,0.0228,0.0576,-0.0217,0.0,-0.0163
6308,47,East,Business,Transport,2026Q1,88727.77,608.0,65.7,16.17,53.62,253003.56,0.3316,0.2432,0,-0.0088,0.0618,0.0676,-0.0709,0.0,0.0
6309,57,East,Salaried,Construction,2026Q1,114755.59,638.0,33.01,58.69,28.71,80993.74,0.3889,0.12173,0,-0.0317,0.0103,-0.0122,0.0082,0.0,-0.0104
6310,25,East,Salaried,Retail,2026Q1,36915.28,603.0,75.79,52.88,95.11,91035.89,0.4096,0.4228,1,0.1302,0.1209,0.1624,0.0085,0.0,-0.0297
6311,47,West,Business,Construction,2026Q1,102588.56,,56.58,8.22,96.48,205779.67,0.387,0.17156,0,-0.0093,0.0921,0.0489,-0.0938,0.0189,0.0
6312,50,West,Business,Construction,2026Q1,80519.42,703.0,14.56,40.05,64.04,254370.27,0.5172,0.04016,0,-0.0057,-0.0294,-0.0247,-0.0048,0.0043,0.0
6313,52,East,SelfEmployed,Construction,2026Q1,93876.3,703.0,51.86,25.33,23.41,279489.24,0.4929,0.06658,0,-0.0151,-0.0528,0.0152,-0.0238,0.0,0.0187
6314,51,East,SelfEmployed,Manufacturing,2026Q1,83668.58,,58.35,0.92,37.11,88531.77,0.3771,0.04259,0,-0.0074,-0.0722,0.0128,-0.0318,0.0,0.0107
6315,53,East,Business,IT,2026Q1,79940.88,622.0,37.11,51.42,42.9,231074.85,0.4662,0.1055,0,-0.0274,0.0309,-0.0066,0.0019,0.0,0.0
6316,55,West,SelfEmployed,Manufacturing,2026Q1,99607.55,613.0,,33.74,56.35,188817.75,0.4145,0.32459,1,-0.0653,0.0846,0.1714,-0.045,0.0264,0.0637
6317,71,North,Salaried,Retail,2026Q1,78163.51,625.0,33.88,34.24,18.41,288739.64,0.4316,0.07084,0,-0.053,0.0128,-0.0068,-0.0108,0.0,-0.0066
6318,58,West,SelfEmployed,Retail,2026Q1,109251.75,,57.11,49.6,90.69,310278.51,0.5125,0.33805,1,-0.0845,0.1531,0.0705,-0.0011,0.0259,0.0624
6319,33,West,SelfEmployed,IT,2026Q1,87012.75,537.0,37.09,5.12,54.5,184507.23,0.3863,0.32424,0,0.074,0.2234,-0.0136,-0.1313,0.0274,0.0665
6320,59,East,SelfEmployed,Construction,2026Q1,99246.74,584.0,37.86,23.35,51.14,74920.71,0.4133,0.17235,0,-0.0591,0.0745,-0.0058,-0.0472,0.0,0.0358
6321,48,East,Salaried,IT,2026Q1,73837.43,571.0,49.93,53.2,67.87,134457.98,0.4602,0.23885,0,-0.0165,0.1314,0.0363,0.0073,0.0,-0.0237
6322,44,West,Salaried,Manufacturing,2026Q1,88759.5,,35.03,59.99,56.35,94616.92,0.3409,0.14377,0,0.0029,-0.0108,-0.0108,0.012,0.012,-0.0132
6323,34,South,Salaried,Manufacturing,2026Q1,81369.57,674.0,,77.7,29.31,80794.17,0.445,0.18759,0,0.0376,-0.0391,0.0066,0.0402,0.0,-0.017
6324,47,West,Salaried,Transport,2026Q1,69648.32,488.0,37.38,52.54,86.83,127744.52,0.5764,0.46903,1,-0.0138,0.3225,-0.0129,0.0075,0.0293,-0.0297
6325,52,North,Business,Construction,2026Q1,101073.77,567.0,22.5,60.67,45.24,301413.19,0.5148,0.24271,0,-0.0319,0.1036,-0.0596,0.0189,0.0,0.0
6326,58,West,Salaried,Manufacturing,2026Q1,81019.39,,42.92,49.99,51.69,177034.96,0.4889,0.09399,0,-0.0368,0.0019,0.005,-0.0,0.01,-0.011
6327,38,North,Business,Healthcare,2026Q1,93578.78,631.0,81.44,67.21,82.42,227700.77,0.3715,0.46236,1,0.0447,0.0476,0.1675,0.047,0.0,0.0
6328,45,West,Business,Retail,2026Q1,78314.37,607.0,38.84,22.66,31.12,112785.98,0.44,0.16572,0,0.0,0.0519,-0.003,-0.0476,0.0149,0.0
6329,44,North,Salaried,Construction,2026Q1,79417.73,,,32.4,50.6,131276.02,0.5257,0.18681,0,0.0038,0.0577,0.0185,-0.0313,0.0,-0.0172
6330,44,East,Business,IT,2026Q1,88820.95,644.0,49.56,45.6,84.08,137409.45,0.3442,0.10874,0,0.0036,0.0083,0.0231,-0.0069,0.0,0.0
6331,33,North,SelfEmployed,Retail,2026Q1,89830.14,648.0,75.99,47.68,61.45,135759.62,0.3257,0.34906,0,0.0726,0.005,0.1435,-0.0064,0.0,0.0653
6332,38,North,Business,Transport,2026Q1,75503.56,532.0,55.1,20.53,38.65,152405.36,0.4702,0.36566,1,0.0447,0.2346,0.0678,-0.0858,0.0,0.0
6333,47,West,SelfEmployed,Transport,2026Q1,91277.57,499.0,33.58,12.74,52.1,167035.45,0.4663,0.33137,0,-0.0132,0.2742,-0.0306,-0.1092,0.0278,0.0675
6334,57,West,SelfEmployed,Retail,2026Q1,87783.64,615.0,,27.67,45.56,199469.37,0.5363,0.09098,0,-0.0362,0.0313,-0.0425,-0.0281,0.0108,0.0252
6335,47,West,Salaried,Manufacturing,2026Q1,50864.8,671.0,33.03,31.64,27.22,70626.32,0.5067,0.085,0,-0.0037,-0.0165,-0.0096,-0.0156,0.0074,-0.0082
6336,37,West,Salaried,Transport,2026Q1,64815.78,591.0,49.96,55.2,28.76,155049.61,0.4519,0.33275,0,0.0455,0.1189,0.0407,0.0131,0.0249,-0.0261
6337,47,North,Business,IT,2026Q1,104737.68,769.0,29.09,2.23,55.57,342082.13,0.3678,0.01837,0,-0.0009,-0.0413,-0.0039,-0.0122,0.0,0.0
6338,36,East,Salaried,Retail,2026Q1,80413.78,677.0,69.24,98.39,19.27,161016.94,0.3936,0.36145,1,0.0478,-0.0634,0.1016,0.101,0.0,-0.0248
6339,58,East,Business,IT,2026Q1,92142.93,589.0,42.5,28.42,40.71,272816.72,0.3659,0.14723,1,-0.0486,0.0614,0.0058,-0.0333,0.0,0.0
6340,66,West,Salaried,Retail,2026Q1,113185.6,503.0,69.56,11.96,31.62,117601.67,0.4326,0.3701,1,-0.1376,0.23,0.1116,-0.1053,0.0252,-0.0264
6341,51,East,Salaried,Healthcare,2026Q1,104902.75,671.0,41.74,17.98,53.12,134424.54,0.3186,0.05951,0,-0.0096,-0.0136,0.0018,-0.0243,0.0,-0.0067
6342,57,West,SelfEmployed,Retail,2026Q1,78727.55,,34.58,44.6,69.08,206759.7,0.4404,0.23153,1,-0.0682,0.1359,-0.0209,-0.0124,0.0219,0.0521
6343,42,West,Salaried,Transport,2026Q1,76315.6,582.0,32.39,26.94,48.08,225605.86,0.407,0.17636,0,0.0118,0.084,-0.0231,-0.0437,0.0167,-0.018
6344,52,South,Salaried,Transport,2026Q1,102056.95,568.0,56.03,43.53,56.56,291079.06,0.4954,0.26995,0,-0.0381,0.129,0.0545,-0.0147,0.0,-0.0229
6345,49,West,SelfEmployed,Manufacturing,2026Q1,111645.46,,68.39,38.86,79.14,302958.52,0.5461,0.44729,1,-0.0279,0.2869,0.1394,-0.0333,0.03,0.0747
6346,60,West,SelfEmployed,IT,2026Q1,101912.98,584.0,55.17,49.98,38.98,284991.12,0.4874,0.29489,0,-0.0926,0.1233,0.0576,-0.0,0.0238,0.057
6347,43,East,Salaried,Retail,2026Q1,94813.58,584.0,28.72,45.15,59.25,205749.87,0.4854,0.18538,0,0.0078,0.0807,-0.0345,-0.0084,0.0,-0.0178
6348,49,West,SelfEmployed,Transport,2026Q1,111678.66,563.0,49.32,56.72,82.71,331788.64,0.5256,0.36714,1,-0.0271,0.1952,0.0437,0.0191,0.0283,0.0692
6349,37,North,Business,Construction,2026Q1,94698.35,577.0,45.15,84.12,92.0,233036.71,0.4561,0.34322,1,0.0523,0.1697,0.0244,0.093,0.0,0.0
6350,56,East,Salaried,Transport,2026Q1,81551.24,741.0,13.36,38.94,83.18,119816.9,0.5717,0.01899,0,-0.0061,-0.0283,-0.0118,-0.0024,0.0,-0.0022
6351,42,East,Salaried,Transport,2026Q1,80594.88,668.0,48.62,24.68,43.21,67580.27,0.4748,0.09172,0,0.0066,-0.0176,0.0131,-0.0281,0.0,-0.0103
6352,46,East,Salaried,Retail,2026Q1,65421.81,609.0,62.17,67.99,44.23,167110.02,0.402,0.31633,0,-0.0056,0.0796,0.0784,0.0405,0.0,-0.0244
6353,40,West,SelfEmployed,Manufacturing,2026Q1,68997.38,502.0,74.08,56.3,73.54,184854.52,0.4384,0.73635,1,0.0285,0.3832,0.1524,0.0152,0.0243,0.063
6354,47,East,Salaried,Construction,2026Q1,50711.21,655.0,61.1,45.26,77.82,89870.2,0.3616,0.09925,0,-0.0069,-0.0068,0.0435,-0.007,0.0,-0.0151
6355,57,East,Salaried,Healthcare,2026Q1,103209.05,743.0,22.5,51.8,76.56,80827.51,0.3968,0.02295,0,-0.0088,-0.0382,-0.0093,0.0005,0.0,-0.0028
6356,53,West,SelfEmployed,Transport,2026Q1,110864.67,736.0,34.07,35.61,18.83,171410.15,0.288,0.05463,1,-0.0113,-0.0667,-0.0057,-0.0085,0.0052,0.0119
6357,63,West,SelfEmployed,IT,2026Q1,66826.56,609.0,63.08,77.32,26.59,86106.79,0.4247,0.26303,1,-0.1167,0.0878,0.0896,0.0657,0.0251,0.0605
6358,42,South,Business,Construction,2026Q1,80363.82,642.0,29.74,68.46,82.8,167263.8,0.2205,0.11411,0,0.0102,0.0107,-0.0276,0.0256,0.0,0.0
6359,49,West,SelfEmployed,Transport,2026Q1,77264.34,543.0,57.67,53.48,65.06,212510.25,0.566,0.51324,0,-0.028,0.2593,0.0868,0.0104,0.0299,0.074
6360,62,East,Business,Transport,2026Q1,116149.56,636.0,40.22,40.62,62.71,201937.92,0.4247,0.10165,0,-0.0449,0.0112,0.0003,-0.0091,0.0,0.0
6361,39,South,Salaried,Construction,2026Q1,71018.01,665.0,46.99,9.07,51.03,131903.24,0.6213,0.07861,0,0.0118,-0.0133,0.0099,-0.0453,0.0,-0.0095
6362,63,West,Business,Retail,2026Q1,119446.12,652.0,,65.0,42.05,331744.13,0.4255,0.09071,0,-0.0484,-0.0017,-0.0167,0.013,0.0089,0.0
6363,66,East,Business,Transport,2026Q1,110962.45,,53.6,49.86,56.85,234104.75,0.3994,0.04907,0,-0.0415,-0.0363,0.0131,-0.0001,0.0,0.0
6364,37,North,Salaried,Manufacturing,2026Q1,74215.09,,41.2,69.39,44.1,105889.76,0.3369,0.13799,0,0.0264,-0.0192,0.003,0.0274,0.0,-0.016
6365,75,West,Salaried,Transport,2026Q1,104401.83,507.0,,16.56,54.59,282282.58,0.4622,0.30843,0,-0.1963,0.2124,0.1254,-0.089,0.0241,-0.0254
6366,46,North,Salaried,Retail,2026Q1,98578.13,592.0,40.71,44.4,100.0,121068.37,0.6007,0.18575,0,-0.0042,0.0763,0.0021,-0.0102,0.0,-0.0184
6367,31,East,Business,Retail,2026Q1,61266.97,686.0,,42.67,64.41,176529.13,0.4337,0.25767,0,0.065,-0.0802,0.1296,-0.0166,0.0,0.0
6368,37,East,Business,Manufacturing,2026Q1,70844.16,507.0,56.12,6.71,46.13,175416.93,0.566,0.43468,0,0.0531,0.2858,0.0754,-0.1289,0.0,0.0
6369,48,West,SelfEmployed,Transport,2026Q1,71633.58,623.0,44.86,14.78,47.61,39002.38,0.44,0.22793,1,-0.0117,0.0364,0.0128,-0.0658,0.0156,0.0368
6370,45,North,Business,Retail,2026Q1,99547.11,589.0,36.95,53.79,57.22,260305.99,0.5704,0.14038,0,0.0,0.0922,-0.0105,0.0076,0.0,0.0
6371,41,West,Business,Manufacturing,2026Q1,58634.06,534.0,45.01,100.0,22.88,91471.03,0.5339,0.59263,1,0.0277,0.2987,0.0248,0.1488,0.0297,0.0
6372,36,West,SelfEmployed,Construction,2026Q1,41691.2,682.0,40.99,76.26,70.84,39468.83,0.3564,0.19882,0,0.0395,-0.0653,0.0033,0.0484,0.0196,0.0463
6373,34,South,Salaried,Transport,2026Q1,79012.88,565.0,48.07,7.83,94.35,137362.0,0.5046,0.21093,0,0.0511,0.1281,0.0279,-0.1029,0.0,-0.0224
6374,68,West,Salaried,Transport,2026Q1,72426.95,762.0,44.11,52.14,69.43,158469.39,0.4765,0.02554,0,-0.0205,-0.0531,0.0018,0.0006,0.0026,-0.0029
6375,53,North,Salaried,Transport,2026Q1,67622.33,603.0,73.14,32.26,47.16,162480.52,0.2771,0.21748,0,-0.0395,0.0731,0.0894,-0.0374,0.0,-0.0206
6376,60,West,Salaried,Transport,2026Q1,65542.28,,59.7,62.27,47.78,170671.68,0.3594,0.10563,0,-0.0419,-0.0456,0.0283,0.0117,0.0096,-0.0106
6377,39,West,Business,IT,2026Q1,73258.2,732.0,63.92,50.48,56.12,109726.08,0.2664,0.11324,0,0.0155,-0.1244,0.0392,0.0006,0.0113,0.0
6378,45,West,SelfEmployed,Manufacturing,2026Q1,137303.61,,66.94,34.01,61.86,321985.63,0.5045,0.22705,1,0.0,0.0203,0.0885,-0.0381,0.0221,0.0527
6379,38,South,SelfEmployed,Construction,2026Q1,72224.36,624.0,41.19,66.22,58.43,117508.39,0.4872,0.2365,0,0.0377,0.0538,0.0048,0.0374,0.0,0.0562
6380,44,East,SelfEmployed,Construction,2026Q1,83277.04,670.0,28.2,49.31,66.11,269607.37,0.4087,0.10059,0,0.0027,-0.0235,-0.0254,-0.0008,0.0,0.0262
6381,61,West,SelfEmployed,IT,2026Q1,80689.97,731.0,54.36,53.47,54.92,249452.39,0.3916,0.08219,1,-0.0368,-0.0881,0.0172,0.0028,0.0077,0.0179
6382,45,South,Salaried,Construction,2026Q1,74470.62,640.0,48.29,47.89,80.27,92834.01,0.4504,0.16221,0,0.0,0.0127,0.0187,-0.0031,0.0,-0.015
6383,48,South,Salaried,Manufacturing,2026Q1,96827.62,570.0,45.75,48.16,19.46,78259.27,0.4815,0.18305,0,-0.0154,0.1219,0.02,-0.004,0.0,-0.0222
6384,42,East,Business,Healthcare,2026Q1,90743.31,520.0,85.92,50.05,35.01,62026.2,0.6652,0.60775,1,0.02,0.339,0.2256,0.0001,0.0,0.0
6385,58,West,Business,Retail,2026Q1,139382.56,641.0,57.62,77.04,80.49,184883.78,0.4128,0.18615,1,-0.0635,0.0151,0.0495,0.046,0.0181,0.0
6386,43,North,Salaried,Manufacturing,2026Q1,60905.19,549.0,31.56,67.59,51.88,118804.52,0.473,0.30862,0,0.0116,0.175,-0.0364,0.0421,0.0,-0.0257
6387,63,North,Business,Manufacturing,2026Q1,69138.2,681.0,52.56,73.89,60.25,161061.55,0.4664,0.08473,0,-0.0529,-0.0336,0.0195,0.0219,0.0,0.0
6388,46,West,Business,Construction,2026Q1,99741.24,704.0,55.51,3.22,50.71,307240.19,0.4846,0.04863,0,-0.0017,-0.0454,0.016,-0.0423,0.0067,0.0
6389,75,West,SelfEmployed,Construction,2026Q1,119142.99,658.0,36.75,57.47,31.02,143164.83,0.4357,0.07574,1,-0.0882,-0.0068,-0.005,0.0064,0.0085,0.0196
6390,63,East,Salaried,Transport,2026Q1,94008.69,614.0,60.67,24.88,65.8,242588.31,0.4672,0.13637,0,-0.0609,0.0339,0.0351,-0.0338,0.0,-0.0125
6391,49,West,SelfEmployed,Healthcare,2026Q1,63601.05,,29.86,52.06,62.0,74662.22,0.4222,0.09001,1,-0.0129,-0.0127,-0.0242,0.0027,0.0127,0.0297
6392,51,South,Salaried,Manufacturing,2026Q1,72131.59,620.0,35.12,73.99,100.0,49871.14,0.4173,0.12674,0,-0.023,0.0379,-0.013,0.0335,0.0,-0.0161
6393,65,West,Business,Transport,2026Q1,113170.06,600.0,43.18,24.27,61.99,320510.93,0.6774,0.10837,0,-0.0682,0.0436,0.0061,-0.0342,0.0113,0.0
6394,54,West,SelfEmployed,Retail,2026Q1,97183.69,588.0,41.41,53.15,86.26,124420.88,0.4605,0.24183,1,-0.0516,0.1099,0.0054,0.0072,0.0226,0.0538
6395,57,North,Salaried,Transport,2026Q1,99477.36,626.0,49.89,35.85,58.42,207039.07,0.5642,0.08932,0,-0.0368,0.0229,0.0176,-0.0174,0.0,-0.0121
6396,73,West,Salaried,IT,2026Q1,83955.05,619.0,36.04,70.06,86.56,229741.58,0.4172,0.08631,0,-0.0934,0.026,-0.0072,0.0191,0.01,-0.011
6397,52,South,Business,Healthcare,2026Q1,63768.73,703.0,54.42,52.75,45.83,85424.29,0.3281,0.08702,0,-0.0161,-0.0563,0.0194,0.0025,0.0,0.0
6398,27,East,Business,Healthcare,2026Q1,72150.05,657.0,,41.07,36.73,180940.08,0.315,0.21086,0,0.0699,-0.0128,0.04,-0.0179,0.0,0.0
6399,52,South,SelfEmployed,Healthcare,2026Q1,102119.2,,2.0,42.57,34.97,141792.14,0.445,0.23179,0,-0.0338,0.1421,-0.1506,-0.0149,0.0,0.0447
6400,63,West,SelfEmployed,Construction,2026Q1,77004.52,652.0,,54.3,46.72,129769.89,0.2667,0.21363,1,-0.0913,-0.0035,0.0764,0.008,0.0182,0.0429
6401,53,East,Salaried,Construction,2026Q1,112369.77,625.0,,86.05,50.72,262716.78,0.5436,0.18013,1,-0.0408,0.0435,0.0499,0.0653,0.0,-0.0213
6402,37,West,SelfEmployed,IT,2026Q1,71227.74,638.0,45.17,53.81,37.84,187044.88,0.4177,0.28328,1,0.0412,0.0248,0.0196,0.0088,0.0227,0.0541
6403,49,East,Salaried,Retail,2026Q1,100612.53,601.0,34.74,59.04,76.72,299966.51,0.4586,0.17968,0,-0.0158,0.0608,-0.0148,0.0142,0.0,-0.017
6404,66,East,SelfEmployed,IT,2026Q1,135402.98,621.0,59.12,69.28,5.0,181015.21,0.3621,0.19848,1,-0.1147,0.0487,0.0572,0.0363,0.0,0.046
6405,34,West,Salaried,Healthcare,2026Q1,37313.64,730.0,37.89,44.21,71.14,64586.08,0.2872,0.0823,0,0.0169,-0.0806,-0.0027,-0.0045,0.0071,-0.0079
6406,31,North,Business,Transport,2026Q1,87805.59,593.0,41.09,26.31,53.64,251652.39,0.3625,0.21292,0,0.0626,0.0933,0.0039,-0.0545,0.0,0.0
6407,41,East,SelfEmployed,IT,2026Q1,113597.77,575.0,43.2,50.44,91.69,348285.16,0.5482,0.38871,1,0.0248,0.1573,0.0143,0.0012,0.0,0.0643
6408,63,South,Business,Transport,2026Q1,99669.23,571.0,41.85,68.09,56.77,196506.53,0.5302,0.22725,0,-0.0953,0.1092,0.0061,0.0336,0.0,0.0
6409,27,West,SelfEmployed,Transport,2026Q1,103538.58,546.0,43.84,46.38,56.65,186485.95,0.4558,0.52988,1,0.125,0.2674,0.0191,-0.0108,0.0299,0.0749
6410,51,West,Business,Healthcare,2026Q1,114900.9,659.0,21.43,25.09,81.33,337258.82,0.3269,0.04991,0,-0.0101,-0.0058,-0.0244,-0.019,0.0063,0.0
6411,55,West,Business,Transport,2026Q1,94660.42,698.0,54.74,62.89,38.78,260591.89,0.4185,0.09182,0,-0.0284,-0.0589,0.0238,0.0132,0.0104,0.0
6412,50,West,Salaried,Construction,2026Q1,80444.5,578.0,34.82,87.07,58.65,187654.84,0.5492,0.25401,0,-0.0289,0.1293,-0.0212,0.08,0.0234,-0.0247
6413,34,North,Salaried,Construction,2026Q1,38323.73,654.0,45.58,49.31,77.25,52037.39,0.5786,0.20151,0,0.036,-0.0058,0.014,-0.0011,0.0,-0.0163
6414,51,South,Salaried,Construction,2026Q1,69739.11,689.0,40.1,30.31,62.92,207656.24,0.5977,0.06257,0,-0.0089,-0.0257,0.0001,-0.013,0.0,-0.0063
6415,38,West,SelfEmployed,IT,2026Q1,90292.75,,47.67,71.22,82.26,126635.26,0.4621,0.3613,1,0.0411,0.0371,0.0325,0.0528,0.0256,0.0616
6416,52,North,Salaried,Retail,2026Q1,77964.08,,45.14,68.41,47.37,95250.26,0.3776,0.17614,0,-0.0292,0.0424,0.0139,0.0286,0.0,-0.0174
6417,40,East,Business,Construction,2026Q1,93332.61,573.0,41.25,60.96,47.37,188970.87,0.4764,0.29003,0,0.029,0.148,0.0053,0.0273,0.0,0.0
6418,54,West,Salaried,Healthcare,2026Q1,105494.32,660.0,,53.37,74.64,105865.46,0.3665,0.1262,0,-0.0277,-0.0114,0.0188,0.004,0.0114,-0.0125
6419,49,South,Business,IT,2026Q1,115313.98,602.0,62.07,52.07,43.55,381244.84,0.5434,0.22541,0,-0.0219,0.0873,0.0748,0.0047,0.0,0.0
6420,36,East,Salaried,IT,2026Q1,75583.18,659.0,52.89,82.23,45.43,217875.22,0.5381,0.26922,0,0.04,-0.0174,0.0409,0.059,0.0,-0.0212
6421,56,West,Salaried,Healthcare,2026Q1,76502.21,583.0,64.97,64.13,59.51,115767.89,0.4371,0.24483,0,-0.0682,0.1295,0.0934,0.0343,0.0245,-0.0257
6422,48,East,Business,Manufacturing,2026Q1,97537.07,640.0,67.67,46.8,69.24,239297.75,0.4906,0.16779,0,-0.0136,0.0168,0.0732,-0.0061,0.0,0.0
6423,53,West,Salaried,Transport,2026Q1,88065.08,692.0,,57.15,78.6,290887.16,0.5091,0.08158,0,-0.0168,-0.0383,0.0011,0.0056,0.0078,-0.0086
6424,52,West,Salaried,Healthcare,2026Q1,71392.51,651.0,73.95,44.49,59.03,39212.66,0.333,0.16818,0,-0.0302,-0.0016,0.0782,-0.0098,0.0167,-0.0181
6425,61,West,SelfEmployed,Construction,2026Q1,105780.73,575.0,41.62,43.62,71.05,102992.26,0.5424,0.2734,1,-0.089,0.1151,0.0057,-0.0139,0.0207,0.0491
6426,56,West,Salaried,IT,2026Q1,71956.32,544.0,27.32,43.06,90.3,82861.15,0.4812,0.23037,0,-0.0526,0.1238,-0.0426,-0.0133,0.018,-0.0194
6427,54,South,Salaried,Healthcare,2026Q1,84396.53,623.0,51.5,63.7,79.02,273005.61,0.3989,0.1119,0,-0.0375,0.0367,0.0291,0.0213,0.0,-0.0171
6428,29,North,Salaried,Manufacturing,2026Q1,51514.33,712.0,57.02,43.68,55.63,102968.24,0.299,0.10055,1,0.0384,-0.0895,0.0304,-0.008,0.0,-0.0128
6429,45,West,SelfEmployed,Construction,2026Q1,76116.24,,79.47,47.21,69.13,184763.5,0.4507,0.23654,1,0.0,-0.0498,0.1246,-0.0066,0.0228,0.0543
6430,21,East,Salaried,IT,2026Q1,71521.96,753.0,61.71,52.96,96.7,122192.39,0.4466,0.12984,0,0.0519,-0.1704,0.0367,0.0035,0.0,-0.0126
6431,33,West,SelfEmployed,Manufacturing,2026Q1,90198.6,804.0,68.53,65.34,73.89,154637.21,0.5501,0.08434,0,0.0279,-0.286,0.0432,0.0162,0.0108,0.0252
6432,61,South,Salaried,IT,2026Q1,87956.8,611.0,68.14,75.85,56.45,264011.26,0.3748,0.16086,0,-0.0883,0.0669,0.0842,0.0501,0.0,-0.0218
6433,44,South,Salaried,Transport,2026Q1,98437.83,,38.75,34.43,100.0,125160.54,0.5195,0.0717,0,0.0022,-0.0099,-0.002,-0.0157,0.0,-0.0098
6434,61,East,Business,Transport,2026Q1,119386.38,618.0,56.51,60.08,87.34,93155.19,0.5478,0.18279,0,-0.0724,0.0438,0.0414,0.0163,0.0,0.0
6435,40,North,SelfEmployed,Construction,2026Q1,90815.41,581.0,38.09,61.15,84.51,224891.65,0.4222,0.42395,0,0.0308,0.1462,-0.0086,0.0294,0.0,0.064
6436,47,East,SelfEmployed,Manufacturing,2026Q1,85124.79,,49.74,52.02,52.79,224835.81,0.5098,0.14601,0,-0.0087,0.0033,0.0279,0.0037,0.0,0.0415
6437,50,South,Salaried,Healthcare,2026Q1,93126.96,635.0,49.1,10.33,44.01,237384.59,0.3235,0.076,0,-0.0119,0.0124,0.0135,-0.0464,0.0,-0.0101
6438,66,North,Business,IT,2026Q1,102771.45,615.0,53.46,47.51,84.75,220634.39,0.6004,0.1312,0,-0.0813,0.0373,0.0273,-0.0034,0.0,0.0
6439,60,East,Salaried,Manufacturing,2026Q1,94230.75,594.0,74.18,52.47,44.36,121123.38,0.434,0.27507,0,-0.0843,0.0938,0.102,0.0053,0.0,-0.0225
6440,43,East,Business,IT,2026Q1,112178.27,627.0,69.55,76.66,29.04,205720.14,0.3747,0.41118,0,0.0122,0.0529,0.1145,0.066,0.0,0.0
6441,43,West,SelfEmployed,Retail,2026Q1,99454.59,,48.18,74.97,72.77,309657.09,0.4426,0.41973,0,0.0134,0.1384,0.0387,0.0697,0.0286,0.0698
6442,51,South,Business,Healthcare,2026Q1,86560.99,609.0,42.32,62.36,92.51,78058.46,0.4522,0.20787,0,-0.0268,0.0591,0.0069,0.0215,0.0,0.0
6443,75,East,Salaried,Manufacturing,2026Q1,123524.48,543.0,67.5,100.0,32.06,102234.08,0.3968,0.36121,1,-0.2057,0.2115,0.1146,0.1237,0.0,-0.028
6444,50,East,Salaried,Manufacturing,2026Q1,59298.12,563.0,51.84,60.32,92.59,126879.63,0.5618,0.34725,1,-0.0297,0.1547,0.0463,0.0249,0.0,-0.0253
6445,40,North,Salaried,Manufacturing,2026Q1,71651.06,581.0,69.27,37.68,45.08,162348.22,0.4819,0.30271,0,0.0299,0.1409,0.1134,-0.0332,0.0,-0.0268
6446,40,North,Salaried,Construction,2026Q1,92825.77,,10.72,69.1,68.98,262953.39,0.4452,0.11036,0,0.013,0.018,-0.0718,0.0206,0.0,-0.0123
6447,47,East,Business,Transport,2026Q1,79096.46,624.0,48.59,45.25,83.59,238817.43,0.3513,0.11907,0,-0.0079,0.0361,0.0226,-0.0081,0.0,0.0
6448,52,East,SelfEmployed,Retail,2026Q1,96820.65,578.0,68.64,57.56,59.19,253833.94,0.5158,0.43598,1,-0.0479,0.169,0.1274,0.0216,0.0,0.0697
6449,39,West,Salaried,Retail,2026Q1,79647.92,584.0,28.65,27.94,73.98,225399.03,0.5278,0.22091,1,0.023,0.0821,-0.0353,-0.0416,0.0167,-0.018
6450,59,East,Salaried,Construction,2026Q1,112495.73,632.0,24.41,36.42,53.86,135276.01,0.4768,0.06792,0,-0.0266,0.0104,-0.0204,-0.01,0.0,-0.0072
6451,42,South,Business,Healthcare,2026Q1,80173.34,586.0,25.09,15.68,80.31,221899.14,0.4459,0.11831,0,0.0094,0.0626,-0.0384,-0.0551,0.0,0.0
6452,63,West,SelfEmployed,Retail,2026Q1,116048.23,,,48.51,89.76,229292.82,0.4297,0.26161,1,-0.117,0.1778,0.0417,-0.0039,0.0252,0.0607
6453,52,North,Business,Manufacturing,2026Q1,85422.84,664.0,37.15,33.73,55.57,192265.38,0.4438,0.09557,0,-0.0143,-0.011,-0.0039,-0.0142,0.0,0.0
6454,45,West,Salaried,Retail,2026Q1,70264.54,525.0,,98.36,48.14,57988.2,0.4878,0.52897,0,0.0,0.3196,0.0716,0.1441,0.0296,-0.0291
6455,21,West,SelfEmployed,Manufacturing,2026Q1,63186.53,547.0,,75.35,50.7,121408.04,0.5359,0.72908,1,0.1474,0.2615,0.1,0.0625,0.0237,0.0616
6456,45,North,Salaried,Transport,2026Q1,74494.42,694.0,37.66,38.23,69.72,198274.95,0.4482,0.04724,0,0.0,-0.0341,-0.0027,-0.0085,0.0,-0.0072
6457,49,South,Business,IT,2026Q1,112782.6,539.0,56.48,31.57,37.58,135683.07,0.3283,0.34305,0,-0.025,0.2005,0.0677,-0.0502,0.0,0.0
6458,50,North,Salaried,Retail,2026Q1,124914.58,720.0,49.42,32.93,71.68,355376.71,0.4393,0.06463,0,-0.0068,-0.0498,0.0078,-0.0102,0.0,-0.0057
6459,56,South,Salaried,IT,2026Q1,86621.24,539.0,15.82,30.46,63.27,111800.18,0.4323,0.1355,0,-0.0397,0.0897,-0.0662,-0.0294,0.0,-0.0145
6460,45,South,Business,IT,2026Q1,92285.41,,32.61,27.49,68.15,165170.42,0.374,0.25944,0,0.0,0.1302,-0.0261,-0.0492,0.0,0.0
6461,56,South,Salaried,Retail,2026Q1,117341.07,547.0,56.36,46.55,60.38,202198.99,0.3546,0.24534,0,-0.0657,0.1672,0.0606,-0.0084,0.0,-0.0247
6462,39,East,Business,Construction,2026Q1,129707.55,,57.7,33.68,74.27,345348.82,0.4117,0.42323,1,0.0405,0.2626,0.0836,-0.0485,0.0,0.0
6463,60,West,Business,Construction,2026Q1,102525.61,,25.59,25.15,42.52,232466.49,0.2622,0.02944,0,-0.0142,-0.0269,-0.0092,-0.0095,0.0031,0.0
6464,60,North,SelfEmployed,Healthcare,2026Q1,103997.0,700.0,45.88,75.76,7.71,170279.03,0.3872,0.08805,1,-0.0448,-0.0617,0.0101,0.0247,0.0,0.024
6465,53,South,Salaried,Retail,2026Q1,59849.39,523.0,13.58,35.95,73.64,170689.86,0.5675,0.14602,0,-0.0338,0.121,-0.0874,-0.025,0.0,-0.0175
6466,58,South,Salaried,IT,2026Q1,74722.25,,47.62,35.53,34.04,191115.82,0.4018,0.0324,0,-0.0151,-0.0428,0.005,-0.0066,0.0,-0.0044
6467,46,West,SelfEmployed,IT,2026Q1,56361.44,535.0,57.61,84.2,64.38,132842.77,0.361,0.60435,1,-0.0066,0.3043,0.086,0.1005,0.0288,0.073
6468,47,West,SelfEmployed,Manufacturing,2026Q1,81024.75,820.0,22.83,89.0,38.1,231938.15,0.285,0.03151,0,-0.0019,-0.1537,-0.0135,0.0126,0.0038,0.0087
6469,47,East,Salaried,Transport,2026Q1,108676.76,608.0,31.82,67.95,78.18,273873.83,0.6293,0.20108,0,-0.0079,0.0547,-0.0239,0.0278,0.0,-0.0173
6470,64,West,SelfEmployed,Manufacturing,2026Q1,86232.18,577.0,26.46,53.08,45.74,226358.94,0.4699,0.13231,0,-0.0932,0.092,-0.0441,0.0055,0.0173,0.0408
6471,52,West,Business,Construction,2026Q1,86595.83,652.0,50.86,32.48,45.51,149436.26,0.4471,0.1168,0,-0.0215,-0.0023,0.0203,-0.0232,0.0117,0.0
6472,41,South,Salaried,Transport,2026Q1,81610.98,558.0,60.31,71.23,76.24,190664.56,0.4649,0.36173,0,0.0272,0.2146,0.0955,0.061,0.0,-0.0296
6473,49,North,Salaried,Retail,2026Q1,51951.82,522.0,74.53,36.55,71.8,111004.66,0.328,0.48453,1,-0.0277,0.2784,0.1573,-0.0401,0.0,-0.0297
6474,44,West,Salaried,Construction,2026Q1,81736.14,589.0,23.75,16.46,74.17,66253.75,0.3113,0.10732,1,0.003,0.0555,-0.0392,-0.0499,0.0122,-0.0134
6475,51,West,Business,Retail,2026Q1,52068.06,624.0,47.35,38.72,39.72,49702.47,0.3483,0.15317,0,-0.0232,0.0338,0.0182,-0.0185,0.015,0.0
6476,48,West,SelfEmployed,IT,2026Q1,82631.91,471.0,64.0,23.63,38.77,204055.66,0.4352,0.68077,1,-0.0194,0.4369,0.1172,-0.0706,0.0285,0.0724
6477,35,East,Business,Construction,2026Q1,54561.16,557.0,52.69,30.25,72.98,90719.55,0.3828,0.28298,0,0.0605,0.1868,0.0551,-0.0555,0.0,0.0
6478,38,South,Salaried,Transport,2026Q1,57202.0,,25.94,78.81,54.08,56609.42,0.3819,0.06433,0,0.0087,-0.0896,-0.0155,0.0144,0.0,-0.0061
6479,45,South,Salaried,Transport,2026Q1,74552.41,618.0,45.05,80.17,35.84,124312.11,0.5198,0.23764,1,0.0,0.0548,0.0169,0.0562,0.0,-0.0214
6480,65,East,Business,IT,2026Q1,107673.83,,64.15,32.64,62.84,266113.63,0.5999,0.45711,0,-0.1379,0.3808,0.117,-0.052,0.0,0.0
6481,29,East,Salaried,Transport,2026Q1,58774.97,618.0,48.28,33.37,100.0,126442.4,0.3974,0.15055,0,0.0657,0.0532,0.0265,-0.0354,0.0,-0.0208
6482,54,North,Business,Manufacturing,2026Q1,140237.46,642.0,,29.01,51.83,420000.0,0.413,0.16094,0,-0.0293,0.009,0.0346,-0.0293,0.0,0.0
6483,67,West,Business,Healthcare,2026Q1,124567.91,617.0,63.09,86.64,43.25,101949.05,0.4687,0.22379,0,-0.1275,0.0589,0.0728,0.0697,0.0209,0.0
6484,61,West,SelfEmployed,Retail,2026Q1,68914.19,671.0,25.51,82.18,49.41,140157.98,0.4382,0.11929,1,-0.0513,-0.0243,-0.0312,0.0319,0.011,0.0257
6485,50,West,Salaried,Construction,2026Q1,56208.61,598.0,34.83,33.68,44.44,67052.42,0.4518,0.14316,0,-0.0177,0.0558,-0.0129,-0.0252,0.0138,-0.0151
6486,48,West,Salaried,Transport,2026Q1,103561.84,687.0,36.67,72.19,80.85,152883.53,0.4662,0.13372,0,-0.0075,-0.0416,-0.0059,0.0208,0.0099,-0.0109
6487,57,West,Salaried,Construction,2026Q1,87623.72,617.0,46.27,53.72,94.51,71305.24,0.5018,0.12475,0,-0.0475,0.0401,0.0151,0.0055,0.0145,-0.0158
6488,67,North,Business,Retail,2026Q1,134352.72,626.0,46.76,57.31,70.01,309734.78,0.5093,0.13119,0,-0.0768,0.0235,0.0127,0.0084,0.0,0.0
6489,58,West,SelfEmployed,Transport,2026Q1,115057.7,642.0,62.29,61.84,66.73,365661.61,0.4348,0.29196,0,-0.0703,0.0151,0.069,0.0241,0.0204,0.0485
6490,52,West,SelfEmployed,Retail,2026Q1,86049.99,665.0,35.65,43.33,59.74,93419.43,0.4903,0.09343,0,-0.0212,-0.0177,-0.009,-0.0083,0.0115,0.0268
6491,63,East,Salaried,Healthcare,2026Q1,95824.93,642.0,71.69,41.4,97.07,76425.91,0.204,0.12004,1,-0.0658,0.0092,0.0541,-0.0116,0.0,-0.0136
6492,52,South,Business,IT,2026Q1,87490.38,567.0,70.69,84.42,80.08,233554.84,0.4681,0.46395,1,-0.0488,0.2025,0.1429,0.0987,0.0,0.0
6493,51,North,SelfEmployed,Retail,2026Q1,107307.86,727.0,62.33,48.3,93.25,361260.23,0.454,0.10839,0,-0.0156,-0.1028,0.0325,-0.0018,0.0,0.0231
6494,57,North,Salaried,Transport,2026Q1,89940.47,565.0,75.29,56.91,30.59,161993.58,0.3711,0.35908,0,-0.0785,0.1702,0.136,0.0182,0.0,-0.0273
6495,43,South,Business,IT,2026Q1,112006.29,559.0,45.09,89.46,89.09,191284.62,0.5519,0.46844,1,0.0136,0.2102,0.0246,0.1093,0.0,0.0
6496,75,East,Salaried,Healthcare,2026Q1,91566.51,486.0,24.2,59.82,73.87,258224.05,0.3132,0.21387,0,-0.1725,0.1707,-0.0578,0.0191,0.0,-0.0208
6497,52,West,SelfEmployed,Healthcare,2026Q1,86190.32,601.0,,50.26,85.46,122520.48,0.2986,0.20366,0,-0.0323,0.0703,-0.0421,0.0005,0.0179,0.0424
6498,48,South,Salaried,Manufacturing,2026Q1,69614.08,,51.08,39.62,94.32,200847.27,0.4553,0.17508,0,-0.0142,0.0956,0.0343,-0.0213,0.0,-0.0205
6499,59,South,Business,Healthcare,2026Q1,131465.18,623.0,41.81,32.57,43.56,185049.14,0.2331,0.08305,0,-0.0406,0.0233,0.0032,-0.0201,0.0,0.0
6500,62,North,Business,Transport,2026Q1,106334.41,562.0,36.31,54.42,66.95,101139.41,0.4612,0.18309,1,-0.0828,0.1059,-0.0114,0.0079,0.0,0.0
6501,42,West,SelfEmployed,Transport,2026Q1,80045.08,730.0,60.95,34.64,38.93,215936.06,0.5038,0.10392,0,0.008,-0.1195,0.0348,-0.0194,0.0112,0.0261
6502,31,North,SelfEmployed,Retail,2026Q1,68617.37,578.0,45.86,41.92,90.89,227256.34,0.4518,0.41971,1,0.0884,0.1655,0.0275,-0.0233,0.0,0.0686
6503,46,East,Business,Transport,2026Q1,113687.53,578.0,26.88,8.75,42.11,95385.2,0.3949,0.09294,0,-0.0031,0.0644,-0.0317,-0.065,0.0,0.0
6504,53,South,Business,Manufacturing,2026Q1,152508.75,613.0,29.01,58.09,25.65,225807.12,0.5206,0.14119,0,-0.0277,0.0399,-0.0272,0.0107,0.0,0.0
6505,42,East,Salaried,IT,2026Q1,119112.03,,63.99,30.77,39.44,70634.99,0.2527,0.17902,0,0.011,0.0101,0.0545,-0.0335,0.0,-0.0168
6506,50,North,Business,Construction,2026Q1,108958.37,,24.97,91.6,47.2,106506.64,0.4448,0.05519,0,-0.0109,-0.051,-0.0251,0.0299,0.0,0.0
6507,49,West,Salaried,Healthcare,2026Q1,63093.03,654.0,26.8,31.04,42.72,103093.87,0.4237,0.09141,0,-0.0076,-0.0029,-0.0191,-0.0162,0.0074,-0.0082
6508,32,East,Business,IT,2026Q1,69374.54,,66.51,40.8,63.02,44096.82,0.3031,0.30033,0,0.0584,-0.0059,0.081,-0.0202,0.0,0.0
6509,57,South,Salaried,Transport,2026Q1,92802.03,626.0,60.11,47.25,77.19,324392.79,0.4018,0.1716,0,-0.0468,0.0298,0.0432,-0.0041,0.0,-0.0155
6510,60,South,Salaried,Manufacturing,2026Q1,48299.75,562.0,71.48,40.02,33.65,46225.79,0.4601,0.25882,0,-0.0896,0.1453,0.1043,-0.0241,0.0,-0.0241
6511,52,West,Business,Retail,2026Q1,86227.31,576.0,61.28,9.23,84.94,231140.98,0.4747,0.2098,1,-0.0353,0.1082,0.064,-0.0946,0.0198,0.0
6512,54,East,Salaried,Manufacturing,2026Q1,100425.58,467.0,,50.06,66.63,164624.63,0.6359,0.48497,1,-0.0625,0.3886,0.0876,0.0002,0.0,-0.0299
6513,43,East,Business,IT,2026Q1,60959.01,597.0,52.02,59.35,83.95,201937.05,0.4263,0.27693,0,0.0111,0.1009,0.0455,0.0219,0.0,0.0
6514,49,West,SelfEmployed,Healthcare,2026Q1,97754.88,662.0,52.26,41.83,64.54,119804.42,0.3975,0.15335,1,-0.016,-0.0189,0.031,-0.0139,0.0158,0.0372
6515,57,West,SelfEmployed,Transport,2026Q1,85457.83,600.0,65.34,43.36,82.49,106985.67,0.3961,0.30421,0,-0.0739,0.0996,0.0928,-0.0167,0.0241,0.0579
6516,35,West,SelfEmployed,Transport,2026Q1,64062.73,647.0,34.11,41.39,37.39,76912.9,0.3723,0.19281,1,0.0397,0.0051,-0.0189,-0.0165,0.0179,0.0423
6517,39,North,Business,Transport,2026Q1,96704.77,747.0,43.71,30.65,61.6,103575.83,0.5418,0.0522,0,0.007,-0.0785,0.0032,-0.0116,0.0,0.0
6518,34,East,SelfEmployed,IT,2026Q1,103102.51,,30.77,35.04,45.63,187743.93,0.5208,0.18246,0,0.0435,0.0393,-0.0304,-0.0295,0.0,0.0425
6519,69,East,Salaried,Retail,2026Q1,96922.3,657.0,51.51,82.12,72.87,255933.93,0.3072,0.08418,0,-0.0783,-0.0071,0.0188,0.0296,0.0,-0.0113
6520,47,West,SelfEmployed,Healthcare,2026Q1,111108.27,626.0,58.95,58.9,71.26,137262.41,0.4545,0.34905,1,-0.0119,0.0526,0.0736,0.022,0.0247,0.0593
6521,66,East,Business,Transport,2026Q1,116485.11,562.0,55.72,67.07,76.93,273442.63,0.4198,0.226,0,-0.1273,0.1418,0.0557,0.0373,0.0,0.0
6522,49,East,Salaried,Retail,2026Q1,59799.58,603.0,31.94,37.23,73.78,195047.15,0.458,0.11804,0,-0.0125,0.0453,-0.0183,-0.0173,0.0,-0.0134
6523,70,South,Business,Manufacturing,2026Q1,133920.63,,65.99,69.66,76.76,253629.75,0.2627,0.31923,1,-0.1674,0.1948,0.1025,0.0495,0.0,0.0
6524,64,West,Business,Manufacturing,2026Q1,132283.65,676.0,37.96,74.33,65.09,261531.84,0.2854,0.0848,0,-0.0507,-0.0246,-0.0032,0.0198,0.0087,0.0
6525,42,East,Salaried,Construction,2026Q1,81031.88,,43.77,40.53,51.56,71380.9,0.4028,0.08414,0,0.0064,-0.0308,0.0057,-0.0093,0.0,-0.0099
6526,51,West,Business,Transport,2026Q1,74009.99,612.0,63.59,100.0,82.01,91207.35,0.4973,0.36079,0,-0.0401,0.0919,0.1027,0.1274,0.0277,0.0
6527,39,East,Salaried,Manufacturing,2026Q1,44572.76,738.0,,28.32,44.67,67038.76,0.3869,0.05146,0,0.0074,-0.0714,0.0079,-0.0138,0.0,-0.006
6528,57,West,Salaried,Healthcare,2026Q1,95895.01,603.0,44.37,23.15,51.46,222525.11,0.346,0.10225,0,-0.0399,0.0444,0.0088,-0.0381,0.012,-0.0131
6529,62,West,SelfEmployed,IT,2026Q1,108358.0,677.0,88.26,30.92,74.45,142182.67,0.456,0.16719,0,-0.0788,-0.0466,0.099,-0.0352,0.0165,0.0388
6530,71,North,Salaried,Construction,2026Q1,112729.27,601.0,53.17,38.52,57.58,213721.13,0.4228,0.10733,0,-0.0911,0.0413,0.0225,-0.0138,0.0,-0.0119
6531,65,North,Salaried,Transport,2026Q1,55265.61,648.0,48.61,65.03,53.03,122636.43,0.4052,0.07068,0,-0.0602,0.0019,0.0138,0.0144,0.0,-0.0108
6532,55,West,Salaried,Healthcare,2026Q1,70013.31,523.0,44.01,33.59,87.13,61452.68,0.4021,0.32772,0,-0.0596,0.1916,0.0158,-0.0413,0.0235,-0.0248
6533,54,East,Salaried,Healthcare,2026Q1,74382.18,584.0,41.92,5.38,6.96,107844.41,0.5697,0.15205,0,-0.0272,0.0535,0.0037,-0.0642,0.0,-0.0123
6534,47,South,Salaried,Manufacturing,2026Q1,97728.56,623.0,49.04,36.29,77.79,174194.65,0.4153,0.15422,0,-0.0069,0.0322,0.0204,-0.021,0.0,-0.0151
6535,70,East,Salaried,IT,2026Q1,99496.94,676.0,35.63,41.49,17.84,252239.87,0.5047,0.03508,0,-0.0352,-0.0118,-0.0033,-0.0039,0.0,-0.0046
6536,40,East,Business,Healthcare,2026Q1,107566.25,621.0,35.0,57.1,59.67,267574.29,0.4147,0.17274,0,0.0199,0.0427,-0.0153,0.0123,0.0,0.0
6537,39,North,Salaried,Construction,2026Q1,53453.1,711.0,41.57,0.0,78.99,148905.23,0.2667,0.0346,0,0.0062,-0.0365,0.0012,-0.0316,0.0,-0.005
6538,38,West,Business,IT,2026Q1,52034.38,593.0,59.19,41.18,71.13,94357.5,0.4767,0.38977,0,0.0415,0.1205,0.0781,-0.0236,0.0258,0.0
6539,62,South,Business,Transport,2026Q1,122102.58,555.0,64.31,47.15,47.04,241355.83,0.5054,0.23684,0,-0.1055,0.1612,0.0877,-0.007,0.0,0.0
6540,61,East,Salaried,Retail,2026Q1,87049.31,745.0,19.7,49.4,69.39,94191.61,0.2767,0.02172,0,-0.0101,-0.0322,-0.009,-0.0001,0.0,-0.0023
6541,55,West,Salaried,Construction,2026Q1,86548.06,515.0,52.69,64.11,44.44,211327.8,0.5583,0.39983,1,-0.0693,0.2792,0.0603,0.0406,0.0289,-0.0295
6542,53,West,SelfEmployed,Healthcare,2026Q1,69451.89,568.0,45.27,27.62,33.96,126571.32,0.4217,0.31572,0,-0.0459,0.1378,0.0201,-0.0556,0.0228,0.0543
6543,37,North,Salaried,Transport,2026Q1,71911.96,617.0,88.85,45.16,41.25,188413.03,0.5381,0.39059,0,0.05,0.0791,0.1862,-0.0135,0.0,-0.0282
6544,53,North,Business,Healthcare,2026Q1,102615.41,598.0,44.04,50.01,41.2,191870.38,0.4655,0.20398,0,-0.0354,0.0695,0.0116,0.0,0.0,0.0
6545,64,North,SelfEmployed,IT,2026Q1,102103.09,,29.84,41.92,73.09,274632.06,0.3794,0.09993,0,-0.0577,0.02,-0.0193,-0.0088,0.0,0.0233
6546,38,South,Salaried,Retail,2026Q1,82364.12,,60.35,57.16,100.0,189222.03,0.3965,0.30852,0,0.0348,0.0478,0.0681,0.0157,0.0,-0.0231
6547,37,South,Salaried,Retail,2026Q1,83601.68,767.0,59.82,27.53,67.2,91867.8,0.5223,0.03563,0,0.0091,-0.1048,0.0149,-0.0137,0.0,-0.0057
6548,53,West,Salaried,Manufacturing,2026Q1,106540.89,602.0,44.43,58.65,49.74,297433.72,0.507,0.14608,0,-0.0368,0.0683,0.0132,0.0154,0.0177,-0.0191
6549,58,North,Salaried,Retail,2026Q1,89628.73,642.0,55.17,42.69,34.06,153708.08,0.4534,0.08262,1,-0.0398,0.0081,0.0255,-0.0086,0.0,-0.0119
6550,59,South,Salaried,IT,2026Q1,119693.35,622.0,66.12,65.07,46.52,74104.68,0.5092,0.17729,0,-0.0677,0.0429,0.0678,0.0263,0.0,-0.0191
6551,63,East,Salaried,Transport,2026Q1,69778.23,453.0,,73.47,37.1,138204.67,0.5709,0.57908,1,-0.1113,0.4583,0.1417,0.0687,0.0,-0.0281
6552,52,North,Business,Manufacturing,2026Q1,114806.47,536.0,56.88,67.22,38.7,158359.19,0.5589,0.39061,0,-0.0482,0.2462,0.0789,0.0491,0.0,0.0
6553,32,South,Salaried,Transport,2026Q1,65756.45,468.0,37.68,19.33,46.74,179285.58,0.6219,0.54484,1,0.0887,0.3633,-0.0116,-0.0917,0.0,-0.03
6554,56,East,Salaried,Retail,2026Q1,84641.55,542.0,27.46,33.83,57.13,204512.99,0.5766,0.14866,0,-0.0465,0.1071,-0.0372,-0.0283,0.0,-0.0171
6555,63,East,Salaried,IT,2026Q1,84856.42,604.0,37.53,53.18,41.22,203237.18,0.6085,0.12854,0,-0.0603,0.041,-0.005,0.0037,0.0,-0.0124
6556,43,East,Business,Transport,2026Q1,99736.38,675.0,63.61,40.51,83.37,286150.27,0.3852,0.14235,0,0.0066,-0.0366,0.048,-0.0143,0.0,0.0
6557,48,East,Business,Transport,2026Q1,127788.74,,56.9,34.3,85.25,147807.53,0.362,0.08996,0,-0.006,-0.0568,0.0204,-0.0142,0.0,0.0
6558,26,East,Salaried,Healthcare,2026Q1,83336.75,787.0,18.85,66.91,57.98,87142.04,0.5427,0.03925,0,0.0148,-0.1102,-0.0183,0.0066,0.0,-0.0045
6559,47,West,Business,Manufacturing,2026Q1,109759.24,622.0,16.61,24.4,20.39,274446.22,0.4664,0.09212,0,-0.0045,0.0215,-0.045,-0.0276,0.0091,0.0
6560,68,West,Business,Construction,2026Q1,109918.58,,6.79,12.2,66.27,309584.88,0.4155,0.03591,1,-0.0317,0.0109,-0.033,-0.0204,0.0041,0.0
6561,45,East,Business,Healthcare,2026Q1,121176.68,517.0,55.43,26.77,74.94,349430.55,0.4331,0.34908,0,0.0,0.2598,0.0703,-0.0679,0.0,0.0
6562,38,West,Salaried,Construction,2026Q1,77998.11,548.0,42.32,55.71,39.97,66760.01,0.5017,0.30973,0,0.0446,0.2109,0.0108,0.0159,0.0276,-0.0285
6563,72,South,Salaried,IT,2026Q1,82131.63,671.0,42.19,80.0,32.49,103154.06,0.3661,0.07299,0,-0.0646,-0.0157,0.0026,0.019,0.0,-0.0078
6564,57,West,SelfEmployed,Retail,2026Q1,80840.02,747.0,47.18,88.68,91.98,258436.99,0.324,0.1206,0,-0.0313,-0.1322,0.011,0.0312,0.0093,0.0215
6565,55,West,Salaried,Retail,2026Q1,114826.02,711.0,41.12,42.39,44.75,344938.3,0.4208,0.04444,0,-0.0148,-0.0424,0.001,-0.0044,0.0053,-0.0059
6566,52,West,Business,Manufacturing,2026Q1,118275.62,574.0,39.19,26.86,47.76,242686.13,0.4743,0.18434,0,-0.0314,0.0954,-0.0025,-0.0455,0.0174,0.0
6567,43,West,SelfEmployed,Retail,2026Q1,105661.73,537.0,70.84,48.57,42.39,221881.3,0.4955,0.54574,1,0.0136,0.2968,0.1529,-0.0041,0.0293,0.074
6568,47,North,Salaried,Construction,2026Q1,81323.86,492.0,61.03,51.44,45.18,120178.32,0.412,0.50657,1,-0.014,0.3564,0.1041,0.0043,0.0,-0.0299
6569,68,North,Salaried,Retail,2026Q1,82007.95,610.0,63.05,10.48,49.43,86265.31,0.3857,0.08719,0,-0.0698,0.0308,0.032,-0.0481,0.0,-0.0105
6570,42,East,Salaried,Manufacturing,2026Q1,42157.69,748.0,72.77,7.52,57.12,45866.68,0.4669,0.04564,1,0.0039,-0.0858,0.024,-0.0313,0.0,-0.0062
6571,65,East,SelfEmployed,Construction,2026Q1,87634.02,,65.8,19.59,36.14,227409.14,0.4551,0.18505,0,-0.1088,0.101,0.0743,-0.0677,0.0,0.0462
6572,54,West,Business,Retail,2026Q1,73288.46,572.0,31.97,74.9,10.33,50749.78,0.5985,0.28849,0,-0.0504,0.1272,-0.0315,0.0521,0.022,0.0
6573,54,East,Business,Retail,2026Q1,141634.35,598.0,57.4,42.38,65.7,330866.29,0.4585,0.2333,0,-0.0437,0.077,0.0504,-0.0151,0.0,0.0
6574,32,South,Business,IT,2026Q1,69909.46,597.0,18.73,36.02,46.59,191220.92,0.4288,0.2071,0,0.0451,0.0669,-0.0682,-0.0248,0.0,0.0
6575,55,East,Salaried,Construction,2026Q1,75619.39,621.0,35.62,59.05,32.69,189964.46,0.3098,0.13481,0,-0.0324,0.0294,-0.0094,0.0109,0.0,-0.0131
6576,49,South,Business,IT,2026Q1,85084.43,444.0,63.63,71.68,60.08,260077.46,0.427,0.68478,1,-0.0221,0.5092,0.1044,0.0555,0.0,0.0
6577,32,West,SelfEmployed,Transport,2026Q1,41499.26,548.0,38.07,31.51,58.34,26036.42,0.3902,0.39734,0,0.0856,0.2308,-0.0095,-0.0549,0.029,0.0711
6578,50,East,Salaried,Construction,2026Q1,48291.61,,55.14,50.91,80.21,153259.3,0.4687,0.23793,1,-0.0255,0.0965,0.0487,0.0019,0.0,-0.0217
6579,45,North,Salaried,IT,2026Q1,105741.84,634.0,74.19,52.86,8.57,104215.46,0.3107,0.21096,1,0.0,0.0302,0.1011,0.0061,0.0,-0.0223
6580,53,East,Business,Manufacturing,2026Q1,131039.81,577.0,46.96,67.1,57.7,90618.41,0.4602,0.3191,0,-0.0457,0.1255,0.0261,0.0379,0.0,0.0
6581,41,West,SelfEmployed,Healthcare,2026Q1,102489.99,630.0,43.74,47.78,49.82,233638.07,0.4491,0.23994,0,0.0199,0.0379,0.0134,-0.0049,0.0212,0.0505
6582,39,West,Business,Retail,2026Q1,95529.23,,43.5,15.9,38.92,194832.33,0.346,0.21124,0,0.0293,0.1206,0.0125,-0.0822,0.0212,0.0
6583,51,East,Business,Transport,2026Q1,75246.15,673.0,41.84,47.42,76.14,248100.82,0.4011,0.0955,0,-0.0141,-0.0221,0.0028,-0.0025,0.0,0.0
6584,46,West,Business,Healthcare,2026Q1,115787.66,637.0,40.61,55.64,64.91,321523.58,0.3631,0.18351,0,-0.0039,0.0186,0.0017,0.009,0.0157,0.0
6585,46,East,Business,Healthcare,2026Q1,92739.09,628.0,46.12,45.1,58.16,103339.32,0.4499,0.16908,0,-0.0038,0.0296,0.0156,-0.008,0.0,0.0
6586,37,East,SelfEmployed,Retail,2026Q1,87187.08,671.0,53.66,33.21,42.37,204370.75,0.39,0.19259,0,0.0293,-0.0351,0.0352,-0.0304,0.0,0.0383
6587,49,East,Salaried,Healthcare,2026Q1,85650.71,655.0,43.78,18.99,77.45,234013.75,0.5227,0.0784,0,-0.008,-0.0038,0.005,-0.0297,0.0,-0.0086
6588,57,West,Business,Manufacturing,2026Q1,116529.58,577.0,43.68,72.61,22.53,327675.8,0.2877,0.32521,0,-0.0704,0.1261,0.0141,0.0494,0.0227,0.0
6589,53,South,Salaried,Construction,2026Q1,101466.45,561.0,49.21,63.85,79.48,293356.97,0.5593,0.31568,0,-0.0469,0.1507,0.0352,0.0319,0.0,-0.0246
6590,46,East,Salaried,Construction,2026Q1,75039.38,708.0,29.84,48.74,42.29,138620.81,0.2861,0.0443,0,-0.0013,-0.0402,-0.0105,-0.0007,0.0,-0.006
6591,32,North,Salaried,Transport,2026Q1,83830.84,749.0,44.81,25.35,52.75,211152.3,0.4571,0.04233,0,0.0141,-0.0818,0.0042,-0.0154,0.0,-0.0058
6592,41,East,Business,Transport,2026Q1,82850.68,,58.73,63.13,86.1,171987.26,0.3022,0.13783,0,0.013,-0.0728,0.0394,0.018,0.0,0.0
6593,42,East,Salaried,Transport,2026Q1,92276.42,,29.31,35.6,85.1,276210.45,0.4462,0.05365,0,0.0041,-0.0315,-0.012,-0.0095,0.0,-0.0064
6594,59,North,Salaried,IT,2026Q1,108037.69,547.0,56.02,9.36,66.16,77895.23,0.5381,0.16538,0,-0.066,0.1157,0.0431,-0.0843,0.0,-0.0186
6595,59,East,Business,Retail,2026Q1,73894.7,606.0,59.33,67.88,66.4,152757.57,0.408,0.19233,0,-0.0748,0.0723,0.0595,0.0348,0.0,0.0
6596,53,West,Salaried,IT,2026Q1,84607.56,,76.96,2.97,54.25,262477.2,0.4857,0.18902,0,-0.0376,0.076,0.0914,-0.1038,0.0182,-0.0195
6597,46,North,SelfEmployed,IT,2026Q1,46823.61,595.0,53.36,42.65,78.69,110919.12,0.3868,0.26628,0,-0.0058,0.1077,0.0518,-0.0185,0.0,0.0577
6598,64,East,Business,Retail,2026Q1,81167.74,563.0,36.14,64.94,70.49,240188.42,0.5466,0.19579,0,-0.0967,0.1095,-0.0124,0.0265,0.0,0.0
6599,57,West,SelfEmployed,Manufacturing,2026Q1,96676.88,641.0,47.16,51.31,73.37,157285.44,0.3577,0.11697,0,-0.052,0.0133,0.019,0.0022,0.016,0.0377
6600,27,East,Salaried,Retail,2026Q1,58052.81,642.0,39.68,63.36,39.59,143760.03,0.363,0.24435,1,0.0717,0.0142,-0.0011,0.0254,0.0,-0.0206
6601,67,West,Business,Transport,2026Q1,106848.25,555.0,45.01,71.59,63.32,304042.36,0.4645,0.24941,0,-0.1343,0.1504,0.0189,0.0468,0.0225,0.0
6602,48,East,Salaried,Retail,2026Q1,91287.5,,27.12,26.92,57.23,178701.22,0.5198,0.152,0,-0.0107,0.0812,-0.0349,-0.0378,0.0,-0.0155
6603,60,South,Business,Transport,2026Q1,98453.3,631.0,46.9,47.96,44.0,138724.67,0.3752,0.07741,1,-0.0499,0.0195,0.0132,-0.0025,0.0,0.0
6604,55,North,Business,Construction,2026Q1,79737.12,615.0,68.38,46.66,59.68,296356.2,0.4242,0.21365,0,-0.0504,0.0571,0.0794,-0.0068,0.0,0.0
6605,36,South,Salaried,Construction,2026Q1,40971.91,577.0,69.17,45.72,89.16,79067.72,0.425,0.37535,0,0.0574,0.165,0.1255,-0.0122,0.0,-0.0287
6606,45,East,SelfEmployed,Construction,2026Q1,54829.92,604.0,58.81,62.64,70.22,60574.94,0.531,0.34828,1,0.0,0.105,0.0802,0.0337,0.0,0.0649
6607,29,South,Business,Retail,2026Q1,61517.63,528.0,35.42,61.99,57.5,128371.81,0.5422,0.48165,1,0.1086,0.2831,-0.0229,0.0357,0.0,0.0
6608,41,East,Business,Construction,2026Q1,74706.71,663.0,56.42,69.97,52.14,201901.19,0.3471,0.18028,0,0.017,-0.0235,0.0466,0.035,0.0,0.0
6609,52,West,Salaried,Manufacturing,2026Q1,108537.39,591.0,45.14,26.03,51.65,328912.06,0.2147,0.16595,0,-0.0277,0.0683,0.0131,-0.0419,0.0152,-0.0165
6610,51,North,Salaried,Construction,2026Q1,85213.74,588.0,43.31,54.72,63.2,164084.77,0.3125,0.12829,0,-0.0275,0.085,0.0101,0.0087,0.0,-0.0194
6611,43,North,Salaried,Construction,2026Q1,56579.35,650.0,67.15,24.16,59.1,71709.49,0.5378,0.1503,0,0.0068,0.0,0.055,-0.0426,0.0,-0.0154
6612,47,West,SelfEmployed,Healthcare,2026Q1,101647.49,689.0,43.06,57.12,82.03,308125.28,0.5449,0.13757,0,-0.0066,-0.0579,0.0069,0.0096,0.0133,0.0311
6613,51,North,Business,Healthcare,2026Q1,111577.54,618.0,42.45,83.69,51.29,139729.81,0.4067,0.26207,1,-0.0294,0.0529,0.0081,0.0598,0.0,0.0
6614,57,South,Salaried,Transport,2026Q1,79714.54,575.0,55.71,81.06,80.67,87147.64,0.432,0.3007,0,-0.0737,0.1383,0.0603,0.0705,0.0,-0.0253
6615,43,East,Salaried,Transport,2026Q1,97983.76,645.0,26.48,19.31,50.5,192322.3,0.4326,0.04677,0,0.0035,0.0035,-0.0196,-0.0279,0.0,-0.0081
6616,48,West,Business,Retail,2026Q1,113128.32,622.0,45.31,23.35,81.47,142764.35,0.4371,0.12963,0,-0.0104,0.033,0.0123,-0.043,0.0138,0.0
6617,36,East,Salaried,Construction,2026Q1,63072.64,639.0,68.56,57.32,100.0,191211.28,0.5303,0.24586,1,0.0457,0.0227,0.0948,0.0166,0.0,-0.0238
6618,37,North,Business,Manufacturing,2026Q1,83726.54,673.0,71.97,35.38,100.0,77131.03,0.5149,0.17755,0,0.0308,-0.0404,0.0763,-0.0274,0.0,0.0
6619,62,East,SelfEmployed,Transport,2026Q1,93777.41,606.0,34.06,75.5,84.57,131246.08,0.3441,0.17998,0,-0.0839,0.0635,-0.0189,0.0426,0.0,0.0418
6620,67,East,Salaried,Transport,2026Q1,106377.09,687.0,32.51,64.54,100.0,229310.18,0.347,0.04497,0,-0.0348,-0.0209,-0.0068,0.0068,0.0,-0.0054
6621,52,North,Salaried,Manufacturing,2026Q1,41707.85,579.0,38.87,59.01,40.81,87438.43,0.4625,0.17203,0,-0.033,0.0964,-0.0036,0.0166,0.0,-0.0197
6622,46,East,Business,Manufacturing,2026Q1,109733.13,,2.0,24.74,41.85,275922.44,0.6118,0.1318,0,-0.0026,0.0567,-0.0936,-0.0314,0.0,0.0
6623,45,East,Business,IT,2026Q1,66012.09,679.0,,65.32,63.12,75870.09,0.4527,0.1985,0,0.0,-0.0563,0.0914,0.028,0.0,0.0
6624,63,West,Salaried,Construction,2026Q1,81318.49,648.0,59.54,60.72,72.54,184057.48,0.4462,0.17931,0,-0.0678,0.0024,0.0378,0.0137,0.0129,-0.0141
6625,21,West,Business,Construction,2026Q1,107990.38,607.0,30.49,46.61,58.93,69310.27,0.4117,0.2389,0,0.1161,0.0862,-0.0403,-0.0084,0.0239,0.0
6626,75,West,SelfEmployed,Manufacturing,2026Q1,106030.1,617.0,26.28,15.72,62.8,216863.86,0.3566,0.05903,1,-0.0721,0.0184,-0.0184,-0.0293,0.0068,0.0156
6627,51,West,Salaried,Healthcare,2026Q1,88841.65,598.0,48.36,80.7,79.26,199136.27,0.3766,0.29371,0,-0.0341,0.0964,0.0314,0.0657,0.0228,-0.0241
6628,22,South,Salaried,Manufacturing,2026Q1,64072.46,604.0,53.97,22.79,56.57,133003.78,0.3801,0.22537,1,0.109,0.089,0.0522,-0.0697,0.0,-0.0246
6629,75,East,Salaried,IT,2026Q1,110736.04,534.0,,15.09,48.86,199328.47,0.5581,0.26661,0,-0.1775,0.1508,0.1124,-0.0815,0.0,-0.0217
6630,24,West,Salaried,Healthcare,2026Q1,50723.43,565.0,,58.56,70.41,98119.55,0.5557,0.42785,0,0.1334,0.199,0.0018,0.0248,0.029,-0.0295
6631,25,East,SelfEmployed,Healthcare,2026Q1,75350.13,608.0,51.81,70.51,66.84,126192.16,0.5207,0.46956,0,0.1331,0.1111,0.058,0.0604,0.0,0.0733
6632,40,North,Salaried,IT,2026Q1,71571.75,511.0,40.6,31.67,51.44,139612.31,0.4315,0.40788,1,0.0312,0.2468,0.0027,-0.0517,0.0,-0.0278
6633,48,West,SelfEmployed,Manufacturing,2026Q1,56674.63,471.0,45.39,27.08,51.35,63169.98,0.485,0.52625,0,-0.0207,0.4027,0.0268,-0.0669,0.0299,0.0748
6634,63,South,Business,Manufacturing,2026Q1,87602.22,508.0,78.3,55.11,72.37,241206.79,0.7113,0.45849,1,-0.1243,0.3195,0.1803,0.0153,0.0,0.0
6635,46,South,Salaried,IT,2026Q1,75267.84,698.0,92.05,89.57,46.54,31252.63,0.4669,0.23437,0,-0.0053,-0.1106,0.1436,0.0778,0.0,-0.023
6636,41,East,Salaried,Retail,2026Q1,83097.49,748.0,59.38,85.83,31.59,92674.56,0.3662,0.09326,0,0.0095,-0.1441,0.0294,0.032,0.0,-0.0111
6637,47,South,Business,Construction,2026Q1,103772.49,637.0,27.04,68.27,33.19,195218.63,0.3485,0.10638,0,-0.0065,0.0153,-0.0322,0.0228,0.0,0.0
6638,47,East,SelfEmployed,IT,2026Q1,90421.72,606.0,63.12,54.63,35.68,253601.01,0.5027,0.34639,0,-0.0125,0.0973,0.0934,0.0122,0.0,0.0628
6639,66,South,Business,Manufacturing,2026Q1,111206.19,696.0,48.77,43.17,36.08,361147.11,0.4374,0.04679,0,-0.0364,-0.0301,0.0077,-0.004,0.0,0.0
6640,62,North,Business,Retail,2026Q1,105207.92,543.0,52.59,42.34,68.31,265270.34,0.4028,0.24529,0,-0.0996,0.1578,0.0444,-0.0177,0.0,0.0
6641,43,North,Business,Healthcare,2026Q1,96321.26,639.0,45.9,41.16,53.47,203049.69,0.4804,0.14284,1,0.0069,0.0145,0.0142,-0.0138,0.0,0.0
6642,46,South,Salaried,Construction,2026Q1,60646.08,639.0,39.12,51.86,72.3,32950.62,0.3491,0.13855,0,-0.003,0.0124,-0.0019,0.0024,0.0,-0.0135
6643,30,East,Salaried,Retail,2026Q1,64384.95,601.0,56.55,37.76,62.99,198630.67,0.5829,0.29506,1,0.0772,0.096,0.0622,-0.0308,0.0,-0.025
6644,57,West,SelfEmployed,Manufacturing,2026Q1,112006.96,492.0,39.19,41.89,59.19,251972.21,0.4564,0.46085,1,-0.0837,0.3185,-0.004,-0.0241,0.0293,0.0721
6645,49,South,Business,Healthcare,2026Q1,97613.09,693.0,43.86,34.27,63.79,202306.02,0.4767,0.06436,0,-0.0073,-0.0359,0.0046,-0.0127,0.0,0.0
6646,54,East,Business,Manufacturing,2026Q1,82390.56,,48.82,44.11,74.96,223216.83,0.5607,0.2267,1,-0.0451,0.1021,0.0279,-0.012,0.0,0.0
6647,57,West,Business,Transport,2026Q1,84810.14,570.0,53.02,45.86,45.81,94400.62,0.4012,0.32719,1,-0.0688,0.1304,0.0462,-0.0095,0.0221,0.0
6648,67,East,Salaried,Construction,2026Q1,119933.62,515.0,24.69,53.29,70.4,91794.26,0.5116,0.2217,0,-0.1118,0.1377,-0.0511,0.0059,0.0,-0.019
6649,46,West,SelfEmployed,Construction,2026Q1,83342.27,658.0,54.14,59.95,67.24,175108.24,0.5978,0.19575,0,-0.0049,-0.0157,0.0453,0.0201,0.0202,0.0478
6650,51,East,Business,Transport,2026Q1,71281.24,643.0,40.86,100.0,80.39,183832.23,0.5564,0.22825,0,-0.0276,0.0118,0.0027,0.0773,0.0,0.0
6651,67,West,Business,Retail,2026Q1,93466.91,655.0,56.75,75.23,19.5,78730.69,0.2596,0.14427,0,-0.0889,-0.0065,0.0344,0.0315,0.0134,0.0
6652,48,South,Salaried,IT,2026Q1,49281.99,587.0,83.53,73.05,72.16,71006.53,0.49,0.42323,0,-0.0206,0.1546,0.1879,0.0656,0.0,-0.0295
6653,49,East,SelfEmployed,Manufacturing,2026Q1,58769.21,597.0,34.55,76.98,69.97,20000.0,0.5629,0.30624,0,-0.0229,0.1005,-0.0223,0.0598,0.0,0.0558
6654,75,North,Salaried,Transport,2026Q1,108937.89,570.0,47.11,59.01,45.77,183400.14,0.5419,0.15982,1,-0.1366,0.0789,0.0167,0.0128,0.0,-0.0155
6655,50,West,SelfEmployed,Retail,2026Q1,78632.0,634.0,42.26,12.91,49.57,241732.02,0.4779,0.13508,1,-0.0168,0.0187,0.0051,-0.0594,0.013,0.0305
6656,69,South,Salaried,Retail,2026Q1,76124.41,617.0,39.56,59.6,45.25,204433.19,0.5616,0.08812,0,-0.0745,0.0265,-0.0007,0.0093,0.0,-0.0107
6657,44,North,Salaried,Transport,2026Q1,97987.84,596.0,29.53,40.99,52.75,161400.93,0.458,0.13016,0,0.0035,0.0598,-0.0281,-0.014,0.0,-0.0156
6658,45,East,SelfEmployed,Healthcare,2026Q1,79414.7,534.0,50.35,36.03,74.47,76055.17,0.6995,0.45395,0,0.0,0.2506,0.0493,-0.0412,0.0,0.0707
6659,28,North,Salaried,IT,2026Q1,61760.14,596.0,,14.98,49.57,154745.6,0.3804,0.18408,1,0.0585,0.0701,-0.0198,-0.069,0.0,-0.018
6660,57,South,SelfEmployed,IT,2026Q1,108705.03,517.0,74.66,17.27,91.57,185092.9,0.5041,0.43296,0,-0.0837,0.2882,0.1588,-0.0979,0.0,0.0723
6661,58,East,Salaried,IT,2026Q1,61257.79,575.0,53.22,43.69,39.42,34463.81,0.412,0.19407,0,-0.0634,0.0989,0.0381,-0.0121,0.0,-0.0195
6662,51,North,Salaried,Manufacturing,2026Q1,58791.74,562.0,28.01,54.27,21.56,58484.4,0.5671,0.17876,1,-0.0271,0.1075,-0.0395,0.0077,0.0,-0.0191
6663,55,North,Business,IT,2026Q1,100985.67,,53.99,48.61,38.83,287701.17,0.455,0.16494,0,-0.0472,0.069,0.0397,-0.0026,0.0,0.0
6664,60,East,Salaried,Manufacturing,2026Q1,30092.76,636.0,49.75,38.6,56.17,79917.5,0.2919,0.11346,0,-0.042,0.0122,0.0152,-0.0122,0.0,-0.0106
6665,34,South,Business,IT,2026Q1,118283.41,607.0,30.1,59.05,64.75,363328.99,0.299,0.22551,0,0.0485,0.0708,-0.036,0.0181,0.0,0.0
6666,51,West,Salaried,Retail,2026Q1,88833.61,577.0,47.5,63.7,67.03,105479.01,0.3218,0.20744,1,-0.0343,0.1274,0.0284,0.0311,0.0229,-0.0242
6667,68,North,Business,Retail,2026Q1,110153.12,,51.56,59.86,36.76,127374.97,0.2975,0.17392,0,-0.1039,0.0594,0.028,0.0149,0.0,0.0
6668,47,East,Business,Healthcare,2026Q1,101900.47,628.0,82.53,60.84,57.97,231065.59,0.4984,0.32566,0,-0.0122,0.0496,0.1503,0.0273,0.0,0.0
6669,35,East,Business,Transport,2026Q1,94350.08,647.0,30.56,65.02,52.35,237358.8,0.3891,0.17581,1,0.0345,0.0044,-0.0273,0.023,0.0,0.0
6670,62,East,Business,Healthcare,2026Q1,112796.23,709.0,53.9,8.45,85.98,250118.88,0.4225,0.04302,1,-0.0206,-0.0305,0.0084,-0.0218,0.0,0.0
6671,52,East,Business,Transport,2026Q1,112610.99,,29.39,56.23,49.88,143026.35,0.4328,0.02319,0,-0.005,-0.0687,-0.0055,0.0017,0.0,0.0
6672,50,East,Salaried,Retail,2026Q1,102047.91,717.0,42.6,35.43,68.55,99964.84,0.28,0.04553,0,-0.0063,-0.0441,0.0022,-0.008,0.0,-0.0054
6673,46,East,Business,Healthcare,2026Q1,123784.79,,32.08,88.36,63.72,217458.93,0.4022,0.17503,0,-0.0047,0.0544,-0.0277,0.0669,0.0,0.0
6674,60,East,Salaried,Construction,2026Q1,74988.97,,71.33,72.93,87.49,155271.27,0.6421,0.34831,0,-0.102,0.2004,0.1311,0.0615,0.0,-0.0284
6675,44,South,Salaried,IT,2026Q1,53180.12,593.0,68.67,54.38,69.95,65180.73,0.549,0.34983,1,0.006,0.1171,0.1085,0.0112,0.0,-0.0263
6676,66,East,Salaried,Manufacturing,2026Q1,72941.81,632.0,66.0,43.64,38.72,145217.08,0.4833,0.11684,0,-0.0759,0.019,0.0441,-0.0081,0.0,-0.013
6677,51,North,Business,Healthcare,2026Q1,100702.77,589.0,38.07,0.45,100.0,281866.04,0.4883,0.10456,0,-0.0177,0.051,-0.0039,-0.0735,0.0,0.0
6678,61,East,Business,Construction,2026Q1,72911.29,596.0,34.7,22.7,64.2,142506.64,0.4444,0.10076,0,-0.0467,0.0408,-0.0096,-0.0326,0.0,0.0
6679,60,East,Salaried,Retail,2026Q1,64794.77,662.0,48.37,37.51,88.43,68064.9,0.343,0.05917,0,-0.0323,-0.009,0.01,-0.0103,0.0,-0.0081
6680,37,West,Business,Transport,2026Q1,93841.03,,77.95,56.19,67.35,283195.51,0.5846,0.40939,0,0.054,0.1178,0.1698,0.0181,0.0292,0.0
6681,55,East,Business,Construction,2026Q1,91789.72,,64.21,39.46,61.19,77024.11,0.29,0.16527,0,-0.0386,0.0132,0.0509,-0.0165,0.0,0.0
6682,47,West,Salaried,Retail,2026Q1,75731.02,603.0,,80.41,64.11,137905.04,0.3238,0.38157,0,-0.0139,0.1228,0.211,0.0882,0.0296,-0.0299
6683,57,West,Salaried,IT,2026Q1,116112.58,481.0,43.04,35.05,23.5,354009.12,0.4961,0.3457,0,-0.0809,0.2841,0.014,-0.0426,0.0274,-0.0283
6684,49,South,Salaried,Transport,2026Q1,98300.19,481.0,47.94,98.93,38.7,71647.07,0.4954,0.60888,1,-0.0264,0.412,0.0385,0.1451,0.0,-0.0283
6685,29,East,Salaried,IT,2026Q1,66393.11,644.0,59.6,20.84,67.29,118563.47,0.5561,0.1912,0,0.0571,0.0096,0.0509,-0.0576,0.0,-0.0184
6686,59,South,Salaried,Manufacturing,2026Q1,70155.19,612.0,47.1,63.69,94.6,164773.31,0.2768,0.1313,0,-0.057,0.0458,0.0172,0.0197,0.0,-0.0159
6687,25,North,Business,Transport,2026Q1,69959.47,628.0,47.12,45.55,40.52,30999.13,0.472,0.27501,0,0.0922,0.0435,0.0263,-0.0103,0.0,0.0
6688,52,West,SelfEmployed,Construction,2026Q1,74937.66,637.0,31.72,41.08,72.98,189366.76,0.4498,0.13612,1,-0.0246,0.0159,-0.0206,-0.013,0.0134,0.0314
6689,71,West,Business,Manufacturing,2026Q1,109884.68,633.0,34.2,46.56,80.33,158477.65,0.4293,0.09081,0,-0.0679,0.0118,-0.0083,-0.0029,0.0078,0.0
6690,65,North,Salaried,Manufacturing,2026Q1,77579.56,614.0,84.98,30.34,71.93,83950.57,0.3279,0.18947,0,-0.0947,0.0494,0.0942,-0.0363,0.0,-0.0178
6691,54,East,Business,Retail,2026Q1,100736.99,705.0,39.37,53.88,49.66,196870.64,0.3726,0.05646,0,-0.0156,-0.0439,-0.0007,0.0025,0.0,0.0
6692,44,West,Salaried,IT,2026Q1,69558.38,632.0,65.82,31.34,65.57,82812.11,0.4122,0.2256,0,0.0043,0.029,0.0681,-0.0373,0.018,-0.0194
6693,49,North,Business,Manufacturing,2026Q1,77971.0,634.0,21.45,52.77,22.71,86299.45,0.6268,0.0983,1,-0.0103,0.0144,-0.0379,0.0029,0.0,0.0
6694,62,East,Salaried,Manufacturing,2026Q1,68684.43,583.0,48.91,56.65,100.0,196010.29,0.5014,0.18615,0,-0.0795,0.0828,0.0243,0.0112,0.0,-0.018
6695,41,South,Business,Construction,2026Q1,116558.37,539.0,31.37,51.15,100.0,220257.0,0.3713,0.29383,1,0.0237,0.1957,-0.0384,0.003,0.0,0.0
6696,55,East,Salaried,Transport,2026Q1,72067.16,765.0,44.61,36.62,64.07,205452.97,0.5189,0.02084,0,-0.0077,-0.0573,0.0021,-0.0041,0.0,-0.003
6697,41,North,Business,Retail,2026Q1,106270.58,674.0,62.89,78.49,57.34,307123.81,0.4799,0.17171,1,0.0182,-0.0477,0.067,0.0519,0.0,0.0
6698,47,North,Business,Healthcare,2026Q1,90453.9,635.0,43.39,9.75,66.56,108694.27,0.4236,0.08671,0,-0.0049,0.0132,0.0057,-0.0503,0.0,0.0
6699,45,North,Business,Manufacturing,2026Q1,92549.62,602.0,,58.33,91.99,297686.27,0.4383,0.36664,0,0.0,0.1121,0.1561,0.0229,0.0,0.0
6700,55,West,SelfEmployed,Transport,2026Q1,94813.68,660.0,53.34,85.7,63.34,193103.85,0.3821,0.20878,1,-0.0528,-0.0199,0.0434,0.0664,0.0204,0.0483
6701,56,North,Business,Transport,2026Q1,95386.45,583.0,51.23,72.2,45.67,176231.82,0.4646,0.27208,0,-0.0639,0.1172,0.0412,0.0483,0.0,0.0
6702,74,South,Business,Healthcare,2026Q1,116728.05,666.0,42.31,23.63,71.67,358513.36,0.4647,0.03767,0,-0.0446,-0.0071,0.0017,-0.0137,0.0,0.0
6703,48,East,Salaried,Healthcare,2026Q1,88388.13,720.0,34.06,32.25,64.92,49729.27,0.4101,0.03714,0,-0.0031,-0.0397,-0.0045,-0.0084,0.0,-0.0045
6704,54,East,SelfEmployed,Retail,2026Q1,68883.64,613.0,36.46,45.68,63.49,110025.55,0.4245,0.1975,0,-0.0378,0.0489,-0.01,-0.0073,0.0,0.0374
6705,63,North,Salaried,Transport,2026Q1,88571.34,723.0,55.83,22.71,68.22,50120.9,0.4229,0.0421,0,-0.0203,-0.0374,0.0087,-0.0121,0.0,-0.004
6706,50,East,Business,Retail,2026Q1,95773.74,600.0,35.92,32.54,46.05,294758.92,0.499,0.10954,0,-0.0175,0.0535,-0.01,-0.0269,0.0,0.0
6707,51,East,Salaried,Manufacturing,2026Q1,92979.93,497.0,43.7,15.48,45.07,288406.16,0.5116,0.2503,0,-0.0358,0.2195,0.015,-0.092,0.0,-0.0253
6708,57,South,Salaried,Retail,2026Q1,79074.04,674.0,42.7,62.81,21.75,220323.33,0.4746,0.08076,1,-0.028,-0.0214,0.0038,0.0104,0.0,-0.0091
6709,43,West,Business,IT,2026Q1,85250.42,611.0,74.99,71.65,53.41,147746.18,0.3723,0.38819,0,0.0134,0.0979,0.1523,0.0608,0.0286,0.0
6710,52,West,Salaried,IT,2026Q1,96092.49,674.0,50.6,32.91,51.17,263149.54,0.4707,0.06481,0,-0.0162,-0.0224,0.0148,-0.017,0.0087,-0.0096
6711,41,South,Business,IT,2026Q1,57988.58,542.0,52.43,40.33,49.14,121189.05,0.369,0.3899,0,0.0258,0.2197,0.0561,-0.0275,0.0,0.0
6712,46,South,Business,IT,2026Q1,111839.23,,34.29,26.65,78.15,319480.64,0.5213,0.13521,0,-0.0038,0.0748,-0.016,-0.0413,0.0,0.0
6713,74,East,Business,Manufacturing,2026Q1,101509.84,,34.45,60.34,94.12,209711.17,0.2796,0.03631,0,-0.0377,-0.0278,-0.0037,0.0037,0.0,0.0
6714,48,West,Business,Transport,2026Q1,112441.6,638.0,31.46,32.13,34.89,135520.76,0.5237,0.11991,0,-0.008,0.0115,-0.0168,-0.0215,0.0105,0.0
6715,52,West,Salaried,Healthcare,2026Q1,104647.68,720.0,46.25,27.06,83.07,314088.45,0.4915,0.05407,0,-0.0091,-0.0469,0.005,-0.0133,0.0048,-0.0054
6716,21,West,Business,Construction,2026Q1,62829.24,575.0,21.41,63.88,47.71,40237.99,0.4823,0.33917,1,0.1389,0.1649,-0.0899,0.0378,0.0275,0.0
6717,55,West,Business,Manufacturing,2026Q1,117766.2,779.0,60.03,74.15,55.45,299808.27,0.3279,0.05552,0,-0.0166,-0.1395,0.0176,0.0133,0.0059,0.0
6718,72,South,Salaried,IT,2026Q1,93529.66,773.0,55.32,50.5,47.74,204202.98,0.3776,0.02491,0,-0.0222,-0.0544,0.0053,0.0001,0.0,-0.0026
6719,41,West,SelfEmployed,IT,2026Q1,67177.81,,28.5,11.07,43.94,63457.36,0.4958,0.06289,0,0.0087,-0.0185,-0.0205,-0.0459,0.0093,0.0215
6720,62,West,SelfEmployed,Construction,2026Q1,106086.89,628.0,,72.48,85.18,150092.66,0.4894,0.16622,0,-0.0859,0.0354,0.0129,0.0391,0.0182,0.0431
6721,43,West,SelfEmployed,Healthcare,2026Q1,97800.6,647.0,66.5,12.63,44.01,129564.45,0.3793,0.2204,0,0.009,0.0053,0.073,-0.0825,0.0188,0.0445
6722,32,East,Salaried,Healthcare,2026Q1,46796.14,689.0,47.37,20.3,87.61,148129.7,0.3815,0.11202,1,0.025,-0.0409,0.0111,-0.033,0.0,-0.0101
6723,45,West,SelfEmployed,Healthcare,2026Q1,52536.87,635.0,28.03,39.34,71.55,84804.73,0.6356,0.10216,1,0.0,0.0199,-0.0332,-0.0171,0.0147,0.0344
6724,42,North,Business,Healthcare,2026Q1,91849.02,594.0,67.24,54.02,70.49,166642.39,0.3445,0.29628,1,0.0186,0.1227,0.1103,0.0108,0.0,0.0
6725,51,South,Salaried,Retail,2026Q1,110901.67,548.0,64.16,38.2,44.19,139549.01,0.2835,0.30228,1,-0.0374,0.185,0.0941,-0.0313,0.0,-0.0265
6726,47,North,Salaried,Retail,2026Q1,77329.2,470.0,67.51,76.54,100.0,160215.33,0.3261,0.67767,1,-0.0122,0.4518,0.1302,0.0735,0.0,-0.0258
6727,39,East,Salaried,Construction,2026Q1,93846.24,598.0,32.28,53.45,60.43,241078.96,0.4439,0.24936,0,0.0246,0.0734,-0.025,0.0063,0.0,-0.0192
6728,56,West,Salaried,Healthcare,2026Q1,105685.08,478.0,95.0,48.91,42.39,122181.52,0.4305,0.71064,1,-0.0639,0.4361,0.2665,-0.0029,0.0269,-0.0258
6729,63,East,Business,Retail,2026Q1,123286.83,608.0,53.64,18.48,54.5,362058.28,0.4282,0.1176,0,-0.0596,0.0376,0.0239,-0.0426,0.0,0.0
6730,57,East,Salaried,Transport,2026Q1,83945.31,724.0,46.85,77.31,54.21,176551.49,0.4758,0.04698,0,-0.0219,-0.0657,0.0073,0.016,0.0,-0.0071
6731,52,East,Salaried,Manufacturing,2026Q1,70625.29,613.0,52.85,44.68,57.69,100206.96,0.5927,0.15912,0,-0.028,0.0472,0.0314,-0.0087,0.0,-0.0167
6732,49,North,Business,IT,2026Q1,97225.52,554.0,61.65,25.57,64.52,135539.45,0.475,0.32787,1,-0.0239,0.1684,0.0817,-0.0645,0.0,0.0
6733,56,North,Salaried,Retail,2026Q1,65221.13,583.0,72.94,33.75,54.67,84316.15,0.4628,0.20127,0,-0.0599,0.107,0.098,-0.0369,0.0,-0.0223
6734,44,North,Business,Healthcare,2026Q1,105326.29,563.0,34.44,78.31,38.91,272923.43,0.6005,0.3079,1,0.0061,0.1685,-0.0248,0.0695,0.0,0.0
6735,59,West,SelfEmployed,Transport,2026Q1,89613.33,734.0,42.69,53.5,35.42,273048.57,0.4472,0.05863,0,-0.0263,-0.0786,0.003,0.0023,0.0064,0.0149
6736,36,North,Salaried,Healthcare,2026Q1,65291.21,573.0,35.54,43.29,61.52,219899.91,0.4961,0.22055,0,0.0432,0.1217,-0.0167,-0.0151,0.0,-0.0227
6737,31,South,Salaried,Retail,2026Q1,60148.64,496.0,21.67,35.89,14.01,104019.16,0.5914,0.40337,0,0.0863,0.2744,-0.0889,-0.0404,0.0,-0.0285
6738,57,East,Salaried,IT,2026Q1,72981.11,791.0,52.07,58.81,97.01,159150.77,0.3645,0.03068,0,-0.0101,-0.0868,0.0055,0.0026,0.0,-0.0033
6739,38,East,SelfEmployed,Retail,2026Q1,68121.39,605.0,63.07,16.81,54.58,206910.25,0.3258,0.26004,1,0.0386,0.0906,0.0852,-0.0882,0.0,0.0577
6740,42,East,Salaried,Retail,2026Q1,80306.45,558.0,35.38,51.21,76.17,161986.91,0.4618,0.22408,0,0.0158,0.1462,-0.0181,0.0028,0.0,-0.0237
6741,39,East,Salaried,Construction,2026Q1,50287.23,,37.46,37.19,55.2,42589.13,0.3688,0.1445,1,0.0197,0.0376,-0.0065,-0.0202,0.0,-0.0156
6742,57,East,Business,Healthcare,2026Q1,82212.14,602.0,37.53,16.97,86.88,236449.06,0.4131,0.10516,0,-0.0344,0.0383,-0.0045,-0.0415,0.0,0.0
6743,41,West,SelfEmployed,Manufacturing,2026Q1,65012.57,650.0,63.79,40.29,43.99,113477.85,0.3741,0.3278,0,0.0208,0.0,0.0802,-0.0229,0.0223,0.0531
6744,65,South,Business,Construction,2026Q1,110334.97,607.0,39.6,15.72,99.36,146096.19,0.4427,0.07924,0,-0.0515,0.0283,-0.0006,-0.0356,0.0,0.0
6745,58,East,Salaried,Healthcare,2026Q1,58839.12,472.0,12.55,34.91,60.48,53039.93,0.5066,0.21885,0,-0.0707,0.1899,-0.111,-0.0337,0.0,-0.022
6746,53,East,Business,Manufacturing,2026Q1,85433.91,,49.28,0.0,30.42,238839.54,0.3294,0.09577,1,-0.0237,0.0388,0.0167,-0.0731,0.0,0.0
6747,68,South,Business,Construction,2026Q1,70050.47,678.0,41.01,33.4,45.38,175443.28,0.5301,0.04523,1,-0.0365,-0.0149,0.0008,-0.0092,0.0,0.0
6748,40,West,Business,Healthcare,2026Q1,57699.02,581.0,30.92,21.17,64.01,66801.22,0.5214,0.18146,0,0.0205,0.0905,-0.0294,-0.0587,0.0177,0.0
6749,51,West,Salaried,Construction,2026Q1,74021.98,667.0,48.18,46.32,49.47,173104.55,0.3352,0.11454,1,-0.0163,-0.0183,0.0139,-0.0041,0.0104,-0.0114
6750,25,West,Salaried,Retail,2026Q1,63788.95,682.0,50.87,43.85,82.54,178606.69,0.4399,0.17361,0,0.0647,-0.0551,0.0283,-0.0106,0.0161,-0.0175
6751,44,West,Salaried,Transport,2026Q1,76973.92,698.0,43.09,53.53,37.21,250242.1,0.6033,0.08604,0,0.0022,-0.0523,0.0048,0.0033,0.0091,-0.0101
6752,36,West,Salaried,Construction,2026Q1,67769.83,548.0,45.24,74.21,39.4,66454.47,0.4771,0.41364,0,0.0615,0.2412,0.0258,0.0706,0.0296,-0.0299
6753,60,South,Salaried,Construction,2026Q1,79491.86,555.0,20.69,74.9,41.56,115222.33,0.4629,0.18939,1,-0.0698,0.107,-0.0635,0.0395,0.0,-0.0182
6754,64,East,Business,Construction,2026Q1,129679.22,620.0,32.34,39.63,63.43,78604.4,0.3246,0.07891,0,-0.0494,0.0214,-0.0122,-0.0098,0.0,0.0
6755,47,South,Salaried,Healthcare,2026Q1,69529.28,495.0,52.59,47.91,70.18,104191.65,0.4199,0.48236,1,-0.0139,0.3214,0.0613,-0.0062,0.0,-0.0299
6756,75,West,SelfEmployed,Healthcare,2026Q1,84957.83,545.0,59.42,25.68,35.88,116675.93,0.4754,0.20151,1,-0.1845,0.153,0.0649,-0.0581,0.0216,0.0514
6757,41,East,Business,Manufacturing,2026Q1,112571.88,638.0,35.49,43.91,74.97,120582.0,0.4812,0.14008,0,0.0124,0.0146,-0.0108,-0.0087,0.0,0.0
6758,37,East,Salaried,Healthcare,2026Q1,53088.83,476.0,77.45,77.82,74.25,80637.23,0.444,0.78383,1,0.0432,0.4417,0.1605,0.0661,0.0,-0.0212
6759,44,East,Salaried,Construction,2026Q1,70233.06,496.0,44.41,27.66,60.02,164315.76,0.4907,0.37301,0,0.0065,0.2732,0.0203,-0.0644,0.0,-0.0284
6760,54,East,SelfEmployed,Healthcare,2026Q1,109977.03,653.0,,91.03,40.88,293709.59,0.5536,0.20349,0,-0.0403,-0.0049,-0.011,0.0618,0.0,0.0402
6761,60,South,Business,Retail,2026Q1,93002.95,508.0,50.51,4.21,65.87,161947.34,0.4896,0.25491,0,-0.0848,0.1786,0.0363,-0.1139,0.0,0.0
6762,59,East,Business,Healthcare,2026Q1,123972.58,801.0,53.44,51.62,46.35,191599.92,0.4659,0.02134,0,-0.011,-0.0899,0.0055,0.0004,0.0,0.0
6763,46,South,Salaried,Healthcare,2026Q1,79423.88,549.0,48.63,29.2,66.61,116763.55,0.4524,0.21898,0,-0.0054,0.1545,0.0315,-0.0504,0.0,-0.0235
6764,62,South,Salaried,Construction,2026Q1,100846.0,,47.27,0.0,46.35,71600.07,0.5512,0.16009,0,-0.0668,0.0903,0.0164,-0.0877,0.0,-0.0149
6765,44,North,Business,Construction,2026Q1,94719.82,521.0,56.71,68.45,47.53,188366.58,0.515,0.48755,1,0.007,0.3099,0.0831,0.0552,0.0,0.0
6766,75,South,SelfEmployed,Manufacturing,2026Q1,106812.08,615.0,69.39,49.65,32.45,312991.72,0.3754,0.17598,0,-0.1567,0.0499,0.071,-0.0006,0.0,0.04
6767,62,East,Salaried,IT,2026Q1,119793.46,603.0,32.31,57.3,67.72,275070.83,0.3617,0.10058,1,-0.0558,0.0412,-0.0159,0.0083,0.0,-0.0123
6768,28,North,SelfEmployed,Construction,2026Q1,82774.16,643.0,34.76,31.08,55.08,232757.89,0.5351,0.22476,0,0.0637,0.0117,-0.0169,-0.0379,0.0,0.0425
6769,45,South,Salaried,Construction,2026Q1,44970.84,600.0,49.3,65.14,75.69,107983.6,0.4948,0.17356,0,0.0,0.0859,0.0323,0.0316,0.0,-0.0226
6770,42,East,Salaried,Transport,2026Q1,65493.17,679.0,61.55,38.09,91.57,90821.62,0.3389,0.13509,0,0.0084,-0.0373,0.0378,-0.0156,0.0,-0.013
6771,73,North,Business,Retail,2026Q1,130708.21,601.0,18.52,68.99,48.45,387085.74,0.4419,0.07633,0,-0.0828,0.033,-0.0393,0.0159,0.0,0.0
6772,40,South,SelfEmployed,IT,2026Q1,37228.72,591.0,50.18,37.08,34.82,50381.47,0.4964,0.39341,0,0.029,0.1191,0.0416,-0.034,0.0,0.06
6773,25,East,Salaried,Transport,2026Q1,43529.91,632.0,74.47,68.93,68.92,111061.12,0.275,0.44261,0,0.1246,0.0466,0.1498,0.0532,0.0,-0.0292
6774,61,West,SelfEmployed,Transport,2026Q1,118072.54,483.0,52.01,56.87,86.91,267574.27,0.5044,0.50915,1,-0.1071,0.3849,0.0599,0.0205,0.0299,0.0748
6775,21,South,SelfEmployed,Construction,2026Q1,68552.13,540.0,,81.4,41.04,194760.95,0.5215,0.77401,0,0.1521,0.2858,0.0734,0.0816,0.0,0.0641
6776,46,North,Salaried,IT,2026Q1,67856.81,,49.66,56.99,42.68,93381.71,0.4037,0.05532,0,-0.0016,-0.0777,0.0103,0.0047,0.0,-0.0073
6777,59,West,SelfEmployed,Retail,2026Q1,109913.82,495.0,52.62,72.83,53.06,293209.05,0.5426,0.60235,1,-0.0918,0.3782,0.0625,0.0679,0.0295,0.0744
6778,46,West,SelfEmployed,Retail,2026Q1,124537.48,,58.97,55.32,91.66,147904.41,0.338,0.21089,1,-0.0045,-0.0493,0.0534,0.0099,0.0183,0.0433
6779,66,West,SelfEmployed,Retail,2026Q1,86551.25,454.0,35.34,67.77,45.75,251917.42,0.6467,0.63454,0,-0.1389,0.42,-0.0231,0.0532,0.0299,0.0749
6780,54,East,Business,IT,2026Q1,77525.2,507.0,26.65,50.06,71.28,168750.73,0.2409,0.25623,1,-0.0545,0.2119,-0.0579,0.0001,0.0,0.0
6781,40,North,Business,Transport,2026Q1,118048.59,563.0,57.26,49.9,56.84,360696.38,0.3328,0.281,0,0.0322,0.1879,0.0769,-0.0003,0.0,0.0
6782,53,West,Salaried,Manufacturing,2026Q1,101947.26,645.0,48.68,76.62,85.31,200437.14,0.4928,0.13742,0,-0.0331,0.0074,0.0225,0.0393,0.0158,-0.0172
6783,69,West,SelfEmployed,Healthcare,2026Q1,100993.05,606.0,77.98,49.95,67.86,89191.34,0.4574,0.27752,1,-0.1517,0.086,0.125,-0.0001,0.0234,0.0559
6784,53,East,Salaried,Transport,2026Q1,84819.51,643.0,25.53,13.7,74.44,90660.91,0.2914,0.04179,0,-0.0118,0.0035,-0.0157,-0.0253,0.0,-0.006
6785,56,South,Business,Construction,2026Q1,116719.19,579.0,62.75,56.59,56.35,263134.15,0.5464,0.23242,0,-0.0661,0.1289,0.0822,0.0157,0.0,0.0
6786,55,South,SelfEmployed,Retail,2026Q1,108847.31,605.0,32.28,77.64,41.86,237992.28,0.3526,0.21121,0,-0.052,0.0737,-0.0278,0.0519,0.0,0.0474
6787,42,East,Business,Retail,2026Q1,105357.76,618.0,51.33,49.54,71.37,261401.97,0.4883,0.24516,0,0.0139,0.0536,0.0358,-0.0009,0.0,0.0
6788,32,South,SelfEmployed,Manufacturing,2026Q1,58162.57,680.0,58.59,47.6,73.05,181837.39,0.2016,0.14246,0,0.0559,-0.0616,0.0569,-0.005,0.0,0.047
6789,54,East,Salaried,Retail,2026Q1,79919.92,733.0,47.98,36.88,47.65,213586.18,0.274,0.0391,0,-0.0104,-0.0515,0.0054,-0.0062,0.0,-0.0046
6790,66,West,SelfEmployed,Healthcare,2026Q1,138537.73,543.0,49.61,35.23,55.63,148116.32,0.5397,0.28991,0,-0.1326,0.1749,0.0374,-0.0374,0.0237,0.0569
6791,57,East,Salaried,Healthcare,2026Q1,99149.79,605.0,45.88,29.31,70.34,58673.53,0.5992,0.13027,0,-0.0388,0.0416,0.0114,-0.0278,0.0,-0.0128
6792,35,South,Salaried,Healthcare,2026Q1,97669.66,588.0,48.63,43.29,23.9,139726.65,0.4633,0.23059,0,0.051,0.1111,0.0323,-0.016,0.0,-0.0241
6793,55,West,Salaried,Construction,2026Q1,89144.96,637.0,28.38,17.72,51.82,63913.42,0.4422,0.08344,0,-0.0186,0.0079,-0.0151,-0.027,0.0067,-0.0074
6794,61,South,Salaried,Manufacturing,2026Q1,81843.75,712.0,33.21,4.73,61.4,152200.33,0.2866,0.02092,0,-0.0111,-0.019,-0.0029,-0.0141,0.0,-0.0025
6795,63,North,SelfEmployed,Construction,2026Q1,83721.49,623.0,47.45,46.26,57.42,245016.31,0.3809,0.15738,0,-0.0752,0.0336,0.0178,-0.0057,0.0,0.0339
6796,57,North,Business,Retail,2026Q1,94945.8,578.0,48.9,65.55,69.32,211313.59,0.3745,0.22723,1,-0.0672,0.1166,0.0313,0.0328,0.0,0.0
6797,53,West,SelfEmployed,Retail,2026Q1,113821.4,687.0,46.36,13.55,20.64,196475.09,0.3546,0.09379,0,-0.0177,-0.0347,0.0087,-0.0378,0.0082,0.019
6798,43,East,Business,Retail,2026Q1,91729.22,600.0,30.75,97.04,60.53,219847.45,0.3227,0.37253,0,0.011,0.0957,-0.0384,0.0978,0.0,0.0
6799,48,North,Salaried,Manufacturing,2026Q1,53150.43,606.0,63.55,67.74,30.59,137586.53,0.5032,0.26039,0,-0.0169,0.0848,0.0828,0.04,0.0,-0.0244
6800,61,East,Business,Manufacturing,2026Q1,88363.05,,52.92,52.98,75.06,275137.81,0.3858,0.10484,0,-0.0483,-0.0082,0.0211,0.0032,0.0,0.0
6801,41,South,SelfEmployed,IT,2026Q1,123108.05,527.0,52.35,82.67,53.89,166555.0,0.5856,0.63735,1,0.0269,0.3223,0.06,0.0961,0.0,0.0732
6802,41,South,Salaried,Retail,2026Q1,57859.3,523.0,48.54,38.98,40.61,74168.81,0.3966,0.43364,1,0.0258,0.2444,0.039,-0.0314,0.0,-0.0284
6803,58,West,SelfEmployed,Transport,2026Q1,101067.27,549.0,31.39,48.77,34.41,161497.41,0.4452,0.31279,1,-0.0781,0.1639,-0.0356,-0.003,0.0233,0.0556
6804,54,West,Business,Healthcare,2026Q1,115778.08,598.0,21.72,13.05,71.96,163931.93,0.4547,0.09747,0,-0.0228,0.037,-0.0346,-0.0433,0.0093,0.0
6805,66,West,Business,IT,2026Q1,104920.53,688.0,48.99,50.48,59.62,143078.4,0.3739,0.07283,0,-0.0468,-0.0309,0.0103,0.0004,0.007,0.0
6806,60,South,Salaried,IT,2026Q1,47344.06,,37.49,61.02,71.17,131485.06,0.3329,0.19946,0,-0.0691,0.0925,-0.0074,0.0183,0.0,-0.018
6807,44,North,Salaried,Construction,2026Q1,53569.74,582.0,38.63,42.07,54.2,34529.95,0.4727,0.22584,0,0.0044,0.0922,-0.0043,-0.0154,0.0,-0.0195
6808,67,North,Business,Construction,2026Q1,94300.28,630.0,58.93,43.03,21.48,218631.23,0.4988,0.13465,0,-0.0784,0.0204,0.033,-0.0087,0.0,0.0
6809,54,North,Salaried,IT,2026Q1,59012.22,554.0,44.99,22.38,87.52,96664.44,0.4861,0.16844,0,-0.0407,0.1106,0.0144,-0.0548,0.0,-0.0186
6810,58,West,SelfEmployed,Construction,2026Q1,121978.32,,58.4,81.45,70.18,126065.22,0.536,0.51761,1,-0.0893,0.1525,0.0836,0.0856,0.0282,0.0689
6811,46,North,Business,Transport,2026Q1,106893.22,615.0,,8.15,78.04,124535.38,0.379,0.11037,1,-0.0027,0.031,-0.0048,-0.0573,0.0,0.0
6812,56,West,Salaried,Manufacturing,2026Q1,108826.71,656.0,42.65,85.59,28.35,113414.84,0.6033,0.14894,0,-0.0405,-0.008,0.0061,0.043,0.0135,-0.0148
6813,45,South,Salaried,Transport,2026Q1,60457.1,,45.8,30.66,100.0,20000.0,0.4018,0.08623,0,0.0,-0.0278,0.0075,-0.0174,0.0,-0.0086
6814,27,West,Salaried,Manufacturing,2026Q1,56127.73,607.0,19.07,10.95,75.9,157337.86,0.4291,0.14762,0,0.0487,0.0463,-0.0566,-0.0645,0.0134,-0.0146
6815,70,West,Salaried,Retail,2026Q1,117529.66,598.0,35.44,43.22,100.0,65613.14,0.4914,0.11114,0,-0.0797,0.0392,-0.0082,-0.0072,0.0099,-0.0109
6816,41,South,Salaried,Retail,2026Q1,41177.43,603.0,69.64,43.8,61.04,33114.05,0.6001,0.26311,0,0.0222,0.0928,0.1043,-0.0154,0.0,-0.025
6817,44,South,Business,Manufacturing,2026Q1,123857.6,632.0,37.27,50.34,67.05,195791.41,0.409,0.14672,0,0.0034,0.0229,-0.0069,0.0005,0.0,0.0
6818,43,East,Salaried,Manufacturing,2026Q1,95561.77,718.0,50.48,33.36,68.46,165845.08,0.5087,0.06028,0,0.0031,-0.0588,0.0108,-0.0123,0.0,-0.0071
6819,70,North,Salaried,Healthcare,2026Q1,106612.18,766.0,36.08,82.36,33.65,319079.65,0.4006,0.02762,0,-0.0225,-0.0554,-0.0019,0.0074,0.0,-0.0029
6820,56,North,Business,Retail,2026Q1,90297.3,744.0,36.32,62.39,68.38,194975.65,0.2562,0.03932,0,-0.0132,-0.0628,-0.0028,0.0051,0.0,0.0
6821,57,West,Business,Manufacturing,2026Q1,78528.02,690.0,51.44,49.68,64.67,93573.41,0.4342,0.088,0,-0.0299,-0.0409,0.0161,-0.0003,0.0088,0.0
6822,61,East,Salaried,Transport,2026Q1,103088.59,548.0,28.91,41.42,61.9,204652.49,0.4511,0.15842,0,-0.067,0.0967,-0.0308,-0.0137,0.0,-0.0161
6823,59,East,Salaried,IT,2026Q1,116600.37,633.0,60.54,100.0,56.45,189779.65,0.5596,0.26643,1,-0.0745,0.0304,0.0625,0.086,0.0,-0.0213
6824,53,East,Salaried,Transport,2026Q1,90469.85,593.0,59.49,41.39,58.77,151955.09,0.3669,0.13497,0,-0.0384,0.0825,0.0554,-0.0171,0.0,-0.02
6825,52,South,Salaried,Healthcare,2026Q1,94468.46,609.0,57.38,45.72,91.38,151000.91,0.3952,0.1917,0,-0.0307,0.0572,0.0457,-0.0077,0.0,-0.0184
6826,67,West,Business,Retail,2026Q1,123453.98,736.0,14.04,39.21,51.26,358191.41,0.3042,0.01622,0,-0.0143,-0.026,-0.0114,-0.0023,0.0019,0.0
6827,37,North,Business,IT,2026Q1,87606.86,708.0,48.35,74.04,55.31,226358.18,0.4746,0.0973,0,0.0232,-0.09,0.0176,0.0291,0.0,0.0
6828,41,North,SelfEmployed,Healthcare,2026Q1,90054.81,676.0,77.98,49.82,73.23,116707.22,0.4164,0.22147,0,0.0207,-0.0581,0.1174,-0.0004,0.0,0.0529
6829,58,West,SelfEmployed,Construction,2026Q1,123898.08,796.0,,28.17,68.09,159594.45,0.4088,0.01222,0,-0.0064,-0.0548,-0.0079,-0.0043,0.0016,0.0038
6830,54,West,SelfEmployed,Healthcare,2026Q1,103022.8,,73.61,59.09,67.31,134542.16,0.4613,0.2077,1,-0.0463,-0.0486,0.0942,0.0182,0.0199,0.0472
6831,47,North,SelfEmployed,Construction,2026Q1,88912.85,719.0,7.8,62.5,58.21,238773.74,0.2254,0.04278,0,-0.0027,-0.0504,-0.0406,0.0066,0.0,0.0123
6832,75,East,Salaried,Healthcare,2026Q1,89246.04,,57.01,33.92,37.65,178937.47,0.2351,0.05636,0,-0.0646,-0.0036,0.0154,-0.0111,0.0,-0.0067
6833,37,West,Business,Healthcare,2026Q1,99333.96,631.0,21.55,60.36,35.61,325065.45,0.5262,0.18245,0,0.0282,0.0264,-0.0566,0.0162,0.0157,0.0
6834,51,South,Business,Manufacturing,2026Q1,98571.03,756.0,50.95,95.32,65.73,113319.5,0.3351,0.07649,0,-0.0124,-0.1306,0.0137,0.0298,0.0,0.0
6835,53,North,SelfEmployed,Healthcare,2026Q1,93660.85,565.0,65.8,82.33,48.51,259335.49,0.5078,0.46038,1,-0.0559,0.2164,0.1256,0.0954,0.0,0.0742
6836,46,East,Salaried,Manufacturing,2026Q1,87589.12,508.0,,74.0,65.49,105449.16,0.4807,0.38565,0,-0.0066,0.2645,-0.0612,0.0649,0.0,-0.0286
6837,43,West,SelfEmployed,Healthcare,2026Q1,83300.34,553.0,81.95,51.5,61.11,82678.26,0.6071,0.63698,0,0.0134,0.2602,0.2067,0.0043,0.0289,0.0732
6838,47,West,Salaried,Construction,2026Q1,85366.54,587.0,29.89,50.36,89.55,43646.42,0.4401,0.21455,0,-0.0084,0.0814,-0.0319,0.0006,0.0171,-0.0185
6839,68,North,Business,Construction,2026Q1,115825.83,,53.57,73.21,52.6,346578.03,0.4844,0.07434,0,-0.0654,-0.0295,0.0189,0.0193,0.0,0.0
6840,46,East,Salaried,Manufacturing,2026Q1,71211.48,704.0,31.13,9.32,73.46,249088.63,0.4128,0.04522,0,-0.0009,-0.0257,-0.0063,-0.02,0.0,-0.0041
6841,55,South,SelfEmployed,Manufacturing,2026Q1,109584.92,565.0,67.75,44.47,36.18,169683.35,0.4746,0.38323,1,-0.0676,0.1847,0.119,-0.0157,0.0,0.0674
6842,44,East,Business,IT,2026Q1,44122.83,577.0,75.51,31.94,71.21,33494.91,0.4225,0.35442,1,0.0063,0.1552,0.1403,-0.0507,0.0,0.0
6843,58,East,Business,Manufacturing,2026Q1,113901.78,588.0,41.7,34.1,75.61,201616.26,0.4587,0.12839,0,-0.0507,0.0653,0.0041,-0.025,0.0,0.0
6844,62,East,Business,Healthcare,2026Q1,88553.41,621.0,72.82,56.16,81.35,164131.83,0.402,0.16594,1,-0.0874,0.0465,0.0858,0.0116,0.0,0.0
6845,48,South,SelfEmployed,Retail,2026Q1,108009.24,618.0,52.24,60.23,51.48,116229.45,0.3536,0.21963,0,-0.0167,0.0629,0.045,0.0233,0.0,0.0544
6846,58,East,Salaried,Healthcare,2026Q1,55317.29,643.0,43.25,30.13,77.39,124806.51,0.3928,0.09902,1,-0.0291,0.0051,0.0043,-0.018,0.0,-0.0086
6847,49,East,Salaried,Transport,2026Q1,70637.59,554.0,30.5,11.19,89.91,168749.84,0.4354,0.17894,0,-0.0144,0.0888,-0.0251,-0.0674,0.0,-0.0154
6848,51,North,Business,IT,2026Q1,104227.38,545.0,35.67,71.93,50.74,240391.56,0.5058,0.33764,1,-0.0372,0.1874,-0.0189,0.0536,0.0,0.0
6849,55,North,SelfEmployed,Retail,2026Q1,91114.59,559.0,62.55,54.26,64.94,174832.85,0.3584,0.34856,0,-0.0685,0.2014,0.1013,0.0121,0.0,0.069
6850,53,East,SelfEmployed,Retail,2026Q1,78988.45,621.0,35.61,43.5,69.52,102306.88,0.3223,0.14939,0,-0.0311,0.0367,-0.0117,-0.0103,0.0,0.0347
6851,53,South,Salaried,Retail,2026Q1,103559.59,535.0,58.82,26.67,49.91,141418.63,0.5118,0.23172,0,-0.0475,0.1824,0.0697,-0.06,0.0,-0.0249
6852,34,East,Salaried,Construction,2026Q1,42993.96,557.0,42.77,55.31,54.99,87101.21,0.4526,0.32542,1,0.0665,0.1877,0.0125,0.0144,0.0,-0.0278
6853,36,North,Business,Manufacturing,2026Q1,85298.52,653.0,73.16,29.8,49.4,233928.23,0.554,0.16874,0,0.0391,-0.0056,0.0904,-0.0434,0.0,0.0
6854,31,South,Business,Retail,2026Q1,67697.19,718.0,37.26,36.52,64.95,97610.3,0.2899,0.06944,0,0.0229,-0.0707,-0.0039,-0.0119,0.0,0.0
6855,35,North,Business,Healthcare,2026Q1,96393.1,644.0,21.66,67.39,46.79,305509.51,0.3913,0.13875,0,0.0317,0.0081,-0.052,0.0242,0.0,0.0
6856,55,South,Business,Retail,2026Q1,90202.89,,27.63,60.55,40.43,258539.26,0.5851,0.21395,0,-0.0539,0.1472,-0.0472,0.0219,0.0,0.0
6857,46,West,Salaried,Transport,2026Q1,77605.66,665.0,55.6,57.98,98.14,177432.96,0.2843,0.1299,1,-0.0036,-0.0223,0.0356,0.0118,0.0147,-0.0159
6858,43,East,Salaried,Transport,2026Q1,69335.57,579.0,,70.49,70.58,170309.62,0.4936,0.29467,1,0.0116,0.1362,0.0292,0.049,0.0,-0.0258
6859,70,North,Salaried,Manufacturing,2026Q1,97953.64,,48.24,23.59,39.19,161419.24,0.4094,0.02875,0,-0.0252,-0.0249,0.0039,-0.0094,0.0,-0.0032
6860,63,North,Salaried,Retail,2026Q1,95494.68,,58.67,68.01,36.23,96197.48,0.4918,0.15173,0,-0.066,0.0035,0.0353,0.0217,0.0,-0.0137
6861,33,North,Business,Manufacturing,2026Q1,81542.44,560.0,,67.88,13.56,144614.23,0.5255,0.31881,0,0.0717,0.182,-0.0523,0.0469,0.0,0.0
6862,40,West,SelfEmployed,IT,2026Q1,79028.96,626.0,37.32,74.14,40.66,145076.16,0.3552,0.31358,0,0.028,0.0514,-0.0112,0.056,0.0241,0.0579
6863,40,South,Business,Construction,2026Q1,74534.86,523.0,41.02,56.34,34.93,195425.33,0.5906,0.44686,1,0.0337,0.2688,0.005,0.0184,0.0,0.0
6864,51,West,Business,Construction,2026Q1,101214.93,630.0,50.38,49.79,59.37,137854.45,0.4453,0.18104,0,-0.0252,0.0291,0.0276,-0.0004,0.0164,0.0
6865,36,East,Business,Manufacturing,2026Q1,62297.82,600.0,34.07,61.15,55.38,135005.44,0.4662,0.27387,0,0.0434,0.0869,-0.0225,0.0238,0.0,0.0
6866,43,West,SelfEmployed,IT,2026Q1,89539.86,761.0,,72.83,32.82,174574.15,0.4258,0.08435,1,0.0041,-0.1509,0.0007,0.0185,0.0086,0.02
6867,55,South,Business,Healthcare,2026Q1,100320.82,632.0,39.38,48.95,76.22,83744.71,0.4883,0.11283,0,-0.0313,0.0184,-0.0013,-0.0013,0.0,0.0
6868,49,West,Salaried,Healthcare,2026Q1,39891.26,622.0,23.01,68.06,33.11,93587.9,0.3397,0.14537,0,-0.0134,0.0316,-0.0442,0.023,0.0132,-0.0144
6869,36,West,SelfEmployed,Retail,2026Q1,79975.53,456.0,39.69,0.0,75.33,203083.47,0.5196,0.64334,1,0.0627,0.4302,-0.0015,-0.1384,0.0297,0.0747
6870,51,North,Business,Transport,2026Q1,127568.51,661.0,54.51,10.13,40.95,88455.66,0.4505,0.06274,0,-0.0134,-0.0095,0.0192,-0.0436,0.0,0.0
6871,51,West,Salaried,Manufacturing,2026Q1,80230.73,697.0,29.44,70.32,78.49,132748.03,0.3565,0.07094,0,-0.0116,-0.0415,-0.0149,0.0141,0.0073,-0.0081
6872,52,South,Salaried,Retail,2026Q1,86138.22,698.0,,55.66,45.37,105690.62,0.4459,0.04244,0,-0.0094,-0.0295,-0.0157,0.0029,0.0,-0.0055
6873,35,North,Business,Transport,2026Q1,69737.43,,42.21,57.61,45.28,93725.25,0.4537,0.21593,0,0.0489,0.0734,0.0082,0.0168,0.0,0.0
6874,61,East,Business,Manufacturing,2026Q1,148720.72,576.0,36.74,38.2,85.26,183413.0,0.3466,0.15492,0,-0.0641,0.0741,-0.0082,-0.0182,0.0,0.0
6875,45,North,Salaried,IT,2026Q1,116995.48,703.0,17.47,10.27,36.65,177607.52,0.4451,0.02559,0,0.0,-0.0204,-0.0148,-0.0158,0.0,-0.0034
6876,37,East,Business,Construction,2026Q1,115617.41,612.0,17.07,74.5,83.23,153619.24,0.3923,0.1736,1,0.0316,0.0554,-0.0797,0.0406,0.0,0.0
6877,51,East,Salaried,Manufacturing,2026Q1,119785.29,616.0,63.03,63.9,53.53,219054.58,0.5548,0.23534,1,-0.0306,0.0585,0.0702,0.0278,0.0,-0.0216
6878,57,South,Business,Manufacturing,2026Q1,86537.28,595.0,35.41,75.68,43.32,244501.19,0.453,0.21028,0,-0.0567,0.0757,-0.0144,0.0426,0.0,0.0
6879,57,South,Business,Healthcare,2026Q1,79552.74,465.0,,2.54,62.21,208208.2,0.4074,0.35727,0,-0.0828,0.3224,0.098,-0.141,0.0,0.0
6880,64,North,Salaried,Transport,2026Q1,144766.85,562.0,57.47,70.94,68.66,190469.32,0.525,0.26971,0,-0.1148,0.1434,0.0619,0.0457,0.0,-0.0239
6881,43,West,Business,Manufacturing,2026Q1,86903.55,625.0,74.12,69.08,37.83,140869.59,0.3476,0.41709,1,0.0128,0.0604,0.1379,0.0507,0.0271,0.0
6882,32,South,Salaried,Manufacturing,2026Q1,49988.83,659.0,51.87,60.6,59.23,148344.68,0.4671,0.19602,0,0.0502,-0.0158,0.0341,0.0189,0.0,-0.0193
6883,46,East,Business,Manufacturing,2026Q1,100845.99,616.0,37.5,49.93,65.71,300805.75,0.3801,0.15779,0,-0.0038,0.0442,-0.0069,-0.0001,0.0,0.0
6884,21,East,Salaried,Healthcare,2026Q1,34877.04,655.0,58.14,33.91,37.96,31199.56,0.4528,0.21133,0,0.093,-0.0095,0.0554,-0.0346,0.0,-0.0211
6885,41,West,SelfEmployed,Construction,2026Q1,85759.62,,13.17,60.47,75.42,157342.04,0.332,0.36272,1,0.0275,0.3116,-0.1332,0.0309,0.0295,0.0726
6886,46,East,Salaried,Transport,2026Q1,62630.5,553.0,62.66,38.49,74.86,108919.3,0.3236,0.25926,1,-0.0062,0.1843,0.0913,-0.0311,0.0,-0.027
6887,45,West,SelfEmployed,IT,2026Q1,100901.02,775.0,76.94,63.75,65.69,244656.34,0.4773,0.13844,0,0.0,-0.2293,0.0584,0.0162,0.012,0.0281
6888,56,East,Business,Construction,2026Q1,85783.23,666.0,28.75,38.02,65.7,182415.09,0.499,0.07975,0,-0.0191,-0.0103,-0.0134,-0.0083,0.0,0.0
6889,50,South,Salaried,Healthcare,2026Q1,59766.82,710.0,43.79,42.47,62.3,54844.16,0.4561,0.06934,1,-0.0075,-0.0446,0.0037,-0.0047,0.0,-0.0063
6890,55,West,Business,Transport,2026Q1,83683.65,600.0,49.4,29.32,47.74,248409.97,0.5305,0.21827,0,-0.0423,0.0627,0.0243,-0.0371,0.0159,0.0
6891,53,East,Salaried,Manufacturing,2026Q1,89851.57,688.0,,47.49,62.62,99296.51,0.3761,0.05936,0,-0.0145,-0.0295,0.002,-0.0018,0.0,-0.0074
6892,34,North,Salaried,Construction,2026Q1,55584.16,685.0,45.94,48.83,93.36,117635.65,0.3521,0.11238,0,0.0278,-0.0453,0.0115,-0.0014,0.0,-0.0128
6893,57,East,SelfEmployed,Manufacturing,2026Q1,111229.29,765.0,34.97,75.68,5.0,227098.69,0.3288,0.03703,0,-0.017,-0.099,-0.0046,0.0117,0.0,0.0114
6894,44,North,Salaried,Healthcare,2026Q1,75122.42,648.0,37.83,50.84,39.88,45245.84,0.3916,0.09601,0,0.0028,0.0022,-0.0044,0.001,0.0,-0.0127
6895,52,South,Salaried,Construction,2026Q1,93953.26,547.0,94.49,0.0,44.24,171156.67,0.5583,0.37631,1,-0.0455,0.1998,0.1943,-0.1447,0.0,-0.0276
6896,55,North,Salaried,Retail,2026Q1,68603.38,566.0,49.83,100.0,40.51,119276.64,0.4285,0.31995,0,-0.0659,0.1731,0.0432,0.1214,0.0,-0.0277
6897,41,North,SelfEmployed,IT,2026Q1,78046.65,,6.56,35.17,36.92,159273.99,0.362,0.08621,0,0.0091,0.0098,-0.0745,-0.0163,0.0,0.0227
6898,42,South,Salaried,Healthcare,2026Q1,73375.91,,38.64,11.57,62.6,123015.36,0.5411,0.44265,0,0.0208,0.3786,-0.0068,-0.1147,0.0,-0.0299
6899,50,East,SelfEmployed,Healthcare,2026Q1,74529.97,646.0,40.9,71.91,84.18,208412.97,0.3811,0.2141,0,-0.0223,0.0066,0.0027,0.0368,0.0,0.0415
6900,45,East,Salaried,Retail,2026Q1,67641.93,656.0,73.93,67.03,52.67,122602.58,0.4308,0.22264,1,0.0,-0.0116,0.0956,0.0333,0.0,-0.0214
6901,69,East,Salaried,IT,2026Q1,105400.75,719.0,,40.87,92.14,170043.36,0.4804,0.04351,0,-0.042,-0.0494,0.0218,-0.0053,0.0,-0.0058
6902,50,East,Business,Construction,2026Q1,65567.31,494.0,49.54,21.24,97.2,182548.97,0.4745,0.37168,0,-0.0332,0.2751,0.0433,-0.0834,0.0,0.0
6903,37,South,Salaried,Manufacturing,2026Q1,61330.55,543.0,29.57,53.77,76.5,182421.6,0.4839,0.33835,0,0.0451,0.1849,-0.0458,0.0095,0.0,-0.0259
6904,73,West,Business,Construction,2026Q1,114548.9,626.0,51.46,39.25,51.65,160973.78,0.4998,0.08638,0,-0.0922,0.0205,0.018,-0.0117,0.0099,0.0
6905,54,East,Salaried,IT,2026Q1,61362.55,615.0,33.7,49.01,32.77,101438.59,0.4996,0.09525,0,-0.0275,0.0328,-0.0131,-0.0012,0.0,-0.0125
6906,50,North,Business,Transport,2026Q1,58881.37,619.0,52.7,49.56,63.93,103296.81,0.3819,0.15896,0,-0.0218,0.0455,0.0349,-0.0008,0.0,0.0
6907,67,East,Salaried,Healthcare,2026Q1,94964.46,,,5.94,73.78,191428.83,0.3537,0.05949,0,-0.0334,-0.0181,0.0156,-0.0275,0.0,-0.0052
6908,53,North,Business,Transport,2026Q1,80793.66,642.0,38.4,35.55,69.16,65809.63,0.3544,0.08117,0,-0.0205,0.0071,-0.0027,-0.0155,0.0,0.0
6909,49,West,SelfEmployed,Healthcare,2026Q1,57318.85,,50.98,37.88,92.63,167376.92,0.4184,0.08654,0,-0.0092,-0.0862,0.0158,-0.0122,0.009,0.0209
6910,32,South,SelfEmployed,Construction,2026Q1,57806.99,700.0,59.99,46.08,100.0,73717.62,0.3946,0.13905,0,0.0487,-0.0973,0.0529,-0.0072,0.0,0.041
6911,25,North,Business,Transport,2026Q1,78071.83,572.0,55.98,48.54,81.82,38656.4,0.4924,0.54655,1,0.1306,0.1908,0.0768,-0.0043,0.0,0.0
6912,63,North,Salaried,Healthcare,2026Q1,99853.89,639.0,21.42,11.89,61.2,79038.51,0.3256,0.03268,0,-0.0223,0.004,-0.0154,-0.0198,0.0,-0.0044
6913,53,East,Salaried,Healthcare,2026Q1,79415.69,657.0,46.94,34.37,47.57,204129.72,0.3673,0.08849,0,-0.0185,-0.006,0.0098,-0.0152,0.0,-0.0095
6914,48,West,SelfEmployed,Healthcare,2026Q1,107635.85,747.0,2.0,42.11,43.06,255960.03,0.469,0.02786,0,-0.0024,-0.0498,-0.0303,-0.0027,0.0031,0.0072
6915,48,East,Business,Healthcare,2026Q1,106333.22,634.0,52.86,42.62,82.16,277730.63,0.4135,0.13919,0,-0.0114,0.0218,0.0309,-0.012,0.0,0.0
6916,53,East,Salaried,IT,2026Q1,61835.23,,61.46,70.97,49.77,156383.32,0.4101,0.1711,0,-0.0315,-0.0118,0.0481,0.0301,0.0,-0.0163
6917,57,East,Salaried,Manufacturing,2026Q1,76592.19,587.0,54.94,63.56,50.68,45331.3,0.3457,0.20442,0,-0.0634,0.0973,0.0474,0.0269,0.0,-0.0214
6918,41,West,Salaried,Manufacturing,2026Q1,34595.99,656.0,,100.0,50.14,95721.35,0.4946,0.29573,0,0.021,-0.0129,0.0474,0.0986,0.0225,-0.0238
6919,52,West,Business,Healthcare,2026Q1,122167.51,546.0,52.7,24.45,66.63,332288.27,0.5306,0.38596,0,-0.0413,0.1708,0.0485,-0.066,0.0236,0.0
6920,56,West,Business,Healthcare,2026Q1,92741.26,574.0,57.24,68.21,46.54,251972.64,0.4795,0.35849,0,-0.0707,0.1517,0.0704,0.0459,0.0257,0.0
6921,44,West,Business,Construction,2026Q1,129830.32,705.0,33.58,55.48,89.33,166829.61,0.3148,0.06782,0,0.002,-0.0561,-0.0098,0.0046,0.0082,0.0
6922,26,East,Business,Construction,2026Q1,66256.65,677.0,37.62,41.0,33.78,139712.45,0.4884,0.12889,0,0.0505,-0.0382,-0.0056,-0.013,0.0,0.0
6923,42,East,Salaried,Retail,2026Q1,70194.14,711.0,49.93,55.74,88.39,131104.69,0.2518,0.06349,0,0.0062,-0.0681,0.0141,0.0051,0.0,-0.0097
6924,36,East,Salaried,IT,2026Q1,78696.9,772.0,67.95,73.97,42.56,202602.93,0.3806,0.06148,0,0.0186,-0.1846,0.0365,0.0209,0.0,-0.0103
6925,63,West,Salaried,Transport,2026Q1,124694.64,683.0,56.39,41.65,33.95,365651.75,0.3932,0.05594,0,-0.0407,-0.0276,0.0185,-0.0068,0.0074,-0.0082
6926,39,West,SelfEmployed,Transport,2026Q1,113956.02,635.0,59.39,70.66,67.44,242935.24,0.5425,0.36566,0,0.0379,0.0372,0.0842,0.0552,0.0273,0.0662
6927,39,East,Business,Retail,2026Q1,86179.24,581.0,43.15,54.61,72.5,135834.05,0.5336,0.30066,0,0.0332,0.1288,0.0127,0.0112,0.0,0.0
6928,43,East,Business,Retail,2026Q1,88195.75,582.0,49.57,49.75,64.64,137266.42,0.629,0.28896,0,0.0111,0.1236,0.0367,-0.0006,0.0,0.0
6929,59,West,SelfEmployed,IT,2026Q1,86387.19,,46.75,100.0,64.58,121707.63,0.3427,0.31654,1,-0.0878,0.0642,0.0274,0.109,0.0245,0.0588
6930,60,South,Salaried,Retail,2026Q1,123568.57,615.0,27.88,28.24,68.71,151347.18,0.5081,0.0704,0,-0.0322,0.0209,-0.0172,-0.0187,0.0,-0.0081
6931,41,West,SelfEmployed,Healthcare,2026Q1,93029.09,678.0,52.82,63.43,58.93,151553.0,0.4474,0.23796,1,0.0182,-0.0561,0.0398,0.0257,0.0194,0.0459
6932,45,South,Salaried,Manufacturing,2026Q1,65361.46,559.0,45.18,72.51,43.75,67520.36,0.4174,0.34019,1,0.0,0.1779,0.0226,0.0571,0.0,-0.0272
6933,48,South,Salaried,Transport,2026Q1,96190.13,580.0,62.02,58.13,38.58,155980.32,0.422,0.27244,0,-0.0179,0.1345,0.0838,0.0201,0.0,-0.0258
6934,65,South,Business,Transport,2026Q1,121580.88,,23.83,41.95,67.67,130522.59,0.5491,0.06301,0,-0.0372,0.0038,-0.0193,-0.0052,0.0,0.0
6935,27,South,Salaried,Retail,2026Q1,47939.9,518.0,,53.49,70.27,51133.9,0.4675,0.43356,1,0.1223,0.3037,0.0014,0.0104,0.0,-0.03
6936,34,East,Business,Manufacturing,2026Q1,72200.5,718.0,18.37,18.08,77.23,206509.25,0.3226,0.03313,0,0.01,-0.0399,-0.0198,-0.0172,0.0,0.0
6937,75,North,Salaried,IT,2026Q1,82436.03,,54.27,28.92,46.68,174557.47,0.5109,0.0571,0,-0.0482,-0.0131,0.0097,-0.011,0.0,-0.0049
6938,63,North,Salaried,Retail,2026Q1,113406.38,,61.0,66.93,81.86,234065.72,0.4992,0.12585,1,-0.0752,0.0232,0.0455,0.0238,0.0,-0.0158
6939,34,South,Salaried,Transport,2026Q1,56832.99,549.0,54.1,35.74,97.47,154646.4,0.483,0.40488,0,0.0683,0.2072,0.0628,-0.0406,0.0,-0.0283
6940,75,North,Salaried,IT,2026Q1,81654.97,609.0,79.47,24.16,58.97,130869.06,0.3487,0.13276,1,-0.121,0.0405,0.0623,-0.0371,0.0,-0.0134
6941,57,East,Salaried,Healthcare,2026Q1,113814.64,667.0,56.82,56.42,29.99,107020.88,0.2512,0.08442,0,-0.035,-0.0184,0.0269,0.0068,0.0,-0.0115
6942,51,South,Salaried,IT,2026Q1,87665.0,576.0,33.96,37.35,36.85,107633.24,0.6361,0.22985,0,-0.0233,0.0798,-0.0165,-0.0209,0.0,-0.0164
6943,66,West,SelfEmployed,IT,2026Q1,64603.41,507.0,67.47,59.08,48.58,109210.78,0.4537,0.51628,0,-0.1402,0.3398,0.1356,0.0272,0.03,0.0748
6944,40,East,SelfEmployed,Construction,2026Q1,92733.67,650.0,80.94,89.56,19.72,145823.96,0.5921,0.4287,1,0.0343,0.0,0.184,0.1123,0.0,0.0724
6945,45,East,Salaried,Construction,2026Q1,41384.22,,58.93,45.5,62.11,34267.75,0.4649,0.15469,0,0.0,0.0145,0.0454,-0.0075,0.0,-0.017
6946,51,West,Salaried,Retail,2026Q1,67102.17,,36.22,38.63,67.97,181088.2,0.5075,0.17776,0,-0.0246,0.0772,-0.0107,-0.0197,0.0159,-0.0173
6947,56,North,Salaried,Manufacturing,2026Q1,94350.52,778.0,37.65,25.18,66.64,278947.13,0.2789,0.01398,0,-0.0056,-0.0458,-0.0007,-0.0054,0.0,-0.002
6948,54,West,Salaried,Construction,2026Q1,92021.26,562.0,53.67,30.63,31.51,119531.15,0.6172,0.19041,1,-0.048,0.1294,0.0452,-0.044,0.0207,-0.0221
6949,52,East,Business,Healthcare,2026Q1,83862.95,713.0,41.57,39.02,20.72,161596.99,0.4021,0.05631,0,-0.0102,-0.0454,0.0015,-0.0067,0.0,0.0
6950,46,East,SelfEmployed,Manufacturing,2026Q1,61326.11,664.0,65.4,15.33,73.73,77653.81,0.4287,0.12284,0,-0.0036,-0.0206,0.0538,-0.0608,0.0,0.0342
6951,54,West,SelfEmployed,Transport,2026Q1,124846.92,,44.32,69.36,100.0,128641.78,0.4962,0.16132,0,-0.0434,0.012,0.0135,0.0346,0.0185,0.0437
6952,53,North,Salaried,Healthcare,2026Q1,110461.31,776.0,61.63,41.3,88.39,315337.2,0.2964,0.03027,0,-0.0081,-0.089,0.0116,-0.0036,0.0,-0.0042
6953,50,West,Business,Transport,2026Q1,90611.94,697.0,59.16,60.16,59.43,63852.18,0.5409,0.17406,0,-0.0157,-0.0666,0.0352,0.0124,0.0122,0.0
6954,47,West,SelfEmployed,IT,2026Q1,85130.67,,25.82,57.21,42.5,95082.72,0.3636,0.26704,0,-0.0115,0.1378,-0.0607,0.0172,0.0236,0.0566
6955,44,East,Salaried,IT,2026Q1,62190.01,580.0,46.64,58.8,48.6,166977.25,0.4749,0.3244,1,0.0054,0.121,0.0249,0.0199,0.0,-0.0239
6956,34,North,Business,Construction,2026Q1,76027.12,567.0,64.65,42.96,70.05,48251.79,0.4696,0.41524,0,0.0727,0.195,0.1134,-0.0207,0.0,0.0
6957,66,North,Salaried,Retail,2026Q1,95124.22,640.0,45.74,67.28,48.54,221579.55,0.5475,0.09877,0,-0.0653,0.0093,0.0096,0.0168,0.0,-0.0111
6958,58,East,Salaried,Manufacturing,2026Q1,101573.69,571.0,53.49,69.5,52.95,248692.24,0.3297,0.26486,0,-0.0754,0.1304,0.0481,0.0421,0.0,-0.0236
6959,61,West,Salaried,IT,2026Q1,60183.96,475.0,50.72,53.41,58.76,159485.46,0.4046,0.41788,0,-0.1115,0.3408,0.0522,0.0101,0.0294,-0.0298
6960,37,East,Salaried,IT,2026Q1,76215.21,586.0,34.65,21.62,83.47,108016.36,0.4749,0.17005,0,0.0292,0.0778,-0.0156,-0.0534,0.0,-0.0176
6961,45,North,Business,Transport,2026Q1,119008.56,682.0,75.64,75.86,86.37,269395.56,0.2548,0.23496,0,0.0,-0.0658,0.0977,0.0482,0.0,0.0
6962,49,North,Salaried,Construction,2026Q1,73294.27,712.0,35.97,35.74,89.07,163168.53,0.246,0.04399,0,-0.0048,-0.0382,-0.0034,-0.0075,0.0,-0.0052
6963,54,East,Business,Retail,2026Q1,81122.17,,33.15,69.96,34.32,188674.39,0.344,0.07583,0,-0.0216,-0.0249,-0.0112,0.0167,0.0,0.0
6964,42,North,Business,Retail,2026Q1,108015.31,611.0,64.86,58.1,54.48,246612.73,0.4341,0.338,0,0.0174,0.082,0.0934,0.02,0.0,0.0
6965,69,North,Salaried,IT,2026Q1,77703.19,691.0,39.27,28.31,68.03,218867.12,0.289,0.02154,0,-0.0273,-0.0164,-0.0004,-0.0086,0.0,-0.0037
6966,60,West,Business,Retail,2026Q1,80662.49,752.0,49.2,56.17,48.94,61524.23,0.4229,0.04749,0,-0.0208,-0.0775,0.0069,0.0029,0.0046,0.0
6967,52,East,Business,Manufacturing,2026Q1,64064.17,655.0,54.8,37.33,48.19,70408.87,0.4881,0.12105,0,-0.0212,-0.0056,0.0265,-0.0162,0.0,0.0
6968,53,East,Business,Retail,2026Q1,107078.32,,64.31,36.47,91.0,154081.91,0.3084,0.17837,0,-0.0349,0.0404,0.06,-0.0248,0.0,0.0
6969,48,South,Business,IT,2026Q1,70711.38,738.0,14.42,78.23,100.0,217749.74,0.4618,0.04898,0,-0.0034,-0.059,-0.0251,0.0112,0.0,0.0
6970,43,North,Salaried,Transport,2026Q1,43473.88,576.0,45.68,21.11,41.94,68164.41,0.5036,0.20376,1,0.0086,0.097,0.0171,-0.0597,0.0,-0.0194
6971,23,North,SelfEmployed,Transport,2026Q1,66529.62,672.0,,50.41,43.21,52244.82,0.438,0.15229,0,0.0912,-0.0457,0.0113,0.0009,0.0,0.0489
6972,60,North,SelfEmployed,Healthcare,2026Q1,77850.71,410.0,47.32,69.52,37.76,146610.69,0.6286,0.74966,1,-0.0762,0.5654,0.0304,0.0494,0.0,0.0641
6973,51,West,Salaried,IT,2026Q1,92012.8,594.0,60.37,50.03,53.85,98345.14,0.513,0.25118,0,-0.0329,0.0977,0.0686,0.0001,0.0219,-0.0232
6974,63,West,SelfEmployed,Transport,2026Q1,109209.72,468.0,71.66,29.33,94.38,92683.25,0.5057,0.5929,1,-0.1147,0.4261,0.1569,-0.0585,0.0294,0.0741
6975,56,North,Salaried,Healthcare,2026Q1,87066.24,,51.23,60.76,46.35,169256.58,0.4201,0.09781,0,-0.0297,-0.0227,0.0175,0.0104,0.0,-0.0107
6976,50,West,Salaried,Healthcare,2026Q1,66172.02,566.0,35.62,37.04,63.97,114144.77,0.5084,0.19927,0,-0.023,0.108,-0.0142,-0.0257,0.0183,-0.0196
6977,51,South,Salaried,Manufacturing,2026Q1,95719.84,665.0,51.68,40.61,100.0,157974.64,0.4186,0.07688,0,-0.0151,-0.0148,0.0179,-0.0099,0.0,-0.0106
6978,42,East,Business,Transport,2026Q1,62353.51,581.0,57.26,2.98,68.15,56783.34,0.5191,0.19253,0,0.0136,0.0993,0.0516,-0.1084,0.0,0.0
6979,37,East,Business,IT,2026Q1,104207.16,586.0,52.51,69.87,79.21,270975.55,0.5411,0.4068,0,0.0505,0.1448,0.0562,0.0536,0.0,0.0
6980,39,East,SelfEmployed,Manufacturing,2026Q1,74094.7,574.0,64.94,62.19,49.21,171461.49,0.4809,0.49848,0,0.0419,0.1976,0.1222,0.0365,0.0,0.0744
6981,39,West,Business,Construction,2026Q1,83604.43,658.0,37.17,62.83,54.93,128080.2,0.4001,0.16498,0,0.0214,-0.0122,-0.0078,0.0197,0.0155,0.0
6982,48,West,SelfEmployed,Healthcare,2026Q1,93105.18,643.0,38.07,27.77,72.76,254742.08,0.3591,0.15172,1,-0.0102,0.0088,-0.0046,-0.0346,0.0136,0.0317
6983,59,West,SelfEmployed,Retail,2026Q1,119660.33,559.0,50.82,23.55,81.21,110639.44,0.492,0.25666,0,-0.0829,0.1478,0.0399,-0.0662,0.0227,0.0542
6984,58,South,Salaried,Construction,2026Q1,92976.44,614.0,66.46,58.78,30.43,164099.68,0.556,0.23038,1,-0.064,0.0554,0.0708,0.0162,0.0,-0.0197
6985,33,West,Business,Construction,2026Q1,71806.53,,75.63,52.19,65.62,170515.24,0.5166,0.53301,0,0.0837,0.2032,0.1733,0.0066,0.03,0.0
6986,59,South,Business,Retail,2026Q1,113969.91,588.0,56.65,90.48,52.4,348790.25,0.2955,0.26088,0,-0.0883,0.1223,0.0652,0.0916,0.0,0.0
6987,52,North,Salaried,Manufacturing,2026Q1,102577.36,587.0,53.23,61.96,27.37,158388.99,0.5366,0.2272,1,-0.0373,0.1028,0.0446,0.025,0.0,-0.0224
6988,58,South,Salaried,Construction,2026Q1,106030.32,582.0,32.87,28.51,50.25,272778.43,0.4098,0.1036,0,-0.0411,0.0549,-0.0148,-0.028,0.0,-0.0123
6989,56,South,Salaried,Healthcare,2026Q1,89644.63,667.0,59.66,26.84,68.12,105315.57,0.4505,0.08035,0,-0.0256,-0.0148,0.0244,-0.0229,0.0,-0.0092
6990,32,East,Salaried,IT,2026Q1,68532.68,666.0,29.96,54.28,63.04,36548.53,0.3535,0.09744,0,0.0324,-0.0193,-0.0222,0.0052,0.0,-0.0129
6991,52,East,Salaried,Retail,2026Q1,89420.68,,65.28,63.03,79.56,161851.38,0.458,0.55615,0,-0.049,0.3083,0.122,0.0388,0.0,-0.03
6992,66,East,Business,Manufacturing,2026Q1,125249.94,,50.77,72.85,70.9,197792.61,0.2618,0.19888,0,-0.1018,0.062,0.0291,0.0363,0.0,0.0
6993,37,West,SelfEmployed,IT,2026Q1,74492.11,797.0,50.3,56.47,41.67,208074.64,0.3488,0.0694,0,0.0127,-0.1979,0.0117,0.0047,0.0071,0.0164
6994,40,North,Business,Manufacturing,2026Q1,89763.54,708.0,68.91,34.26,45.52,193810.16,0.323,0.11498,0,0.0133,-0.0814,0.0464,-0.0204,0.0,0.0
6995,28,West,Salaried,Construction,2026Q1,63443.79,769.0,50.3,38.52,80.35,75298.61,0.246,0.07304,0,0.0226,-0.1348,0.011,-0.0085,0.0066,-0.0074
6996,45,West,SelfEmployed,Construction,2026Q1,58905.94,553.0,42.27,21.3,73.77,112019.37,0.6033,0.26175,0,0.0,0.1799,0.0098,-0.0789,0.0254,0.0613
6997,34,East,SelfEmployed,Healthcare,2026Q1,63174.57,,52.53,74.71,77.69,125057.42,0.4208,0.46642,1,0.0746,0.1416,0.061,0.0719,0.0,0.0728
6998,41,East,Business,Manufacturing,2026Q1,105739.55,563.0,34.48,49.25,54.02,245275.34,0.6031,0.2279,1,0.0214,0.1451,-0.0222,-0.0018,0.0,0.0
6999,53,East,Salaried,Healthcare,2026Q1,118950.27,622.0,51.99,0.0,92.54,358701.81,0.4215,0.10117,0,-0.0196,0.0216,0.0173,-0.0612,0.0,-0.0101
7000,59,North,Business,IT,2026Q1,105312.67,639.0,45.48,60.87,60.16,217439.23,0.4621,0.10564,0,-0.0483,0.0123,0.0112,0.0132,0.0,0.0
7001,29,West,Business,Healthcare,2026Q1,74863.35,656.0,37.28,47.15,100.0,162545.11,0.4508,0.18526,0,0.0562,-0.0098,-0.0081,-0.005,0.0168,0.0
7002,45,South,Salaried,IT,2026Q1,66519.83,590.0,86.4,36.42,63.35,177895.91,0.3966,0.42671,1,0.0,0.1308,0.1723,-0.0377,0.0,-0.0276
7003,47,West,Salaried,Manufacturing,2026Q1,34772.47,576.0,45.08,53.64,67.83,80062.67,0.4941,0.30038,0,-0.0109,0.1252,0.0191,0.0083,0.0224,-0.0237
7004,49,West,Business,Construction,2026Q1,123094.72,560.0,38.7,53.36,88.57,115889.46,0.6123,0.24582,1,-0.0232,0.1544,-0.0053,0.0081,0.0236,0.0
7005,59,West,Salaried,Healthcare,2026Q1,74906.34,610.0,21.01,63.34,42.63,240432.43,0.4765,0.11092,0,-0.0436,0.0354,-0.0421,0.0144,0.0109,-0.012
7006,59,North,Salaried,Transport,2026Q1,59155.88,662.0,36.21,57.12,61.0,174795.89,0.3967,0.07099,0,-0.0303,-0.0091,-0.0051,0.0054,0.0,-0.0082
7007,60,West,SelfEmployed,Healthcare,2026Q1,103411.99,671.0,60.14,55.09,42.61,250282.65,0.4417,0.15101,0,-0.0624,-0.0323,0.0451,0.0077,0.0149,0.0348
7008,53,East,SelfEmployed,IT,2026Q1,91655.54,707.0,23.43,39.35,62.67,85743.56,0.4655,0.06544,0,-0.0116,-0.0392,-0.0181,-0.0063,0.0,0.0123
7009,47,West,Salaried,Healthcare,2026Q1,116779.75,645.0,29.65,68.98,30.86,221447.91,0.4032,0.12556,0,-0.0063,0.006,-0.0247,0.0231,0.0127,-0.0139
7010,44,East,Salaried,Manufacturing,2026Q1,84425.15,674.0,63.66,3.55,87.85,241995.05,0.3942,0.12161,0,0.0021,-0.0227,0.0299,-0.054,0.0,-0.0097
7011,57,East,Salaried,Healthcare,2026Q1,115941.6,524.0,,54.02,76.72,242611.35,0.4436,0.2605,1,-0.0728,0.1933,0.0087,0.0097,0.0,-0.025
7012,41,South,SelfEmployed,Retail,2026Q1,93902.7,690.0,40.4,23.05,54.95,110680.57,0.4414,0.09289,0,0.0089,-0.0438,0.0007,-0.0307,0.0,0.0221
7013,41,West,Business,Construction,2026Q1,77258.49,,49.22,42.71,70.73,54477.12,0.5097,0.10471,0,0.01,-0.0606,0.016,-0.0085,0.0107,0.0
7014,55,West,SelfEmployed,Construction,2026Q1,138887.21,741.0,67.13,60.42,69.83,211734.72,0.4046,0.10993,0,-0.0294,-0.1369,0.0411,0.0112,0.0108,0.025
7015,58,South,Business,IT,2026Q1,132659.95,764.0,32.79,40.17,74.76,113193.68,0.4344,0.02449,1,-0.009,-0.0494,-0.0032,-0.0026,0.0,0.0
7016,50,South,Salaried,Manufacturing,2026Q1,91512.2,543.0,79.32,43.14,41.78,58617.99,0.4969,0.47683,1,-0.0344,0.237,0.1716,-0.0202,0.0,-0.0295
7017,57,West,Salaried,Transport,2026Q1,107554.22,684.0,49.38,66.09,71.62,202774.82,0.2378,0.09146,1,-0.0324,-0.0367,0.0146,0.015,0.0096,-0.0106
7018,47,East,Salaried,Manufacturing,2026Q1,84807.82,597.0,47.23,20.06,41.39,225038.02,0.4245,0.14288,1,-0.0072,0.0593,0.0172,-0.051,0.0,-0.0157
7019,48,South,Salaried,Construction,2026Q1,83581.46,589.0,58.15,64.54,80.82,215221.45,0.2787,0.27754,1,-0.0172,0.1141,0.0671,0.0338,0.0,-0.0248
7020,54,West,SelfEmployed,Construction,2026Q1,101642.3,,13.34,43.5,69.64,201186.21,0.3645,0.16225,1,-0.0333,0.0569,-0.0774,-0.0097,0.0139,0.0325
7021,41,North,Business,IT,2026Q1,126033.13,589.0,52.55,77.92,50.65,383852.11,0.3079,0.30998,0,0.0253,0.1364,0.0555,0.0729,0.0,0.0
7022,58,West,Business,Transport,2026Q1,125657.33,611.0,51.0,30.38,89.14,369904.77,0.4283,0.13461,0,-0.051,0.0453,0.0251,-0.0316,0.0142,0.0
7023,47,North,Business,Healthcare,2026Q1,93420.3,593.0,77.15,59.91,88.43,215949.81,0.39,0.45236,0,-0.0132,0.132,0.1526,0.0274,0.0,0.0
7024,48,East,SelfEmployed,Transport,2026Q1,91496.95,654.0,84.73,57.84,47.25,53962.25,0.4388,0.23719,0,-0.0183,-0.0095,0.1557,0.0198,0.0,0.0606
7025,51,South,Business,Healthcare,2026Q1,68887.03,669.0,,7.89,39.7,200381.29,0.4704,0.07927,0,-0.0115,-0.0145,0.0126,-0.04,0.0,0.0
7026,59,West,SelfEmployed,IT,2026Q1,99860.06,702.0,49.87,54.62,42.08,120794.33,0.3734,0.11651,0,-0.0399,-0.0624,0.0158,0.0047,0.0099,0.0231
7027,26,West,SelfEmployed,Construction,2026Q1,78838.8,658.0,45.21,61.9,63.51,87165.66,0.371,0.33925,0,0.0993,-0.0189,0.0215,0.0292,0.0247,0.0592
7028,36,South,Salaried,Manufacturing,2026Q1,76073.27,616.0,47.38,36.65,48.68,211472.38,0.4385,0.17536,1,0.0356,0.0508,0.0216,-0.0258,0.0,-0.0191
7029,61,South,Salaried,Manufacturing,2026Q1,94802.46,670.0,41.75,77.36,64.06,215447.96,0.4556,0.10077,0,-0.042,-0.0188,0.0027,0.0223,0.0,-0.0098
7030,55,West,Salaried,Retail,2026Q1,73741.27,691.0,63.99,20.13,81.85,81274.94,0.3344,0.07952,0,-0.021,-0.0365,0.0261,-0.0279,0.0076,-0.0084
7031,45,North,Business,Healthcare,2026Q1,108027.87,663.0,70.09,21.86,95.06,146271.49,0.3499,0.15127,0,0.0,-0.0179,0.0575,-0.0454,0.0,0.0
7032,51,East,Salaried,Construction,2026Q1,100488.7,659.0,67.62,34.63,30.16,139382.7,0.4986,0.10285,0,-0.0192,-0.011,0.0481,-0.0212,0.0,-0.0135
7033,57,South,Salaried,Healthcare,2026Q1,89009.8,808.0,68.85,29.57,12.49,246009.89,0.4328,0.02064,0,-0.0084,-0.09,0.0094,-0.0058,0.0,-0.0027
7034,67,East,Business,Construction,2026Q1,113053.68,582.0,55.94,55.07,54.52,80704.41,0.5327,0.19448,0,-0.1135,0.0908,0.0447,0.0093,0.0,0.0
7035,45,South,Business,Construction,2026Q1,91237.34,684.0,60.38,64.38,35.99,207546.07,0.4622,0.21691,0,0.0,-0.0538,0.0446,0.0206,0.0,0.0
7036,64,West,Salaried,Healthcare,2026Q1,99445.75,633.0,59.47,21.17,46.98,162137.91,0.4004,0.07793,0,-0.0567,0.0149,0.0287,-0.0343,0.0098,-0.0109
7037,56,West,SelfEmployed,Manufacturing,2026Q1,104095.15,509.0,24.33,36.35,56.55,58288.58,0.3216,0.31453,0,-0.0702,0.2279,-0.0714,-0.0365,0.0254,0.0612
7038,40,South,Business,Construction,2026Q1,57354.96,506.0,43.6,40.51,76.27,75951.78,0.481,0.45105,1,0.034,0.2978,0.0176,-0.0281,0.0,0.0
7039,43,East,Salaried,Healthcare,2026Q1,66371.61,494.0,38.67,57.19,61.62,107229.52,0.6154,0.44225,0,0.0138,0.3166,-0.0066,0.0211,0.0,-0.0298
7040,63,East,Salaried,Construction,2026Q1,69892.53,624.0,46.23,21.1,48.18,38434.86,0.4556,0.07723,0,-0.0434,0.0176,0.0082,-0.0279,0.0,-0.0088
7041,66,South,Salaried,Construction,2026Q1,85698.76,513.0,45.53,19.0,64.65,134082.38,0.4338,0.15385,0,-0.109,0.1447,0.0168,-0.0652,0.0,-0.0196
7042,49,West,SelfEmployed,Manufacturing,2026Q1,110225.56,616.0,57.87,47.46,58.94,344112.59,0.2988,0.29102,1,-0.0232,0.069,0.0663,-0.0062,0.0236,0.0564
7043,62,South,Business,Healthcare,2026Q1,89041.02,633.0,41.05,53.44,53.54,175942.79,0.3021,0.08559,0,-0.0525,0.0159,0.0019,0.0037,0.0,0.0
7044,54,East,Salaried,Manufacturing,2026Q1,55963.25,589.0,11.22,66.39,40.14,42581.78,0.422,0.11514,0,-0.0285,0.0532,-0.0732,0.0187,0.0,-0.0129
7045,49,West,SelfEmployed,Retail,2026Q1,64212.51,,53.14,100.0,52.11,154033.82,0.4302,0.42618,1,-0.0276,0.1149,0.0629,0.1371,0.0291,0.0715
7046,52,East,Business,IT,2026Q1,102720.66,,,34.02,71.39,278307.12,0.3607,0.08288,0,-0.0132,-0.0282,0.0045,-0.0129,0.0,0.0
7047,35,East,Salaried,IT,2026Q1,80464.29,562.0,55.51,30.79,71.74,148030.49,0.5132,0.23686,0,0.0579,0.1694,0.0638,-0.0523,0.0,-0.0268
7048,47,East,Business,Manufacturing,2026Q1,93801.68,626.0,29.17,57.95,38.87,188744.71,0.3899,0.09602,0,-0.0066,0.0278,-0.0272,0.0107,0.0,0.0
7049,44,West,SelfEmployed,Transport,2026Q1,46101.51,,55.1,51.56,53.16,70208.88,0.3981,0.66466,0,0.006,0.4549,0.068,0.004,0.0262,0.0675
7050,61,East,Business,Manufacturing,2026Q1,93186.31,639.0,,70.63,41.2,131650.34,0.5125,0.12123,0,-0.0502,0.0108,-0.0111,0.0211,0.0,0.0
7051,53,East,Business,Healthcare,2026Q1,128256.31,711.0,21.2,39.31,76.86,383208.78,0.4153,0.03581,0,-0.0082,-0.0303,-0.0147,-0.0045,0.0,0.0
7052,47,East,Salaried,IT,2026Q1,80121.92,676.0,,29.72,61.32,63744.14,0.403,0.06864,0,-0.0037,-0.0207,0.0031,-0.0173,0.0,-0.0081
7053,62,West,SelfEmployed,Manufacturing,2026Q1,62334.2,605.0,20.02,65.13,42.6,176770.89,0.3743,0.18495,1,-0.0715,0.0531,-0.0585,0.0218,0.0147,0.0345
7054,33,North,Business,IT,2026Q1,65908.75,594.0,37.28,49.54,51.21,186684.85,0.354,0.23071,0,0.0589,0.0998,-0.0105,-0.0011,0.0,0.0
7055,40,West,Salaried,IT,2026Q1,34561.83,736.0,49.68,71.38,14.01,20000.0,0.2925,0.08261,0,0.0109,-0.1136,0.0147,0.019,0.0094,-0.0104
7056,64,East,Salaried,Manufacturing,2026Q1,84921.2,,,49.05,51.59,209905.29,0.428,0.04929,0,-0.0292,-0.0076,-0.0136,-0.0005,0.0,-0.0054
7057,57,North,Salaried,Healthcare,2026Q1,89429.48,627.0,52.81,51.21,67.94,270554.01,0.4609,0.13956,0,-0.0435,0.0264,0.0267,0.0017,0.0,-0.0144
7058,33,West,SelfEmployed,Healthcare,2026Q1,70869.2,667.0,25.88,12.0,68.89,144352.27,0.3437,0.0957,1,0.0282,-0.0193,-0.0302,-0.0521,0.011,0.0255
7059,52,East,Business,Manufacturing,2026Q1,90810.9,,32.46,31.16,48.32,224448.92,0.4018,0.13071,0,-0.0256,0.068,-0.0194,-0.0299,0.0,0.0
7060,36,East,Business,IT,2026Q1,121008.22,612.0,30.76,66.34,58.49,257412.33,0.4069,0.19672,0,0.0401,0.0633,-0.0333,0.0317,0.0,0.0
7061,45,East,Business,Construction,2026Q1,95569.4,572.0,57.6,94.53,69.64,78568.44,0.4055,0.39227,1,0.0,0.1922,0.0847,0.1258,0.0,0.0
7062,55,West,Salaried,Construction,2026Q1,79227.19,682.0,50.95,80.32,78.99,96715.58,0.3481,0.10909,0,-0.0327,-0.0422,0.0212,0.0333,0.012,-0.0132
7063,50,East,Business,Healthcare,2026Q1,110043.69,557.0,40.05,86.31,55.12,276586.23,0.487,0.27034,0,-0.0324,0.1868,0.0002,0.0913,0.0,0.0
7064,49,West,SelfEmployed,Healthcare,2026Q1,102278.76,587.0,13.13,44.33,74.77,163917.32,0.3987,0.17072,0,-0.0167,0.0789,-0.0912,-0.01,0.0166,0.0391
7065,41,East,Business,Manufacturing,2026Q1,95411.43,649.0,46.55,58.21,40.05,271269.53,0.4414,0.16368,0,0.0151,0.0015,0.0176,0.0133,0.0,0.0
7066,63,West,SelfEmployed,Healthcare,2026Q1,150156.35,446.0,28.47,55.55,69.43,142704.1,0.4787,0.51626,1,-0.1226,0.4116,-0.0572,0.0166,0.03,0.0747
7067,55,West,SelfEmployed,Transport,2026Q1,80125.48,566.0,27.38,37.01,65.17,144357.9,0.4418,0.25556,0,-0.051,0.117,-0.0457,-0.0275,0.0196,0.0463
7068,41,West,Salaried,Healthcare,2026Q1,95772.83,557.0,57.52,48.9,24.3,72370.5,0.4078,0.37743,0,0.0261,0.2005,0.0787,-0.0031,0.0279,-0.0287
7069,51,East,Salaried,Construction,2026Q1,103009.96,632.0,33.9,53.58,57.76,94022.5,0.2967,0.09329,1,-0.0172,0.0175,-0.0123,0.004,0.0,-0.012
7070,47,East,Business,Retail,2026Q1,67231.26,631.0,48.64,29.37,85.74,149743.56,0.386,0.12808,1,-0.0066,0.0224,0.0187,-0.0313,0.0,0.0
7071,44,West,SelfEmployed,Transport,2026Q1,93567.04,753.0,33.01,57.42,37.28,172067.11,0.3684,0.05373,0,0.0017,-0.1109,-0.0089,0.0051,0.0068,0.0157
7072,52,East,Business,Manufacturing,2026Q1,80606.91,555.0,61.86,59.03,65.02,160953.77,0.4385,0.38454,1,-0.0465,0.1967,0.0942,0.0247,0.0,0.0
7073,68,East,Business,Transport,2026Q1,113731.22,515.0,56.19,29.96,74.53,257792.25,0.3935,0.29262,1,-0.1418,0.1888,0.058,-0.0493,0.0,0.0
7074,40,West,Salaried,Manufacturing,2026Q1,94477.8,700.0,,29.25,79.1,231888.29,0.338,0.12091,0,0.0125,-0.0644,0.0374,-0.026,0.0108,-0.0119
7075,56,East,Salaried,Retail,2026Q1,89064.36,574.0,66.72,47.2,65.59,227660.07,0.5098,0.30914,0,-0.0636,0.1282,0.0895,-0.0065,0.0,-0.0238
7076,59,West,SelfEmployed,Manufacturing,2026Q1,57784.08,,23.91,52.16,51.14,67066.37,0.3212,0.09526,1,-0.0489,0.0248,-0.0391,0.0028,0.0124,0.0289
7077,55,West,SelfEmployed,Retail,2026Q1,107867.44,583.0,79.41,34.59,77.25,251673.58,0.5168,0.36415,1,-0.068,0.1544,0.1634,-0.0446,0.028,0.0681
7078,60,West,Business,Healthcare,2026Q1,76842.92,660.0,8.29,79.01,59.26,47386.0,0.3302,0.10256,0,-0.0312,-0.0071,-0.0517,0.0185,0.007,0.0
7079,49,West,Salaried,Transport,2026Q1,71675.93,641.0,,100.0,35.07,163418.98,0.4663,0.22934,0,-0.0184,0.0153,-0.0053,0.0788,0.0184,-0.0198
7080,55,West,SelfEmployed,IT,2026Q1,115840.46,592.0,40.74,100.0,56.85,162195.87,0.4542,0.38578,1,-0.0669,0.1319,0.0034,0.125,0.0273,0.0663
7081,51,East,Salaried,Construction,2026Q1,60970.62,619.0,19.84,39.19,24.71,93626.94,0.2091,0.07925,0,-0.0134,0.022,-0.0355,-0.0102,0.0,-0.0094
7082,36,East,Salaried,Transport,2026Q1,77449.54,585.0,39.61,37.4,62.58,154895.25,0.6088,0.26149,1,0.0403,0.099,-0.0013,-0.0271,0.0,-0.0213
7083,39,West,SelfEmployed,IT,2026Q1,66131.1,622.0,62.93,30.55,57.94,157451.37,0.5656,0.29191,0,0.0343,0.061,0.0876,-0.0515,0.0248,0.0595
7084,62,East,SelfEmployed,Manufacturing,2026Q1,59215.63,587.0,49.79,67.76,36.7,172174.13,0.324,0.24541,0,-0.1021,0.112,0.0363,0.0393,0.0,0.0541
7085,45,North,Business,Manufacturing,2026Q1,78435.96,717.0,,29.41,100.0,78662.84,0.4547,0.03742,0,0.0,-0.0362,-0.0147,-0.0096,0.0,0.0
7086,46,South,Business,Retail,2026Q1,80479.18,599.0,42.51,61.17,37.51,173167.34,0.3937,0.2224,1,-0.0049,0.0831,0.0087,0.0226,0.0,0.0
7087,58,South,Salaried,Retail,2026Q1,65054.57,587.0,62.53,60.8,66.74,152575.85,0.3326,0.21683,1,-0.0722,0.1031,0.0721,0.0227,0.0,-0.0225
7088,49,West,SelfEmployed,Construction,2026Q1,88578.17,496.0,34.97,73.91,58.25,158837.92,0.3912,0.53263,1,-0.0274,0.3702,-0.0246,0.0714,0.0298,0.0747
7089,58,North,Salaried,Retail,2026Q1,89647.84,544.0,41.53,68.04,48.58,149309.68,0.4645,0.3024,1,-0.0766,0.1639,0.0059,0.04,0.0,-0.024
7090,49,West,SelfEmployed,IT,2026Q1,80422.33,658.0,55.11,56.14,52.62,41073.14,0.409,0.25438,0,-0.0189,-0.0147,0.0449,0.0118,0.0189,0.0446
7091,39,North,SelfEmployed,Manufacturing,2026Q1,71937.39,607.0,60.2,41.39,45.38,188453.5,0.4884,0.35036,0,0.036,0.0952,0.0825,-0.0232,0.0,0.0627
7092,61,West,SelfEmployed,IT,2026Q1,111204.19,595.0,58.21,67.38,67.43,229547.25,0.4825,0.2885,1,-0.1029,0.113,0.0721,0.0428,0.0251,0.0603
7093,41,West,Business,Manufacturing,2026Q1,63133.13,668.0,,81.61,90.87,74163.36,0.4583,0.17969,0,0.0162,-0.0315,0.0063,0.0502,0.0173,0.0
7094,64,West,SelfEmployed,Healthcare,2026Q1,123562.76,707.0,21.22,53.3,97.0,300576.69,0.5007,0.0391,0,-0.03,-0.037,-0.0197,0.0017,0.005,0.0116
7095,56,North,Salaried,Transport,2026Q1,75035.67,560.0,52.07,54.99,72.55,152819.57,0.4669,0.21393,0,-0.0624,0.1409,0.0428,0.0111,0.0,-0.0233
7096,44,East,Business,Retail,2026Q1,84216.34,602.0,,18.09,45.61,69988.69,0.4129,0.11268,0,0.0027,0.0416,-0.036,-0.043,0.0,0.0
7097,57,West,Salaried,Healthcare,2026Q1,70488.0,476.0,45.61,32.28,69.09,196570.16,0.4976,0.37923,0,-0.0819,0.2998,0.0262,-0.0514,0.028,-0.0288
7098,45,West,SelfEmployed,Retail,2026Q1,63189.58,683.0,34.31,33.31,62.71,91722.37,0.5653,0.12011,0,0.0,-0.0375,-0.0106,-0.0194,0.0102,0.0238
7099,42,East,Business,Construction,2026Q1,107280.2,812.0,44.75,37.17,68.17,211409.51,0.376,0.02763,0,0.0019,-0.1033,0.0021,-0.0039,0.0,0.0
7100,52,South,Business,Manufacturing,2026Q1,82800.23,594.0,67.64,85.46,32.64,261919.6,0.3633,0.29328,1,-0.0465,0.1282,0.1166,0.092,0.0,0.0
7101,59,South,Salaried,Retail,2026Q1,98575.52,592.0,52.22,39.05,26.93,36577.49,0.4137,0.19118,0,-0.058,0.0659,0.0291,-0.0178,0.0,-0.0162
7102,53,East,Salaried,Transport,2026Q1,91188.58,612.0,65.18,53.22,84.67,132330.52,0.3964,0.19601,0,-0.0394,0.0607,0.0712,0.0063,0.0,-0.0205
7103,42,West,SelfEmployed,Transport,2026Q1,77352.46,,,46.67,58.04,163728.48,0.5013,0.18403,1,0.013,0.0265,-0.0139,-0.0064,0.0184,0.0435
7104,35,West,SelfEmployed,Construction,2026Q1,95890.48,637.0,52.72,61.76,52.33,230428.63,0.3635,0.32085,0,0.0587,0.0308,0.0536,0.0304,0.0259,0.0626
7105,48,East,SelfEmployed,Transport,2026Q1,89112.91,637.0,30.48,37.01,63.85,86410.23,0.441,0.12406,1,-0.0095,0.0149,-0.0225,-0.0182,0.0,0.0295
7106,38,West,SelfEmployed,Healthcare,2026Q1,38723.95,523.0,44.13,16.18,30.77,92464.27,0.5154,0.37384,1,0.0474,0.2752,0.0202,-0.101,0.0292,0.0718
7107,49,West,SelfEmployed,Healthcare,2026Q1,76559.75,614.0,55.87,71.52,90.86,134256.32,0.5428,0.36093,0,-0.0255,0.0823,0.0671,0.0552,0.0263,0.0636
7108,50,East,Business,Retail,2026Q1,146383.23,,16.51,55.77,34.67,219923.24,0.3975,0.06209,0,-0.0094,-0.0088,-0.0364,0.0042,0.0,0.0
7109,58,North,SelfEmployed,Construction,2026Q1,97150.11,537.0,45.46,69.69,26.86,141023.9,0.5339,0.34775,0,-0.0894,0.2366,0.0258,0.0549,0.0,0.069
7110,57,East,Salaried,Construction,2026Q1,85917.53,525.0,55.72,72.8,85.78,233534.85,0.5311,0.43562,0,-0.0822,0.2514,0.0718,0.0629,0.0,-0.0289
7111,61,East,Salaried,Retail,2026Q1,109455.74,580.0,40.37,30.75,100.0,220310.34,0.3506,0.10145,0,-0.0567,0.0617,0.0008,-0.027,0.0,-0.0135
7112,50,North,Business,Manufacturing,2026Q1,122413.75,630.0,60.76,54.22,37.91,319249.23,0.431,0.20765,0,-0.0231,0.0325,0.0576,0.0079,0.0,0.0
7113,46,West,SelfEmployed,Healthcare,2026Q1,68407.49,660.0,,31.78,68.83,155404.87,0.425,0.13611,0,-0.0035,-0.0143,0.0145,-0.0294,0.0143,0.0336
7114,55,North,Salaried,Transport,2026Q1,85937.26,671.0,,0.0,100.0,77030.16,0.6296,0.03721,0,-0.0093,-0.0075,-0.01,-0.0233,0.0,-0.0037
7115,55,West,SelfEmployed,Manufacturing,2026Q1,93574.48,559.0,52.65,36.05,26.1,73945.45,0.532,0.35282,0,-0.0643,0.1753,0.053,-0.0378,0.0258,0.0623
7116,54,North,Business,Transport,2026Q1,73322.1,490.0,48.77,32.16,62.18,122399.56,0.5359,0.42606,0,-0.061,0.2859,0.0405,-0.0517,0.0,0.0
7117,71,North,Salaried,Manufacturing,2026Q1,96182.92,,45.14,64.85,81.11,281033.4,0.2837,0.0241,0,-0.0341,-0.0405,0.0032,0.0054,0.0,-0.0042
7118,57,West,Business,Retail,2026Q1,106379.13,702.0,46.91,43.2,49.43,91562.04,0.3759,0.05812,0,-0.0234,-0.0441,0.0078,-0.0051,0.0068,0.0
7119,63,West,Business,Construction,2026Q1,104166.43,588.0,59.5,62.53,86.44,108775.19,0.2877,0.24067,0,-0.105,0.1049,0.0654,0.0269,0.0217,0.0
7120,38,North,Salaried,Construction,2026Q1,107024.33,,47.5,62.03,72.48,102061.88,0.2623,0.14918,0,0.0222,-0.029,0.0173,0.0167,0.0,-0.0152
7121,39,South,Salaried,Retail,2026Q1,85383.47,637.0,57.37,22.15,38.47,190041.68,0.4267,0.1791,0,0.02,0.0172,0.0388,-0.0474,0.0,-0.0158
7122,41,East,Business,IT,2026Q1,94236.49,,71.39,24.83,34.4,204699.02,0.3666,0.2086,0,0.0211,0.0828,0.1031,-0.0626,0.0,0.0
7123,50,West,SelfEmployed,Construction,2026Q1,89664.41,740.0,,57.73,46.96,244854.16,0.3735,0.10594,0,-0.0135,-0.1317,0.0303,0.0082,0.0104,0.0243
7124,48,East,Salaried,Transport,2026Q1,93135.79,574.0,47.85,19.83,50.67,86205.57,0.5076,0.15693,0,-0.0127,0.0927,0.0219,-0.0595,0.0,-0.0183
7125,53,East,Business,Transport,2026Q1,94560.37,523.0,47.0,31.4,61.01,269535.68,0.3835,0.28795,0,-0.0488,0.2026,0.0284,-0.0486,0.0,0.0
7126,68,South,Salaried,Manufacturing,2026Q1,68929.27,628.0,,72.36,98.82,105334.04,0.4608,0.08834,0,-0.0778,0.0207,0.0059,0.0227,0.0,-0.0119
7127,49,North,Salaried,IT,2026Q1,57749.94,579.0,48.73,44.7,49.23,98217.06,0.4893,0.30841,0,-0.0196,0.1039,0.0281,-0.011,0.0,-0.021
7128,55,North,Business,Transport,2026Q1,105197.54,630.0,49.7,4.26,62.42,335280.39,0.4693,0.0967,0,-0.0247,0.0158,0.0141,-0.054,0.0,0.0
7129,51,West,Salaried,Construction,2026Q1,105346.3,598.0,36.76,16.84,96.06,336688.61,0.5013,0.11423,0,-0.0187,0.0479,-0.0069,-0.0482,0.012,-0.0131
7130,62,West,Salaried,Manufacturing,2026Q1,83965.92,,39.79,74.69,79.66,51779.08,0.4912,0.20205,0,-0.0927,0.1162,-0.0007,0.047,0.02,-0.0214
7131,57,North,SelfEmployed,Construction,2026Q1,111994.57,603.0,33.67,62.48,60.9,135685.95,0.4547,0.21077,0,-0.0573,0.0675,-0.0203,0.022,0.0,0.0421
7132,49,East,Salaried,IT,2026Q1,88507.53,514.0,59.62,36.27,55.09,38986.09,0.4132,0.37812,1,-0.0269,0.2633,0.0881,-0.0397,0.0,-0.0288
7133,61,West,Business,Construction,2026Q1,127390.8,514.0,51.47,52.93,28.0,119467.9,0.4181,0.38935,0,-0.1092,0.2557,0.0519,0.0082,0.0276,0.0
7134,57,South,SelfEmployed,Healthcare,2026Q1,74995.4,601.0,47.41,68.21,55.14,106944.87,0.2379,0.26431,0,-0.0686,0.0881,0.027,0.0391,0.0,0.0525
7135,60,East,Salaried,Retail,2026Q1,69073.55,645.0,37.23,27.89,100.0,59538.0,0.5499,0.05511,0,-0.0284,0.003,-0.0032,-0.0168,0.0,-0.0071
7136,50,West,SelfEmployed,IT,2026Q1,121541.02,504.0,57.44,58.38,46.01,118672.29,0.6674,0.62133,1,-0.0332,0.3673,0.086,0.0244,0.0292,0.0738
7137,57,South,Salaried,Retail,2026Q1,55751.84,649.0,37.47,29.04,81.19,146386.05,0.3951,0.05655,0,-0.023,0.0006,-0.0031,-0.0166,0.0,-0.0075
7138,48,South,Salaried,Transport,2026Q1,86280.47,585.0,36.64,57.66,46.23,248312.49,0.4505,0.1656,0,-0.0136,0.0893,-0.0108,0.0141,0.0,-0.0196
7139,39,North,Business,IT,2026Q1,115136.91,645.0,59.5,71.62,76.55,184716.89,0.498,0.26259,1,0.0305,0.0103,0.0667,0.046,0.0,0.0
7140,45,East,Salaried,Manufacturing,2026Q1,84329.48,634.0,41.41,74.56,80.6,134349.93,0.4523,0.19966,0,0.0,0.0236,0.004,0.038,0.0,-0.0178
7141,57,East,Business,IT,2026Q1,128486.47,684.0,52.14,43.62,49.31,114847.34,0.4066,0.06148,1,-0.0273,-0.0309,0.0154,-0.0056,0.0,0.0
7142,56,West,Salaried,Healthcare,2026Q1,111013.86,,39.37,64.21,47.14,151058.39,0.4712,0.22633,0,-0.0464,0.0536,-0.0017,0.0219,0.0157,-0.017
7143,42,East,Salaried,Retail,2026Q1,89030.04,506.0,44.02,58.62,72.64,139147.16,0.631,0.39878,0,0.0206,0.3041,0.0198,0.0254,0.0,-0.0298
7144,65,South,Business,Transport,2026Q1,116375.7,756.0,47.17,35.83,74.48,128409.13,0.3856,0.02537,0,-0.0173,-0.0493,0.0031,-0.0043,0.0,0.0
7145,39,North,Salaried,Construction,2026Q1,50652.79,625.0,64.45,19.55,77.42,130624.57,0.4663,0.25436,1,0.0237,0.0374,0.0619,-0.0608,0.0,-0.0185
7146,52,West,Salaried,Manufacturing,2026Q1,56662.79,628.0,53.87,76.42,60.56,189177.81,0.3988,0.17524,0,-0.0346,0.0377,0.0427,0.0483,0.0194,-0.0208
7147,45,West,SelfEmployed,Construction,2026Q1,80644.13,609.0,55.7,47.53,38.53,263128.54,0.4427,0.2693,1,0.0,0.0877,0.063,-0.0064,0.0251,0.0604
7148,52,East,SelfEmployed,IT,2026Q1,57131.02,713.0,55.67,42.95,58.06,83704.84,0.4793,0.11268,0,-0.0174,-0.0753,0.0226,-0.0072,0.0,0.0218
7149,36,East,Salaried,Healthcare,2026Q1,79407.06,535.0,64.19,59.62,38.12,246195.37,0.464,0.58207,0,0.0628,0.2834,0.1192,0.0289,0.0,-0.0299
7150,32,North,Salaried,Retail,2026Q1,108911.67,524.0,73.95,94.76,71.29,83846.1,0.4022,0.64314,1,0.0802,0.3302,0.1561,0.1214,0.0,-0.0241
7151,43,East,Salaried,Retail,2026Q1,75606.91,,56.57,2.49,38.46,33871.74,0.3231,0.18145,0,0.0089,0.1071,0.0483,-0.1073,0.0,-0.02
7152,57,North,Salaried,Transport,2026Q1,94156.65,645.0,33.34,89.83,43.97,262103.52,0.3562,0.11005,0,-0.0398,0.0056,-0.0146,0.0416,0.0,-0.0131
7153,52,West,SelfEmployed,Manufacturing,2026Q1,68950.26,569.0,52.57,45.24,56.49,183723.49,0.5743,0.32207,0,-0.0455,0.1673,0.0544,-0.013,0.0266,0.0643
7154,35,West,Business,Retail,2026Q1,80195.89,,68.95,50.31,87.21,253399.99,0.4419,0.50681,1,0.0693,0.2138,0.1399,0.0009,0.0299,0.0
7155,61,West,Salaried,IT,2026Q1,92208.68,542.0,27.6,26.55,35.69,113823.39,0.3237,0.15227,0,-0.0662,0.0986,-0.0343,-0.0394,0.0146,-0.0159
7156,52,North,Salaried,Healthcare,2026Q1,78447.25,676.0,74.57,13.26,46.43,243989.6,0.2725,0.07071,0,-0.0176,-0.0266,0.0433,-0.0436,0.0,-0.0104
7157,58,East,Business,Healthcare,2026Q1,110680.27,642.0,59.32,58.15,49.89,325299.06,0.4665,0.18448,0,-0.0523,0.0108,0.0427,0.012,0.0,0.0
7158,46,East,Business,Retail,2026Q1,80387.54,672.0,53.06,40.39,68.67,219810.06,0.2787,0.08979,0,-0.0028,-0.0263,0.0234,-0.012,0.0,0.0
7159,30,East,SelfEmployed,Healthcare,2026Q1,73331.97,581.0,43.39,34.93,41.62,217226.13,0.3392,0.38313,0,0.0899,0.151,0.0154,-0.0425,0.0,0.0657
7160,66,West,SelfEmployed,Transport,2026Q1,112176.72,613.0,39.5,28.79,35.19,112891.29,0.4694,0.08347,1,-0.078,0.0373,-0.0011,-0.0299,0.0123,0.0286
7161,48,East,Business,Manufacturing,2026Q1,119626.44,669.0,64.26,7.69,44.08,209726.79,0.5316,0.0794,0,-0.0074,-0.0194,0.034,-0.053,0.0,0.0
7162,61,North,Business,Manufacturing,2026Q1,107613.48,563.0,27.22,44.83,66.99,110264.96,0.5181,0.12437,0,-0.0654,0.0849,-0.035,-0.0079,0.0,0.0
7163,46,North,Salaried,Transport,2026Q1,66566.67,686.0,83.22,50.86,27.52,116721.05,0.3031,0.22497,0,-0.0039,-0.0621,0.0883,0.0014,0.0,-0.0172
7164,51,East,Business,Manufacturing,2026Q1,94307.96,647.0,62.66,63.43,80.88,103233.56,0.4805,0.17024,1,-0.0269,0.005,0.0594,0.0233,0.0,0.0
7165,32,West,SelfEmployed,Construction,2026Q1,81299.22,706.0,56.63,53.03,74.45,116445.42,0.5077,0.20772,0,0.0511,-0.1149,0.0472,0.0057,0.0182,0.043
7166,41,North,Business,Manufacturing,2026Q1,71256.79,682.0,54.16,48.82,73.31,200361.66,0.3366,0.14423,0,0.012,-0.0446,0.0284,-0.0016,0.0,0.0
7167,66,South,Salaried,Healthcare,2026Q1,82245.55,507.0,37.06,23.97,68.36,126130.63,0.5093,0.20747,0,-0.1066,0.1429,-0.0092,-0.0526,0.0,-0.0191
7168,60,South,Salaried,Healthcare,2026Q1,92354.07,,51.34,68.32,61.7,110435.13,0.5438,0.20548,0,-0.0805,0.1058,0.0365,0.0355,0.0,-0.0213
7169,63,West,Salaried,Retail,2026Q1,55751.08,459.0,24.71,40.16,43.66,117240.67,0.5569,0.30226,1,-0.1172,0.2617,-0.0694,-0.026,0.0253,-0.0264
7170,55,South,Salaried,Transport,2026Q1,83091.71,485.0,31.1,52.36,50.86,148092.85,0.3351,0.36266,0,-0.065,0.2593,-0.0408,0.0063,0.0,-0.0272
7171,53,East,Business,Retail,2026Q1,90573.84,551.0,22.6,31.95,50.18,283272.35,0.4013,0.16575,1,-0.0326,0.1004,-0.0527,-0.0315,0.0,0.0
7172,61,West,SelfEmployed,Healthcare,2026Q1,109478.83,709.0,49.26,67.26,30.65,283460.51,0.3823,0.1261,0,-0.0468,-0.0733,0.015,0.0166,0.01,0.0232
7173,60,North,Business,Healthcare,2026Q1,88996.87,617.0,40.91,74.72,88.75,188938.74,0.4247,0.10826,0,-0.0634,0.042,0.0024,0.0351,0.0,0.0
7174,53,South,Salaried,Transport,2026Q1,75695.98,,44.92,35.09,35.16,101778.82,0.4053,0.10404,0,-0.0195,0.0017,0.0075,-0.0153,0.0,-0.01
7175,51,West,SelfEmployed,IT,2026Q1,89144.87,584.0,51.46,83.37,50.22,132397.08,0.3411,0.42638,1,-0.0413,0.1595,0.0544,0.0928,0.0288,0.0705
7176,61,East,Salaried,Transport,2026Q1,78001.67,596.0,67.94,69.95,53.38,35438.41,0.3871,0.31028,1,-0.0918,0.093,0.0884,0.0415,0.0,-0.0229
7177,39,East,Salaried,Construction,2026Q1,53018.08,663.0,23.78,93.22,66.29,144063.21,0.3655,0.19391,0,0.0185,-0.0177,-0.0427,0.0502,0.0,-0.0147
7178,47,East,Salaried,Healthcare,2026Q1,66229.01,606.0,70.79,77.84,51.04,53159.75,0.4564,0.3309,1,-0.0126,0.0978,0.1207,0.0697,0.0,-0.0272
7179,35,East,Salaried,Healthcare,2026Q1,28962.99,603.0,49.73,48.68,45.54,40695.47,0.4023,0.2666,0,0.0489,0.0844,0.0348,-0.003,0.0,-0.0232
7180,40,South,Business,Construction,2026Q1,68773.82,,40.53,21.33,79.25,126796.83,0.41,0.09591,1,0.0121,-0.0031,0.001,-0.0361,0.0,0.0
7181,52,West,SelfEmployed,IT,2026Q1,101424.67,545.0,52.13,57.95,100.0,107973.49,0.3011,0.4895,0,-0.0487,0.2423,0.0587,0.0234,0.0294,0.0722
7182,59,South,Business,Retail,2026Q1,76070.95,630.0,54.45,13.03,100.0,114450.37,0.4891,0.11092,1,-0.0388,0.017,0.0217,-0.0448,0.0,0.0
7183,70,East,Business,Healthcare,2026Q1,94141.97,,66.63,70.72,61.56,101434.48,0.4329,0.14942,1,-0.1157,0.0232,0.0584,0.0302,0.0,0.0
7184,49,North,Business,Retail,2026Q1,89669.71,497.0,45.13,53.87,26.29,211784.61,0.5194,0.47768,0,-0.0278,0.3141,0.0251,0.0114,0.0,0.0
7185,46,East,Salaried,Transport,2026Q1,89748.57,,27.4,36.43,25.2,200029.77,0.4025,0.20835,0,-0.0047,0.1351,-0.0448,-0.0283,0.0,-0.0206
7186,49,East,Salaried,Construction,2026Q1,56862.26,573.0,26.05,43.46,79.23,37429.05,0.4481,0.13679,0,-0.0153,0.0823,-0.0402,-0.0106,0.0,-0.0164
7187,53,East,Business,Manufacturing,2026Q1,86421.2,584.0,59.4,77.83,60.93,110424.95,0.4593,0.33858,1,-0.051,0.1364,0.0789,0.0688,0.0,0.0
7188,70,West,Salaried,Manufacturing,2026Q1,123073.49,,56.15,57.67,63.15,137744.14,0.3986,0.10508,0,-0.08,-0.001,0.0245,0.0077,0.0099,-0.0109
7189,50,South,Business,Healthcare,2026Q1,98545.47,555.0,76.92,47.61,65.91,283764.2,0.4579,0.4453,0,-0.0344,0.216,0.1623,-0.007,0.0,0.0
7190,38,East,Salaried,Healthcare,2026Q1,81905.64,554.0,25.28,40.42,46.07,250553.8,0.5256,0.20018,1,0.0325,0.1341,-0.0557,-0.0208,0.0,-0.0217
7191,54,South,Business,Retail,2026Q1,80049.84,661.0,55.43,52.21,59.71,87503.42,0.4177,0.11679,0,-0.0294,-0.0134,0.0291,0.0028,0.0,0.0
7192,51,West,SelfEmployed,Healthcare,2026Q1,77912.35,683.0,61.88,66.55,70.7,179794.82,0.4801,0.15266,0,-0.0276,-0.0631,0.0595,0.0292,0.0181,0.0427
7193,50,West,Salaried,Transport,2026Q1,98989.53,685.0,52.97,59.9,92.35,100614.31,0.4688,0.11223,1,-0.0144,-0.0435,0.0228,0.011,0.0112,-0.0123
7194,47,South,Business,Manufacturing,2026Q1,99295.03,541.0,45.32,26.11,93.19,148360.49,0.3371,0.27528,1,-0.0112,0.1705,0.0205,-0.0602,0.0,0.0
7195,73,North,SelfEmployed,Retail,2026Q1,119962.16,555.0,43.11,59.91,74.45,172064.68,0.5447,0.18848,0,-0.1655,0.135,0.0108,0.0204,0.0,0.0488
7196,44,North,Business,Construction,2026Q1,102824.5,501.0,43.1,28.7,50.64,281838.96,0.4609,0.32434,0,0.0066,0.2755,0.0145,-0.0619,0.0,0.0
7197,33,North,Salaried,Transport,2026Q1,80768.63,441.0,52.05,49.76,64.03,97670.75,0.5563,0.71294,1,0.0759,0.5076,0.0537,-0.0006,0.0,-0.025
7198,43,West,Salaried,IT,2026Q1,67451.53,533.0,67.18,5.29,84.58,199716.07,0.4817,0.40947,0,0.0127,0.2228,0.1127,-0.1298,0.027,-0.0279
7199,45,North,Salaried,Transport,2026Q1,56612.16,573.0,,41.43,97.53,147649.27,0.3883,0.15251,1,0.0,0.0905,-0.0372,-0.0152,0.0,-0.0178
7200,36,South,Salaried,IT,2026Q1,55567.25,631.0,42.04,35.31,86.16,149461.33,0.1838,0.14595,0,0.0292,0.0246,0.0051,-0.0237,0.0,-0.0158
7201,48,East,Business,IT,2026Q1,86396.67,674.0,72.12,23.37,49.58,269892.32,0.6251,0.09602,0,-0.0093,-0.0312,0.0538,-0.0385,0.0,0.0
7202,68,North,Business,Transport,2026Q1,71345.55,610.0,27.37,40.79,83.52,115888.14,0.3771,0.08673,0,-0.0585,0.0253,-0.0194,-0.008,0.0,0.0
7203,36,South,Salaried,Transport,2026Q1,76748.95,715.0,55.13,69.12,48.28,86364.38,0.3739,0.15041,0,0.024,-0.0974,0.0283,0.022,0.0,-0.0132
7204,35,West,SelfEmployed,Transport,2026Q1,91045.19,556.0,4.78,32.94,81.69,296196.98,0.3534,0.20935,1,0.0481,0.1416,-0.1513,-0.0398,0.0215,0.0512
7205,58,West,SelfEmployed,Transport,2026Q1,97892.89,710.0,40.33,17.58,85.9,82248.56,0.3196,0.03954,0,-0.0206,-0.0427,0.0003,-0.0222,0.0054,0.0126
7206,48,East,Salaried,Retail,2026Q1,66934.49,561.0,33.4,82.9,76.56,155899.94,0.4393,0.27933,0,-0.0175,0.1554,-0.0277,0.0736,0.0,-0.0251
7207,46,West,Business,IT,2026Q1,93883.01,650.0,66.02,40.37,48.75,108625.29,0.3514,0.19531,1,-0.0043,0.0,0.0675,-0.0184,0.0177,0.0
7208,62,West,SelfEmployed,Transport,2026Q1,68889.98,632.0,,76.6,38.85,170475.17,0.3842,0.12649,1,-0.0727,0.0241,-0.0299,0.0372,0.015,0.0352
7209,44,North,Salaried,Construction,2026Q1,43030.93,698.0,30.24,26.9,53.81,109321.8,0.391,0.03688,0,0.0012,-0.0293,-0.0093,-0.0137,0.0,-0.0055
7210,33,West,SelfEmployed,Transport,2026Q1,103952.91,718.0,33.87,72.15,72.12,181095.19,0.4692,0.16645,0,0.0362,-0.1171,-0.0156,0.0294,0.014,0.0328
7211,59,West,SelfEmployed,Transport,2026Q1,60034.7,549.0,39.51,67.5,43.76,164816.98,0.4859,0.28642,0,-0.0936,0.2002,-0.0022,0.0463,0.0269,0.065
7212,49,West,Salaried,Manufacturing,2026Q1,94559.59,461.0,41.06,67.21,24.41,165115.57,0.3818,0.49286,1,-0.0274,0.4231,0.0052,0.0513,0.0297,-0.0293
7213,49,East,Salaried,Manufacturing,2026Q1,104687.88,603.0,,61.5,88.98,256085.22,0.5326,0.17004,0,-0.0167,0.0624,-0.0043,0.019,0.0,-0.0179
7214,29,East,Salaried,Transport,2026Q1,61242.95,644.0,52.51,71.83,34.57,135920.74,0.3667,0.32984,0,0.0768,0.0125,0.0452,0.0472,0.0,-0.0238
7215,39,North,Salaried,Manufacturing,2026Q1,69356.67,617.0,30.43,46.12,64.21,101838.96,0.3001,0.13366,0,0.0196,0.0394,-0.0253,-0.0059,0.0,-0.0155
7216,48,West,Salaried,Manufacturing,2026Q1,81803.44,816.0,55.06,44.25,67.52,113017.19,0.3788,0.02101,0,-0.0022,-0.1157,0.0066,-0.0018,0.0029,-0.0032
7217,38,West,SelfEmployed,Construction,2026Q1,38950.33,655.0,35.77,65.39,44.24,46129.14,0.3786,0.2327,1,0.0314,-0.0095,-0.0147,0.0296,0.0196,0.0465
7218,61,East,Salaried,Transport,2026Q1,79025.7,655.0,14.32,86.65,56.46,208317.24,0.2117,0.07988,0,-0.0337,-0.0035,-0.0397,0.0225,0.0,-0.0078
7219,49,West,SelfEmployed,IT,2026Q1,113190.42,530.0,45.37,100.0,91.33,336034.16,0.4297,0.65275,1,-0.0267,0.3132,0.0261,0.1486,0.0292,0.0738
7220,47,North,Business,Healthcare,2026Q1,94914.59,581.0,55.2,53.05,25.53,159618.15,0.5277,0.30202,1,-0.0116,0.1287,0.0581,0.0074,0.0,0.0
7221,61,East,Salaried,Transport,2026Q1,87542.76,650.0,32.64,32.5,81.9,198200.7,0.43,0.05908,0,-0.0277,0.0,-0.0079,-0.0117,0.0,-0.0064
7222,44,South,Salaried,Construction,2026Q1,76375.27,639.0,49.31,46.55,60.76,80662.27,0.3208,0.15904,0,0.0034,0.0143,0.0216,-0.0052,0.0,-0.0155
7223,54,East,Salaried,Transport,2026Q1,71451.5,623.0,40.2,32.9,43.8,125648.14,0.4732,0.10077,0,-0.0245,0.0232,0.0004,-0.0196,0.0,-0.0111
7224,50,North,Salaried,Retail,2026Q1,58246.36,,38.61,48.16,67.61,92840.63,0.4524,0.07418,0,-0.0077,-0.04,-0.0014,-0.0011,0.0,-0.0065
7225,59,South,Salaried,Construction,2026Q1,105413.8,572.0,57.54,48.41,51.37,320056.07,0.465,0.22105,0,-0.0743,0.1127,0.0541,-0.0033,0.0,-0.0212
7226,55,North,Salaried,Retail,2026Q1,68100.18,647.0,58.21,55.44,62.83,164904.74,0.5576,0.13002,1,-0.0354,0.0037,0.0363,0.0073,0.0,-0.0143
7227,57,East,Business,Transport,2026Q1,141888.27,574.0,,57.55,75.68,315868.03,0.5572,0.19593,0,-0.0533,0.0895,-0.0321,0.0125,0.0,0.0
7228,44,West,SelfEmployed,Transport,2026Q1,77645.49,811.0,32.17,56.01,77.33,173359.78,0.4275,0.03493,0,0.0009,-0.1362,-0.0055,0.0023,0.0037,0.0085
7229,44,North,Business,Construction,2026Q1,96627.61,,59.28,17.76,51.52,181981.13,0.3633,0.34293,0,0.0055,0.1416,0.0689,-0.0824,0.0,0.0
7230,49,West,SelfEmployed,Construction,2026Q1,117682.26,760.0,30.82,32.45,75.81,98199.7,0.4205,0.05276,0,-0.0043,-0.078,-0.0072,-0.0084,0.0041,0.0094
7231,57,West,SelfEmployed,Construction,2026Q1,103273.68,602.0,33.34,26.28,100.0,77337.25,0.4426,0.12714,0,-0.0474,0.0548,-0.0175,-0.0394,0.0144,0.0338
7232,54,West,Salaried,Healthcare,2026Q1,59176.78,574.0,43.2,63.31,36.02,130269.5,0.4199,0.26986,0,-0.0492,0.1204,0.0115,0.0281,0.0213,-0.0227
7233,59,West,Salaried,Healthcare,2026Q1,77938.62,,38.28,6.51,43.62,148565.92,0.4152,0.07474,1,-0.0318,0.0219,-0.0024,-0.0448,0.0078,-0.0087
7234,41,East,Salaried,IT,2026Q1,41457.99,541.0,39.54,77.06,30.42,40145.63,0.2453,0.40559,1,0.0263,0.2288,-0.0022,0.074,0.0,-0.0289
7235,35,East,Salaried,Transport,2026Q1,63217.43,556.0,43.54,62.74,95.28,162135.07,0.4734,0.42044,1,0.0626,0.1972,0.0163,0.0349,0.0,-0.0284
7236,45,North,Salaried,Transport,2026Q1,57241.87,729.0,,53.91,60.36,44030.96,0.3819,0.05415,0,0.0,-0.0687,0.0042,0.0025,0.0,-0.0068
7237,43,East,Salaried,IT,2026Q1,69980.9,649.0,51.25,24.79,56.19,198918.56,0.2868,0.09736,0,0.0054,0.0011,0.0203,-0.0335,0.0,-0.0124
7238,40,East,Salaried,Retail,2026Q1,96209.14,681.0,49.3,47.86,71.61,163513.76,0.3461,0.09845,0,0.0128,-0.0375,0.0167,-0.0025,0.0,-0.0121
7239,48,West,Salaried,Manufacturing,2026Q1,109209.77,587.0,75.55,15.78,78.26,182436.69,0.2531,0.25601,0,-0.0165,0.1109,0.1132,-0.0865,0.0225,-0.0238
7240,36,East,Salaried,Retail,2026Q1,36027.55,666.0,57.86,67.93,64.07,89727.84,0.51,0.14404,0,0.0365,-0.0291,0.05,0.0315,0.0,-0.0195
7241,44,South,Business,Construction,2026Q1,57924.72,628.0,46.73,49.25,87.71,132080.18,0.6007,0.16532,0,0.004,0.0322,0.0185,-0.0013,0.0,0.0
7242,39,South,Business,Manufacturing,2026Q1,86725.63,570.0,74.22,83.68,57.61,254198.79,0.4615,0.54567,0,0.0419,0.2132,0.1685,0.1007,0.0,0.0
7243,37,West,SelfEmployed,Healthcare,2026Q1,72877.82,834.0,33.71,81.71,36.03,113365.56,0.3647,0.05145,0,0.0085,-0.2148,-0.0056,0.0135,0.0048,0.0111
7244,36,East,Salaried,Healthcare,2026Q1,43224.38,524.0,78.73,54.39,89.84,109453.3,0.3631,0.57093,1,0.0618,0.3268,0.1913,0.0127,0.0,-0.0285
7245,39,North,Business,Transport,2026Q1,81028.68,624.0,88.86,67.22,56.1,202297.9,0.5,0.44058,0,0.0404,0.0678,0.2066,0.0495,0.0,0.0
7246,56,West,SelfEmployed,Healthcare,2026Q1,92965.6,656.0,61.8,85.33,26.54,176754.38,0.3349,0.26276,0,-0.0635,-0.0129,0.0749,0.0731,0.0224,0.0535
7247,47,East,Salaried,IT,2026Q1,71239.38,639.0,45.52,16.18,5.0,203613.4,0.3693,0.10449,0,-0.0047,0.0095,0.0087,-0.0396,0.0,-0.0104
7248,51,South,Business,Retail,2026Q1,118161.4,588.0,63.48,43.24,29.86,167278.15,0.2806,0.3019,0,-0.0336,0.1091,0.0798,-0.0159,0.0,0.0
7249,48,North,Salaried,Manufacturing,2026Q1,97413.42,574.0,67.54,46.37,46.79,220809.62,0.4544,0.29179,1,-0.0182,0.1462,0.1037,-0.0094,0.0,-0.0261
7250,57,South,Business,IT,2026Q1,98733.04,642.0,32.9,66.59,60.07,230517.22,0.35,0.12665,0,-0.0361,0.008,-0.0141,0.0173,0.0,0.0
7251,56,North,Business,Construction,2026Q1,122996.41,568.0,60.75,54.39,65.78,286884.68,0.2813,0.32911,0,-0.0674,0.1484,0.0778,0.0108,0.0,0.0
7252,56,West,SelfEmployed,Transport,2026Q1,109511.44,697.0,44.32,52.86,29.31,221453.55,0.2961,0.09152,0,-0.0304,-0.0555,0.0073,0.003,0.01,0.0232
7253,48,East,Business,Healthcare,2026Q1,95041.75,634.0,34.91,19.17,53.09,236952.37,0.5747,0.10538,0,-0.007,0.0132,-0.0086,-0.0348,0.0,0.0
7254,50,West,Salaried,Retail,2026Q1,33213.92,607.0,53.18,32.88,46.57,60565.85,0.5104,0.18055,0,-0.021,0.0579,0.0347,-0.0315,0.0166,-0.0179
7255,37,North,Business,Healthcare,2026Q1,57295.95,627.0,49.42,62.99,67.76,118405.03,0.4989,0.26884,0,0.039,0.0437,0.0331,0.0276,0.0,0.0
7256,42,South,Business,Transport,2026Q1,80054.39,654.0,26.51,48.32,76.36,69885.4,0.2562,0.10942,1,0.0073,-0.004,-0.027,-0.0018,0.0,0.0
7257,58,East,Salaried,Retail,2026Q1,95588.91,708.0,70.46,40.43,91.46,143126.7,0.4225,0.06465,0,-0.0279,-0.0551,0.0309,-0.0079,0.0,-0.0083
7258,44,East,Business,Transport,2026Q1,65151.27,646.0,51.06,43.45,87.18,70271.45,0.4722,0.1364,0,0.0035,0.0055,0.0261,-0.0103,0.0,0.0
7259,47,East,Salaried,Healthcare,2026Q1,96851.56,632.0,61.35,68.96,32.45,70966.45,0.5008,0.26182,0,-0.0097,0.0319,0.0643,0.0364,0.0,-0.0212
7260,57,North,Business,IT,2026Q1,127429.43,681.0,62.89,59.35,63.2,341638.02,0.4037,0.10532,0,-0.0384,-0.039,0.0385,0.0108,0.0,0.0
7261,53,North,Salaried,Retail,2026Q1,90865.44,522.0,36.96,35.39,54.51,144807.93,0.4787,0.18483,1,-0.0438,0.1718,-0.0114,-0.0339,0.0,-0.0229
7262,50,West,Salaried,IT,2026Q1,88969.42,582.0,,91.84,56.5,286364.26,0.4691,0.47298,0,-0.0349,0.1794,0.2034,0.1232,0.03,-0.0299
7263,47,West,Salaried,Transport,2026Q1,90418.1,608.0,81.71,49.16,58.12,211740.42,0.5282,0.37783,0,-0.0124,0.0927,0.1529,-0.0022,0.0259,-0.027
7264,59,North,Business,IT,2026Q1,110166.49,559.0,32.73,33.47,91.82,106162.46,0.4096,0.19447,0,-0.0589,0.0926,-0.0202,-0.028,0.0,0.0
7265,43,West,Salaried,Transport,2026Q1,74871.84,668.0,48.84,32.17,73.93,71924.46,0.4329,0.12742,0,0.0052,-0.0203,0.0157,-0.0221,0.0109,-0.0119
7266,53,West,Business,Manufacturing,2026Q1,95021.53,620.0,,60.52,60.88,250418.98,0.5971,0.19166,0,-0.0386,0.0482,0.0345,0.0196,0.0187,0.0
7267,47,South,Business,Manufacturing,2026Q1,108854.29,542.0,38.07,70.05,62.8,182548.61,0.4779,0.33708,0,-0.0129,0.2093,-0.0088,0.0526,0.0,0.0
7268,56,East,Business,Construction,2026Q1,116288.77,534.0,42.26,77.82,35.47,90546.79,0.4614,0.36986,1,-0.0731,0.2212,0.0103,0.0721,0.0,0.0
7269,57,South,Business,Manufacturing,2026Q1,76021.75,618.0,86.68,67.29,72.65,123544.46,0.5887,0.33486,0,-0.0762,0.0701,0.1605,0.0427,0.0,0.0
7270,51,West,Business,IT,2026Q1,95147.97,663.0,40.57,57.83,54.72,202003.34,0.423,0.08322,0,-0.0183,-0.0154,0.0012,0.0093,0.0117,0.0
7271,61,North,Salaried,Retail,2026Q1,98721.04,624.0,,26.04,44.0,218141.46,0.5255,0.13084,0,-0.0665,0.033,0.0758,-0.0405,0.0,-0.016
7272,58,West,Salaried,Retail,2026Q1,60275.67,795.0,67.9,69.97,33.85,152993.44,0.4893,0.04344,0,-0.0176,-0.1374,0.0178,0.0088,0.0046,-0.0052
7273,47,East,Business,Retail,2026Q1,103655.82,605.0,55.71,55.05,98.18,138577.65,0.4083,0.23379,0,-0.0104,0.0794,0.0531,0.011,0.0,0.0
7274,52,North,Salaried,Transport,2026Q1,78468.77,579.0,69.74,66.39,50.13,137844.03,0.4843,0.30253,0,-0.0449,0.147,0.1171,0.0422,0.0,-0.0272
7275,53,West,SelfEmployed,Retail,2026Q1,126083.47,707.0,63.16,54.31,77.54,144627.41,0.3997,0.14356,1,-0.0282,-0.0906,0.0453,0.0059,0.0133,0.0312
7276,60,West,Business,Manufacturing,2026Q1,117290.96,640.0,58.12,45.51,66.48,203683.13,0.3398,0.12657,0,-0.0579,0.0126,0.0378,-0.0065,0.0137,0.0
7277,34,East,Salaried,Transport,2026Q1,67521.34,709.0,65.04,47.09,84.83,78459.18,0.319,0.09261,1,0.03,-0.0897,0.0453,-0.0039,0.0,-0.0137
7278,62,East,Salaried,IT,2026Q1,99043.66,715.0,40.62,55.64,27.68,286285.49,0.456,0.04733,0,-0.0228,-0.0384,0.0005,0.0025,0.0,-0.0049
7279,33,East,Salaried,IT,2026Q1,67014.75,594.0,45.55,46.03,86.14,39201.94,0.4967,0.25486,0,0.059,0.1,0.0207,-0.0092,0.0,-0.0236
7280,55,West,Salaried,Healthcare,2026Q1,56612.73,578.0,26.35,16.94,90.22,178846.0,0.4962,0.11431,0,-0.0302,0.0562,-0.0293,-0.0447,0.0111,-0.0121
7281,55,North,Salaried,Transport,2026Q1,83600.64,668.0,60.49,92.41,40.51,77201.77,0.4108,0.1387,0,-0.0421,-0.029,0.0488,0.0585,0.0,-0.0171
7282,48,East,Salaried,Retail,2026Q1,48530.9,563.0,38.59,29.64,75.67,155944.64,0.3743,0.1617,0,-0.0131,0.1058,-0.0043,-0.04,0.0,-0.0189
7283,56,West,Business,Retail,2026Q1,94874.09,586.0,24.97,8.45,40.86,190538.72,0.6127,0.07265,0,-0.0305,0.0465,-0.0297,-0.0532,0.01,0.0
7284,37,West,SelfEmployed,Retail,2026Q1,79096.0,487.0,58.32,37.71,53.22,214320.67,0.4164,0.68466,1,0.0513,0.4173,0.0854,-0.0318,0.0271,0.0694
7285,41,North,Salaried,Healthcare,2026Q1,49823.96,608.0,44.45,23.84,39.69,155582.36,0.4736,0.14694,0,0.0139,0.0505,0.0111,-0.045,0.0,-0.0161
7286,38,West,SelfEmployed,Healthcare,2026Q1,75950.5,719.0,75.09,100.0,70.69,178689.22,0.3434,0.35956,1,0.0404,-0.18,0.1284,0.1127,0.0252,0.0605
7287,43,North,Business,Manufacturing,2026Q1,115629.29,620.0,62.8,44.49,53.52,152086.06,0.3968,0.21624,0,0.01,0.0543,0.0723,-0.0121,0.0,0.0
7288,61,West,Salaried,Construction,2026Q1,80253.21,506.0,70.99,69.11,59.49,85980.31,0.4327,0.4644,0,-0.1097,0.3335,0.1509,0.0572,0.03,-0.0299
7289,63,South,Salaried,Manufacturing,2026Q1,74733.79,759.0,47.46,51.27,39.32,137163.99,0.3888,0.02205,0,-0.0165,-0.0561,0.0036,0.0004,0.0,-0.0033
7290,49,South,Business,Construction,2026Q1,114156.18,574.0,53.7,0.0,77.92,192703.48,0.4904,0.19515,0,-0.0167,0.0907,0.0361,-0.1037,0.0,0.0
7291,52,East,Business,Healthcare,2026Q1,100985.12,621.0,64.09,70.96,54.91,288901.14,0.497,0.33696,0,-0.0386,0.0551,0.0795,0.0443,0.0,0.0
7292,71,North,Salaried,IT,2026Q1,98565.11,641.0,9.16,22.25,62.04,284451.94,0.3086,0.02379,0,-0.0258,0.0023,-0.0206,-0.0097,0.0,-0.0031
7293,45,West,Salaried,IT,2026Q1,85384.45,677.0,23.48,58.54,48.79,202367.87,0.2978,0.08577,0,0.0,-0.0241,-0.0272,0.007,0.0082,-0.009
7294,43,West,SelfEmployed,Construction,2026Q1,84910.4,650.0,47.65,15.75,25.31,116802.05,0.3866,0.13858,0,0.007,0.0,0.0185,-0.0603,0.0147,0.0344
7295,60,North,Salaried,Retail,2026Q1,75399.11,609.0,21.68,52.48,41.16,140615.07,0.4328,0.07957,0,-0.0389,0.0291,-0.0332,0.0023,0.0,-0.0098
7296,44,West,SelfEmployed,Transport,2026Q1,62154.48,617.0,35.81,44.99,55.07,180820.15,0.3716,0.18337,0,0.0047,0.0554,-0.0146,-0.0104,0.0197,0.0467
7297,39,West,SelfEmployed,Retail,2026Q1,110671.89,,58.17,43.24,56.32,332344.89,0.4755,0.45241,1,0.0411,0.194,0.0872,-0.0201,0.0294,0.0725
7298,60,North,Salaried,IT,2026Q1,97763.55,,54.42,47.49,89.87,157395.6,0.4494,0.22907,0,-0.0866,0.153,0.0501,-0.0057,0.0,-0.0232
7299,65,North,Salaried,Retail,2026Q1,121970.25,597.0,59.67,35.02,90.75,361678.88,0.3753,0.11913,1,-0.0808,0.0559,0.0405,-0.0228,0.0,-0.0149
7300,45,East,Salaried,IT,2026Q1,71436.15,,31.1,0.0,73.5,170653.26,0.4679,0.03103,0,0.0,-0.0295,-0.0048,-0.0199,0.0,-0.0031
7301,50,South,Business,Manufacturing,2026Q1,117627.21,546.0,63.12,64.59,99.42,318710.66,0.4967,0.46208,1,-0.0345,0.2339,0.1072,0.0421,0.0,0.0
7302,60,East,Business,Manufacturing,2026Q1,90157.73,528.0,35.71,73.07,50.16,293987.76,0.4912,0.34932,0,-0.0951,0.2005,-0.0184,0.055,0.0,0.0
7303,42,East,Business,Healthcare,2026Q1,59713.43,630.0,57.84,54.62,73.57,90128.12,0.4034,0.23343,0,0.0143,0.0361,0.0562,0.0095,0.0,0.0
7304,60,West,SelfEmployed,Manufacturing,2026Q1,105800.63,688.0,60.08,15.43,66.92,240707.16,0.3549,0.07422,1,-0.0387,-0.0385,0.0264,-0.0382,0.0088,0.0205
7305,66,East,Business,Transport,2026Q1,126590.93,,82.72,38.61,68.48,106600.12,0.5407,0.28913,0,-0.1311,0.137,0.1366,-0.0282,0.0,0.0
7306,36,East,Business,Healthcare,2026Q1,101661.09,552.0,76.54,52.97,41.29,232336.06,0.4627,0.54863,1,0.0629,0.2539,0.1786,0.0089,0.0,0.0
7307,35,East,Salaried,Healthcare,2026Q1,74481.86,643.0,,25.44,61.57,86955.06,0.3284,0.14704,0,0.0355,0.0105,0.049,-0.0452,0.0,-0.0174
7308,32,West,SelfEmployed,Transport,2026Q1,59890.58,629.0,43.61,61.03,51.58,76144.88,0.4934,0.4031,1,0.0743,0.0485,0.0156,0.0283,0.0258,0.0621
7309,44,South,Salaried,Manufacturing,2026Q1,81887.82,721.0,51.03,68.09,38.17,136711.21,0.5669,0.08427,0,0.0021,-0.0831,0.0155,0.0153,0.0,-0.0097
7310,36,South,SelfEmployed,Transport,2026Q1,82409.42,700.0,54.78,31.97,70.22,279597.18,0.3453,0.13735,0,0.0266,-0.0773,0.0307,-0.0271,0.0,0.0311
7311,62,South,SelfEmployed,Transport,2026Q1,97834.42,532.0,39.02,74.55,25.57,176645.76,0.47,0.37251,1,-0.1156,0.2294,-0.0046,0.0652,0.0,0.0664
7312,39,West,SelfEmployed,Healthcare,2026Q1,70294.39,548.0,,35.82,84.85,134094.3,0.4518,0.51669,1,0.0419,0.253,0.0959,-0.0425,0.0299,0.0743
7313,46,South,Business,Construction,2026Q1,71408.46,428.0,,44.07,61.23,115869.68,0.5586,0.68303,0,-0.0059,0.5289,0.0961,-0.0149,0.0,0.0
7314,54,East,Salaried,Healthcare,2026Q1,87624.31,631.0,61.06,47.64,37.16,219174.05,0.4294,0.18356,1,-0.0354,0.025,0.0467,-0.0037,0.0,-0.0161
7315,41,East,Salaried,IT,2026Q1,76550.43,566.0,31.02,73.89,53.5,129364.93,0.4097,0.33945,0,0.0222,0.1478,-0.0379,0.0545,0.0,-0.025
7316,50,East,SelfEmployed,Healthcare,2026Q1,61915.55,753.0,48.11,43.22,59.41,114874.31,0.4438,0.03962,0,-0.0078,-0.0982,0.0079,-0.0044,0.0,0.0137
7317,57,West,SelfEmployed,Construction,2026Q1,129658.53,584.0,64.02,77.7,81.47,187309.95,0.4822,0.40912,0,-0.0833,0.1603,0.1105,0.0781,0.0289,0.0708
7318,75,North,Business,Healthcare,2026Q1,92029.19,,60.85,29.25,87.08,154153.01,0.5522,0.13989,0,-0.1182,0.0497,0.0368,-0.0284,0.0,0.0
7319,54,East,Salaried,Construction,2026Q1,71791.44,570.0,46.05,98.72,56.28,83461.15,0.56,0.34208,0,-0.0574,0.1581,0.0259,0.1131,0.0,-0.0268
7320,33,East,Salaried,Construction,2026Q1,69509.52,624.0,47.79,17.74,58.38,97021.81,0.4192,0.13308,0,0.0396,0.0343,0.0196,-0.0583,0.0,-0.0166
7321,58,West,SelfEmployed,IT,2026Q1,102409.48,710.0,42.02,60.51,97.78,183998.86,0.4748,0.07887,0,-0.0326,-0.0668,0.0031,0.0092,0.0088,0.0204
7322,53,West,Salaried,IT,2026Q1,68204.43,475.0,,39.16,28.09,84504.1,0.553,0.56316,0,-0.0558,0.3701,0.0891,-0.0325,0.0299,-0.03
7323,55,North,Salaried,Manufacturing,2026Q1,67831.48,694.0,22.29,0.0,30.83,176938.94,0.5035,0.01672,0,-0.0069,-0.0133,-0.0091,-0.0175,0.0,-0.0028
7324,49,South,Business,Retail,2026Q1,92497.79,485.0,33.12,57.55,88.84,88839.47,0.4947,0.43259,1,-0.0276,0.3188,-0.034,0.022,0.0,0.0
7325,60,North,Business,Construction,2026Q1,103736.05,598.0,39.27,61.2,55.66,263240.12,0.3196,0.15507,0,-0.0639,0.062,-0.0019,0.017,0.0,0.0
7326,47,West,SelfEmployed,Manufacturing,2026Q1,111307.74,544.0,57.31,70.6,73.54,291701.79,0.3752,0.52579,1,-0.0139,0.2728,0.0863,0.0617,0.0299,0.0748
7327,53,East,Salaried,Healthcare,2026Q1,63564.91,548.0,71.66,37.32,88.48,183173.44,0.4201,0.32128,0,-0.0515,0.1935,0.1237,-0.0346,0.0,-0.0272
7328,52,West,Business,Transport,2026Q1,98303.53,524.0,54.33,50.8,21.79,181835.06,0.423,0.44264,1,-0.0482,0.2643,0.0675,0.0023,0.0288,0.0
7329,51,West,Salaried,Construction,2026Q1,78293.75,645.0,,65.5,85.97,69251.62,0.4861,0.12308,0,-0.0176,0.0053,-0.0225,0.017,0.0112,-0.0123
7330,46,West,SelfEmployed,Healthcare,2026Q1,91475.17,587.0,44.88,43.94,75.02,207496.54,0.4799,0.31381,0,-0.0059,0.124,0.0201,-0.0155,0.0247,0.0592
7331,62,South,Salaried,Transport,2026Q1,86099.91,654.0,33.33,36.22,30.46,233175.09,0.4457,0.0586,0,-0.0295,-0.0022,-0.0071,-0.0089,0.0,-0.0063
7332,65,East,Salaried,IT,2026Q1,112774.63,663.0,44.15,51.98,49.53,49146.24,0.4358,0.0635,0,-0.0435,-0.0092,0.0049,0.0014,0.0,-0.0077
7333,71,South,Business,Retail,2026Q1,126306.74,599.0,33.42,82.78,60.77,207350.66,0.3958,0.16715,1,-0.1094,0.0533,-0.0161,0.0398,0.0,0.0
7334,51,East,Business,Transport,2026Q1,119722.76,662.0,42.31,36.19,73.06,84020.4,0.5652,0.09625,0,-0.0141,-0.0109,0.0035,-0.0139,0.0,0.0
7335,53,East,SelfEmployed,Healthcare,2026Q1,93191.9,623.0,34.88,43.42,39.29,102369.82,0.4567,0.1346,0,-0.0304,0.0335,-0.0133,-0.0102,0.0,0.0338
7336,53,West,SelfEmployed,IT,2026Q1,90721.81,585.0,80.92,25.96,75.55,218901.85,0.4603,0.39686,1,-0.0538,0.1482,0.1658,-0.0697,0.0277,0.0673
7337,41,West,SelfEmployed,Manufacturing,2026Q1,72993.11,,,50.93,61.79,158659.86,0.4115,0.22182,0,0.0167,-0.0562,0.0412,0.0017,0.0179,0.0421
7338,60,West,Salaried,Construction,2026Q1,62479.01,718.0,34.22,70.78,43.14,158928.08,0.2975,0.04992,0,-0.0233,-0.0484,-0.0056,0.0102,0.0052,-0.0058
7339,47,West,SelfEmployed,Construction,2026Q1,92331.02,703.0,47.48,13.15,49.29,268965.6,0.5042,0.06696,0,-0.0042,-0.054,0.0102,-0.0386,0.0083,0.0192
7340,57,East,Salaried,Healthcare,2026Q1,94584.26,502.0,,42.12,69.77,48779.74,0.5323,0.38369,0,-0.0838,0.3185,0.1688,-0.0236,0.0,-0.0299
7341,37,South,Salaried,Healthcare,2026Q1,78579.73,,61.99,70.31,47.67,184557.81,0.6041,0.32368,0,0.0447,0.0603,0.0834,0.0484,0.0,-0.0257
7342,56,West,SelfEmployed,Transport,2026Q1,86546.1,707.0,45.54,37.28,53.22,122005.4,0.4664,0.06286,0,-0.0245,-0.057,0.0074,-0.0114,0.0079,0.0184
7343,64,South,Business,Healthcare,2026Q1,86905.88,535.0,39.18,34.03,52.78,231171.18,0.5273,0.17158,0,-0.0966,0.1303,-0.0026,-0.0317,0.0,0.0
7344,43,East,Salaried,Healthcare,2026Q1,59309.26,612.0,,35.29,27.2,141796.91,0.3988,0.16139,0,0.0082,0.0542,0.0366,-0.0277,0.0,-0.0185
7345,45,North,Business,IT,2026Q1,94791.41,567.0,39.8,62.27,49.35,107358.5,0.4826,0.2555,0,0.0,0.1493,-0.0008,0.0294,0.0,0.0
7346,45,East,Business,Transport,2026Q1,110667.16,636.0,66.69,51.12,55.24,289374.73,0.4804,0.21255,0,0.0,0.0255,0.0789,0.0023,0.0,0.0
7347,45,East,Business,Retail,2026Q1,62295.67,817.0,88.91,72.64,60.2,20000.0,0.2142,0.07429,0,0.0,-0.2585,0.0444,0.0164,0.0,0.0
7348,65,West,Business,Construction,2026Q1,137849.57,,51.21,38.59,73.98,412558.08,0.5848,0.11189,0,-0.0754,0.0348,0.0226,-0.0158,0.0126,0.0
7349,52,South,Business,Manufacturing,2026Q1,59065.41,607.0,49.88,50.1,41.55,164066.8,0.4826,0.16396,1,-0.0316,0.0614,0.0281,0.0002,0.0,0.0
7350,40,South,Salaried,Healthcare,2026Q1,104341.5,769.0,29.33,46.22,78.56,191370.21,0.483,0.02757,0,0.0037,-0.0714,-0.0067,-0.0013,0.0,-0.0036
7351,41,North,Salaried,Retail,2026Q1,53473.71,631.0,73.14,57.48,52.25,131909.4,0.5243,0.26162,1,0.0215,0.0391,0.1098,0.0173,0.0,-0.0243
7352,28,East,Salaried,Retail,2026Q1,86779.48,575.0,57.09,13.48,58.38,189946.97,0.3762,0.30642,0,0.0889,0.1405,0.066,-0.0986,0.0,-0.0256
7353,42,West,Salaried,Construction,2026Q1,65043.15,506.0,20.69,48.95,27.64,138457.35,0.418,0.34495,0,0.0185,0.242,-0.0908,-0.0028,0.0262,-0.0273
7354,37,East,Business,Manufacturing,2026Q1,109043.05,692.0,54.04,58.02,38.83,66153.93,0.4011,0.11583,0,0.0249,-0.0655,0.0306,0.0112,0.0,0.0
7355,37,North,Business,Healthcare,2026Q1,41947.11,537.0,48.12,0.0,78.42,114358.0,0.4424,0.31726,0,0.0434,0.1818,0.0319,-0.1357,0.0,0.0
7356,46,South,Business,Healthcare,2026Q1,102265.05,604.0,50.66,36.06,40.85,337963.03,0.4687,0.158,0,-0.0044,0.0672,0.0311,-0.0275,0.0,0.0
7357,39,South,Business,IT,2026Q1,103874.52,,41.88,47.69,39.36,68966.06,0.5076,0.15515,1,0.0201,0.0041,0.0047,-0.0036,0.0,0.0
7358,49,East,Business,Manufacturing,2026Q1,99993.5,661.0,50.13,58.99,61.17,152633.05,0.2894,0.13044,0,-0.0135,-0.0146,0.0217,0.012,0.0,0.0
7359,54,West,SelfEmployed,Construction,2026Q1,102644.83,506.0,31.21,77.41,73.47,161555.44,0.4538,0.56408,0,-0.0628,0.3248,-0.0439,0.0812,0.0299,0.0742
7360,54,West,Salaried,Transport,2026Q1,102863.55,544.0,49.99,97.83,57.02,170278.63,0.5404,0.41465,0,-0.0626,0.2414,0.0483,0.1325,0.0292,-0.0297
7361,53,South,Business,IT,2026Q1,101660.49,633.0,61.42,51.96,20.91,208445.73,0.3052,0.17845,0,-0.0351,0.0256,0.0542,0.0034,0.0,0.0
7362,22,South,Salaried,Retail,2026Q1,47193.83,510.0,45.4,62.44,32.15,117959.29,0.525,0.59486,1,0.1595,0.3547,0.0263,0.0365,0.0,-0.0286
7363,45,East,Business,IT,2026Q1,67515.5,664.0,37.07,44.06,86.71,108275.66,0.5095,0.10659,0,0.0,-0.0143,-0.0052,-0.0064,0.0,0.0
7364,64,West,Salaried,Manufacturing,2026Q1,110039.56,,71.28,64.93,72.68,177121.75,0.392,0.47209,0,-0.1321,0.2622,0.1407,0.0429,0.0289,-0.0295
7365,73,West,SelfEmployed,Manufacturing,2026Q1,129100.36,598.0,66.68,45.74,27.57,238646.3,0.47,0.22943,0,-0.1623,0.083,0.0784,-0.0089,0.02,0.0473
7366,59,West,Business,Construction,2026Q1,116303.6,583.0,31.85,92.18,54.34,381325.76,0.5073,0.32609,0,-0.0789,0.1095,-0.0311,0.0806,0.0213,0.0
7367,51,South,Business,Healthcare,2026Q1,110476.79,,41.86,80.64,95.94,282782.6,0.4585,0.11906,0,-0.0194,-0.0288,0.004,0.0347,0.0,0.0
7368,41,West,SelfEmployed,Construction,2026Q1,85242.83,,49.02,52.11,59.86,145284.38,0.5115,0.43829,1,0.0262,0.1567,0.0418,0.006,0.028,0.0683
7369,64,West,SelfEmployed,IT,2026Q1,93334.41,666.0,53.14,40.76,45.48,303055.62,0.4526,0.11474,1,-0.064,-0.0185,0.0233,-0.0114,0.0113,0.0262
7370,48,North,Business,Construction,2026Q1,114563.64,696.0,58.55,52.71,31.15,360652.26,0.4358,0.10802,0,-0.0082,-0.0582,0.0303,0.003,0.0,0.0
7371,47,West,Business,Transport,2026Q1,84434.13,,43.71,39.03,51.25,73753.91,0.4619,0.14475,0,-0.0082,0.0486,0.0104,-0.0197,0.0166,0.0
7372,63,South,Business,Construction,2026Q1,109720.24,634.0,33.36,52.9,75.83,322322.64,0.5154,0.09362,0,-0.0483,0.0127,-0.0109,0.0027,0.0,0.0
7373,21,North,Salaried,IT,2026Q1,64700.65,570.0,52.83,22.92,100.0,188239.8,0.4109,0.3483,1,0.1362,0.17,0.0566,-0.0775,0.0,-0.028
7374,49,East,Salaried,Manufacturing,2026Q1,104953.33,542.0,36.74,79.93,86.02,315060.18,0.5263,0.33074,1,-0.0253,0.2003,-0.0146,0.0743,0.0,-0.0271
7375,34,East,Business,Manufacturing,2026Q1,28979.63,530.0,57.86,35.82,69.06,78517.75,0.3672,0.46571,1,0.0753,0.2771,0.0869,-0.0425,0.0,0.0
7376,56,East,Salaried,IT,2026Q1,102065.08,625.0,57.26,62.98,57.9,316904.2,0.3265,0.18182,0,-0.0475,0.035,0.0428,0.0206,0.0,-0.0174
7377,68,West,Business,Transport,2026Q1,104095.47,579.0,77.11,0.0,37.8,112878.77,0.248,0.20754,0,-0.1127,0.0864,0.0833,-0.1038,0.0167,0.0
7378,55,North,Salaried,Retail,2026Q1,94542.35,646.0,69.86,30.51,55.03,158667.27,0.3848,0.12169,0,-0.034,0.0047,0.0522,-0.028,0.0,-0.0138
7379,72,West,SelfEmployed,Retail,2026Q1,74845.74,598.0,59.51,87.98,24.47,169323.81,0.3721,0.28352,0,-0.1764,0.1041,0.0744,0.0855,0.0244,0.0585
7380,52,East,SelfEmployed,Construction,2026Q1,77285.11,584.0,,57.37,77.2,68610.96,0.435,0.28246,0,-0.0406,0.1194,0.0108,0.0172,0.0,0.0554
7381,66,North,SelfEmployed,Transport,2026Q1,124477.49,604.0,35.25,85.04,63.69,176366.96,0.454,0.16859,0,-0.1093,0.0681,-0.0154,0.0582,0.0,0.0432
7382,33,West,SelfEmployed,Retail,2026Q1,94795.51,473.0,65.77,47.73,57.7,112713.91,0.4304,0.74771,0,0.0638,0.4452,0.1019,-0.0047,0.0216,0.0564
7383,52,West,SelfEmployed,Healthcare,2026Q1,87304.48,,55.14,41.56,31.61,163942.62,0.4807,0.14675,0,-0.0246,-0.0435,0.0317,-0.0123,0.0134,0.0314
7384,35,South,Salaried,Transport,2026Q1,98118.56,593.0,35.93,70.19,66.48,243049.59,0.4874,0.24894,0,0.0513,0.1046,-0.0163,0.0449,0.0,-0.0242
7385,54,East,Salaried,Construction,2026Q1,84495.53,591.0,51.02,52.22,54.88,246035.87,0.3547,0.21706,0,-0.0424,0.0822,0.0321,0.0041,0.0,-0.0194
7386,46,South,Business,Manufacturing,2026Q1,98259.89,726.0,45.96,45.66,68.82,107216.64,0.2364,0.05923,0,-0.0016,-0.0686,0.0064,-0.003,0.0,0.0
7387,48,East,Business,Transport,2026Q1,79215.32,596.0,43.64,86.95,59.19,35422.18,0.4407,0.27159,0,-0.0174,0.1044,0.0146,0.0811,0.0,0.0
7388,48,South,Salaried,Transport,2026Q1,70885.13,658.0,50.77,85.88,80.24,110082.74,0.3437,0.19928,0,-0.0121,-0.0127,0.0281,0.0521,0.0,-0.0175
7389,62,East,Business,Healthcare,2026Q1,114206.48,484.0,38.46,80.27,14.6,70041.78,0.5671,0.40462,1,-0.1184,0.3238,-0.0076,0.0862,0.0,0.0
7390,52,South,Salaried,Construction,2026Q1,40946.11,574.0,29.38,39.26,64.8,68641.18,0.4988,0.14541,0,-0.0261,0.0767,-0.0284,-0.0168,0.0,-0.0156
7391,52,East,Salaried,Healthcare,2026Q1,84550.47,696.0,78.38,0.0,77.32,85385.59,0.3671,0.0619,0,-0.0137,-0.0404,0.0357,-0.0499,0.0,-0.0081
7392,50,North,Salaried,Transport,2026Q1,88896.36,677.0,45.25,33.86,64.09,117408.98,0.4481,0.06925,0,-0.0096,-0.0218,0.0065,-0.0136,0.0,-0.0082
7393,58,East,Business,Manufacturing,2026Q1,103248.54,664.0,,44.3,59.46,62228.93,0.4356,0.11321,0,-0.0385,-0.015,0.0288,-0.0064,0.0,0.0
7394,48,South,Salaried,Transport,2026Q1,105090.16,563.0,23.61,30.12,87.34,119816.67,0.5404,0.14984,0,-0.0108,0.0846,-0.0459,-0.0324,0.0,-0.0156
7395,38,North,Salaried,Healthcare,2026Q1,61511.05,633.0,26.94,37.35,36.34,157556.8,0.3747,0.10841,0,0.0176,0.0169,-0.0281,-0.0157,0.0,-0.0122
7396,61,South,Salaried,Manufacturing,2026Q1,86604.5,591.0,33.74,65.75,35.17,282170.37,0.6609,0.13837,0,-0.0635,0.0621,-0.0159,0.0214,0.0,-0.0152
7397,45,West,SelfEmployed,Manufacturing,2026Q1,77244.73,641.0,33.36,21.44,59.98,176456.13,0.4754,0.13488,0,0.0,0.0107,-0.0157,-0.0437,0.0129,0.0302
7398,53,South,Salaried,Manufacturing,2026Q1,78244.51,678.0,32.26,26.29,75.52,49880.7,0.4315,0.04923,0,-0.0108,-0.0154,-0.0072,-0.0141,0.0,-0.0055
7399,58,West,SelfEmployed,Construction,2026Q1,93269.93,631.0,33.32,39.72,65.92,164623.69,0.4773,0.13422,0,-0.0457,0.0212,-0.0154,-0.0142,0.0126,0.0294
7400,38,West,Salaried,IT,2026Q1,60106.44,,,47.32,84.87,140140.62,0.3789,0.1461,0,0.0223,-0.0607,0.0438,-0.004,0.014,-0.0153
7401,41,West,Salaried,Healthcare,2026Q1,93102.12,,36.42,89.89,93.2,295267.48,0.4007,0.11825,0,0.0121,-0.0633,-0.0083,0.0452,0.013,-0.0142
7402,34,South,Salaried,Construction,2026Q1,91685.58,,13.54,38.54,50.77,259503.55,0.3903,0.22966,0,0.0507,0.153,-0.1075,-0.0255,0.0,-0.0222
7403,46,West,Business,Transport,2026Q1,112991.76,486.0,50.14,79.12,72.82,342365.53,0.5648,0.60317,0,-0.0066,0.4088,0.0487,0.0849,0.0286,0.0
7404,62,West,Business,Manufacturing,2026Q1,119606.22,688.0,40.43,48.02,73.91,318607.85,0.3983,0.06473,0,-0.0335,-0.0287,0.0005,-0.0014,0.0065,0.0
7405,50,North,Salaried,Transport,2026Q1,63432.64,623.0,72.49,60.01,72.49,74180.86,0.432,0.23321,1,-0.0266,0.0502,0.099,0.0213,0.0,-0.0227
7406,66,West,Salaried,IT,2026Q1,93965.35,714.0,46.98,69.17,49.92,74146.88,0.3834,0.05144,0,-0.0389,-0.0491,0.0066,0.0105,0.0058,-0.0064
7407,54,West,SelfEmployed,Transport,2026Q1,130106.32,642.0,68.28,100.0,50.57,264451.99,0.411,0.43314,1,-0.0604,0.0203,0.12,0.1264,0.0275,0.0669
7408,44,West,Business,Manufacturing,2026Q1,86698.36,726.0,44.07,31.28,57.98,184432.16,0.3423,0.05745,0,0.0015,-0.0667,0.0043,-0.0136,0.0063,0.0
7409,43,East,Salaried,Transport,2026Q1,81729.15,670.0,38.43,57.99,80.37,216600.5,0.4053,0.07622,0,0.005,-0.0221,-0.0029,0.0085,0.0,-0.0116
7410,67,West,Salaried,Retail,2026Q1,69330.01,645.0,57.54,65.58,27.75,96750.47,0.2215,0.15785,0,-0.0826,0.0058,0.0329,0.0187,0.0123,-0.0135
7411,59,South,Business,Retail,2026Q1,113793.78,591.0,28.17,20.3,70.95,303461.18,0.5461,0.09227,0,-0.0385,0.0418,-0.0218,-0.0345,0.0,0.0
7412,48,West,SelfEmployed,Transport,2026Q1,75012.7,582.0,66.03,13.18,41.49,221355.6,0.4296,0.30077,1,-0.0183,0.1355,0.0999,-0.1017,0.0252,0.0606
7413,51,West,SelfEmployed,Healthcare,2026Q1,85102.25,,41.86,9.6,72.23,194862.03,0.4338,0.37293,1,-0.0405,0.2816,0.0088,-0.1192,0.028,0.0683
7414,45,East,Business,Healthcare,2026Q1,41850.41,661.0,23.13,3.33,52.41,20000.0,0.5064,0.04615,0,0.0,-0.0059,-0.0183,-0.0337,0.0,0.0
7415,22,South,Business,Transport,2026Q1,69833.67,562.0,56.3,32.67,73.35,187631.17,0.6025,0.50034,0,0.1487,0.2116,0.0784,-0.0518,0.0,0.0
7416,51,East,Business,IT,2026Q1,113038.6,599.0,44.6,64.08,81.84,356549.38,0.3388,0.19812,1,-0.0297,0.0798,0.0151,0.0271,0.0,0.0
7417,36,West,Business,IT,2026Q1,100277.27,615.0,28.71,35.39,6.13,310246.02,0.5425,0.15493,0,0.0325,0.0474,-0.0341,-0.026,0.0162,0.0
7418,46,West,SelfEmployed,Healthcare,2026Q1,78311.07,,54.51,42.75,43.98,114817.54,0.3525,0.3508,0,-0.0065,0.1527,0.0636,-0.0202,0.0271,0.0656
7419,36,East,Business,Transport,2026Q1,97244.55,630.0,40.0,39.23,59.97,166688.17,0.4443,0.13165,0,0.0322,0.0284,0.0,-0.0188,0.0,0.0
7420,48,North,Salaried,Transport,2026Q1,96513.64,451.0,,67.54,49.57,85546.9,0.6146,0.63602,1,-0.0188,0.4789,0.0921,0.0491,0.0,-0.0267
7421,39,West,Business,IT,2026Q1,72261.53,620.0,45.81,63.19,26.38,99780.47,0.3586,0.29273,0,0.0308,0.058,0.0216,0.0291,0.0223,0.0
7422,51,South,Salaried,Healthcare,2026Q1,99333.09,663.0,55.25,55.67,61.99,275436.11,0.3536,0.12422,0,-0.0187,-0.0158,0.0283,0.0069,0.0,-0.0131
7423,58,West,Business,IT,2026Q1,97217.2,,43.35,81.64,32.34,231479.58,0.5838,0.5082,0,-0.0904,0.3355,0.0167,0.0931,0.0299,0.0
7424,53,East,SelfEmployed,Transport,2026Q1,67862.07,570.0,23.72,42.61,85.23,90482.11,0.2408,0.18023,0,-0.0378,0.1044,-0.0565,-0.0144,0.0,0.0431
7425,34,East,Business,Manufacturing,2026Q1,69051.62,713.0,61.79,61.25,50.1,220222.58,0.5196,0.11397,0,0.0344,-0.1089,0.0465,0.0161,0.0,0.0
7426,32,West,SelfEmployed,Retail,2026Q1,76745.02,,36.06,39.03,50.42,137501.55,0.3351,0.30326,0,0.0672,0.0778,-0.0161,-0.0273,0.0235,0.0563
7427,36,West,SelfEmployed,Manufacturing,2026Q1,49287.3,,15.85,23.36,82.27,104782.13,0.4823,0.20371,1,0.042,0.1223,-0.097,-0.0619,0.0208,0.0493
7428,61,East,Business,Manufacturing,2026Q1,68837.31,670.0,,59.62,34.7,82092.84,0.3125,0.06032,0,-0.0389,-0.0173,0.0022,0.0079,0.0,0.0
7429,74,East,Business,Manufacturing,2026Q1,124642.15,540.0,37.01,48.58,35.34,159453.72,0.4586,0.14626,1,-0.1424,0.1087,-0.0084,-0.0023,0.0,0.0
7430,43,West,SelfEmployed,IT,2026Q1,89017.59,546.0,62.4,43.57,58.13,74530.71,0.4125,0.4811,1,0.014,0.2611,0.1106,-0.0193,0.03,0.0746
7431,39,West,SelfEmployed,IT,2026Q1,74173.77,552.0,37.41,54.21,68.49,174675.34,0.4229,0.38148,0,0.0406,0.2255,-0.0127,0.0123,0.0291,0.0714
7432,65,East,Salaried,Retail,2026Q1,96109.3,713.0,46.12,52.26,44.85,303425.44,0.3346,0.04037,0,-0.0281,-0.0371,0.0045,0.001,0.0,-0.0049
7433,45,South,Business,IT,2026Q1,103261.59,546.0,56.69,44.8,22.51,160654.65,0.4869,0.46232,0,0.0,0.2122,0.0739,-0.0147,0.0,0.0
7434,49,West,SelfEmployed,Retail,2026Q1,57251.52,613.0,48.83,5.33,57.82,105921.19,0.4021,0.16762,0,-0.0163,0.0497,0.0233,-0.0889,0.0162,0.038
7435,52,North,SelfEmployed,Manufacturing,2026Q1,42363.04,697.0,64.21,30.81,57.19,20000.0,0.4584,0.09781,0,-0.0204,-0.0609,0.0386,-0.0243,0.0,0.0257
7436,42,East,Business,Retail,2026Q1,103333.89,547.0,64.85,45.04,51.66,90806.39,0.4841,0.42931,0,0.0204,0.2333,0.115,-0.0146,0.0,0.0
7437,41,North,SelfEmployed,Transport,2026Q1,87519.87,495.0,33.04,53.18,60.04,108054.72,0.4765,0.55792,1,0.028,0.3539,-0.0346,0.0095,0.0,0.0747
7438,49,West,SelfEmployed,Retail,2026Q1,97487.39,765.0,53.8,53.28,78.2,97323.28,0.4251,0.04846,0,-0.0076,-0.14,0.0159,0.0025,0.0074,0.0171
7439,45,North,Business,Retail,2026Q1,76365.78,627.0,,25.9,59.05,54260.14,0.4418,0.20086,0,0.0,0.0394,0.0924,-0.0525,0.0,0.0
7440,30,East,Business,Healthcare,2026Q1,81286.84,573.0,34.32,41.11,66.64,228189.31,0.2969,0.29781,0,0.0781,0.1404,-0.0239,-0.0224,0.0,0.0
7441,40,West,SelfEmployed,Retail,2026Q1,98932.06,607.0,29.6,0.0,66.71,114578.71,0.4719,0.15946,1,0.0171,0.0513,-0.0287,-0.0939,0.0148,0.0346
7442,48,South,Business,Retail,2026Q1,97728.22,670.0,58.97,55.76,64.09,262398.63,0.3783,0.13124,0,-0.0105,-0.0288,0.0401,0.0082,0.0,0.0
7443,44,West,Business,Transport,2026Q1,81073.63,,35.92,68.21,51.75,189810.97,0.3966,0.4131,0,0.007,0.3124,-0.0204,0.0539,0.0298,0.0
7444,55,North,Salaried,IT,2026Q1,89306.4,585.0,79.79,76.15,63.91,92569.83,0.3528,0.37976,0,-0.0674,0.1472,0.161,0.0699,0.0,-0.0284
7445,41,North,Salaried,Retail,2026Q1,96862.22,674.0,42.47,23.02,81.07,314746.16,0.3505,0.06703,0,0.0075,-0.0208,0.0034,-0.0261,0.0,-0.0089
7446,70,South,Salaried,IT,2026Q1,101688.91,720.0,33.34,24.31,45.75,202175.3,0.4492,0.01144,0,-0.0179,-0.0204,-0.0026,-0.0064,0.0,-0.0023
7447,51,West,Business,Manufacturing,2026Q1,76358.47,720.0,39.51,70.51,31.35,117934.1,0.2417,0.07504,1,-0.0123,-0.0729,-0.0007,0.0151,0.0078,0.0
7448,51,East,Business,Construction,2026Q1,127637.87,626.0,70.9,74.27,72.74,109393.85,0.4815,0.28865,0,-0.0351,0.05,0.1067,0.0548,0.0,0.0
7449,44,West,SelfEmployed,Manufacturing,2026Q1,77916.7,723.0,27.55,41.49,45.83,151450.47,0.2912,0.06329,1,0.0017,-0.0699,-0.017,-0.0065,0.007,0.0162
7450,47,South,Business,Retail,2026Q1,80591.27,499.0,42.44,51.37,70.77,175120.5,0.4785,0.50553,1,-0.0138,0.3049,0.0119,0.004,0.0,0.0
7451,29,North,Salaried,Construction,2026Q1,50696.64,628.0,43.89,60.73,29.19,141297.74,0.5821,0.25146,1,0.0712,0.0409,0.0137,0.0224,0.0,-0.0223
7452,50,East,Salaried,Healthcare,2026Q1,89776.74,435.0,7.03,19.61,45.88,133133.1,0.5309,0.30038,0,-0.03,0.2575,-0.1523,-0.0811,0.0,-0.0256
7453,72,North,Business,Transport,2026Q1,104654.88,,40.28,60.62,65.19,280085.4,0.3603,0.04541,0,-0.0369,-0.0357,0.0002,0.0041,0.0,0.0
7454,60,East,Business,Healthcare,2026Q1,75255.98,649.0,44.95,69.77,52.29,178333.53,0.2901,0.1555,1,-0.0508,0.0011,0.0098,0.0223,0.0,0.0
7455,32,West,Business,Manufacturing,2026Q1,87658.46,741.0,34.11,43.04,68.02,100183.22,0.4168,0.07513,0,0.0189,-0.0939,-0.0075,-0.0053,0.0069,0.0
7456,53,East,Salaried,IT,2026Q1,87312.52,576.0,59.58,86.22,74.97,119348.04,0.3881,0.3242,0,-0.052,0.1549,0.082,0.0902,0.0,-0.0275
7457,55,East,Business,Retail,2026Q1,101999.33,524.0,60.7,40.97,55.65,259710.7,0.4127,0.38653,0,-0.0672,0.2412,0.0902,-0.0256,0.0,0.0
7458,67,South,SelfEmployed,Transport,2026Q1,85555.09,673.0,50.24,10.74,55.55,54002.52,0.5909,0.06656,0,-0.0444,-0.0155,0.0102,-0.0318,0.0,0.0144
7459,41,East,Salaried,Manufacturing,2026Q1,65260.95,607.0,29.43,45.87,53.13,122621.68,0.4345,0.10198,1,0.0136,0.0505,-0.0288,-0.0064,0.0,-0.0158
7460,75,East,Business,Construction,2026Q1,126272.02,694.0,33.54,18.14,53.01,190779.16,0.334,0.01803,0,-0.0278,-0.0133,-0.003,-0.01,0.0,0.0
7461,51,East,Salaried,Transport,2026Q1,83518.2,672.0,65.21,58.06,76.49,115128.87,0.396,0.14445,1,-0.0205,-0.0304,0.048,0.0107,0.0,-0.0144
7462,41,East,Salaried,Transport,2026Q1,78388.06,597.0,85.13,71.65,68.28,167614.03,0.3727,0.4423,0,0.0275,0.1361,0.2001,0.063,0.0,-0.0298
7463,32,West,SelfEmployed,Healthcare,2026Q1,100064.18,616.0,62.84,22.56,49.01,262676.36,0.4148,0.36096,1,0.0764,0.0783,0.094,-0.0772,0.0264,0.0638
7464,49,South,Business,IT,2026Q1,99605.57,,,65.22,87.52,184312.31,0.3989,0.28467,1,-0.0222,0.0885,0.055,0.0336,0.0,0.0
7465,52,East,Business,Manufacturing,2026Q1,106499.09,620.0,32.36,61.63,91.15,327396.93,0.4563,0.12024,0,-0.0251,0.0349,-0.0192,0.0158,0.0,0.0
7466,37,North,Business,Construction,2026Q1,67342.18,583.0,49.53,31.84,59.46,214355.95,0.4176,0.25867,0,0.0414,0.1181,0.0355,-0.0446,0.0,0.0
7467,57,East,Salaried,Retail,2026Q1,66619.81,660.0,27.07,43.9,37.51,71528.75,0.5396,0.05606,0,-0.0202,-0.006,-0.015,-0.0039,0.0,-0.0066
7468,56,North,Salaried,Healthcare,2026Q1,98388.24,500.0,56.98,51.05,48.99,184700.46,0.5654,0.44423,0,-0.0759,0.2906,0.0787,0.003,0.0,-0.0293
7469,50,South,Business,IT,2026Q1,87318.09,486.0,41.99,51.14,55.19,119232.36,0.4164,0.47989,1,-0.0348,0.3267,0.0098,0.0034,0.0,0.0
7470,41,East,Salaried,Retail,2026Q1,41194.78,587.0,29.03,39.63,64.97,45867.83,0.4035,0.13007,1,0.015,0.0758,-0.0327,-0.018,0.0,-0.0173
7471,50,West,SelfEmployed,Construction,2026Q1,97639.16,575.0,40.72,33.22,91.19,95980.91,0.3814,0.19543,1,-0.028,0.1276,0.0028,-0.0408,0.0226,0.0539
7472,70,West,SelfEmployed,Transport,2026Q1,125501.4,582.0,54.27,21.22,89.79,232325.54,0.4589,0.1619,0,-0.1249,0.0843,0.0377,-0.0558,0.0168,0.0394
7473,40,East,Salaried,IT,2026Q1,52812.69,702.0,51.14,27.25,65.56,123708.13,0.4724,0.08726,0,0.0088,-0.049,0.0136,-0.0206,0.0,-0.0085
7474,31,West,Salaried,Construction,2026Q1,32798.15,,48.78,34.94,5.0,76975.3,0.4176,0.19611,0,0.0583,0.0393,0.0279,-0.0318,0.0194,-0.0208
7475,46,East,Business,Transport,2026Q1,118065.96,671.0,53.27,66.43,34.81,180756.04,0.5279,0.20463,1,-0.0036,-0.0316,0.0305,0.0232,0.0,0.0
7476,41,South,Salaried,Healthcare,2026Q1,96272.13,653.0,30.48,8.94,32.74,283262.12,0.4823,0.05174,0,0.0064,-0.002,-0.0125,-0.0369,0.0,-0.0076
7477,30,North,Salaried,Transport,2026Q1,81325.53,720.0,,45.68,84.65,217128.37,0.4578,0.05618,0,0.0218,-0.067,-0.0112,-0.0033,0.0,-0.0079
7478,54,East,SelfEmployed,Manufacturing,2026Q1,77670.23,574.0,33.7,79.3,37.7,218965.7,0.5644,0.2764,0,-0.0556,0.1439,-0.0272,0.0685,0.0,0.0592
7479,35,West,SelfEmployed,Transport,2026Q1,70219.26,657.0,26.53,0.0,23.1,63940.24,0.443,0.08547,1,0.0225,-0.0072,-0.027,-0.0684,0.0103,0.024
7480,34,East,Business,IT,2026Q1,88851.77,603.0,47.78,55.04,95.52,118965.92,0.4793,0.25652,1,0.0587,0.0935,0.0308,0.0122,0.0,0.0
7481,59,South,Salaried,Construction,2026Q1,105179.18,542.0,24.1,39.3,50.48,242271.19,0.4938,0.15731,0,-0.0576,0.1001,-0.0456,-0.0173,0.0,-0.0161
7482,65,West,SelfEmployed,Healthcare,2026Q1,100186.22,,51.53,48.39,62.64,97570.77,0.4609,0.35232,1,-0.1354,0.2187,0.0506,-0.0044,0.0268,0.065
7483,75,North,Business,Transport,2026Q1,166263.19,603.0,22.63,46.14,65.98,131241.89,0.3884,0.05477,0,-0.0737,0.0252,-0.0246,-0.0029,0.0,0.0
7484,33,North,Salaried,Transport,2026Q1,76620.43,690.0,59.56,75.13,73.37,177798.11,0.4919,0.18717,1,0.0455,-0.0757,0.052,0.0413,0.0,-0.0188
7485,54,North,Business,IT,2026Q1,102018.87,578.0,51.99,38.35,27.09,298304.95,0.4049,0.19324,0,-0.0452,0.1036,0.0374,-0.0243,0.0,0.0
7486,35,West,SelfEmployed,Manufacturing,2026Q1,72845.14,583.0,23.62,41.82,33.14,62942.28,0.4405,0.30818,0,0.053,0.1235,-0.0706,-0.0203,0.0236,0.0565
7487,51,South,Business,Healthcare,2026Q1,101174.04,571.0,55.29,39.34,88.68,90071.7,0.5466,0.26512,0,-0.0332,0.1296,0.0537,-0.0251,0.0,0.0
7488,48,West,Salaried,Retail,2026Q1,86268.5,536.0,46.07,58.26,38.37,177115.76,0.6188,0.38567,1,-0.0197,0.2234,0.0276,0.0226,0.0273,-0.0282
7489,26,North,Business,Construction,2026Q1,54311.3,585.0,66.04,40.57,56.56,206958.95,0.595,0.42926,0,0.1225,0.1598,0.1201,-0.0279,0.0,0.0
7490,56,West,SelfEmployed,Healthcare,2026Q1,72929.35,,45.82,53.46,94.89,210553.14,0.4664,0.09985,1,-0.0319,-0.0551,0.0102,0.0037,0.0105,0.0244
7491,50,North,SelfEmployed,IT,2026Q1,75746.4,636.0,21.13,65.74,92.37,61057.75,0.4525,0.14293,0,-0.0176,0.0174,-0.0516,0.0211,0.0,0.0322
7492,57,West,SelfEmployed,Healthcare,2026Q1,89643.63,579.0,40.81,45.21,70.25,89259.63,0.5308,0.34287,1,-0.0673,0.1156,0.003,-0.0108,0.0215,0.0512
7493,36,North,Salaried,Manufacturing,2026Q1,71499.36,592.0,44.8,29.5,47.98,129222.57,0.3991,0.19428,0,0.0386,0.0866,0.0154,-0.0436,0.0,-0.0205
7494,73,North,Salaried,Construction,2026Q1,93787.41,641.0,39.4,0.0,66.69,135903.7,0.4332,0.03729,0,-0.0369,0.003,-0.0004,-0.0258,0.0,-0.0041
7495,53,South,Business,Manufacturing,2026Q1,98356.66,577.0,56.3,77.02,38.8,97585.13,0.5935,0.35299,0,-0.0511,0.1483,0.0674,0.067,0.0,0.0
7496,54,South,Salaried,Healthcare,2026Q1,59078.33,678.0,64.28,62.38,73.54,116467.62,0.4306,0.17207,0,-0.0292,-0.0364,0.0425,0.0148,0.0,-0.0132
7497,65,West,Salaried,Retail,2026Q1,116379.8,,55.56,26.78,73.25,105763.54,0.4152,0.05547,0,-0.0314,-0.0322,0.0117,-0.0137,0.0049,-0.0055
7498,50,West,SelfEmployed,Retail,2026Q1,64227.71,539.0,31.56,42.77,34.8,53784.58,0.4628,0.26443,0,-0.0317,0.2036,-0.0384,-0.0195,0.026,0.0628
7499,40,East,Salaried,Transport,2026Q1,77627.78,597.0,53.57,90.58,100.0,198955.27,0.5658,0.3429,0,0.0315,0.1204,0.0596,0.1026,0.0,-0.028
7500,62,South,Salaried,Healthcare,2026Q1,73522.45,645.0,46.69,28.71,73.47,112855.54,0.4522,0.04734,0,-0.0373,0.0034,0.008,-0.0182,0.0,-0.008
7501,48,South,SelfEmployed,Manufacturing,2026Q1,94490.12,706.0,35.35,70.65,46.64,111659.59,0.3433,0.10615,0,-0.0078,-0.0707,-0.0087,0.0202,0.0,0.024
7502,61,West,Business,Healthcare,2026Q1,134059.51,441.0,70.97,84.48,90.6,276257.25,0.4684,0.7503,1,-0.0763,0.518,0.1346,0.0867,0.0237,0.0
7503,49,North,Business,Healthcare,2026Q1,109913.78,575.0,49.27,40.73,60.95,297770.71,0.4677,0.22797,1,-0.0209,0.1177,0.032,-0.0208,0.0,0.0
7504,74,East,Business,Retail,2026Q1,101726.32,445.0,35.1,23.81,58.03,91797.54,0.4079,0.29581,0,-0.1881,0.245,-0.0204,-0.0681,0.0,0.0
7505,49,South,Salaried,IT,2026Q1,84415.5,,45.9,53.1,47.57,188014.71,0.4145,0.10855,0,-0.0102,-0.0198,0.0098,0.0032,0.0,-0.011
7506,43,South,Salaried,Manufacturing,2026Q1,68300.34,618.0,51.45,42.33,78.38,45160.46,0.3947,0.16473,0,0.0081,0.046,0.0312,-0.0139,0.0,-0.0183
7507,54,South,Salaried,Transport,2026Q1,60993.42,688.0,74.71,53.55,90.08,95741.65,0.3049,0.10069,0,-0.029,-0.0512,0.0557,0.0044,0.0,-0.0132
7508,45,West,SelfEmployed,Construction,2026Q1,102464.81,602.0,56.26,34.92,56.67,303714.78,0.4679,0.27674,1,0.0,0.0977,0.0633,-0.0392,0.0245,0.0587
7509,40,South,Salaried,Healthcare,2026Q1,114053.38,602.0,37.56,35.01,63.1,312958.41,0.5043,0.17597,1,0.0183,0.0602,-0.0068,-0.0261,0.0,-0.0171
7510,65,West,Salaried,Retail,2026Q1,117891.86,642.0,58.58,60.8,44.87,238701.18,0.5204,0.12768,0,-0.0763,0.0095,0.036,0.0138,0.0128,-0.014
7511,36,West,Salaried,IT,2026Q1,46593.93,623.0,50.32,4.27,53.81,139732.96,0.4361,0.16953,0,0.0292,0.0339,0.0243,-0.0836,0.0146,-0.0159
7512,61,South,Business,Construction,2026Q1,143367.98,582.0,23.05,53.99,73.52,270074.89,0.4186,0.10171,0,-0.0579,0.0619,-0.0422,0.0052,0.0,0.0
7513,67,North,Salaried,Manufacturing,2026Q1,85262.59,677.0,26.51,34.42,79.81,131784.47,0.4014,0.03621,0,-0.025,-0.0103,-0.0092,-0.0062,0.0,-0.0038
7514,46,North,Business,Transport,2026Q1,85109.39,693.0,35.3,49.25,57.06,119159.61,0.5481,0.08907,1,-0.0019,-0.0388,-0.0066,-0.0006,0.0,0.0
7515,53,East,Business,Retail,2026Q1,85404.7,640.0,32.1,11.38,56.18,174230.52,0.3586,0.088,0,-0.0148,0.0063,-0.0101,-0.034,0.0,0.0
7516,41,West,Business,Transport,2026Q1,90872.19,712.0,30.51,90.16,59.32,52991.84,0.4006,0.11358,0,0.0104,-0.0854,-0.0197,0.0385,0.0111,0.0
7517,62,East,Business,Manufacturing,2026Q1,69974.07,718.0,55.22,52.05,48.01,123404.53,0.3463,0.05638,0,-0.0306,-0.0544,0.0138,0.0013,0.0,0.0
7518,36,East,Salaried,IT,2026Q1,50969.0,,63.09,69.94,76.2,65037.59,0.5292,0.45645,0,0.06,0.1756,0.1069,0.057,0.0,-0.0295
7519,61,West,Salaried,Manufacturing,2026Q1,112073.56,619.0,27.26,24.2,65.98,150728.45,0.3962,0.06734,0,-0.0344,0.0186,-0.018,-0.0224,0.0072,-0.008
7520,50,East,Salaried,Healthcare,2026Q1,127759.07,643.0,45.67,33.72,69.89,226935.87,0.3,0.08592,0,-0.0131,0.0066,0.0096,-0.0187,0.0,-0.0112
7521,40,North,Salaried,Healthcare,2026Q1,32219.06,509.0,,49.65,39.14,24107.59,0.4402,0.47491,1,0.0349,0.3407,0.1347,-0.001,0.0,-0.0296
7522,42,North,Business,Healthcare,2026Q1,107896.59,625.0,62.04,48.02,79.77,164879.48,0.4513,0.21292,0,0.0148,0.046,0.0702,-0.0043,0.0,0.0
7523,55,West,SelfEmployed,Transport,2026Q1,71862.65,609.0,42.9,56.07,46.36,154670.69,0.5116,0.27534,0,-0.0528,0.0693,0.01,0.0125,0.0203,0.0482
7524,37,East,Business,Retail,2026Q1,76098.82,567.0,40.27,46.21,52.29,161801.74,0.5423,0.31064,0,0.0447,0.1528,0.0011,-0.0096,0.0,0.0
7525,56,West,Salaried,Manufacturing,2026Q1,63724.18,634.0,72.27,45.86,42.51,99741.68,0.3619,0.14938,0,-0.0509,0.025,0.0784,-0.0076,0.0174,-0.0187
7526,52,East,Salaried,Transport,2026Q1,100931.37,553.0,69.98,50.07,48.13,162310.64,0.4268,0.35701,1,-0.046,0.1957,0.1229,0.0002,0.0,-0.0279
7527,45,South,SelfEmployed,Manufacturing,2026Q1,94919.4,512.0,72.02,45.19,57.07,260725.66,0.4675,0.63223,1,0.0,0.3549,0.1581,-0.0136,0.0,0.0732
7528,55,South,Salaried,Transport,2026Q1,87776.52,455.0,,40.09,54.79,181317.09,0.4865,0.48431,1,-0.0697,0.3572,0.0223,-0.0295,0.0,-0.0298
7529,41,North,Business,Retail,2026Q1,101977.0,,44.46,35.63,48.58,289908.57,0.3514,0.39849,1,0.0273,0.3049,0.0217,-0.0427,0.0,0.0
7530,47,North,Salaried,IT,2026Q1,89669.21,535.0,30.28,68.06,88.29,128856.15,0.4571,0.29771,0,-0.0119,0.1931,-0.0425,0.0436,0.0,-0.0259
7531,45,East,Salaried,Transport,2026Q1,56215.57,619.0,52.15,27.78,76.57,85021.16,0.3763,0.11429,0,0.0,0.038,0.0281,-0.0368,0.0,-0.0158
7532,36,West,Business,Healthcare,2026Q1,89470.05,639.0,41.15,20.52,72.13,231420.22,0.4835,0.15509,0,0.0283,0.0142,0.0028,-0.0491,0.0141,0.0
7533,46,West,SelfEmployed,Retail,2026Q1,74097.32,,48.05,47.89,83.5,162473.65,0.5852,0.26643,1,-0.0064,0.1581,0.0358,-0.0058,0.0269,0.0651
7534,32,West,SelfEmployed,IT,2026Q1,59246.88,,11.08,59.35,52.08,183254.92,0.4704,0.14533,0,0.0412,-0.0117,-0.0901,0.0139,0.0148,0.0347
7535,44,West,Salaried,Construction,2026Q1,84875.45,638.0,41.41,100.0,65.06,119774.26,0.3986,0.21973,1,0.005,0.0231,0.0051,0.0918,0.0211,-0.0225
7536,31,West,Salaried,Transport,2026Q1,87981.69,556.0,69.13,33.35,60.18,246733.19,0.4495,0.5414,1,0.095,0.2288,0.1382,-0.0499,0.0297,-0.0299
7537,38,West,Business,Construction,2026Q1,83960.54,551.0,50.49,50.39,21.98,193798.96,0.5906,0.47713,0,0.0468,0.2234,0.05,0.0011,0.0289,0.0
7538,40,East,SelfEmployed,Healthcare,2026Q1,109879.6,700.0,4.0,39.3,74.79,157802.26,0.2768,0.04396,0,0.0065,-0.0347,-0.0491,-0.0067,0.0,0.0129
7539,54,South,Business,Manufacturing,2026Q1,93838.58,,58.91,48.99,52.92,117070.04,0.4677,0.24423,0,-0.0506,0.1166,0.0649,-0.0023,0.0,0.0
7540,39,North,Salaried,Manufacturing,2026Q1,40769.04,735.0,68.07,61.38,62.2,30753.71,0.456,0.07622,0,0.0148,-0.1254,0.0424,0.0122,0.0,-0.0119
7541,36,West,Business,Retail,2026Q1,59262.37,530.0,23.62,30.48,46.93,71055.72,0.5675,0.26984,0,0.0507,0.2005,-0.0736,-0.0518,0.0249,0.0
7542,45,South,Salaried,IT,2026Q1,48223.79,599.0,51.69,55.92,58.86,129402.12,0.2909,0.1985,0,0.0,0.0846,0.0389,0.0124,0.0,-0.022
7543,71,North,Business,IT,2026Q1,122403.57,513.0,43.18,30.02,100.0,308621.08,0.4065,0.21616,0,-0.1436,0.1519,0.0102,-0.042,0.0,0.0
7544,31,North,Business,Transport,2026Q1,113752.35,481.0,,38.41,10.31,68403.1,0.4506,0.64239,0,0.0958,0.4164,0.0767,-0.0323,0.0,0.0
7545,57,South,Business,Retail,2026Q1,123493.03,570.0,59.18,66.09,78.4,247378.34,0.4358,0.26442,1,-0.0753,0.1505,0.0746,0.0392,0.0,0.0
7546,54,West,SelfEmployed,Retail,2026Q1,109163.36,665.0,45.31,39.9,100.0,103704.79,0.3774,0.15095,0,-0.0299,-0.019,0.011,-0.0137,0.0124,0.0289
7547,73,West,SelfEmployed,Transport,2026Q1,139362.44,572.0,49.11,44.89,21.96,261418.68,0.4286,0.2712,1,-0.1573,0.1079,0.0285,-0.0103,0.0191,0.0452
7548,53,South,Business,Healthcare,2026Q1,111150.65,655.0,76.83,71.39,46.74,147718.27,0.4099,0.20495,0,-0.0415,-0.0097,0.103,0.0416,0.0,0.0
7549,50,West,Salaried,Healthcare,2026Q1,101759.73,556.0,95.0,95.2,71.38,336552.64,0.4512,0.61102,0,-0.0315,0.2526,0.2682,0.1315,0.028,-0.0271
7550,50,East,Salaried,Retail,2026Q1,83053.47,708.0,60.84,71.08,51.81,152815.37,0.3906,0.11796,0,-0.0135,-0.0748,0.0323,0.0209,0.0,-0.0115
7551,49,South,Business,Transport,2026Q1,79381.38,559.0,52.84,48.61,47.63,161372.76,0.5008,0.29903,0,-0.0243,0.1664,0.0516,-0.0036,0.0,0.0
7552,57,South,SelfEmployed,Retail,2026Q1,73112.19,716.0,39.23,29.98,73.88,199006.15,0.4979,0.04876,0,-0.0182,-0.0472,-0.0007,-0.0125,0.0,0.0122
7553,44,East,Salaried,Construction,2026Q1,68694.68,619.0,47.27,31.4,11.25,190301.93,0.5691,0.14785,1,0.0034,0.0373,0.0171,-0.0298,0.0,-0.0155
7554,75,North,SelfEmployed,Transport,2026Q1,80350.61,545.0,49.55,24.95,75.19,166177.5,0.4499,0.20381,1,-0.1625,0.1217,0.0278,-0.0508,0.0,0.0421
7555,59,East,SelfEmployed,IT,2026Q1,90950.37,557.0,50.88,32.86,76.06,181198.26,0.5535,0.36381,0,-0.0833,0.1515,0.0404,-0.0422,0.0,0.0546
7556,48,North,Salaried,Transport,2026Q1,73491.47,642.0,13.71,47.18,82.22,220919.59,0.4465,0.06342,0,-0.0055,0.0053,-0.0416,-0.0022,0.0,-0.008
7557,47,West,SelfEmployed,Healthcare,2026Q1,102351.74,538.0,38.92,43.14,70.33,135729.86,0.3776,0.40765,1,-0.0134,0.2317,-0.0051,-0.0197,0.0281,0.0684
7558,50,West,SelfEmployed,Manufacturing,2026Q1,86445.89,634.0,44.62,42.36,77.45,272836.15,0.3692,0.15079,0,-0.0219,0.0249,0.0134,-0.0141,0.0173,0.0408
7559,49,South,Business,Construction,2026Q1,118149.69,566.0,42.89,57.89,60.22,337245.89,0.5351,0.208,0,-0.0227,0.1428,0.0113,0.0183,0.0,0.0
7560,57,East,Salaried,Manufacturing,2026Q1,79239.21,541.0,54.45,58.99,24.78,108098.3,0.5311,0.35145,0,-0.0758,0.1896,0.058,0.0225,0.0,-0.0261
7561,53,East,Business,Construction,2026Q1,80721.65,557.0,77.25,52.57,50.46,79856.46,0.5572,0.38503,0,-0.055,0.2092,0.1613,0.0074,0.0,0.0
7562,66,West,SelfEmployed,Retail,2026Q1,136007.44,509.0,57.99,60.11,55.62,375689.35,0.4962,0.50739,0,-0.1444,0.3157,0.0882,0.0302,0.0298,0.0738
7563,39,East,Salaried,Construction,2026Q1,92250.39,623.0,56.07,100.0,54.97,128050.23,0.3393,0.3561,1,0.0364,0.0627,0.0675,0.1185,0.0,-0.0273
7564,49,West,SelfEmployed,Healthcare,2026Q1,90797.09,628.0,60.87,60.47,45.5,163436.32,0.581,0.32692,1,-0.0239,0.048,0.0795,0.0256,0.0245,0.0588
7565,39,West,SelfEmployed,IT,2026Q1,68627.19,,71.13,71.43,50.09,33839.03,0.4621,0.59501,1,0.0404,0.2348,0.1534,0.0623,0.0287,0.0729
7566,45,West,Business,Transport,2026Q1,132867.26,560.0,94.69,65.74,73.2,411916.47,0.4243,0.63413,0,0.0,0.2424,0.2662,0.0458,0.0289,0.0
7567,44,West,Business,IT,2026Q1,91472.04,,53.4,41.52,65.04,208444.2,0.3821,0.54615,1,0.007,0.3076,0.0659,-0.0254,0.0298,0.0
7568,59,West,SelfEmployed,Healthcare,2026Q1,113179.14,,52.98,68.56,42.51,261410.79,0.3909,0.37028,0,-0.0946,0.172,0.0577,0.0498,0.0273,0.0662
7569,43,East,Salaried,Transport,2026Q1,102098.6,,54.5,33.12,72.62,190661.15,0.4802,0.15873,0,0.0064,0.0075,0.0304,-0.0254,0.0,-0.0146
7570,65,North,SelfEmployed,Manufacturing,2026Q1,110864.5,566.0,54.94,22.3,63.48,185464.76,0.4484,0.19978,0,-0.1078,0.115,0.0455,-0.0606,0.0,0.0456
7571,66,East,Business,Construction,2026Q1,89880.84,630.0,37.51,72.28,29.82,161558.18,0.2835,0.10518,0,-0.0715,0.0196,-0.0049,0.0234,0.0,0.0
7572,58,West,SelfEmployed,Construction,2026Q1,93233.74,653.0,50.38,94.65,62.53,113348.94,0.3732,0.27937,0,-0.0714,-0.006,0.0352,0.0825,0.0208,0.0495
7573,37,North,Business,Retail,2026Q1,75462.06,532.0,37.34,38.73,71.01,200163.97,0.3965,0.33003,0,0.0491,0.2221,-0.0122,-0.0314,0.0,0.0
7574,66,East,Salaried,Healthcare,2026Q1,95276.47,,64.96,61.5,42.6,272316.22,0.3323,0.03455,0,-0.0279,-0.0798,0.0143,0.0046,0.0,-0.0045
7575,45,South,Business,Healthcare,2026Q1,97696.81,675.0,95.0,17.7,62.63,96643.11,0.43,0.16743,0,0.0,-0.0443,0.1122,-0.0645,0.0,0.0
7576,46,East,Salaried,Retail,2026Q1,70665.74,589.0,54.09,89.29,39.56,81730.2,0.3105,0.30274,0,-0.0063,0.1309,0.0599,0.0963,0.0,-0.0273
7577,56,South,Salaried,Construction,2026Q1,80133.66,494.0,62.79,42.12,46.2,118027.56,0.4872,0.45062,1,-0.0764,0.3079,0.106,-0.0233,0.0,-0.0296
7578,41,West,Business,IT,2026Q1,90925.51,543.0,68.72,53.64,66.32,278026.66,0.6559,0.51424,0,0.028,0.2695,0.1411,0.0109,0.03,0.0
7579,64,East,Business,Manufacturing,2026Q1,81698.96,746.0,,42.55,88.4,190980.33,0.3335,0.02369,0,-0.0151,-0.0392,-0.0036,-0.002,0.0,0.0
7580,59,East,Business,Healthcare,2026Q1,98349.51,644.0,61.59,45.99,69.82,163489.85,0.5329,0.11352,0,-0.0514,0.0073,0.0418,-0.0056,0.0,0.0
7581,75,South,Salaried,IT,2026Q1,108764.03,576.0,55.77,14.53,44.0,191850.17,0.4098,0.09038,0,-0.104,0.0527,0.0248,-0.045,0.0,-0.0112
7582,53,South,Business,IT,2026Q1,102158.32,583.0,24.91,29.23,71.08,95132.78,0.3456,0.13357,1,-0.0258,0.059,-0.0358,-0.029,0.0,0.0
7583,49,South,Business,Construction,2026Q1,81689.29,709.0,46.1,48.36,57.12,212631.73,0.2127,0.06268,0,-0.0075,-0.0549,0.0074,-0.0013,0.0,0.0
7584,72,West,Business,Retail,2026Q1,106880.09,,6.83,56.4,80.86,239586.94,0.5152,0.04866,0,-0.0446,0.0031,-0.0375,0.0031,0.0047,0.0
7585,29,South,Business,Healthcare,2026Q1,50118.38,587.0,20.96,71.1,64.97,69451.14,0.4734,0.27778,0,0.0813,0.1177,-0.0829,0.0483,0.0,0.0
7586,53,East,Salaried,Healthcare,2026Q1,69822.53,502.0,28.06,49.54,37.23,226796.66,0.2681,0.29877,1,-0.0479,0.2137,-0.0512,-0.0011,0.0,-0.0252
7587,49,East,Salaried,Retail,2026Q1,46541.71,,25.11,100.0,60.02,95702.75,0.4462,0.28135,1,-0.019,0.075,-0.0532,0.0818,0.0,-0.0204
7588,64,West,Salaried,Healthcare,2026Q1,89341.03,,71.0,60.05,59.23,242872.66,0.3012,0.16324,0,-0.0785,-0.0055,0.0609,0.0142,0.0141,-0.0154
7589,75,West,SelfEmployed,Construction,2026Q1,119817.39,648.0,29.11,63.11,22.33,340257.1,0.6044,0.10345,1,-0.0899,0.0017,-0.0181,0.0112,0.0086,0.0201
7590,43,East,Business,Retail,2026Q1,76615.88,545.0,,32.54,66.45,162527.38,0.462,0.29463,0,0.0123,0.197,0.0537,-0.048,0.0,0.0
7591,63,East,Salaried,Transport,2026Q1,52011.94,613.0,46.32,71.94,100.0,153065.0,0.4079,0.15462,0,-0.0741,0.0435,0.0149,0.0296,0.0,-0.0155
7592,65,West,SelfEmployed,Healthcare,2026Q1,118091.83,653.0,45.96,60.22,49.1,192222.53,0.3928,0.16679,0,-0.0784,-0.0038,0.0131,0.0135,0.0132,0.0308
7593,64,North,Business,IT,2026Q1,112471.71,712.0,40.62,81.45,5.0,331348.79,0.4336,0.06476,0,-0.0373,-0.0511,0.0007,0.0177,0.0,0.0
7594,53,East,Salaried,Retail,2026Q1,68059.54,590.0,36.64,18.13,50.5,160823.37,0.4161,0.10822,0,-0.024,0.0503,-0.0068,-0.0436,0.0,-0.0124
7595,58,North,Business,Retail,2026Q1,86751.88,737.0,60.07,0.0,100.0,232250.95,0.307,0.02926,0,-0.0127,-0.0448,0.0098,-0.0235,0.0,0.0
7596,40,North,Salaried,Retail,2026Q1,88230.63,649.0,8.58,50.04,38.68,78911.03,0.4688,0.06309,0,0.0089,0.0007,-0.0554,0.0,0.0,-0.0085
7597,70,North,Salaried,Transport,2026Q1,106938.58,575.0,64.47,63.85,84.13,236465.63,0.3794,0.20616,0,-0.1408,0.1082,0.0715,0.0268,0.0,-0.021
7598,38,South,SelfEmployed,Manufacturing,2026Q1,90964.55,546.0,41.05,68.99,45.17,51719.76,0.5359,0.4563,1,0.0487,0.2542,0.0052,0.0565,0.0,0.074
7599,39,East,Salaried,Transport,2026Q1,43929.18,466.0,51.47,49.71,66.07,58970.32,0.5927,0.55551,1,0.0413,0.4285,0.0565,-0.0008,0.0,-0.0288
7600,47,West,SelfEmployed,Healthcare,2026Q1,96178.94,547.0,58.77,96.06,58.68,104354.26,0.4338,0.64099,1,-0.0131,0.2754,0.0917,0.136,0.0287,0.0729
7601,44,West,Business,Retail,2026Q1,71761.26,717.0,68.9,45.15,41.15,109298.39,0.2676,0.10981,0,0.0029,-0.1,0.0479,-0.0062,0.0119,0.0
7602,55,West,SelfEmployed,Retail,2026Q1,68083.77,585.0,,47.27,40.71,152701.42,0.4252,0.24954,1,-0.0533,0.1027,-0.0141,-0.0059,0.0206,0.0489
7603,47,West,Salaried,IT,2026Q1,77831.81,504.0,41.13,55.83,82.3,86484.82,0.4749,0.42736,1,-0.0137,0.2951,0.0055,0.017,0.029,-0.0295
7604,40,East,Salaried,Construction,2026Q1,80782.04,558.0,22.82,26.09,86.57,133841.16,0.3453,0.23709,1,0.0193,0.1036,-0.0553,-0.0454,0.0,-0.018
7605,38,East,Business,Construction,2026Q1,85903.81,618.0,,48.44,66.78,133178.29,0.2726,0.23621,1,0.0342,0.0588,0.0481,-0.0035,0.0,0.0
7606,63,East,Salaried,Transport,2026Q1,94222.33,592.0,,34.94,42.27,79761.96,0.2847,0.23262,1,-0.0965,0.088,0.1059,-0.0319,0.0,-0.0208
7607,56,West,Salaried,Healthcare,2026Q1,65486.36,641.0,39.48,61.46,58.0,155627.58,0.5227,0.10434,0,-0.0355,0.0098,-0.0011,0.0134,0.0117,-0.0129
7608,36,East,Business,Retail,2026Q1,47965.55,592.0,44.14,43.48,55.71,101838.65,0.5116,0.24656,0,0.0453,0.1029,0.0155,-0.0153,0.0,0.0
7609,57,West,Business,Transport,2026Q1,110478.73,575.0,55.64,45.53,69.05,70375.72,0.3453,0.25088,0,-0.0686,0.1238,0.0545,-0.0103,0.022,0.0
7610,46,North,Business,Healthcare,2026Q1,96814.06,611.0,46.6,41.11,58.07,242566.81,0.5246,0.18517,0,-0.0042,0.0547,0.0186,-0.0162,0.0,0.0
7611,33,West,Salaried,Construction,2026Q1,56919.33,538.0,60.89,56.94,49.3,151712.2,0.4816,0.52572,1,0.0838,0.2824,0.1039,0.0208,0.03,-0.0298
7612,36,East,Business,Transport,2026Q1,75339.47,,47.27,78.25,49.65,138780.46,0.464,0.24987,0,0.0475,0.0477,0.0281,0.0625,0.0,0.0
7613,61,East,Salaried,Transport,2026Q1,92679.81,547.0,63.7,30.62,56.95,161463.79,0.1571,0.27025,0,-0.0911,0.1486,0.0761,-0.0451,0.0,-0.0227
7614,65,West,Salaried,Manufacturing,2026Q1,87021.23,602.0,40.58,48.95,89.49,181129.6,0.3829,0.13077,0,-0.0732,0.0459,0.0012,-0.0013,0.0122,-0.0134
7615,58,North,SelfEmployed,IT,2026Q1,108954.58,636.0,49.55,65.48,95.76,78059.73,0.5179,0.2143,0,-0.0612,0.0221,0.0271,0.0264,0.0,0.041
7616,42,North,Business,IT,2026Q1,102328.55,590.0,32.71,56.87,69.63,107758.05,0.266,0.22012,0,0.014,0.0925,-0.026,0.0138,0.0,0.0
7617,56,West,Salaried,Transport,2026Q1,84882.65,,37.67,80.72,65.09,82889.88,0.5708,0.21702,1,-0.0496,0.0521,-0.0069,0.0478,0.0169,-0.0183
7618,55,South,Business,Retail,2026Q1,96489.71,662.0,49.83,4.66,43.89,174593.95,0.4771,0.06088,0,-0.0185,-0.0082,0.0106,-0.0405,0.0,0.0
7619,22,North,Salaried,Healthcare,2026Q1,60662.1,,48.04,34.45,54.39,50964.86,0.4363,0.31415,1,0.1351,0.1839,0.0368,-0.0446,0.0,-0.0285
7620,56,West,SelfEmployed,IT,2026Q1,42610.1,,63.71,46.25,60.69,31537.29,0.3161,0.09498,0,-0.0294,-0.1034,0.033,-0.0039,0.0096,0.0224
7621,52,East,Salaried,Transport,2026Q1,81710.47,529.0,53.36,59.73,79.4,161920.49,0.5309,0.27866,0,-0.0465,0.2335,0.0595,0.0266,0.0,-0.0283
7622,75,West,Salaried,Manufacturing,2026Q1,74627.19,698.0,46.11,43.31,55.59,130153.98,0.4329,0.0379,0,-0.0441,-0.0238,0.0041,-0.0029,0.004,-0.0045
7623,72,West,SelfEmployed,Retail,2026Q1,116472.94,644.0,40.46,41.58,46.24,105026.11,0.4007,0.09427,0,-0.0841,0.0053,0.0008,-0.0086,0.0094,0.0218
7624,49,South,Business,Healthcare,2026Q1,111454.92,646.0,50.44,45.53,57.66,268800.78,0.4715,0.09671,0,-0.0136,0.005,0.0225,-0.0064,0.0,0.0
7625,55,North,Salaried,Retail,2026Q1,39747.24,683.0,62.98,41.19,79.94,116176.46,0.3255,0.06242,1,-0.0248,-0.0333,0.03,-0.0087,0.0,-0.0099
7626,51,North,Business,Transport,2026Q1,109135.49,616.0,37.17,76.44,73.65,298793.25,0.3888,0.15878,0,-0.0267,0.0499,-0.0087,0.0431,0.0,0.0
7627,45,South,Salaried,Construction,2026Q1,74698.23,628.0,92.31,56.51,66.54,43843.19,0.4048,0.32818,1,0.0,0.0512,0.1829,0.0171,0.0,-0.0271
7628,35,North,Salaried,IT,2026Q1,76538.16,621.0,26.27,44.87,60.49,68360.34,0.3865,0.11492,0,0.0306,0.0344,-0.0366,-0.0076,0.0,-0.0152
7629,43,West,SelfEmployed,IT,2026Q1,100711.85,674.0,35.06,55.5,47.54,88821.05,0.4236,0.17616,0,0.0068,-0.036,-0.0127,0.008,0.0143,0.0335
7630,45,West,Salaried,Construction,2026Q1,80575.62,686.0,40.61,20.23,55.98,193219.49,0.3989,0.05242,0,0.0,-0.028,0.0007,-0.0249,0.0068,-0.0075
7631,63,East,Salaried,Retail,2026Q1,95309.21,616.0,62.99,35.82,50.34,154787.7,0.4858,0.14723,0,-0.0679,0.0365,0.0435,-0.0203,0.0,-0.0141
7632,52,South,SelfEmployed,Healthcare,2026Q1,69992.79,,71.36,36.25,44.22,116323.09,0.4752,0.24691,1,-0.0442,0.1213,0.1196,-0.037,0.0,0.0617
7633,44,East,Business,Construction,2026Q1,74996.32,,42.67,72.98,46.74,169085.2,0.5493,0.45222,1,0.0067,0.2233,0.0127,0.0635,0.0,0.0
7634,42,West,Business,Construction,2026Q1,124959.45,630.0,34.09,78.81,56.66,254171.74,0.3027,0.23927,0,0.0138,0.0347,-0.0206,0.0525,0.0195,0.0
7635,55,North,Business,Healthcare,2026Q1,118511.47,583.0,33.49,33.76,69.29,159954.55,0.5356,0.1073,0,-0.0372,0.0676,-0.0164,-0.0251,0.0,0.0
7636,47,North,Salaried,Transport,2026Q1,86738.96,495.0,63.3,75.22,61.44,226880.33,0.4367,0.5901,1,-0.0135,0.3814,0.1156,0.0748,0.0,-0.0288
7637,38,South,Business,IT,2026Q1,68059.43,607.0,28.39,53.37,57.73,100610.1,0.378,0.20194,0,0.0279,0.0615,-0.0378,0.0061,0.0,0.0
7638,40,East,SelfEmployed,Retail,2026Q1,86500.67,620.0,52.78,43.34,67.26,106233.11,0.3722,0.32321,0,0.0266,0.0596,0.0471,-0.016,0.0,0.0547
7639,69,West,SelfEmployed,Healthcare,2026Q1,98381.33,670.0,54.23,36.83,37.56,275735.93,0.3443,0.07129,0,-0.0732,-0.02,0.0211,-0.014,0.0095,0.0221
7640,49,West,Salaried,Transport,2026Q1,120290.47,614.0,53.57,42.76,19.57,313597.99,0.3834,0.23563,0,-0.0175,0.0525,0.0375,-0.0135,0.0174,-0.0188
7641,62,North,Salaried,Transport,2026Q1,116828.13,546.0,,44.8,31.95,167739.99,0.4881,0.16795,1,-0.0793,0.1112,-0.0136,-0.0092,0.0,-0.0179
7642,31,South,Business,IT,2026Q1,64001.71,,27.95,17.43,71.0,131265.63,0.5303,0.10263,0,0.0218,-0.0299,-0.0176,-0.0304,0.0,0.0
7643,63,South,SelfEmployed,Construction,2026Q1,87601.36,474.0,48.04,43.38,94.62,183734.65,0.5169,0.53943,0,-0.1249,0.3541,0.0397,-0.0198,0.0,0.0734
7644,59,North,SelfEmployed,Construction,2026Q1,93138.13,511.0,57.93,48.95,53.82,63905.74,0.4073,0.31542,1,-0.0977,0.3034,0.0868,-0.0031,0.0,0.073
7645,60,West,Salaried,Construction,2026Q1,113321.95,597.0,42.05,20.47,71.03,218917.8,0.3341,0.12126,0,-0.048,0.0451,0.0039,-0.0395,0.0111,-0.0122
7646,32,East,Business,Construction,2026Q1,99715.06,594.0,58.19,37.7,30.16,165481.61,0.4117,0.3127,0,0.0736,0.1173,0.0735,-0.0329,0.0,0.0
7647,50,East,Business,Retail,2026Q1,56868.84,,45.66,38.75,31.34,98500.45,0.4305,0.20159,0,-0.0213,0.0686,0.0159,-0.0205,0.0,0.0
7648,41,East,Salaried,IT,2026Q1,80563.61,557.0,57.63,18.56,59.68,197494.31,0.3955,0.29807,0,0.0219,0.1559,0.0648,-0.0814,0.0,-0.0247
7649,37,East,Business,Manufacturing,2026Q1,105339.23,678.0,31.26,74.59,89.73,123174.84,0.3991,0.13495,0,0.0231,-0.0386,-0.0209,0.0296,0.0,0.0
7650,29,North,Business,Manufacturing,2026Q1,73366.92,600.0,44.44,48.35,61.07,138474.18,0.4195,0.32,0,0.0836,0.0999,0.018,-0.0041,0.0,0.0
7651,38,West,Salaried,Healthcare,2026Q1,80243.22,520.0,75.28,11.27,29.04,43773.67,0.5828,0.43452,0,0.0486,0.2988,0.1668,-0.115,0.0298,-0.03
7652,37,North,Salaried,Retail,2026Q1,103561.2,638.0,38.6,61.73,50.45,217939.1,0.3012,0.12638,0,0.029,0.0176,-0.0039,0.0187,0.0,-0.0174
7653,59,East,Salaried,IT,2026Q1,114309.76,559.0,53.75,32.53,33.94,208332.44,0.4617,0.21726,0,-0.0697,0.1151,0.0402,-0.0355,0.0,-0.0198
7654,43,West,SelfEmployed,Healthcare,2026Q1,91616.3,548.0,47.58,18.73,66.45,123673.53,0.4454,0.37239,1,0.0128,0.2052,0.0341,-0.0901,0.0272,0.0659
7655,48,South,Business,Construction,2026Q1,100422.0,,39.87,45.95,41.12,172459.18,0.4741,0.20013,1,-0.0121,0.0573,-0.0004,-0.0069,0.0,0.0
7656,63,East,SelfEmployed,Retail,2026Q1,100158.21,721.0,61.3,86.34,81.37,252794.01,0.4362,0.12261,0,-0.0606,-0.1038,0.0358,0.0365,0.0,0.0265
7657,51,West,Salaried,IT,2026Q1,92086.39,464.0,37.18,47.47,40.67,126269.55,0.5951,0.43995,0,-0.0419,0.3611,-0.014,-0.0076,0.0296,-0.0299
7658,42,South,Salaried,IT,2026Q1,70381.04,500.0,65.41,34.37,41.51,72713.66,0.4731,0.51052,0,0.021,0.3371,0.1241,-0.0468,0.0,-0.03
7659,52,South,Salaried,Retail,2026Q1,101876.75,549.0,59.42,63.33,92.92,247291.77,0.4262,0.41086,0,-0.0459,0.2007,0.0829,0.0356,0.0,-0.0279
7660,41,North,Salaried,Healthcare,2026Q1,54534.3,724.0,25.95,30.72,31.41,50795.17,0.428,0.03736,0,0.0037,-0.0419,-0.0112,-0.009,0.0,-0.0044
7661,31,North,SelfEmployed,Transport,2026Q1,60959.83,535.0,60.85,81.88,83.85,129774.47,0.3071,0.60618,1,0.0892,0.304,0.0952,0.0869,0.0,0.0674
7662,54,South,Salaried,IT,2026Q1,77492.07,681.0,49.71,46.14,41.95,78775.9,0.4169,0.09482,0,-0.0194,-0.0273,0.0124,-0.0033,0.0,-0.0087
7663,57,West,SelfEmployed,IT,2026Q1,117572.27,669.0,30.8,62.69,39.49,282275.17,0.4428,0.09142,0,-0.037,-0.0219,-0.0191,0.0139,0.0111,0.0258
7664,48,North,Salaried,Construction,2026Q1,93729.95,686.0,39.43,10.51,77.7,297475.56,0.42,0.04139,0,-0.0038,-0.0208,-0.0005,-0.0258,0.0,-0.0055
7665,49,West,Business,Retail,2026Q1,100710.34,548.0,34.9,48.67,60.67,116376.22,0.4243,0.2449,0,-0.0232,0.1683,-0.0211,-0.0032,0.0236,0.0
7666,45,East,SelfEmployed,Construction,2026Q1,90979.08,616.0,53.57,23.87,38.72,180587.25,0.4617,0.217,0,0.0,0.0556,0.0417,-0.0569,0.0,0.0457
7667,67,East,Salaried,Healthcare,2026Q1,60543.71,657.0,78.84,41.37,48.55,42187.5,0.4401,0.10342,0,-0.0763,-0.0078,0.0563,-0.0106,0.0,-0.0123
7668,53,South,Business,Construction,2026Q1,110563.08,637.0,47.69,52.61,27.97,70373.11,0.4778,0.15084,0,-0.0286,0.016,0.0171,0.0036,0.0,0.0
7669,49,East,Salaried,Transport,2026Q1,60295.22,803.0,39.32,38.02,30.04,115997.75,0.4114,0.02058,0,-0.002,-0.0703,-0.0002,-0.0027,0.0,-0.0022
7670,61,West,SelfEmployed,Healthcare,2026Q1,86728.28,740.0,47.67,37.41,65.67,85132.12,0.4137,0.03722,0,-0.0256,-0.0728,0.0067,-0.0075,0.0053,0.0122
7671,62,North,Business,Retail,2026Q1,162785.5,690.0,46.12,78.7,43.74,420000.0,0.4199,0.05758,1,-0.0443,-0.0403,0.0089,0.0228,0.0,0.0
7672,55,West,Salaried,Transport,2026Q1,94206.5,660.0,56.76,0.0,87.77,301356.36,0.3882,0.06211,0,-0.0203,-0.0074,0.0186,-0.0499,0.0073,-0.0081
7673,61,East,Business,Construction,2026Q1,108194.34,665.0,41.0,64.72,43.91,256106.81,0.4609,0.09969,0,-0.0423,-0.0139,0.0016,0.0129,0.0,0.0
7674,56,East,Salaried,Healthcare,2026Q1,82072.8,686.0,2.0,42.91,36.7,219647.5,0.5696,0.02781,0,-0.0091,-0.0122,-0.0281,-0.0023,0.0,-0.0032
7675,51,East,Salaried,Retail,2026Q1,104033.78,,,33.25,55.42,294924.76,0.4772,0.04616,0,-0.0071,-0.0548,0.0068,-0.0086,0.0,-0.0049
7676,61,North,Salaried,Retail,2026Q1,70953.05,559.0,43.13,35.9,48.46,91158.66,0.4238,0.13625,0,-0.0711,0.0971,0.0084,-0.0246,0.0,-0.0172
7677,40,East,Salaried,Manufacturing,2026Q1,61525.76,694.0,30.39,53.6,50.62,187657.99,0.3276,0.05812,0,0.0088,-0.0396,-0.0139,0.0028,0.0,-0.0084
7678,39,North,Salaried,Healthcare,2026Q1,91523.69,632.0,43.75,59.01,40.64,100995.29,0.4603,0.19953,0,0.0234,0.0273,0.0108,0.0154,0.0,-0.0183
7679,55,East,SelfEmployed,Transport,2026Q1,93152.32,686.0,67.66,34.24,62.65,195931.91,0.4886,0.10256,0,-0.0336,-0.0495,0.0485,-0.0219,0.0,0.0289
7680,43,West,SelfEmployed,Transport,2026Q1,89393.74,620.0,34.08,53.85,54.44,156756.01,0.4144,0.23878,0,0.0097,0.053,-0.0215,0.008,0.0205,0.0486
7681,59,East,Salaried,Manufacturing,2026Q1,77848.59,584.0,45.99,3.52,82.09,133640.48,0.4352,0.07857,1,-0.0419,0.05,0.0105,-0.0636,0.0,-0.0115
7682,53,South,SelfEmployed,Retail,2026Q1,101873.9,,41.0,69.15,100.0,318591.54,0.4172,0.27668,1,-0.0477,0.1203,0.0041,0.0444,0.0,0.057
7683,73,East,SelfEmployed,IT,2026Q1,99720.79,623.0,,52.7,46.45,85905.34,0.6054,0.07441,0,-0.0834,0.0202,-0.0245,0.0025,0.0,0.0204
7684,39,South,Salaried,Manufacturing,2026Q1,41726.43,651.0,52.09,15.94,56.59,26897.42,0.4402,0.12201,0,0.0155,-0.0011,0.0217,-0.0472,0.0,-0.0124
7685,60,West,SelfEmployed,Healthcare,2026Q1,115434.69,587.0,46.98,72.57,100.0,246405.19,0.5095,0.24124,1,-0.0948,0.1236,0.0285,0.0537,0.0246,0.059
7686,45,East,Salaried,Transport,2026Q1,59868.29,516.0,84.18,55.83,25.53,192033.21,0.39,0.62724,1,0.0,0.3418,0.217,0.017,0.0,-0.0287
7687,53,West,SelfEmployed,Construction,2026Q1,68458.25,,59.3,52.51,90.18,201957.55,0.3995,0.19152,0,-0.0367,-0.0192,0.0522,0.0046,0.0177,0.0417
7688,58,East,SelfEmployed,Transport,2026Q1,77929.62,608.0,61.08,29.35,73.65,204660.85,0.6121,0.22725,1,-0.0649,0.0643,0.0594,-0.0428,0.0,0.044
7689,54,South,Business,Transport,2026Q1,100183.67,,34.63,21.77,24.75,184216.94,0.4838,0.29655,0,-0.0576,0.2606,-0.024,-0.0784,0.0,0.0
7690,56,West,SelfEmployed,Healthcare,2026Q1,80514.15,507.0,59.88,30.15,48.47,170764.26,0.5344,0.50985,0,-0.0768,0.3163,0.0968,-0.0595,0.0298,0.0737
7691,55,North,Salaried,Healthcare,2026Q1,118418.87,635.0,56.86,100.0,97.89,301570.3,0.3362,0.20555,0,-0.0522,0.0273,0.053,0.0869,0.0,-0.0215
7692,47,West,Salaried,IT,2026Q1,97879.43,661.0,9.3,39.54,68.32,297796.11,0.4248,0.06848,0,-0.0029,-0.0065,-0.0413,-0.0068,0.0058,-0.0064
7693,59,West,SelfEmployed,Manufacturing,2026Q1,98795.68,692.0,66.08,62.66,47.35,67016.95,0.2518,0.11868,1,-0.058,-0.0699,0.0562,0.0187,0.0149,0.035
7694,60,East,Salaried,Manufacturing,2026Q1,72925.41,581.0,46.22,64.54,39.06,71789.1,0.4106,0.15144,0,-0.0738,0.0922,0.0186,0.0257,0.0,-0.0194
7695,46,South,Business,Healthcare,2026Q1,109340.86,573.0,33.58,87.1,25.08,274230.77,0.4522,0.30395,0,-0.006,0.1474,-0.028,0.0859,0.0,0.0
7696,41,North,Business,Construction,2026Q1,93237.4,654.0,46.33,58.68,65.23,302549.07,0.5066,0.1646,0,0.0146,-0.006,0.0164,0.0136,0.0,0.0
7697,53,West,SelfEmployed,Healthcare,2026Q1,78821.05,558.0,,20.74,82.69,225759.46,0.446,0.24997,1,-0.0436,0.1389,-0.0072,-0.0703,0.0214,0.051
7698,52,South,Salaried,IT,2026Q1,86848.8,560.0,53.42,39.34,71.39,241108.67,0.4521,0.26322,0,-0.0379,0.1365,0.0459,-0.0243,0.0,-0.0228
7699,32,East,Salaried,Transport,2026Q1,68389.75,629.0,41.64,31.15,58.26,94602.31,0.3593,0.12766,0,0.0428,0.0285,0.0043,-0.0326,0.0,-0.0167
7700,53,West,Business,IT,2026Q1,84784.61,635.0,75.46,57.65,66.8,143257.53,0.4199,0.31494,1,-0.0445,0.0298,0.1098,0.0169,0.0219,0.0
7701,41,West,SelfEmployed,Manufacturing,2026Q1,55545.41,654.0,75.54,65.67,54.44,101489.12,0.4852,0.3586,1,0.0255,-0.0102,0.1442,0.0423,0.0273,0.0661
7702,29,North,Business,Construction,2026Q1,98567.05,624.0,52.07,65.9,71.02,220537.29,0.2272,0.34338,0,0.0876,0.0581,0.0495,0.0395,0.0,0.0
7703,54,West,SelfEmployed,Transport,2026Q1,105446.26,548.0,57.15,66.67,27.81,211427.77,0.5313,0.47388,1,-0.0629,0.2462,0.0838,0.0494,0.0298,0.0735
7704,37,North,Business,Transport,2026Q1,81670.22,592.0,75.07,96.64,33.92,170173.49,0.4178,0.58585,1,0.0559,0.1573,0.1723,0.1386,0.0,0.0
7705,64,South,Business,IT,2026Q1,117933.66,622.0,42.77,70.38,45.49,351417.66,0.4228,0.22812,1,-0.0741,0.0317,0.0063,0.0258,0.0,0.0
7706,59,East,Salaried,Manufacturing,2026Q1,105023.0,702.0,45.2,15.99,30.38,182991.57,0.3741,0.02873,0,-0.0156,-0.0249,0.0033,-0.0164,0.0,-0.0042
7707,53,East,Salaried,Retail,2026Q1,76147.32,663.0,,33.28,91.5,71819.11,0.3715,0.09382,0,-0.0206,-0.0127,0.0257,-0.0183,0.0,-0.0106
7708,65,East,Business,Retail,2026Q1,103532.66,628.0,47.16,86.14,51.66,134275.67,0.3371,0.15122,0,-0.0883,0.0292,0.0179,0.0489,0.0,0.0
7709,61,West,SelfEmployed,IT,2026Q1,130243.28,660.0,52.28,38.51,58.14,302134.63,0.3514,0.14838,0,-0.0564,-0.0122,0.0238,-0.0155,0.0122,0.0285
7710,40,North,Salaried,Manufacturing,2026Q1,60153.77,704.0,42.68,53.84,77.44,226565.23,0.3191,0.09106,0,0.0099,-0.0569,0.0039,0.0034,0.0,-0.0094
7711,61,West,Business,Construction,2026Q1,139689.89,529.0,32.25,35.89,45.82,177495.19,0.518,0.2521,0,-0.086,0.15,-0.0277,-0.0303,0.0198,0.0
7712,42,North,Salaried,Transport,2026Q1,134113.98,619.0,31.82,19.26,28.76,71698.84,0.5557,0.09498,0,0.0074,0.0272,-0.016,-0.039,0.0,-0.0115
7713,60,South,Salaried,Retail,2026Q1,94832.79,506.0,67.04,55.33,42.7,285606.93,0.4448,0.45897,0,-0.1044,0.2935,0.1241,0.0156,0.0,-0.0296
7714,45,West,Business,Retail,2026Q1,60640.04,618.0,54.3,74.46,48.63,213276.83,0.3927,0.25754,1,0.0,0.0667,0.0551,0.0565,0.024,0.0
7715,36,North,Business,Construction,2026Q1,81692.92,584.0,62.58,43.49,64.59,240771.67,0.4391,0.33219,1,0.0554,0.1446,0.0955,-0.0181,0.0,0.0
7716,55,North,Salaried,Manufacturing,2026Q1,86959.52,709.0,33.62,0.0,40.38,255111.68,0.3153,0.02859,0,-0.0074,-0.0205,-0.0031,-0.0185,0.0,-0.0029
7717,45,East,SelfEmployed,IT,2026Q1,83108.39,696.0,55.49,44.22,56.73,229882.69,0.4396,0.14829,0,0.0,-0.0679,0.0309,-0.008,0.0,0.03
7718,62,East,Salaried,Manufacturing,2026Q1,115356.7,756.0,57.79,42.68,60.89,333589.59,0.3792,0.03706,0,-0.0179,-0.062,0.0091,-0.0027,0.0,-0.0038
7719,64,East,SelfEmployed,IT,2026Q1,92978.57,599.0,37.72,47.81,54.56,97836.92,0.2722,0.13605,0,-0.0831,0.0604,-0.0061,-0.0035,0.0,0.0354
7720,31,East,Salaried,Manufacturing,2026Q1,72115.93,,40.32,35.59,91.47,231313.37,0.4769,0.1755,0,0.0453,0.0206,0.0008,-0.0243,0.0,-0.0166
7721,50,West,Business,Manufacturing,2026Q1,103272.65,614.0,71.48,13.86,67.06,251932.1,0.3322,0.17418,0,-0.0235,0.0563,0.0829,-0.0787,0.0186,0.0
7722,57,East,SelfEmployed,Manufacturing,2026Q1,103168.59,707.0,44.78,30.4,62.95,90377.9,0.3882,0.06052,0,-0.022,-0.0467,0.0052,-0.0147,0.0,0.0148
7723,51,West,Business,Manufacturing,2026Q1,80074.5,616.0,59.52,26.86,82.72,201366.31,0.4069,0.20349,0,-0.0262,0.049,0.0508,-0.0448,0.0171,0.0
7724,52,East,Salaried,Transport,2026Q1,99634.2,553.0,,65.65,69.08,95739.17,0.5158,0.25889,0,-0.0382,0.1455,-0.0199,0.0332,0.0,-0.023
7725,53,East,Salaried,Transport,2026Q1,65659.66,502.0,71.15,48.74,11.87,132778.42,0.4376,0.53973,1,-0.0559,0.3292,0.1495,-0.0038,0.0,-0.03
7726,32,North,Salaried,IT,2026Q1,71985.17,704.0,42.06,64.42,85.84,73134.36,0.5177,0.08589,1,0.031,-0.0732,0.004,0.0159,0.0,-0.0124
7727,68,West,Business,Manufacturing,2026Q1,121396.38,640.0,45.62,40.46,38.64,320937.16,0.5188,0.07986,1,-0.0658,0.0082,0.0084,-0.0094,0.009,0.0
7728,57,East,Salaried,Retail,2026Q1,69417.87,631.0,55.73,35.59,60.8,225093.6,0.4273,0.09185,0,-0.0384,0.0194,0.028,-0.0186,0.0,-0.0126
7729,43,South,Salaried,IT,2026Q1,55400.97,723.0,92.96,40.03,39.57,93115.07,0.5652,0.12471,0,0.0063,-0.1219,0.0823,-0.0144,0.0,-0.0144
7730,42,West,SelfEmployed,Healthcare,2026Q1,75526.43,628.0,40.35,30.11,65.53,135364.87,0.4014,0.19173,0,0.0127,0.0348,0.0011,-0.0398,0.0179,0.0424
7731,60,East,Salaried,Manufacturing,2026Q1,110173.33,517.0,48.95,60.67,40.52,250985.73,0.4113,0.32868,1,-0.0982,0.2261,0.0381,0.0275,0.0,-0.027
7732,53,East,Business,Transport,2026Q1,106449.32,533.0,68.47,7.77,59.84,251805.37,0.613,0.33908,0,-0.0494,0.1968,0.106,-0.1164,0.0,0.0
7733,54,East,Business,IT,2026Q1,118518.08,659.0,50.43,41.27,76.84,312010.32,0.4882,0.11624,0,-0.0251,-0.0093,0.0173,-0.0098,0.0,0.0
7734,56,South,Salaried,Retail,2026Q1,106731.36,667.0,49.82,39.57,35.62,140696.45,0.4928,0.07017,0,-0.0247,-0.0143,0.0127,-0.0093,0.0,-0.0089
7735,53,West,Business,IT,2026Q1,112259.32,770.0,82.6,41.88,40.64,129796.41,0.446,0.07326,0,-0.0156,-0.1464,0.0378,-0.0064,0.0072,0.0
7736,29,East,Business,IT,2026Q1,76556.58,624.0,69.47,57.17,30.28,214651.7,0.4994,0.44016,1,0.0969,0.0637,0.1239,0.0198,0.0,0.0
7737,45,East,Salaried,IT,2026Q1,18100.96,748.0,83.98,9.52,90.7,48700.91,0.4123,0.07842,0,0.0,-0.0978,0.0341,-0.0339,0.0,-0.0071
7738,56,North,Business,Transport,2026Q1,113812.76,,39.37,56.77,55.05,275291.41,0.4002,0.26551,1,-0.064,0.1637,-0.0025,0.0155,0.0,0.0
7739,57,West,Salaried,IT,2026Q1,129600.41,571.0,63.1,51.68,54.56,329171.36,0.3351,0.30298,1,-0.0727,0.1406,0.0836,0.0041,0.0236,-0.0249
7740,45,West,SelfEmployed,Manufacturing,2026Q1,71252.8,547.0,50.12,57.53,40.61,186136.58,0.4253,0.47265,1,0.0,0.249,0.05,0.0225,0.0298,0.0737
7741,50,North,Salaried,Manufacturing,2026Q1,80408.0,637.0,47.46,58.69,46.32,153261.54,0.4518,0.09714,0,-0.0177,0.0164,0.017,0.0121,0.0,-0.0151
7742,63,East,Salaried,Construction,2026Q1,124799.01,704.0,,42.83,19.37,162937.05,0.4972,0.03559,0,-0.0269,-0.0331,0.0071,-0.0038,0.0,-0.0054
7743,65,South,Business,IT,2026Q1,119153.42,610.0,60.79,51.23,70.63,373281.53,0.4062,0.15056,0,-0.0911,0.0514,0.049,0.002,0.0,0.0
7744,54,East,Salaried,Transport,2026Q1,93190.83,558.0,49.94,78.03,40.44,190099.45,0.3191,0.2987,0,-0.0568,0.172,0.0413,0.0678,0.0,-0.0265
7745,60,East,Salaried,Transport,2026Q1,82597.67,665.0,35.79,9.51,59.33,170338.93,0.5339,0.03574,0,-0.0188,-0.0066,-0.0032,-0.0225,0.0,-0.0047
7746,54,West,SelfEmployed,IT,2026Q1,97804.34,614.0,36.02,79.99,66.43,273809.79,0.5386,0.22465,0,-0.05,0.0665,-0.0152,0.0611,0.0217,0.0518
7747,58,East,SelfEmployed,Construction,2026Q1,99887.39,666.0,30.78,96.69,100.0,77170.62,0.3915,0.13922,0,-0.0498,-0.0226,-0.0237,0.055,0.0,0.0324
7748,50,East,Salaried,Manufacturing,2026Q1,88511.72,616.0,49.3,67.26,32.59,87176.28,0.4658,0.1846,0,-0.0226,0.0513,0.0271,0.03,0.0,-0.0192
7749,43,North,Business,IT,2026Q1,69142.42,616.0,59.35,43.31,61.37,136954.55,0.4061,0.20704,0,0.0097,0.0594,0.0612,-0.0145,0.0,0.0
7750,70,West,SelfEmployed,IT,2026Q1,150548.24,760.0,66.99,48.3,51.05,183399.18,0.2978,0.04587,1,-0.0468,-0.1019,0.0207,-0.001,0.0055,0.0127
7751,70,South,Business,Healthcare,2026Q1,114410.78,551.0,56.97,70.81,18.74,141078.06,0.4509,0.25079,0,-0.1579,0.1615,0.0622,0.0469,0.0,0.0
7752,50,North,Salaried,Manufacturing,2026Q1,63049.49,651.0,53.02,65.44,100.0,86522.88,0.3002,0.17184,0,-0.0182,-0.0014,0.0294,0.0215,0.0,-0.0155
7753,54,South,Salaried,Healthcare,2026Q1,72028.72,671.0,67.66,56.36,38.88,138468.64,0.4353,0.13848,0,-0.0308,-0.028,0.05,0.0083,0.0,-0.014
7754,52,North,Business,Transport,2026Q1,77977.08,694.0,26.78,25.76,60.87,183247.92,0.4399,0.0369,0,-0.0082,-0.0232,-0.0114,-0.0127,0.0,0.0
7755,51,East,Business,Healthcare,2026Q1,92427.34,548.0,57.57,80.6,58.84,295988.57,0.3952,0.46413,0,-0.0416,0.2332,0.0833,0.0869,0.0,0.0
7756,51,West,Salaried,Construction,2026Q1,76207.43,649.0,56.14,62.6,65.55,172572.46,0.4981,0.1523,0,-0.0243,0.0015,0.0395,0.0196,0.0158,-0.0171
7757,63,East,SelfEmployed,Manufacturing,2026Q1,118518.54,590.0,30.31,58.23,100.0,276416.69,0.334,0.1637,0,-0.083,0.0741,-0.0291,0.0135,0.0,0.0382
7758,38,East,Salaried,Retail,2026Q1,47316.09,617.0,19.12,71.59,64.81,55330.75,0.3473,0.15194,0,0.0244,0.0427,-0.0639,0.0316,0.0,-0.0167
7759,43,West,Salaried,Manufacturing,2026Q1,49853.34,592.0,,45.91,54.91,73131.11,0.5076,0.28119,1,0.0101,0.0975,0.0282,-0.0091,0.0213,-0.0227
7760,60,East,Business,Retail,2026Q1,68831.89,586.0,59.7,56.63,66.99,189068.5,0.4822,0.24161,1,-0.0831,0.1023,0.0629,0.0139,0.0,0.0
7761,52,West,SelfEmployed,Healthcare,2026Q1,97425.02,727.0,27.31,36.85,60.81,281601.68,0.3571,0.04486,0,-0.0098,-0.0574,-0.0131,-0.0078,0.0052,0.012
7762,64,East,Salaried,Retail,2026Q1,105911.51,691.0,38.45,43.73,79.82,58823.03,0.4215,0.05131,0,-0.0267,-0.0218,-0.0012,-0.003,0.0,-0.005
7763,51,South,Salaried,IT,2026Q1,20645.31,527.0,,61.48,80.91,43231.62,0.4282,0.34917,1,-0.0394,0.2313,0.0352,0.0309,0.0,-0.028
7764,54,East,Salaried,Transport,2026Q1,92220.1,603.0,65.28,50.15,60.15,126174.93,0.3979,0.18418,0,-0.0455,0.0745,0.0731,0.0003,0.0,-0.0209
7765,48,West,SelfEmployed,Construction,2026Q1,74445.95,612.0,55.63,52.01,71.72,95198.59,0.4616,0.27262,1,-0.0178,0.0795,0.061,0.005,0.0245,0.0587
7766,65,North,SelfEmployed,Manufacturing,2026Q1,121266.08,714.0,55.33,43.59,88.23,274252.23,0.3855,0.04885,0,-0.0429,-0.0574,0.0161,-0.0048,0.0,0.0158
7767,60,West,SelfEmployed,Retail,2026Q1,132687.21,542.0,44.26,8.1,59.57,123548.01,0.4302,0.21295,0,-0.0836,0.1494,0.015,-0.1019,0.0209,0.0496
7768,38,East,Business,Construction,2026Q1,54455.47,574.0,72.71,76.6,79.21,173041.5,0.4227,0.49393,1,0.0489,0.1997,0.1592,0.0794,0.0,0.0
7769,57,West,SelfEmployed,Manufacturing,2026Q1,84983.89,570.0,55.04,30.21,53.56,265085.83,0.6472,0.24509,0,-0.073,0.1429,0.0571,-0.0507,0.0238,0.0569
7770,62,South,Business,Healthcare,2026Q1,125444.4,,39.75,67.74,68.2,153947.2,0.5398,0.36681,0,-0.1175,0.2998,-0.0012,0.0497,0.0,0.0
7771,50,East,SelfEmployed,Construction,2026Q1,107759.87,487.0,,48.63,35.9,240880.98,0.4408,0.45758,1,-0.0349,0.3597,0.008,-0.0041,0.0,0.0745
7772,58,North,Salaried,Construction,2026Q1,85617.3,,46.25,57.99,40.3,74453.09,0.3506,0.12989,0,-0.0416,0.0135,0.0118,0.0092,0.0,-0.0125
7773,65,North,Business,Healthcare,2026Q1,126259.24,568.0,43.89,43.58,90.42,60956.97,0.4478,0.1301,0,-0.0928,0.0918,0.0105,-0.011,0.0,0.0
7774,49,East,Salaried,Transport,2026Q1,88704.24,634.0,21.13,39.9,63.4,116947.28,0.2952,0.06112,0,-0.0082,0.0114,-0.0309,-0.0089,0.0,-0.0088
7775,54,North,Salaried,Retail,2026Q1,102391.41,509.0,39.76,26.84,57.69,80788.36,0.5814,0.26027,0,-0.0511,0.1897,-0.0009,-0.0567,0.0,-0.0237
7776,45,East,Business,Healthcare,2026Q1,110530.24,541.0,55.79,76.93,85.83,94997.14,0.4114,0.40046,1,0.0,0.2597,0.0774,0.0791,0.0,0.0
7777,56,East,Salaried,Transport,2026Q1,84265.62,,35.75,64.79,72.94,75231.74,0.4406,0.16931,0,-0.0471,0.0736,-0.0121,0.0231,0.0,-0.0173
7778,40,West,Business,Manufacturing,2026Q1,102153.83,517.0,50.12,58.58,57.49,69760.15,0.5489,0.4671,0,0.035,0.3193,0.0506,0.0257,0.03,0.0
7779,58,West,SelfEmployed,Manufacturing,2026Q1,94288.57,598.0,30.49,65.06,51.32,100691.17,0.5685,0.22213,1,-0.0665,0.0792,-0.0332,0.0283,0.0191,0.0453
7780,67,South,SelfEmployed,Retail,2026Q1,120141.73,597.0,14.07,57.74,72.09,331512.35,0.3939,0.09789,0,-0.0753,0.0448,-0.0611,0.0086,0.0,0.0257
7781,41,West,SelfEmployed,Construction,2026Q1,67635.0,591.0,43.38,23.26,72.13,183684.28,0.5018,0.24839,1,0.0212,0.1063,0.0129,-0.0669,0.0227,0.0541
7782,65,North,Salaried,Manufacturing,2026Q1,102634.7,525.0,51.42,61.52,66.09,115679.09,0.6317,0.31746,0,-0.1272,0.1972,0.0448,0.0277,0.0,-0.0254
7783,50,West,SelfEmployed,Construction,2026Q1,96739.71,698.0,39.8,39.12,100.0,125964.13,0.2842,0.08895,1,-0.012,-0.0528,-0.0003,-0.0111,0.0092,0.0214
7784,44,East,Business,Retail,2026Q1,107780.14,535.0,32.17,59.74,44.51,215731.37,0.4074,0.26899,0,0.0062,0.2093,-0.0356,0.0254,0.0,0.0
7785,48,South,Salaried,IT,2026Q1,77285.06,606.0,58.31,34.27,67.76,175337.02,0.4667,0.18537,1,-0.0129,0.0619,0.0487,-0.03,0.0,-0.0187
7786,51,West,SelfEmployed,Transport,2026Q1,73060.63,606.0,47.55,2.63,54.73,62526.79,0.3733,0.15734,1,-0.0243,0.056,0.0196,-0.0931,0.0158,0.037
7787,47,South,Salaried,Healthcare,2026Q1,77036.83,620.0,58.35,38.23,48.81,168482.48,0.3938,0.16344,0,-0.0081,0.0421,0.0462,-0.0211,0.0,-0.0178
7788,63,East,Business,IT,2026Q1,81721.61,524.0,78.43,37.76,52.32,85120.62,0.5179,0.36984,1,-0.1242,0.2523,0.1614,-0.0355,0.0,0.0
7789,48,West,Salaried,Transport,2026Q1,71734.23,636.0,55.48,79.16,66.2,72771.34,0.5435,0.20053,0,-0.0151,0.026,0.0499,0.0557,0.0204,-0.0218
7790,54,South,Business,IT,2026Q1,71397.2,570.0,55.62,64.88,45.0,86019.59,0.556,0.31169,0,-0.0557,0.1504,0.0617,0.0364,0.0,0.0
7791,74,North,Salaried,IT,2026Q1,104096.18,654.0,36.57,100.0,44.58,129996.44,0.3634,0.07494,0,-0.0868,-0.0034,-0.0054,0.0359,0.0,-0.0097
7792,49,West,SelfEmployed,Manufacturing,2026Q1,107953.59,679.0,47.65,50.34,16.69,281537.65,0.4027,0.18501,0,-0.0141,-0.0433,0.0176,0.0005,0.0139,0.0327
7793,46,North,Salaried,IT,2026Q1,94475.96,,28.25,46.04,81.12,189380.27,0.3507,0.14754,0,-0.0028,0.0282,-0.0258,-0.0048,0.0,-0.0126
7794,47,South,Business,Manufacturing,2026Q1,62875.19,,32.16,45.26,66.49,157001.22,0.5836,0.18991,0,-0.0088,0.0938,-0.0255,-0.009,0.0,0.0
7795,63,South,Business,Transport,2026Q1,112308.39,727.0,52.68,48.64,76.12,330270.96,0.4347,0.05141,0,-0.0271,-0.0536,0.0096,-0.0007,0.0,0.0
7796,50,West,Salaried,Healthcare,2026Q1,126263.62,,43.19,51.05,39.27,249128.68,0.4193,0.1175,0,-0.0159,0.0046,0.0067,0.0013,0.0123,-0.0135
7797,54,South,Business,IT,2026Q1,89649.9,565.0,38.62,34.03,65.43,206743.15,0.4574,0.17265,0,-0.041,0.1029,-0.0042,-0.0306,0.0,0.0
7798,43,West,Salaried,Manufacturing,2026Q1,83265.05,540.0,50.01,44.05,64.64,49107.6,0.4529,0.36502,0,0.0129,0.2185,0.045,-0.0167,0.0273,-0.0282
7799,47,East,Salaried,IT,2026Q1,100245.9,643.0,,35.68,64.04,281954.63,0.3872,0.08269,0,-0.005,0.0065,-0.0015,-0.016,0.0,-0.011
7800,61,East,Salaried,Retail,2026Q1,64111.97,,43.92,48.99,51.08,80345.14,0.425,0.11876,0,-0.0618,0.0569,0.009,-0.0014,0.0,-0.0147
7801,35,West,SelfEmployed,Retail,2026Q1,82255.41,543.0,52.65,86.37,42.17,221948.1,0.4204,0.72628,1,0.0661,0.286,0.0595,0.1045,0.0278,0.071
7802,31,East,Business,Healthcare,2026Q1,96223.17,623.0,40.5,74.96,67.97,248903.47,0.4773,0.27618,1,0.0716,0.0556,0.002,0.0561,0.0,0.0
7803,45,South,Salaried,IT,2026Q1,70667.76,532.0,32.9,100.0,55.66,92718.13,0.3756,0.44486,1,0.0,0.2558,-0.035,0.136,0.0,-0.0295
7804,46,West,Salaried,Retail,2026Q1,51135.8,623.0,68.0,52.3,55.61,94829.35,0.4589,0.27599,0,-0.0053,0.0516,0.0903,0.0052,0.0219,-0.0232
7805,48,South,Business,Healthcare,2026Q1,117032.94,636.0,79.03,77.82,40.8,274770.78,0.291,0.284,1,-0.0185,0.0324,0.1418,0.0676,0.0,0.0
7806,48,East,Salaried,Construction,2026Q1,47398.11,560.0,48.0,43.35,54.98,110096.58,0.5111,0.2082,0,-0.0162,0.1411,0.029,-0.0154,0.0,-0.0233
7807,51,East,Business,Transport,2026Q1,56254.5,640.0,45.32,61.08,84.78,165474.61,0.3464,0.18488,1,-0.0222,0.0132,0.0128,0.0158,0.0,0.0
7808,46,West,SelfEmployed,Construction,2026Q1,59778.57,566.0,48.57,44.22,76.37,74211.6,0.4116,0.37883,1,-0.0066,0.181,0.039,-0.0163,0.0275,0.0668
7809,66,East,Business,Healthcare,2026Q1,102981.48,615.0,36.9,97.56,63.09,207884.62,0.4156,0.16212,0,-0.0961,0.0457,-0.0086,0.0635,0.0,0.0
7810,60,South,Business,Retail,2026Q1,76700.1,511.0,66.57,47.79,68.18,75835.38,0.4413,0.43452,0,-0.1042,0.2826,0.121,-0.0065,0.0,0.0
7811,49,East,Business,Retail,2026Q1,73491.59,623.0,63.13,35.77,29.86,202091.47,0.6379,0.19785,0,-0.0176,0.0409,0.0603,-0.0273,0.0,0.0
7812,61,East,Salaried,IT,2026Q1,78262.22,689.0,40.54,55.59,98.5,241774.19,0.3467,0.06367,0,-0.0279,-0.0265,0.0005,0.0033,0.0,-0.0064
7813,22,North,Salaried,Healthcare,2026Q1,79796.29,,42.73,38.93,100.0,47458.93,0.4604,0.53394,0,0.1552,0.3134,0.0136,-0.0332,0.0,-0.03
7814,54,East,Salaried,Healthcare,2026Q1,92956.24,667.0,,95.15,38.79,87518.89,0.3213,0.15626,0,-0.0362,-0.0263,0.0338,0.0591,0.0,-0.0165
7815,60,North,Business,Construction,2026Q1,109236.61,,66.85,57.09,53.92,267925.25,0.5997,0.27573,0,-0.0911,0.1272,0.0937,0.0167,0.0,0.0
7816,44,West,SelfEmployed,Transport,2026Q1,113532.67,678.0,55.03,95.22,66.8,266673.8,0.4038,0.32675,0,0.0056,-0.0655,0.0558,0.0945,0.0233,0.0557
7817,56,West,SelfEmployed,Transport,2026Q1,125369.79,735.0,57.11,54.79,68.92,387407.03,0.2968,0.0659,0,-0.0273,-0.1066,0.0232,0.0044,0.0089,0.0207
7818,44,East,Salaried,Manufacturing,2026Q1,58600.23,,,54.86,48.37,174371.19,0.5591,0.20213,1,0.0044,0.0432,0.0431,0.0091,0.0,-0.0198
7819,54,North,Business,Construction,2026Q1,81471.56,,51.35,55.57,63.3,212270.63,0.4768,0.10319,0,-0.0301,-0.0049,0.0227,0.0071,0.0,0.0
7820,36,South,Salaried,Construction,2026Q1,56846.25,642.0,54.18,55.49,69.79,126210.82,0.4278,0.15714,0,0.0374,0.0138,0.0417,0.0104,0.0,-0.02
7821,61,East,Salaried,Transport,2026Q1,95634.92,683.0,,64.24,38.58,163871.57,0.4147,0.08109,0,-0.0447,-0.035,0.0292,0.0133,0.0,-0.0105
7822,51,West,SelfEmployed,IT,2026Q1,115433.14,602.0,53.33,60.63,53.69,219017.07,0.4478,0.27309,1,-0.0373,0.1017,0.0545,0.0269,0.0253,0.0609
7823,53,West,SelfEmployed,IT,2026Q1,72295.01,663.0,44.83,33.2,78.2,75440.33,0.5095,0.13013,0,-0.0256,-0.0158,0.0098,-0.0228,0.012,0.028
7824,50,West,SelfEmployed,IT,2026Q1,87636.78,570.0,85.9,50.69,83.63,74853.58,0.5565,0.44778,0,-0.0346,0.2118,0.2201,0.0021,0.0299,0.0749
7825,63,North,Business,Construction,2026Q1,105364.96,694.0,22.81,43.67,73.38,349737.05,0.2093,0.04135,0,-0.0208,-0.0198,-0.0132,-0.0026,0.0,0.0
7826,53,South,Business,Retail,2026Q1,125275.38,545.0,62.33,38.96,73.61,115081.72,0.4143,0.31568,0,-0.0513,0.196,0.0905,-0.03,0.0,0.0
7827,61,West,SelfEmployed,Construction,2026Q1,115350.84,586.0,40.42,15.11,55.68,99618.79,0.4531,0.17659,1,-0.0686,0.0725,0.0011,-0.0635,0.0152,0.0357
7828,45,East,Salaried,Healthcare,2026Q1,57441.39,574.0,21.82,19.99,55.26,72150.75,0.3928,0.11148,0,0.0,0.066,-0.0451,-0.0446,0.0,-0.0136
7829,57,West,SelfEmployed,Transport,2026Q1,110439.89,644.0,15.51,41.91,63.27,264756.43,0.3595,0.07436,1,-0.0298,0.005,-0.0463,-0.0078,0.0088,0.0204
7830,68,North,Salaried,Manufacturing,2026Q1,91966.45,670.0,45.11,42.69,43.61,53989.48,0.4604,0.04796,0,-0.042,-0.0118,0.0047,-0.0044,0.0,-0.0062
7831,68,East,Business,Transport,2026Q1,117322.12,,80.87,80.81,55.51,284348.9,0.5493,0.17843,0,-0.1187,-0.0069,0.0961,0.0505,0.0,0.0
7832,22,East,Business,Manufacturing,2026Q1,47585.21,582.0,77.47,36.77,61.53,132807.12,0.4521,0.49205,1,0.1564,0.1797,0.1801,-0.0395,0.0,0.0
7833,52,West,Salaried,Retail,2026Q1,45869.46,,39.21,16.44,89.82,72374.13,0.3766,0.0308,0,-0.0074,-0.0359,-0.0005,-0.0167,0.0039,-0.0043
7834,34,North,Salaried,IT,2026Q1,61202.54,697.0,38.56,21.29,99.59,126589.12,0.3114,0.06469,0,0.0166,-0.0399,-0.0018,-0.0246,0.0,-0.0078
7835,46,South,SelfEmployed,Retail,2026Q1,67391.46,,41.87,46.95,98.61,57606.87,0.5516,0.18522,0,-0.0042,0.0215,0.0054,-0.0054,0.0,0.0399
7836,45,East,SelfEmployed,Healthcare,2026Q1,81044.49,576.0,51.51,66.58,37.01,53385.86,0.4839,0.41892,1,0.0,0.1719,0.0538,0.0467,0.0,0.0694
7837,57,East,Salaried,Construction,2026Q1,75124.4,526.0,79.11,70.62,88.38,212379.74,0.4909,0.55106,1,-0.0833,0.2953,0.1857,0.0615,0.0,-0.03
7838,49,North,Salaried,Healthcare,2026Q1,81062.42,665.0,63.45,45.19,64.61,213771.01,0.441,0.12826,0,-0.0129,-0.0193,0.0433,-0.0065,0.0,-0.0138
7839,42,West,SelfEmployed,Manufacturing,2026Q1,86392.38,597.0,58.66,92.32,48.69,217568.49,0.5259,0.53246,1,0.021,0.1421,0.0924,0.1246,0.03,0.0745
7840,56,West,Salaried,Manufacturing,2026Q1,99834.74,683.0,52.33,37.64,54.44,256237.9,0.388,0.09383,0,-0.0242,-0.0291,0.0153,-0.0109,0.0078,-0.0087
7841,39,North,Business,IT,2026Q1,99353.17,688.0,17.62,22.51,33.02,170596.34,0.4662,0.04245,0,0.0072,-0.0233,-0.0253,-0.0177,0.0,0.0
7842,42,West,SelfEmployed,Transport,2026Q1,105940.99,588.0,17.34,39.72,59.7,290379.64,0.4243,0.22645,0,0.0135,0.0906,-0.0842,-0.021,0.019,0.045
7843,46,West,SelfEmployed,Construction,2026Q1,87307.13,619.0,35.85,23.35,76.12,139237.8,0.3839,0.14839,0,-0.0039,0.0419,-0.0118,-0.0489,0.0159,0.0373
7844,48,South,Salaried,Healthcare,2026Q1,56589.73,,28.72,39.96,37.05,39113.48,0.3679,0.0954,0,-0.0083,0.0307,-0.0235,-0.012,0.0,-0.012
7845,52,West,Salaried,Manufacturing,2026Q1,101198.54,716.0,21.59,43.12,43.45,116233.48,0.3228,0.03521,0,-0.0072,-0.0345,-0.0147,-0.0029,0.0038,-0.0043
7846,53,East,Business,IT,2026Q1,103900.14,,,84.29,54.81,160290.05,0.3136,0.2347,0,-0.0519,0.1242,0.0967,0.0855,0.0,0.0
7847,44,West,SelfEmployed,Retail,2026Q1,98024.66,,44.43,26.43,91.63,66507.92,0.5517,0.13254,0,0.0033,-0.0165,0.0102,-0.0373,0.0137,0.0321
7848,53,East,Business,Retail,2026Q1,113903.93,623.0,34.5,93.44,15.42,267636.85,0.5253,0.16735,0,-0.0365,0.0411,-0.0173,0.067,0.0,0.0
7849,51,South,Business,Transport,2026Q1,92029.81,723.0,27.53,56.33,71.35,177120.97,0.3779,0.03357,0,-0.0075,-0.0485,-0.0116,0.003,0.0,0.0
7850,51,West,SelfEmployed,Transport,2026Q1,84767.4,,59.87,91.18,66.55,142288.27,0.453,0.54009,0,-0.0418,0.2015,0.0984,0.1216,0.03,0.0746
7851,34,West,SelfEmployed,Transport,2026Q1,111550.37,547.0,47.14,68.03,70.62,238162.74,0.4712,0.53439,1,0.0766,0.2704,0.0353,0.0537,0.0297,0.0746
7852,55,West,Salaried,Healthcare,2026Q1,61665.96,490.0,24.38,36.55,16.64,87775.67,0.5329,0.29872,0,-0.0598,0.2174,-0.0671,-0.0337,0.0235,-0.0248
7853,57,West,SelfEmployed,Construction,2026Q1,86968.05,629.0,40.83,41.54,44.15,217195.17,0.5144,0.17017,1,-0.0485,0.0274,0.0021,-0.0135,0.0148,0.0348
7854,59,East,Salaried,Retail,2026Q1,105048.67,634.0,78.1,45.37,49.22,320331.47,0.4816,0.1934,0,-0.0628,0.0235,0.0831,-0.008,0.0,-0.0177
7855,52,East,Salaried,Manufacturing,2026Q1,79348.01,603.0,64.52,40.78,28.76,131214.46,0.3579,0.27937,0,-0.0335,0.0711,0.068,-0.0185,0.0,-0.0201
7856,62,South,Salaried,Healthcare,2026Q1,81483.56,680.0,48.96,83.79,97.73,70955.99,0.3898,0.08281,0,-0.0482,-0.0315,0.0139,0.0287,0.0,-0.0105
7857,56,West,SelfEmployed,IT,2026Q1,109269.57,,54.05,40.61,73.23,137194.36,0.3684,0.06509,0,-0.0256,-0.0791,0.0183,-0.0086,0.0083,0.0193
7858,46,West,Salaried,Retail,2026Q1,102562.48,565.0,40.91,7.29,79.14,202387.62,0.178,0.23989,0,-0.0041,0.0991,0.0026,-0.0872,0.0168,-0.0182
7859,49,West,Business,Manufacturing,2026Q1,98436.39,602.0,43.7,43.21,74.97,136940.32,0.455,0.18631,0,-0.0181,0.0698,0.0113,-0.0131,0.0181,0.0
7860,44,North,Business,IT,2026Q1,62292.96,,29.85,43.31,27.92,164459.34,0.2754,0.34859,1,0.0064,0.2578,-0.0478,-0.0186,0.0,0.0
7861,39,East,Salaried,Retail,2026Q1,73411.93,622.0,37.08,42.98,27.71,157245.44,0.5618,0.17073,0,0.0202,0.0351,-0.0076,-0.011,0.0,-0.0159
7862,58,South,Business,Manufacturing,2026Q1,110854.53,575.0,55.86,49.88,81.97,162425.46,0.3357,0.2349,0,-0.0718,0.1169,0.0524,-0.0003,0.0,0.0
7863,47,West,SelfEmployed,Transport,2026Q1,67687.43,,70.87,54.24,36.91,128732.78,0.4421,0.42898,0,-0.0138,0.1532,0.1422,0.0125,0.0293,0.072
7864,58,South,Salaried,Manufacturing,2026Q1,116234.26,607.0,53.61,81.92,67.54,300341.15,0.5457,0.2415,1,-0.0673,0.0687,0.0421,0.0573,0.0,-0.0208
7865,71,West,SelfEmployed,Healthcare,2026Q1,118035.38,651.0,63.6,60.33,38.78,151510.94,0.3498,0.12984,1,-0.1219,-0.0015,0.0532,0.0158,0.0153,0.036
7866,62,West,SelfEmployed,Construction,2026Q1,82020.42,599.0,15.12,1.5,42.47,211974.14,0.4662,0.06092,0,-0.04,0.0304,-0.0422,-0.0512,0.0078,0.0181
7867,40,West,SelfEmployed,IT,2026Q1,90491.9,,55.71,23.58,57.75,112688.37,0.3081,0.07536,0,0.0092,-0.1234,0.0192,-0.0254,0.008,0.0185
7868,44,North,Business,Construction,2026Q1,100739.42,610.0,53.41,40.64,35.89,214483.76,0.421,0.15845,0,0.0046,0.0638,0.041,-0.0192,0.0,0.0
7869,56,West,Salaried,Healthcare,2026Q1,75224.88,520.0,35.61,63.29,12.73,116394.59,0.4147,0.25674,0,-0.0703,0.2185,-0.0194,0.0336,0.0255,-0.0266
7870,55,East,Salaried,IT,2026Q1,62479.41,566.0,46.98,55.66,61.33,144786.0,0.5053,0.28498,0,-0.053,0.1232,0.0237,0.0117,0.0,-0.0218
7871,65,North,Salaried,Retail,2026Q1,89366.26,657.0,69.34,25.13,100.0,102342.05,0.4485,0.06266,0,-0.0531,-0.006,0.0346,-0.0254,0.0,-0.0095
7872,46,East,Salaried,Healthcare,2026Q1,65928.29,660.0,54.81,62.33,73.69,136390.12,0.4611,0.13475,0,-0.0035,-0.0143,0.0333,0.0175,0.0,-0.0156
7873,36,West,SelfEmployed,IT,2026Q1,81359.97,,42.76,61.39,35.7,69427.6,0.444,0.36605,0,0.0535,0.0817,0.0122,0.0297,0.0261,0.0631
7874,40,West,Business,Construction,2026Q1,82010.79,615.0,77.39,72.13,46.75,131519.96,0.3845,0.4703,1,0.0339,0.0906,0.1663,0.0634,0.0291,0.0
7875,63,West,SelfEmployed,IT,2026Q1,109926.84,627.0,48.4,37.54,56.0,295338.98,0.4792,0.15571,1,-0.0748,0.0289,0.0198,-0.0197,0.0144,0.0337
7876,52,West,Business,Manufacturing,2026Q1,102218.42,660.0,72.27,63.88,60.66,264634.48,0.4473,0.19486,0,-0.0344,-0.0188,0.0877,0.0263,0.0192,0.0
7877,59,West,SelfEmployed,Transport,2026Q1,111152.7,612.0,41.8,54.04,41.49,257260.07,0.3395,0.17127,0,-0.0688,0.0574,0.0056,0.0075,0.0181,0.0428
7878,46,West,SelfEmployed,IT,2026Q1,96422.5,529.0,48.61,14.5,84.32,245325.84,0.5351,0.36925,0,-0.0066,0.2416,0.0397,-0.1042,0.0279,0.0679
7879,42,West,Business,Construction,2026Q1,107406.06,,71.75,66.58,46.95,275438.12,0.5133,0.51519,1,0.021,0.2164,0.1539,0.0496,0.03,0.0
7880,57,South,Business,Construction,2026Q1,86418.79,574.0,32.35,49.57,62.04,43888.06,0.5307,0.13514,0,-0.052,0.087,-0.0224,-0.0007,0.0,0.0
7881,36,East,Business,Healthcare,2026Q1,102982.74,534.0,85.91,62.09,93.86,126353.91,0.5023,0.67797,1,0.0589,0.3086,0.2238,0.0335,0.0,0.0
7882,56,East,Salaried,IT,2026Q1,122318.46,,36.02,0.0,56.02,122027.38,0.3959,0.14832,1,-0.0432,0.1033,-0.0103,-0.0925,0.0,-0.0158
7883,68,East,Business,Manufacturing,2026Q1,134865.08,636.0,,44.81,100.0,399171.62,0.4344,0.09558,0,-0.0785,0.0138,0.0308,-0.0061,0.0,0.0
7884,25,West,Salaried,Retail,2026Q1,31329.45,610.0,56.61,34.36,68.25,72458.19,0.3326,0.33189,1,0.1055,0.0854,0.0661,-0.0414,0.025,-0.0262
7885,40,West,SelfEmployed,Construction,2026Q1,110438.87,,30.04,74.23,49.26,187610.46,0.4741,0.23699,1,0.0212,-0.0179,-0.0334,0.0419,0.0183,0.0431
7886,50,South,Business,Retail,2026Q1,110334.18,732.0,23.54,42.33,54.25,320597.78,0.4996,0.03271,0,-0.0046,-0.0432,-0.0119,-0.003,0.0,0.0
7887,45,West,SelfEmployed,IT,2026Q1,103381.25,665.0,27.54,49.21,47.61,85314.18,0.5869,0.12599,0,0.0,-0.0191,-0.0297,-0.001,0.0125,0.0291
7888,49,East,Salaried,IT,2026Q1,65449.24,659.0,44.8,43.6,29.04,29758.1,0.3916,0.0883,0,-0.01,-0.0088,0.0079,-0.0068,0.0,-0.0108
7889,74,West,SelfEmployed,Retail,2026Q1,84088.21,513.0,59.0,56.62,5.0,64326.47,0.3309,0.33687,0,-0.2002,0.2751,0.0876,0.019,0.0286,0.0699
7890,43,East,Business,IT,2026Q1,116897.09,652.0,43.49,48.78,41.48,145972.12,0.3633,0.11684,0,0.0064,-0.0026,0.0079,-0.0017,0.0,0.0
7891,48,West,SelfEmployed,Manufacturing,2026Q1,78537.16,611.0,39.31,36.2,16.86,122256.91,0.3785,0.20212,1,-0.014,0.0609,-0.0022,-0.0282,0.0188,0.0444
7892,39,East,Salaried,Manufacturing,2026Q1,55905.56,693.0,37.75,59.14,39.25,65270.24,0.3626,0.07145,0,0.0129,-0.0471,-0.0038,0.0086,0.0,-0.0104
7893,35,East,Business,Transport,2026Q1,53848.66,528.0,44.68,47.89,83.16,110607.53,0.6089,0.40619,1,0.0672,0.2677,0.0229,-0.0062,0.0,0.0
7894,55,West,Salaried,Construction,2026Q1,53812.47,673.0,42.5,38.6,50.65,104090.58,0.4361,0.0586,0,-0.0209,-0.0186,0.0032,-0.0096,0.0075,-0.0083
7895,32,North,Salaried,Manufacturing,2026Q1,64911.23,574.0,40.66,39.42,92.5,127296.8,0.567,0.27462,0,0.0659,0.1327,0.0026,-0.0259,0.0,-0.0244
7896,36,South,SelfEmployed,Retail,2026Q1,93182.97,545.0,31.63,66.47,48.51,155362.82,0.538,0.47511,0,0.0612,0.244,-0.0417,0.0482,0.0,0.0725
7897,51,East,Salaried,Construction,2026Q1,87472.33,751.0,34.78,55.79,77.45,205457.88,0.4579,0.0368,0,-0.0058,-0.0606,-0.0035,0.0021,0.0,-0.004
7898,56,East,Business,Healthcare,2026Q1,98926.77,619.0,61.29,18.67,56.97,251031.12,0.4811,0.16664,0,-0.0399,0.0349,0.0422,-0.0499,0.0,0.0
7899,40,East,Business,Manufacturing,2026Q1,111679.81,606.0,36.96,47.27,51.11,156762.24,0.405,0.1619,0,0.021,0.065,-0.0097,-0.0052,0.0,0.0
7900,42,East,Salaried,Healthcare,2026Q1,101009.18,577.0,61.02,81.96,88.85,104686.58,0.4968,0.44552,0,0.0201,0.1717,0.0962,0.0883,0.0,-0.0292
7901,32,West,SelfEmployed,Retail,2026Q1,56035.29,592.0,49.84,33.84,100.0,95080.27,0.6182,0.38216,0,0.0804,0.1336,0.0447,-0.0463,0.0276,0.067
7902,56,North,Business,Transport,2026Q1,104970.41,586.0,78.62,51.22,51.39,236612.05,0.458,0.33194,0,-0.0701,0.1303,0.1405,0.0032,0.0,0.0
7903,50,East,Salaried,Retail,2026Q1,83401.17,597.0,50.47,27.31,37.61,78227.79,0.4756,0.19447,0,-0.0193,0.0624,0.0256,-0.0392,0.0,-0.0164
7904,50,West,SelfEmployed,Construction,2026Q1,83467.82,604.0,57.28,39.52,58.99,125086.63,0.3724,0.22087,1,-0.0291,0.0901,0.0642,-0.026,0.0235,0.0563
7905,36,East,Salaried,Construction,2026Q1,76921.77,596.0,31.1,44.04,66.54,208291.06,0.4229,0.18203,1,0.0352,0.0741,-0.0285,-0.0111,0.0,-0.0189
7906,59,North,Business,Transport,2026Q1,131036.83,541.0,25.98,61.51,71.79,282118.65,0.4316,0.20239,1,-0.0738,0.1397,-0.0513,0.0225,0.0,0.0
7907,44,West,Salaried,Healthcare,2026Q1,39338.34,614.0,78.43,36.51,62.29,118782.91,0.5774,0.25099,0,0.0057,0.0735,0.129,-0.0341,0.0238,-0.0251
7908,60,East,Business,Healthcare,2026Q1,109318.53,632.0,62.63,81.81,42.22,92757.16,0.4214,0.20191,0,-0.0775,0.0307,0.0649,0.0559,0.0,0.0
7909,43,West,Business,Retail,2026Q1,92485.71,666.0,27.36,26.08,100.0,183545.93,0.4413,0.08167,0,0.0039,-0.0134,-0.0199,-0.0229,0.0081,0.0
7910,54,West,SelfEmployed,IT,2026Q1,88296.78,,58.37,54.79,42.18,217642.84,0.5451,0.14565,0,-0.0343,-0.0584,0.0402,0.007,0.0144,0.0336
7911,42,North,Salaried,IT,2026Q1,87729.3,591.0,59.87,15.25,56.29,130705.42,0.5072,0.1589,0,0.0133,0.0862,0.0573,-0.0762,0.0,-0.0202
7912,61,East,Business,Manufacturing,2026Q1,101192.6,636.0,73.76,51.06,82.99,174406.18,0.446,0.16782,1,-0.074,0.0211,0.0772,0.0018,0.0,0.0
7913,37,South,Business,Transport,2026Q1,71291.21,,34.29,71.93,39.06,144765.25,0.4461,0.12545,0,0.0264,-0.0208,-0.0152,0.0306,0.0,0.0
7914,53,South,Business,Manufacturing,2026Q1,113139.87,575.0,45.54,55.47,59.6,106564.89,0.4659,0.20854,1,-0.0428,0.1169,0.0194,0.0116,0.0,0.0
7915,37,East,Business,Transport,2026Q1,61603.95,628.0,,21.5,71.79,108279.58,0.5239,0.11951,1,0.0246,0.0264,-0.0003,-0.046,0.0,0.0
7916,45,East,Salaried,Construction,2026Q1,64005.76,636.0,,92.7,64.01,51178.79,0.4,0.29697,0,0.0,0.0266,0.039,0.0799,0.0,-0.0223
7917,57,West,SelfEmployed,Manufacturing,2026Q1,80215.83,491.0,41.7,71.08,69.31,108438.46,0.4665,0.52119,1,-0.0815,0.3715,0.0085,0.0631,0.0299,0.0749
7918,37,West,Salaried,Manufacturing,2026Q1,99958.55,613.0,59.44,40.77,54.72,147072.32,0.4025,0.24414,0,0.0408,0.0706,0.0678,-0.0219,0.0225,-0.0238
7919,55,West,SelfEmployed,IT,2026Q1,96254.18,,25.74,50.45,65.67,141082.15,0.5276,0.14219,1,-0.0378,0.0326,-0.0386,0.0007,0.0141,0.0329
7920,58,West,Business,IT,2026Q1,78396.0,567.0,50.75,51.83,45.19,185282.46,0.5557,0.23885,0,-0.0759,0.1366,0.0392,0.0042,0.0224,0.0
7921,28,North,Salaried,Retail,2026Q1,65868.03,677.0,25.64,14.01,26.11,139240.4,0.4254,0.08066,0,0.0248,-0.0216,-0.0208,-0.0332,0.0,-0.0081
7922,55,East,Business,Manufacturing,2026Q1,80315.28,732.0,66.7,32.01,46.21,202256.32,0.4211,0.0627,0,-0.0169,-0.0722,0.0226,-0.0127,0.0,0.0
7923,62,East,Business,Manufacturing,2026Q1,112021.9,638.0,43.8,48.49,60.35,294992.43,0.5629,0.1026,1,-0.0502,0.0109,0.0064,-0.0016,0.0,0.0
7924,42,West,Business,Manufacturing,2026Q1,64794.68,535.0,45.39,78.64,71.17,79327.78,0.5204,0.48888,1,0.021,0.2775,0.0269,0.0849,0.0299,0.0
7925,41,West,Business,IT,2026Q1,60425.86,600.0,61.25,33.48,84.85,47092.31,0.3852,0.30362,1,0.022,0.0969,0.0774,-0.0417,0.0236,0.0
7926,32,West,SelfEmployed,Construction,2026Q1,85743.26,553.0,51.32,43.59,91.39,97405.78,0.4095,0.50542,0,0.0904,0.2469,0.0565,-0.0192,0.03,0.0747
7927,39,West,Salaried,Transport,2026Q1,59885.05,752.0,48.09,68.38,29.88,109392.26,0.416,0.08512,0,0.0108,-0.1235,0.0104,0.0138,0.0078,-0.0087
7928,61,North,SelfEmployed,Manufacturing,2026Q1,121646.82,,38.42,62.77,39.42,186040.18,0.5688,0.24226,0,-0.0895,0.1126,-0.0057,0.0264,0.0,0.0495
7929,45,South,Salaried,IT,2026Q1,36872.98,627.0,44.71,79.12,50.58,21391.45,0.481,0.18481,0,0.0,0.0377,0.0148,0.0506,0.0,-0.02
7930,55,East,Business,IT,2026Q1,111002.48,689.0,32.5,64.27,66.3,217236.36,0.373,0.06597,0,-0.0197,-0.0322,-0.01,0.0099,0.0,0.0
7931,43,East,Salaried,Construction,2026Q1,65943.5,558.0,31.92,55.3,58.29,123181.5,0.5582,0.27633,0,0.0103,0.1418,-0.0315,0.0117,0.0,-0.0232
7932,49,North,Salaried,Manufacturing,2026Q1,93414.16,566.0,53.5,55.47,74.04,249436.55,0.4194,0.28887,1,-0.0233,0.1482,0.0516,0.0132,0.0,-0.025
7933,64,East,Salaried,Retail,2026Q1,86118.32,698.0,26.59,76.85,67.05,94304.67,0.4109,0.0381,0,-0.0287,-0.0285,-0.0128,0.0118,0.0,-0.0053
7934,65,West,SelfEmployed,Transport,2026Q1,113599.69,,44.56,34.29,74.04,63753.7,0.6092,0.08838,0,-0.0425,-0.0375,0.0052,-0.0122,0.0068,0.0156
7935,52,North,SelfEmployed,Retail,2026Q1,85906.64,550.0,51.7,64.84,30.73,217716.79,0.4264,0.39807,0,-0.0483,0.2248,0.0556,0.0426,0.0,0.0707
7936,48,East,Business,IT,2026Q1,96055.87,547.0,53.51,38.49,61.99,210975.59,0.4764,0.31846,0,-0.0185,0.1868,0.0554,-0.0306,0.0,0.0
7937,41,East,Salaried,Transport,2026Q1,96606.26,654.0,11.17,40.08,63.68,37302.2,0.4562,0.0626,0,0.0063,-0.0027,-0.044,-0.0074,0.0,-0.0075
7938,59,West,Salaried,Healthcare,2026Q1,90238.28,654.0,37.37,53.08,64.13,158532.69,0.3323,0.11605,0,-0.0351,-0.0034,-0.0041,0.0028,0.0087,-0.0096
7939,49,North,Business,IT,2026Q1,83933.59,577.0,61.13,48.25,59.24,99798.94,0.5367,0.29321,0,-0.0239,0.1382,0.0803,-0.0044,0.0,0.0
7940,64,West,Business,Retail,2026Q1,91500.04,635.0,,35.62,92.45,291221.91,0.439,0.13338,0,-0.0669,0.016,0.0311,-0.019,0.0118,0.0
7941,31,South,Salaried,Manufacturing,2026Q1,72790.16,540.0,48.69,44.63,60.31,118262.61,0.4985,0.4497,1,0.0906,0.2389,0.0413,-0.0157,0.0,-0.0293
7942,45,South,Salaried,Manufacturing,2026Q1,96819.3,651.0,39.59,46.97,37.07,117005.41,0.4274,0.08817,0,0.0,-0.0011,-0.0008,-0.0035,0.0,-0.012
7943,48,South,Salaried,Transport,2026Q1,91338.94,632.0,,60.22,37.1,178849.87,0.3452,0.19071,1,-0.011,0.0235,0.012,0.015,0.0,-0.0159
7944,56,West,SelfEmployed,Retail,2026Q1,125866.43,,54.08,48.42,48.97,146588.65,0.545,0.51538,1,-0.0762,0.3362,0.0701,-0.0047,0.03,0.0746
7945,36,North,Salaried,Manufacturing,2026Q1,73811.51,591.0,42.06,57.23,37.0,158991.76,0.5547,0.26164,1,0.0456,0.1052,0.0079,0.0164,0.0,-0.0238
7946,49,North,Salaried,Manufacturing,2026Q1,70095.03,594.0,56.06,56.09,94.77,213981.28,0.3622,0.24771,0,-0.0208,0.0932,0.0531,0.0129,0.0,-0.0224
7947,61,West,Business,Retail,2026Q1,130557.71,658.0,63.18,35.46,89.7,266934.04,0.4355,0.15606,0,-0.0526,-0.009,0.0383,-0.0185,0.0113,0.0
7948,53,West,Salaried,Healthcare,2026Q1,59558.94,546.0,42.54,55.98,48.77,114517.21,0.5519,0.28796,0,-0.048,0.1736,0.0103,0.0145,0.0239,-0.0252
7949,54,South,SelfEmployed,Healthcare,2026Q1,78191.63,691.0,57.0,0.0,68.45,45227.67,0.3949,0.07085,0,-0.0179,-0.0349,0.0187,-0.0495,0.0,0.0168
7950,41,West,SelfEmployed,IT,2026Q1,82403.97,619.0,39.65,90.48,53.45,170746.03,0.4343,0.38917,0,0.0252,0.0737,-0.0016,0.102,0.027,0.0653
7951,48,West,Business,Transport,2026Q1,75871.93,,42.25,95.8,55.33,75699.2,0.4458,0.15756,0,-0.0111,-0.0599,0.0057,0.0579,0.0148,0.0
7952,39,North,Salaried,Retail,2026Q1,80922.94,523.0,57.44,52.47,46.59,142665.24,0.4525,0.52041,0,0.0415,0.2895,0.0851,0.0074,0.0,-0.03
7953,61,North,Salaried,Construction,2026Q1,83225.6,635.0,79.05,34.43,71.38,150881.32,0.4649,0.15711,0,-0.0654,0.0195,0.0738,-0.025,0.0,-0.0157
7954,55,East,Salaried,Healthcare,2026Q1,104640.72,628.0,44.58,58.89,56.44,130526.21,0.39,0.15427,0,-0.0349,0.0248,0.0099,0.0115,0.0,-0.0141
7955,51,West,Business,IT,2026Q1,105797.32,630.0,86.09,19.12,52.15,293934.27,0.4587,0.24812,0,-0.0308,0.0362,0.1223,-0.0714,0.0203,0.0
7956,52,North,Business,Transport,2026Q1,132003.41,640.0,39.31,78.13,51.68,131869.33,0.4118,0.15701,0,-0.0271,0.0137,-0.0018,0.0388,0.0,0.0
7957,63,East,Salaried,IT,2026Q1,61032.31,635.0,64.93,59.66,81.33,84434.16,0.4495,0.1681,0,-0.0732,0.019,0.0508,0.0136,0.0,-0.0153
7958,72,West,SelfEmployed,Retail,2026Q1,117403.01,465.0,,32.66,42.62,344230.0,0.535,0.54466,1,-0.1794,0.3893,0.1211,-0.0517,0.03,0.0746
7959,51,East,Business,Retail,2026Q1,99380.32,729.0,68.02,21.94,47.9,327125.0,0.346,0.05798,0,-0.0101,-0.0714,0.0246,-0.0218,0.0,0.0
7960,51,North,Salaried,IT,2026Q1,84196.96,,,0.0,46.54,230697.89,0.4102,0.11195,0,-0.0195,0.0672,0.0046,-0.0814,0.0,-0.0137
7961,54,North,SelfEmployed,Manufacturing,2026Q1,85191.22,577.0,56.28,57.98,74.55,227929.34,0.4586,0.34553,1,-0.0584,0.1515,0.0685,0.021,0.0,0.0634
7962,66,East,Salaried,Transport,2026Q1,101378.9,622.0,50.93,13.45,92.65,106561.49,0.3428,0.08718,0,-0.05,0.0178,0.0132,-0.035,0.0,-0.0083
7963,59,East,Salaried,Manufacturing,2026Q1,53722.94,650.0,45.65,39.23,46.13,41965.32,0.3871,0.06536,0,-0.033,0.0,0.0077,-0.0097,0.0,-0.009
7964,54,North,SelfEmployed,Construction,2026Q1,56622.82,528.0,46.9,47.19,88.92,98076.71,0.3899,0.38196,0,-0.0612,0.2459,0.0322,-0.008,0.0,0.0684
7965,59,East,Salaried,Transport,2026Q1,74233.22,516.0,26.0,36.34,83.13,182090.13,0.4702,0.19139,0,-0.0684,0.1409,-0.0473,-0.0268,0.0,-0.0194
7966,55,South,Salaried,Retail,2026Q1,49389.91,718.0,46.89,17.82,39.86,151401.07,0.4576,0.04073,0,-0.0105,-0.0352,0.0042,-0.0152,0.0,-0.0042
7967,35,North,Salaried,Transport,2026Q1,74498.4,594.0,41.45,48.99,64.37,195191.63,0.5248,0.20528,0,0.0472,0.094,0.0052,-0.0022,0.0,-0.0225
7968,62,East,Business,Manufacturing,2026Q1,88873.07,638.0,44.37,48.53,37.74,264444.83,0.5427,0.11533,1,-0.0507,0.011,0.0074,-0.0016,0.0,0.0
7969,41,West,SelfEmployed,Transport,2026Q1,79552.39,,28.59,45.05,53.02,148876.42,0.4785,0.32913,1,0.0252,0.2018,-0.0538,-0.0137,0.027,0.0654
7970,49,South,Salaried,Manufacturing,2026Q1,85214.89,727.0,43.18,85.75,31.19,119152.19,0.3095,0.07398,0,-0.008,-0.0825,0.0042,0.0243,0.0,-0.0086
7971,41,West,SelfEmployed,Healthcare,2026Q1,77844.24,675.0,52.58,89.74,51.29,121937.89,0.3248,0.30807,1,0.0218,-0.0582,0.0474,0.0846,0.0233,0.0558
7972,47,North,Business,IT,2026Q1,104974.04,580.0,33.7,44.18,54.47,171319.67,0.4866,0.23953,0,-0.0089,0.0932,-0.0204,-0.0111,0.0,0.0
7973,53,South,SelfEmployed,Manufacturing,2026Q1,82894.29,722.0,53.18,66.67,40.58,161583.38,0.3748,0.12024,0,-0.022,-0.0966,0.0213,0.0165,0.0,0.0238
7974,65,East,Business,Manufacturing,2026Q1,108029.47,,49.84,37.76,68.1,58144.92,0.3555,0.06298,0,-0.0458,-0.0098,0.0116,-0.01,0.0,0.0
7975,45,East,Salaried,Construction,2026Q1,66979.45,673.0,42.53,15.21,82.65,140606.85,0.4949,0.05446,0,0.0,-0.0168,0.0029,-0.0299,0.0,-0.0075
7976,66,East,Salaried,Retail,2026Q1,111881.1,678.0,57.3,56.51,70.29,96107.81,0.5449,0.09983,0,-0.0512,-0.0238,0.0202,0.0051,0.0,-0.0085
7977,32,South,Business,Transport,2026Q1,55355.6,593.0,63.53,17.29,34.18,38358.96,0.4854,0.24859,0,0.0694,0.1117,0.0874,-0.0873,0.0,0.0
7978,36,North,Business,Manufacturing,2026Q1,89775.41,,40.91,72.03,84.54,176719.83,0.4692,0.10867,0,0.0171,-0.1134,0.0014,0.0178,0.0,0.0
7979,41,West,Salaried,Manufacturing,2026Q1,100163.91,737.0,36.83,46.83,63.62,202131.61,0.3602,0.06187,0,0.0053,-0.0734,-0.0032,-0.0019,0.0056,-0.0063
7980,58,North,Salaried,Transport,2026Q1,96345.21,740.0,57.96,41.15,43.31,228300.29,0.364,0.04702,0,-0.0167,-0.0612,0.0118,-0.0043,0.0,-0.0049
7981,40,North,Salaried,Construction,2026Q1,60842.48,461.0,38.42,26.01,56.12,86739.15,0.2528,0.49184,0,0.0345,0.3621,-0.0079,-0.0718,0.0,-0.0299
7982,36,East,Business,Transport,2026Q1,89043.55,621.0,,47.74,85.32,274057.63,0.5258,0.14311,0,0.0317,0.0391,-0.0331,-0.0037,0.0,0.0
7983,70,North,Salaried,Construction,2026Q1,86818.59,,59.24,39.44,59.44,61514.16,0.489,0.07657,0,-0.0694,0.0055,0.0243,-0.0099,0.0,-0.0093
7984,49,West,SelfEmployed,Construction,2026Q1,107302.26,597.0,,12.84,48.55,298540.62,0.4485,0.23642,0,-0.0172,0.071,-0.0014,-0.0754,0.0171,0.0402
7985,66,East,SelfEmployed,IT,2026Q1,111215.89,619.0,56.23,42.94,57.39,270571.21,0.544,0.1325,1,-0.0954,0.0407,0.039,-0.0117,0.0,0.0364
7986,61,East,SelfEmployed,Manufacturing,2026Q1,101478.31,616.0,26.82,47.71,32.16,153059.73,0.4767,0.15009,0,-0.055,0.0336,-0.0302,-0.0029,0.0,0.0277
7987,59,South,Business,Transport,2026Q1,129105.66,,51.86,58.36,43.34,370343.97,0.414,0.08803,1,-0.0283,-0.0536,0.013,0.0058,0.0,0.0
7988,64,West,Salaried,Healthcare,2026Q1,94498.71,700.0,48.11,36.42,72.16,173564.11,0.5042,0.0396,0,-0.0298,-0.0311,0.0066,-0.0077,0.005,-0.0056
7989,47,East,SelfEmployed,Construction,2026Q1,59629.35,642.0,60.96,45.56,56.54,155807.94,0.3955,0.25396,0,-0.0098,0.0148,0.0641,-0.0093,0.0,0.0476
7990,37,South,SelfEmployed,Transport,2026Q1,78013.37,648.0,20.23,37.9,52.4,58132.05,0.3931,0.16752,0,0.0225,0.0024,-0.0501,-0.0168,0.0,0.0293
7991,56,North,Salaried,Retail,2026Q1,80991.53,620.0,27.25,37.6,59.18,155969.36,0.4054,0.10945,1,-0.0256,0.021,-0.0207,-0.0116,0.0,-0.0092
7992,46,North,Salaried,IT,2026Q1,76503.09,755.0,67.55,39.65,74.71,118864.89,0.3005,0.03942,0,-0.0015,-0.1023,0.0229,-0.0069,0.0,-0.0067
7993,57,East,Salaried,Healthcare,2026Q1,95837.74,644.0,46.44,53.63,100.0,226527.49,0.5771,0.12225,0,-0.0353,0.0059,0.0113,0.0039,0.0,-0.0116
7994,60,East,Salaried,Construction,2026Q1,102174.9,737.0,29.59,40.28,5.0,219852.25,0.3229,0.02385,0,-0.0113,-0.034,-0.0051,-0.0027,0.0,-0.0028
7995,41,West,Salaried,Manufacturing,2026Q1,52969.78,,54.45,40.82,58.45,56001.32,0.3958,0.14247,0,0.0109,-0.0452,0.0262,-0.0117,0.0116,-0.0128
7996,43,North,Salaried,Transport,2026Q1,74635.28,659.0,39.88,69.69,52.92,178308.74,0.4523,0.14396,0,0.0063,-0.0118,-0.0003,0.0249,0.0,-0.0144
7997,49,West,SelfEmployed,Manufacturing,2026Q1,84135.59,,36.63,48.78,84.98,194515.21,0.5193,0.44679,1,-0.0278,0.2892,-0.0167,-0.0036,0.0293,0.0721
7998,64,East,Salaried,Healthcare,2026Q1,97022.23,702.0,74.46,67.1,56.87,232779.69,0.46,0.13154,0,-0.0555,-0.0606,0.044,0.0159,0.0,-0.0106
7999,41,South,Salaried,Retail,2026Q1,80010.65,501.0,40.63,13.48,49.92,141492.12,0.36,0.33312,1,0.0239,0.2376,0.0027,-0.102,0.0,-0.0267
8000,70,South,Salaried,Healthcare,2026Q1,97370.18,,16.09,83.78,53.93,103319.28,0.3402,0.11982,0,-0.0736,0.0313,-0.0459,0.0271,0.0,-0.01
8001,32,West,SelfEmployed,Transport,2026Q1,50461.72,526.0,42.5,54.66,88.13,103352.74,0.5039,0.60959,1,0.0904,0.3181,0.0123,0.0137,0.0295,0.0744
8002,68,North,Business,Transport,2026Q1,110132.2,,35.12,45.02,23.86,157037.93,0.5409,0.03511,0,-0.0348,-0.0184,-0.0041,-0.0025,0.0,0.0
8003,53,North,Business,Healthcare,2026Q1,119284.81,591.0,9.98,64.44,64.86,199931.31,0.5701,0.13519,0,-0.0265,0.0553,-0.0813,0.0177,0.0,0.0
8004,56,West,Business,IT,2026Q1,80949.56,663.0,58.48,83.19,67.71,188202.36,0.5161,0.22944,0,-0.0501,-0.0221,0.0484,0.0517,0.0171,0.0
8005,56,West,Business,IT,2026Q1,125506.53,476.0,,29.05,92.47,135498.32,0.4748,0.48152,1,-0.0758,0.3826,0.1374,-0.0621,0.03,0.0
8006,25,East,Salaried,Transport,2026Q1,27686.84,679.0,53.45,4.5,34.41,94008.56,0.3836,0.11414,0,0.0435,-0.0349,0.0234,-0.0651,0.0,-0.0122
8007,47,North,Business,Healthcare,2026Q1,96479.84,675.0,,52.8,48.15,133710.08,0.3261,0.06909,0,-0.0054,-0.0287,0.009,0.0031,0.0,0.0
8008,48,West,SelfEmployed,IT,2026Q1,75697.86,549.0,40.49,13.31,69.03,230601.73,0.5074,0.2519,1,-0.0173,0.1676,0.002,-0.0969,0.0237,0.0566
8009,63,South,Business,Manufacturing,2026Q1,106878.94,581.0,44.61,25.65,51.98,198552.48,0.5224,0.10688,0,-0.0686,0.0649,0.0101,-0.0369,0.0,0.0
8010,49,West,SelfEmployed,Retail,2026Q1,100761.07,710.0,61.48,93.24,27.15,219449.99,0.4282,0.17347,1,-0.0189,-0.128,0.0614,0.072,0.0189,0.0447
8011,66,West,SelfEmployed,Healthcare,2026Q1,119820.11,637.0,14.22,23.62,78.09,240652.19,0.5211,0.07087,0,-0.0411,0.0072,-0.0349,-0.0196,0.0061,0.0141
8012,70,West,Business,Healthcare,2026Q1,136573.42,676.0,47.25,18.73,60.4,316005.83,0.4754,0.04228,0,-0.042,-0.0141,0.0059,-0.0193,0.0049,0.0
8013,56,North,Business,Healthcare,2026Q1,73013.03,498.0,,63.45,42.87,46640.19,0.5179,0.49604,0,-0.0759,0.3492,0.1208,0.0403,0.0,0.0
8014,52,West,SelfEmployed,Construction,2026Q1,74477.25,607.0,26.33,64.49,38.49,225838.88,0.4427,0.18476,1,-0.0338,0.0667,-0.0482,0.0269,0.0189,0.0447
8015,39,West,Salaried,Retail,2026Q1,60261.37,689.0,62.4,78.31,66.2,75714.45,0.2827,0.21443,0,0.0249,-0.0759,0.0608,0.0477,0.0181,-0.0195
8016,57,North,Salaried,IT,2026Q1,73203.97,569.0,73.44,15.72,34.28,108754.93,0.4578,0.27913,1,-0.0632,0.1169,0.0942,-0.0788,0.0,-0.0214
8017,47,West,SelfEmployed,Transport,2026Q1,93409.01,575.0,38.44,40.82,67.76,225488.13,0.3487,0.31308,1,-0.0116,0.1376,-0.0064,-0.0231,0.024,0.0575
8018,66,West,SelfEmployed,Healthcare,2026Q1,117159.77,618.0,26.03,62.49,100.0,134594.46,0.439,0.14843,0,-0.0823,0.0351,-0.0351,0.0161,0.013,0.0305
8019,34,South,Business,Retail,2026Q1,47611.24,567.0,37.78,38.22,35.6,137729.34,0.2463,0.32867,0,0.0586,0.1475,-0.0092,-0.0297,0.0,0.0
8020,43,West,SelfEmployed,Retail,2026Q1,62469.73,,53.34,78.04,93.96,182211.59,0.3858,0.17404,0,0.0077,-0.1267,0.0341,0.042,0.0161,0.038
8021,60,South,Salaried,Construction,2026Q1,86410.29,668.0,87.52,37.7,84.62,105569.03,0.4678,0.10085,0,-0.0559,-0.0244,0.0764,-0.0178,0.0,-0.0143
8022,69,East,Business,Retail,2026Q1,112336.65,619.0,35.33,41.15,48.3,175957.14,0.3132,0.09399,0,-0.0636,0.0211,-0.0069,-0.0079,0.0,0.0
8023,58,East,Salaried,Construction,2026Q1,116047.03,762.0,,40.3,53.29,362670.72,0.4317,0.01975,0,-0.0088,-0.0467,-0.0016,-0.0025,0.0,-0.0026
8024,64,North,SelfEmployed,Manufacturing,2026Q1,78792.07,611.0,45.99,73.52,49.84,220440.94,0.3733,0.15778,1,-0.1003,0.0614,0.0189,0.0423,0.0,0.0447
8025,52,North,Business,Transport,2026Q1,87347.71,653.0,,56.39,66.83,233735.19,0.4518,0.14133,0,-0.0238,-0.0038,0.0207,0.0084,0.0,0.0
8026,69,West,Salaried,Transport,2026Q1,120911.48,557.0,47.6,39.7,61.15,159216.14,0.4454,0.23206,0,-0.1172,0.1026,0.0206,-0.0183,0.0164,-0.0178
8027,53,South,SelfEmployed,Retail,2026Q1,81747.65,617.0,21.19,30.18,52.28,212600.99,0.4236,0.13116,0,-0.0233,0.03,-0.0415,-0.0249,0.0,0.0254
8028,56,East,Salaried,Manufacturing,2026Q1,98779.41,667.0,28.26,50.63,45.87,214560.52,0.5199,0.04473,0,-0.0192,-0.0111,-0.0142,0.0004,0.0,-0.0069
8029,53,West,Salaried,Transport,2026Q1,74517.74,664.0,60.86,56.25,45.33,198899.29,0.479,0.13578,0,-0.0288,-0.0193,0.0425,0.0087,0.0136,-0.0149
8030,48,West,Salaried,Healthcare,2026Q1,73713.39,558.0,68.48,53.19,76.69,193004.95,0.3102,0.37064,0,-0.0203,0.2042,0.1258,0.0091,0.0284,-0.0291
8031,55,East,Salaried,Manufacturing,2026Q1,94985.0,531.0,,48.19,40.41,267294.02,0.4018,0.17385,0,-0.0501,0.1425,-0.0477,-0.0036,0.0,-0.0205
8032,53,South,Salaried,IT,2026Q1,78001.96,625.0,,54.47,47.23,235205.46,0.3947,0.19164,0,-0.0376,0.0396,0.0722,0.0083,0.0,-0.0195
8033,56,North,Salaried,Healthcare,2026Q1,72248.31,646.0,10.75,33.99,75.13,187679.64,0.5371,0.04149,1,-0.0145,0.0018,-0.0314,-0.0086,0.0,-0.0052
8034,26,North,Salaried,IT,2026Q1,71248.24,485.0,52.14,51.78,51.51,98475.52,0.4513,0.5828,1,0.1298,0.4135,0.058,0.005,0.0,-0.0274
8035,41,West,Salaried,IT,2026Q1,55865.69,766.0,42.57,44.74,45.6,69857.08,0.2993,0.03921,0,0.0043,-0.0938,0.002,-0.0026,0.0046,-0.0051
8036,45,East,Salaried,IT,2026Q1,89285.99,640.0,53.54,24.98,51.89,95447.85,0.4036,0.1154,0,0.0,0.0112,0.0258,-0.0356,0.0,-0.0133
8037,34,East,Salaried,Construction,2026Q1,59466.27,481.0,26.14,48.84,96.75,58421.0,0.4432,0.40888,1,0.0746,0.3379,-0.0691,-0.0034,0.0,-0.0299
8038,40,West,Business,IT,2026Q1,69727.95,648.0,60.79,48.56,39.96,52637.84,0.3822,0.1687,0,0.023,0.0037,0.0629,-0.003,0.0199,0.0
8039,58,East,Salaried,Retail,2026Q1,102585.73,,42.82,19.72,84.02,134480.01,0.4804,0.20817,0,-0.0712,0.1727,0.0099,-0.0711,0.0,-0.0221
8040,54,East,Salaried,IT,2026Q1,75851.34,,35.47,68.21,47.54,232305.22,0.5219,0.20136,1,-0.0505,0.1526,-0.0175,0.039,0.0,-0.0233
8041,61,North,Business,Transport,2026Q1,101549.44,651.0,40.46,38.03,67.48,125309.15,0.4727,0.07687,0,-0.0367,-0.0007,0.0006,-0.0103,0.0,0.0
8042,61,North,Business,Retail,2026Q1,69410.76,,59.56,48.93,49.02,57283.29,0.5925,0.32417,0,-0.1047,0.2075,0.0793,-0.0028,0.0,0.0
8043,61,West,Business,Manufacturing,2026Q1,83969.52,,46.74,31.45,77.52,196490.92,0.4981,0.25289,0,-0.0844,0.1267,0.0217,-0.0396,0.0194,0.0
8044,51,North,Salaried,Transport,2026Q1,101899.27,677.0,52.99,44.29,33.21,218921.05,0.4638,0.05956,0,-0.0144,-0.0268,0.0187,-0.0056,0.0,-0.0101
8045,65,North,Salaried,Manufacturing,2026Q1,97092.47,611.0,58.84,95.23,43.06,251029.01,0.4586,0.26041,0,-0.1098,0.0642,0.0573,0.0784,0.0,-0.0211
8046,44,West,Salaried,Healthcare,2026Q1,95454.13,588.0,36.22,58.51,46.9,177508.22,0.4005,0.19182,1,0.0049,0.0985,-0.0136,0.0175,0.0205,-0.0219
8047,65,East,Business,Healthcare,2026Q1,106977.04,607.0,37.67,42.54,65.65,230777.4,0.4004,0.10086,0,-0.064,0.036,-0.0044,-0.0085,0.0,0.0
8048,60,West,Business,Transport,2026Q1,105601.33,734.0,89.19,21.9,60.26,121911.46,0.3137,0.06989,0,-0.0344,-0.0935,0.045,-0.0267,0.0078,0.0
8049,58,North,Business,IT,2026Q1,132379.53,676.0,26.31,39.92,25.01,346182.35,0.2776,0.03774,0,-0.0195,-0.0148,-0.0141,-0.0058,0.0,0.0
8050,50,West,SelfEmployed,Manufacturing,2026Q1,95902.06,525.0,13.61,37.42,38.81,160539.63,0.5156,0.2836,0,-0.0287,0.187,-0.1162,-0.031,0.0232,0.0555
8051,43,West,Salaried,Construction,2026Q1,103568.22,721.0,35.14,56.66,94.08,224292.32,0.424,0.06402,0,0.0032,-0.0654,-0.006,0.0046,0.0068,-0.0075
8052,51,South,Business,Manufacturing,2026Q1,87947.17,590.0,42.68,33.33,60.15,245981.77,0.3533,0.22237,0,-0.0247,0.0733,0.0073,-0.0298,0.0,0.0
8053,34,West,Salaried,IT,2026Q1,61379.89,613.0,59.47,64.34,18.82,102260.87,0.4654,0.34294,0,0.0651,0.0843,0.081,0.0374,0.0263,-0.0273
8054,62,North,Salaried,Healthcare,2026Q1,77242.8,553.0,37.06,43.12,72.01,209338.26,0.4841,0.15723,0,-0.0764,0.1014,-0.0083,-0.0117,0.0,-0.0172
8055,45,West,SelfEmployed,Transport,2026Q1,93745.74,587.0,60.01,16.44,60.96,221614.17,0.5045,0.27349,1,0.0,0.124,0.0772,-0.0909,0.0247,0.0592
8056,46,West,SelfEmployed,Retail,2026Q1,68493.7,,39.96,71.33,66.46,145014.29,0.403,0.22663,1,-0.0053,0.0351,-0.0001,0.0447,0.0217,0.0518
8057,30,East,SelfEmployed,Healthcare,2026Q1,100710.36,,55.87,39.48,70.5,140825.22,0.3807,0.24261,1,0.0843,0.0612,0.0651,-0.0282,0.0,0.0618
8058,39,West,Salaried,Transport,2026Q1,41111.13,736.0,65.37,30.56,40.21,35847.07,0.3456,0.07127,0,0.0114,-0.1021,0.0299,-0.0188,0.0083,-0.0092
8059,75,North,Salaried,Retail,2026Q1,102780.78,541.0,37.62,46.76,68.21,265802.7,0.5293,0.15299,0,-0.1352,0.0946,-0.0059,-0.0048,0.0,-0.0153
8060,43,East,Salaried,Manufacturing,2026Q1,63593.43,608.0,61.24,56.5,77.8,88811.01,0.5124,0.23201,1,0.0106,0.0786,0.073,0.0147,0.0,-0.0237
8061,62,East,Salaried,Construction,2026Q1,95833.41,476.0,29.14,36.4,53.67,126732.06,0.4203,0.30257,1,-0.1025,0.2156,-0.0445,-0.0331,0.0,-0.0241
8062,36,North,SelfEmployed,Construction,2026Q1,62116.31,579.0,48.73,62.0,84.27,162121.18,0.4539,0.42478,0,0.0602,0.1723,0.042,0.0348,0.0,0.0712
8063,35,South,Salaried,IT,2026Q1,70891.2,,50.72,27.71,25.28,151915.38,0.3837,0.1052,0,0.0212,-0.0432,0.0167,-0.0253,0.0,-0.0107
8064,50,North,Business,Construction,2026Q1,102693.3,721.0,49.77,73.38,72.96,152647.22,0.3578,0.07941,0,-0.0114,-0.0825,0.0138,0.0191,0.0,0.0
8065,51,South,Business,Retail,2026Q1,106198.63,726.0,51.58,12.65,37.89,296365.54,0.4332,0.03523,0,-0.007,-0.048,0.0081,-0.0214,0.0,0.0
8066,43,West,Business,Retail,2026Q1,120905.41,592.0,50.88,36.01,15.31,283390.34,0.4593,0.29812,1,0.0104,0.101,0.0388,-0.033,0.022,0.0
8067,50,West,Salaried,Healthcare,2026Q1,79548.06,597.0,2.0,71.2,33.8,70968.8,0.2547,0.11704,0,-0.0154,0.0485,-0.1044,0.024,0.0119,-0.0131
8068,42,East,SelfEmployed,IT,2026Q1,76242.4,552.0,50.47,35.54,22.92,231871.48,0.4788,0.43835,1,0.0198,0.2109,0.0485,-0.0419,0.0,0.0685
8069,63,East,Business,Retail,2026Q1,103755.4,605.0,21.02,39.18,88.25,173801.51,0.56,0.07272,0,-0.0449,0.029,-0.0321,-0.0099,0.0,0.0
8070,72,East,Salaried,Retail,2026Q1,74147.72,698.0,38.08,13.89,44.17,160255.05,0.4125,0.01113,0,-0.023,-0.0143,-0.0008,-0.0112,0.0,-0.0027
8071,62,North,Business,Transport,2026Q1,123597.72,675.0,60.49,68.81,68.69,154681.43,0.5315,0.14747,0,-0.057,-0.0305,0.0349,0.0206,0.0,0.0
8072,35,West,Salaried,Manufacturing,2026Q1,49411.57,,55.69,46.4,48.0,40570.44,0.4744,0.30222,1,0.0595,0.1398,0.0663,-0.0097,0.0263,-0.0273
8073,55,West,Salaried,Manufacturing,2026Q1,104048.75,596.0,71.03,63.7,92.98,53402.05,0.6051,0.25002,1,-0.0618,0.1085,0.1125,0.0333,0.0245,-0.0258
8074,44,East,Business,IT,2026Q1,74260.7,598.0,53.81,55.59,48.95,157327.56,0.6057,0.29589,0,0.0055,0.0966,0.0506,0.0129,0.0,0.0
8075,44,North,SelfEmployed,Construction,2026Q1,53169.44,581.0,35.02,9.35,65.28,64108.16,0.6116,0.14407,0,0.0043,0.091,-0.0158,-0.0864,0.0,0.0419
8076,58,West,Business,IT,2026Q1,59400.72,634.0,,7.25,43.65,37841.54,0.4877,0.0676,0,-0.0232,0.0088,-0.0163,-0.0349,0.0062,0.0
8077,51,West,SelfEmployed,Transport,2026Q1,105297.28,668.0,66.54,34.42,73.98,304357.67,0.4405,0.17642,0,-0.0256,-0.0304,0.064,-0.0286,0.0166,0.0392
8078,51,North,Salaried,IT,2026Q1,104661.21,775.0,30.16,87.0,56.12,218951.32,0.2844,0.03493,0,-0.0059,-0.0868,-0.007,0.0117,0.0,-0.0041
8079,51,South,Business,Transport,2026Q1,103254.49,,28.64,40.86,70.99,213995.38,0.3294,0.11567,0,-0.0172,0.0287,-0.0239,-0.011,0.0,0.0
8080,40,South,Salaried,Manufacturing,2026Q1,53049.35,665.0,48.37,85.45,28.8,92556.23,0.5339,0.15423,1,0.0199,-0.0259,0.0236,0.0551,0.0,-0.0186
8081,39,South,Business,Transport,2026Q1,64548.55,549.0,66.52,17.3,68.71,131125.79,0.3948,0.32507,1,0.0382,0.2079,0.1132,-0.0951,0.0,0.0
8082,47,South,Salaried,Construction,2026Q1,69660.27,625.0,48.46,61.5,61.35,138101.04,0.5589,0.20087,0,-0.0083,0.0364,0.0232,0.0191,0.0,-0.0181
8083,48,East,Salaried,Healthcare,2026Q1,95221.59,607.0,42.32,62.27,26.59,119542.38,0.3832,0.16777,0,-0.013,0.0609,0.0069,0.0211,0.0,-0.0187
8084,55,West,SelfEmployed,Construction,2026Q1,88147.51,663.0,35.35,18.76,18.5,284345.97,0.2578,0.07786,0,-0.0236,-0.0114,-0.0072,-0.0329,0.0086,0.0198
8085,60,East,Salaried,Healthcare,2026Q1,63089.35,651.0,53.46,6.66,86.54,181419.88,0.3585,0.06142,0,-0.0285,-0.0006,0.0135,-0.037,0.0,-0.0071
8086,48,North,Business,Healthcare,2026Q1,77793.94,665.0,18.68,79.84,69.68,144262.62,0.3094,0.10506,1,-0.0074,-0.015,-0.0431,0.0263,0.0,0.0
8087,52,North,Business,Manufacturing,2026Q1,100939.92,609.0,24.56,27.78,69.96,128380.16,0.5581,0.07092,0,-0.018,0.0319,-0.0297,-0.0252,0.0,0.0
8088,60,West,Business,Retail,2026Q1,126400.38,595.0,34.5,74.41,90.99,100069.34,0.4249,0.2015,0,-0.0726,0.0758,-0.0174,0.0407,0.0176,0.0
8089,47,North,Salaried,Retail,2026Q1,89368.55,536.0,,31.9,76.61,249708.43,0.4431,0.26886,0,-0.0102,0.1534,-0.0185,-0.0411,0.0,-0.0221
8090,55,West,Business,Retail,2026Q1,84904.36,632.0,37.86,70.91,86.61,71405.91,0.3917,0.16493,0,-0.0401,0.0241,-0.0057,0.0299,0.015,0.0
8091,52,East,Business,Construction,2026Q1,96934.58,611.0,62.7,44.28,37.33,299404.35,0.4394,0.25256,0,-0.0342,0.0622,0.0653,-0.0116,0.0,0.0
8092,46,North,Business,Retail,2026Q1,110369.49,711.0,68.17,67.15,59.94,128964.55,0.429,0.12632,0,-0.0032,-0.0975,0.0525,0.0219,0.0,0.0
8093,36,South,Salaried,Healthcare,2026Q1,67179.06,607.0,32.55,63.63,100.0,131635.98,0.3974,0.16702,0,0.0386,0.0677,-0.0257,0.0258,0.0,-0.0205
8094,40,East,Salaried,Transport,2026Q1,42729.27,581.0,43.03,80.13,72.79,57686.91,0.3215,0.34268,0,0.0297,0.1398,0.0131,0.0733,0.0,-0.0267
8095,61,South,Business,Manufacturing,2026Q1,93266.89,657.0,35.0,78.76,5.0,42749.48,0.2992,0.09738,0,-0.047,-0.007,-0.0091,0.0263,0.0,0.0
8096,32,West,Business,Healthcare,2026Q1,21207.32,525.0,37.85,63.4,64.24,94325.71,0.3954,0.58951,0,0.0902,0.3005,-0.0107,0.0401,0.03,0.0
8097,70,North,Salaried,Construction,2026Q1,104239.17,638.0,,41.3,47.97,340972.25,0.3124,0.08497,0,-0.0699,0.0093,0.0207,-0.0081,0.0,-0.0094
8098,43,South,Business,Manufacturing,2026Q1,113105.68,576.0,65.42,8.95,41.48,235986.12,0.5568,0.28774,0,0.0105,0.1239,0.0847,-0.1044,0.0,0.0
8099,31,South,Salaried,Healthcare,2026Q1,90259.86,535.0,67.26,44.2,83.45,191633.89,0.4307,0.50114,0,0.0973,0.2846,0.134,-0.0174,0.0,-0.0299
8100,44,West,Salaried,Retail,2026Q1,74218.16,627.0,48.05,42.13,50.31,186996.75,0.2968,0.16878,1,0.0039,0.0324,0.0213,-0.0136,0.0161,-0.0174
8101,25,West,Salaried,IT,2026Q1,42338.12,456.0,18.15,81.53,65.63,138997.16,0.5287,0.71247,1,0.1336,0.4747,-0.0895,0.0888,0.0272,-0.0262
8102,31,West,Salaried,Construction,2026Q1,59802.8,,,77.65,45.07,178507.67,0.3645,0.18644,0,0.0482,-0.0111,-0.0444,0.0417,0.0162,-0.0175
8103,51,East,Salaried,Construction,2026Q1,84334.25,624.0,19.85,50.7,65.69,61163.71,0.5162,0.13749,0,-0.0144,0.0203,-0.0379,0.0007,0.0,-0.0101
8104,33,East,Salaried,IT,2026Q1,87896.33,577.0,63.67,60.68,72.86,158099.83,0.3976,0.46065,1,0.0789,0.1747,0.109,0.0308,0.0,-0.0295
8105,33,West,SelfEmployed,IT,2026Q1,80101.37,682.0,37.23,87.31,66.37,252900.42,0.3833,0.24253,1,0.0558,-0.0698,-0.0102,0.072,0.0212,0.0504
8106,51,West,Business,Healthcare,2026Q1,66539.72,653.0,49.46,32.21,52.86,150079.13,0.606,0.11873,0,-0.018,-0.0034,0.0177,-0.0233,0.0115,0.0
8107,51,North,Business,IT,2026Q1,111219.23,532.0,71.61,53.83,66.29,232537.29,0.4766,0.4959,0,-0.0419,0.273,0.149,0.0114,0.0,0.0
8108,55,West,Salaried,Transport,2026Q1,50961.18,658.0,30.16,31.54,100.0,89888.13,0.4261,0.07691,0,-0.0181,-0.0052,-0.0123,-0.014,0.0065,-0.0072
8109,53,East,Salaried,IT,2026Q1,87029.15,653.0,42.47,64.26,78.33,256128.73,0.4364,0.1059,0,-0.0236,-0.0032,0.0047,0.0155,0.0,-0.0122
8110,49,East,Salaried,Construction,2026Q1,110213.66,588.0,48.59,37.06,53.85,341436.07,0.3982,0.14317,0,-0.0175,0.082,0.0245,-0.0246,0.0,-0.0188
8111,56,North,Business,IT,2026Q1,71981.1,,24.14,9.05,38.31,214957.51,0.6112,0.08334,0,-0.0236,0.0279,-0.0244,-0.0408,0.0,0.0
8112,60,West,Salaried,Transport,2026Q1,87679.23,730.0,60.4,74.63,24.68,113129.68,0.3283,0.08727,0,-0.0339,-0.0862,0.0231,0.0176,0.0077,-0.0085
8113,51,West,SelfEmployed,Healthcare,2026Q1,88599.41,646.0,66.62,46.48,27.17,134838.76,0.5297,0.2254,1,-0.0318,0.0079,0.083,-0.0077,0.0211,0.0501
8114,56,West,SelfEmployed,Transport,2026Q1,94374.9,534.0,58.32,78.9,26.01,234451.98,0.4392,0.60182,1,-0.0751,0.2926,0.0913,0.0865,0.0299,0.0749
8115,21,South,SelfEmployed,Retail,2026Q1,77606.27,627.0,58.54,75.61,27.46,181408.63,0.3991,0.52846,0,0.1606,0.0627,0.0912,0.0759,0.0,0.0741
8116,45,North,Business,Retail,2026Q1,79230.62,514.0,49.01,55.11,68.42,42774.74,0.4264,0.46176,1,0.0,0.2937,0.044,0.0151,0.0,0.0
8117,66,South,Salaried,Healthcare,2026Q1,107459.4,653.0,53.22,16.01,79.87,260498.67,0.2638,0.05144,0,-0.0402,-0.0018,0.0123,-0.0257,0.0,-0.0066
8118,44,South,Business,Transport,2026Q1,85708.26,580.0,66.8,57.53,50.09,202717.79,0.4193,0.33598,0,0.0065,0.1566,0.1145,0.0208,0.0,0.0
8119,56,South,Salaried,Healthcare,2026Q1,88634.68,587.0,64.96,39.77,61.48,141609.88,0.5154,0.23247,0,-0.0561,0.0937,0.0718,-0.0213,0.0,-0.0208
8120,53,East,Salaried,IT,2026Q1,58415.24,,54.13,98.66,74.59,134058.3,0.4572,0.42223,1,-0.0549,0.212,0.0659,0.1299,0.0,-0.0292
8121,43,West,Salaried,Construction,2026Q1,93960.7,596.0,33.87,60.8,71.52,52755.77,0.3544,0.20726,0,0.0093,0.0838,-0.0214,0.0211,0.0196,-0.021
8122,55,East,Business,Manufacturing,2026Q1,103383.23,634.0,5.99,81.08,68.86,139153.39,0.4821,0.06559,0,-0.0248,0.0129,-0.0708,0.0252,0.0,0.0
8123,45,South,Salaried,Retail,2026Q1,87133.27,574.0,69.1,54.21,80.94,165564.15,0.4451,0.38098,0,0.0,0.1621,0.1196,0.0115,0.0,-0.0279
8124,45,South,Salaried,Transport,2026Q1,96736.12,567.0,,79.47,71.95,74500.4,0.4343,0.503,1,0.0,0.208,0.1626,0.0864,0.0,-0.03
8125,44,East,Salaried,Construction,2026Q1,70508.16,624.0,38.21,62.94,42.41,73990.22,0.3088,0.16931,0,0.0038,0.0354,-0.0049,0.0201,0.0,-0.017
8126,40,West,SelfEmployed,Transport,2026Q1,75525.46,597.0,65.99,41.34,65.72,212853.51,0.3952,0.40011,1,0.0332,0.1294,0.1166,-0.0252,0.0285,0.0697
8127,39,East,Salaried,IT,2026Q1,38992.09,602.0,13.23,74.4,97.25,20000.0,0.4343,0.14204,0,0.0219,0.0608,-0.0876,0.0366,0.0,-0.0173
8128,45,West,Salaried,IT,2026Q1,79702.59,572.0,59.15,14.12,55.38,67373.25,0.4434,0.26706,1,0.0,0.1229,0.0633,-0.0874,0.0214,-0.0227
8129,51,North,Business,Healthcare,2026Q1,121615.09,,54.21,81.25,74.27,256141.0,0.5287,0.48336,1,-0.0409,0.212,0.0659,0.0858,0.0,0.0
8130,46,East,Business,Manufacturing,2026Q1,91446.43,,37.4,82.96,98.58,24559.69,0.2863,0.20808,1,-0.0051,0.0712,-0.0095,0.0635,0.0,0.0
8131,45,East,Salaried,Construction,2026Q1,61617.67,667.0,79.33,60.94,49.68,113383.14,0.3502,0.18576,1,0.0,-0.0324,0.101,0.0208,0.0,-0.0204
8132,75,West,Salaried,Construction,2026Q1,119522.01,613.0,43.69,37.15,33.86,332867.2,0.413,0.07388,0,-0.0863,0.0248,0.0052,-0.0119,0.0082,-0.0091
8133,58,South,Salaried,Construction,2026Q1,62430.0,597.0,62.81,23.93,59.45,111084.43,0.481,0.18632,0,-0.0534,0.0616,0.0504,-0.0452,0.0,-0.0162
8134,32,East,Salaried,IT,2026Q1,53896.8,521.0,77.78,67.22,49.02,48074.89,0.477,0.71976,0,0.0855,0.3405,0.1828,0.0476,0.0,-0.0263
8135,53,East,Business,Construction,2026Q1,86686.18,586.0,46.03,62.01,61.23,160456.36,0.4331,0.22901,1,-0.0421,0.1015,0.0207,0.0246,0.0,0.0
8136,53,East,Business,Healthcare,2026Q1,114793.8,582.0,62.05,5.53,35.48,166697.68,0.5313,0.1798,0,-0.0354,0.0857,0.0562,-0.0922,0.0,0.0
8137,75,South,Salaried,Construction,2026Q1,107694.72,624.0,47.23,39.35,36.78,92498.78,0.7334,0.06935,0,-0.0772,0.0162,0.0087,-0.0086,0.0,-0.0081
8138,54,East,Salaried,Transport,2026Q1,74085.36,,53.13,12.96,56.62,190511.92,0.4216,0.08015,0,-0.0253,0.0255,0.0215,-0.0481,0.0,-0.0114
8139,73,North,Business,Manufacturing,2026Q1,107585.5,776.0,32.39,46.74,50.49,112686.06,0.4993,0.01,0,-0.0153,-0.0377,-0.0021,-0.0005,0.0,0.0
8140,46,East,Salaried,Transport,2026Q1,80573.86,593.0,50.07,36.04,92.07,125650.05,0.5909,0.20375,0,-0.0044,0.0794,0.0293,-0.0273,0.0,-0.0193
8141,41,West,Salaried,Construction,2026Q1,76607.51,673.0,50.72,48.98,45.87,89554.59,0.3704,0.17949,1,0.0123,-0.0317,0.0226,-0.0014,0.0131,-0.0143
8142,37,North,Business,Manufacturing,2026Q1,87080.95,675.0,49.8,24.43,52.12,132479.97,0.4327,0.16141,0,0.0198,-0.0295,0.0175,-0.0333,0.0,0.0
8143,60,North,Business,Transport,2026Q1,93061.88,661.0,,78.02,69.7,147382.31,0.2675,0.15898,0,-0.0661,-0.0173,0.0606,0.0412,0.0,0.0
8144,40,North,SelfEmployed,Healthcare,2026Q1,99468.68,618.0,52.42,11.02,100.0,80834.45,0.4116,0.17936,0,0.0216,0.0508,0.037,-0.0856,0.0,0.044
8145,43,West,SelfEmployed,Retail,2026Q1,111538.61,790.0,31.51,68.62,55.67,186250.16,0.4284,0.04143,0,0.0026,-0.1454,-0.0086,0.0095,0.0053,0.0123
8146,56,East,Business,Transport,2026Q1,126981.36,560.0,56.57,72.62,79.69,132376.42,0.4315,0.43372,1,-0.0721,0.1792,0.07,0.058,0.0,0.0
8147,46,South,Salaried,Construction,2026Q1,99502.92,651.0,38.51,19.77,51.61,268598.96,0.4399,0.06269,1,-0.002,-0.0008,-0.0021,-0.0296,0.0,-0.0088
8148,52,East,Salaried,Construction,2026Q1,125709.7,667.0,50.9,38.19,33.92,306039.78,0.4614,0.08515,1,-0.0165,-0.0157,0.0155,-0.0117,0.0,-0.0098
8149,36,South,Business,Transport,2026Q1,70925.21,506.0,50.07,49.38,44.1,176317.84,0.5007,0.56707,1,0.0629,0.3382,0.0503,-0.0019,0.0,0.0
8150,24,West,Salaried,Transport,2026Q1,46251.11,522.0,59.33,8.65,53.94,135522.97,0.4925,0.48435,1,0.1415,0.2974,0.0948,-0.1224,0.0299,-0.03
8151,64,North,Business,Construction,2026Q1,83672.23,702.0,51.11,43.2,94.55,257875.01,0.4313,0.06656,0,-0.0331,-0.0363,0.0098,-0.0041,0.0,0.0
8152,63,West,Business,Healthcare,2026Q1,103549.37,638.0,57.61,15.71,77.29,194610.5,0.4612,0.07528,0,-0.0528,0.0107,0.0261,-0.0415,0.0098,0.0
8153,47,South,Salaried,Healthcare,2026Q1,56109.75,540.0,50.31,43.62,75.38,121841.11,0.4803,0.28556,0,-0.0122,0.1934,0.0425,-0.0167,0.0,-0.0264
8154,51,East,Salaried,Retail,2026Q1,105840.26,701.0,84.79,34.27,51.29,68128.68,0.355,0.10145,0,-0.0175,-0.068,0.0619,-0.0199,0.0,-0.0123
8155,40,West,SelfEmployed,Construction,2026Q1,84123.45,606.0,42.6,52.23,48.32,272133.82,0.3501,0.29923,0,0.0288,0.0919,0.0109,0.0056,0.0248,0.0596
8156,47,East,SelfEmployed,Retail,2026Q1,80540.8,682.0,39.41,39.32,41.71,227544.78,0.418,0.11826,1,-0.0052,-0.0364,-0.0011,-0.0121,0.0,0.0239
8157,75,East,Business,Healthcare,2026Q1,99064.79,733.0,57.91,55.22,75.16,214427.88,0.3464,0.02491,0,-0.0438,-0.0494,0.0106,0.0021,0.0,0.0
8158,70,East,SelfEmployed,Construction,2026Q1,84157.54,605.0,41.15,32.16,80.13,133912.64,0.5573,0.11125,0,-0.0921,0.0414,0.0023,-0.0236,0.0,0.0271
8159,53,East,Salaried,Construction,2026Q1,74480.4,486.0,60.8,0.0,78.7,178320.98,0.351,0.35412,0,-0.0518,0.2602,0.086,-0.1439,0.0,-0.0273
8160,29,North,Business,Retail,2026Q1,106473.44,565.0,28.63,41.44,33.6,111539.77,0.4173,0.32389,0,0.083,0.1517,-0.0489,-0.0216,0.0,0.0
8161,56,South,Salaried,Transport,2026Q1,107211.76,482.0,50.68,15.8,43.11,252780.64,0.5436,0.30352,1,-0.0709,0.2551,0.0451,-0.0957,0.0,-0.0269
8162,47,East,Business,Construction,2026Q1,107126.74,556.0,55.61,68.68,100.0,104118.61,0.3505,0.38876,0,-0.0134,0.2058,0.0715,0.052,0.0,0.0
8163,45,South,Salaried,IT,2026Q1,37524.6,712.0,30.45,20.56,74.6,36273.45,0.3456,0.03688,0,0.0,-0.0325,-0.0072,-0.0144,0.0,-0.0044
8164,50,East,SelfEmployed,Transport,2026Q1,87424.72,568.0,54.47,70.82,81.99,169326.68,0.4273,0.44125,0,-0.0343,0.1911,0.068,0.059,0.0,0.0704
8165,71,South,Salaried,Manufacturing,2026Q1,95624.58,,16.88,60.46,57.34,63573.16,0.6075,0.16171,0,-0.1032,0.0832,-0.0599,0.0131,0.0,-0.0137
8166,52,East,Business,Transport,2026Q1,85411.65,723.0,48.78,51.14,77.38,218734.26,0.3664,0.05916,0,-0.012,-0.0643,0.0091,0.0008,0.0,0.0
8167,61,North,Business,Retail,2026Q1,107053.46,,67.21,74.43,52.01,237607.92,0.4792,0.28009,0,-0.0945,0.0848,0.0902,0.0521,0.0,0.0
8168,55,East,Salaried,Transport,2026Q1,69418.11,633.0,,0.0,72.8,157546.38,0.4182,0.03809,0,-0.0161,0.0087,-0.0058,-0.0399,0.0,-0.0064
8169,54,West,Salaried,IT,2026Q1,75062.96,543.0,47.12,45.11,57.89,128338.0,0.4304,0.27238,1,-0.0536,0.1733,0.0278,-0.012,0.0236,-0.0249
8170,57,South,SelfEmployed,Healthcare,2026Q1,79838.8,701.0,34.76,46.82,57.98,180079.36,0.5151,0.07167,0,-0.0232,-0.0427,-0.0065,-0.0023,0.0,0.0157
8171,45,West,SelfEmployed,Transport,2026Q1,73162.26,620.0,,38.25,60.32,184746.29,0.3504,0.32082,1,0.0,0.0612,0.0706,-0.0292,0.0234,0.0561
8172,35,South,Salaried,Manufacturing,2026Q1,18000.0,671.0,61.16,48.11,15.78,28583.32,0.425,0.12712,0,0.0351,-0.0344,0.0504,-0.0032,0.0,-0.0172
8173,68,West,Salaried,Construction,2026Q1,98689.45,519.0,56.82,42.93,35.85,305768.95,0.4865,0.28637,0,-0.1472,0.2011,0.0639,-0.0177,0.024,-0.0253
8174,33,West,SelfEmployed,Construction,2026Q1,85112.82,706.0,60.22,17.28,83.1,145674.87,0.5097,0.13169,1,0.0363,-0.0926,0.0426,-0.0549,0.014,0.0328
8175,53,North,Salaried,Retail,2026Q1,69378.16,,37.45,58.63,72.41,147287.01,0.4144,0.12994,0,-0.0234,0.011,-0.005,0.0095,0.0,-0.012
8176,70,South,Business,Manufacturing,2026Q1,134283.98,568.0,46.62,36.3,71.09,318048.64,0.3408,0.11321,1,-0.1092,0.0803,0.0156,-0.0215,0.0,0.0
8177,54,West,SelfEmployed,Manufacturing,2026Q1,77082.26,588.0,29.63,54.03,33.43,95474.76,0.3475,0.24078,0,-0.0464,0.0956,-0.0378,0.0082,0.02,0.0474
8178,57,North,Business,IT,2026Q1,80448.56,581.0,33.59,48.91,49.65,202584.19,0.3741,0.16838,0,-0.0501,0.0775,-0.0179,-0.0018,0.0,0.0
8179,57,North,Business,Retail,2026Q1,121340.62,,45.14,68.99,82.43,89615.72,0.501,0.16093,1,-0.0463,0.0191,0.0121,0.0257,0.0,0.0
8180,63,North,Business,Transport,2026Q1,98321.8,625.0,67.18,87.22,31.31,254390.01,0.4045,0.23825,0,-0.1017,0.0456,0.0832,0.0704,0.0,0.0
8181,65,South,Business,Healthcare,2026Q1,113830.61,726.0,34.39,9.46,45.67,125587.27,0.4465,0.02098,0,-0.0138,-0.0238,-0.0022,-0.0115,0.0,0.0
8182,34,East,Salaried,Transport,2026Q1,40391.91,,53.24,72.34,29.89,97260.53,0.6245,0.68877,1,0.0723,0.4311,0.0619,0.0626,0.0,-0.0265
8183,64,South,Salaried,Manufacturing,2026Q1,90864.27,658.0,34.22,62.79,72.02,233352.1,0.4841,0.05933,0,-0.0413,-0.0056,-0.0075,0.0088,0.0,-0.0078
8184,49,West,Salaried,Healthcare,2026Q1,74416.5,,29.05,55.83,46.22,134870.02,0.5462,0.33988,0,-0.0258,0.2469,-0.0511,0.0156,0.0266,-0.0276
8185,42,East,Salaried,Manufacturing,2026Q1,67082.42,789.0,70.19,69.2,84.86,20000.0,0.4022,0.0743,0,0.0049,-0.176,0.028,0.0125,0.0,-0.0076
8186,38,East,Salaried,Transport,2026Q1,63817.55,719.0,66.4,86.52,63.05,146966.28,0.327,0.16483,0,0.0245,-0.1286,0.0586,0.0502,0.0,-0.0167
8187,53,South,SelfEmployed,Manufacturing,2026Q1,95152.91,614.0,35.65,34.91,67.85,183547.43,0.6034,0.10829,0,-0.0306,0.0435,-0.0113,-0.0244,0.0,0.0341
8188,44,East,SelfEmployed,IT,2026Q1,85805.08,646.0,42.81,100.0,69.9,169829.49,0.3768,0.23233,0,0.0057,0.0089,0.0113,0.1054,0.0,0.057
8189,51,South,Salaried,Construction,2026Q1,91308.61,622.0,50.91,19.86,90.03,144792.73,0.5112,0.14053,1,-0.0178,0.0271,0.0199,-0.0412,0.0,-0.0125
8190,50,West,Business,Transport,2026Q1,60383.52,575.0,32.07,41.05,72.98,178643.59,0.5309,0.18383,1,-0.023,0.0995,-0.0262,-0.0175,0.0182,0.0
8191,53,West,Business,Transport,2026Q1,125801.77,567.0,56.24,61.92,82.78,185495.31,0.3504,0.25589,0,-0.0518,0.1679,0.0684,0.0312,0.0263,0.0
8192,59,North,Business,Manufacturing,2026Q1,100253.94,615.0,22.53,36.98,47.71,58028.94,0.3203,0.07191,0,-0.0335,0.0237,-0.0293,-0.0121,0.0,0.0
8193,63,East,Salaried,Construction,2026Q1,83433.59,436.0,39.68,45.91,45.96,225665.64,0.5462,0.46805,0,-0.1253,0.3643,-0.0016,-0.0121,0.0,-0.0296
8194,63,East,Business,Healthcare,2026Q1,113986.18,,42.44,60.31,29.76,178502.6,0.328,0.04713,0,-0.0311,-0.0409,0.0023,0.0057,0.0,0.0
8195,67,East,Salaried,Healthcare,2026Q1,93128.58,,55.31,53.11,70.45,65509.77,0.5106,0.04681,0,-0.0292,-0.0509,0.0094,0.0013,0.0,-0.0045
8196,47,West,SelfEmployed,IT,2026Q1,88499.81,600.0,68.14,86.32,51.78,101515.37,0.3992,0.44369,0,-0.014,0.1334,0.1364,0.1068,0.0299,0.0742
8197,42,West,Salaried,Manufacturing,2026Q1,67145.4,715.0,31.15,78.49,57.65,27195.32,0.4967,0.0889,0,0.0061,-0.0724,-0.0143,0.0223,0.0086,-0.0095
8198,49,East,Business,IT,2026Q1,105493.26,583.0,45.61,36.94,60.38,193269.88,0.5381,0.22868,0,-0.0187,0.0942,0.0175,-0.0265,0.0,0.0
8199,45,West,Business,Manufacturing,2026Q1,62643.72,579.0,57.01,55.19,69.62,177423.38,0.4763,0.35608,1,0.0,0.1503,0.0722,0.0139,0.0265,0.0
8200,36,South,Salaried,IT,2026Q1,72802.63,,46.43,69.09,48.64,113917.4,0.4283,0.24426,0,0.0405,0.0341,0.0214,0.0371,0.0,-0.0214
8201,47,North,Salaried,Manufacturing,2026Q1,69228.27,653.0,44.57,2.42,66.67,136647.87,0.4679,0.08966,0,-0.0036,-0.0021,0.0055,-0.0456,0.0,-0.0079
8202,58,North,Salaried,Construction,2026Q1,55577.78,,60.61,52.9,35.6,44245.74,0.4457,0.29093,1,-0.0773,0.149,0.0732,0.0068,0.0,-0.0243
8203,63,North,Salaried,Construction,2026Q1,112682.12,640.0,17.81,39.66,84.08,246480.39,0.4087,0.03353,0,-0.0279,0.0046,-0.0239,-0.0058,0.0,-0.0056
8204,49,West,Salaried,Manufacturing,2026Q1,73420.12,637.0,44.09,47.06,15.53,192080.5,0.3317,0.13245,0,-0.0135,0.0157,0.0092,-0.0041,0.0133,-0.0145
8205,62,South,Salaried,Construction,2026Q1,110144.68,464.0,48.5,89.75,38.21,270998.5,0.5607,0.55966,1,-0.1142,0.4065,0.0424,0.1184,0.0,-0.0297
8206,50,West,SelfEmployed,Construction,2026Q1,102185.22,599.0,47.16,66.98,73.31,161439.92,0.4121,0.36848,0,-0.0311,0.1079,0.0302,0.0425,0.0254,0.0613
8207,24,North,Salaried,Retail,2026Q1,44388.1,,35.01,58.25,71.83,97565.75,0.4922,0.29246,0,0.1018,0.0929,-0.0205,0.0194,0.0,-0.0247
8208,35,West,SelfEmployed,IT,2026Q1,96582.73,576.0,61.8,32.45,72.26,202426.85,0.4939,0.46063,1,0.0678,0.1834,0.1038,-0.0525,0.0294,0.0725
8209,54,East,Salaried,Transport,2026Q1,80484.23,576.0,52.25,74.1,33.8,129285.51,0.3439,0.30076,0,-0.0529,0.1308,0.046,0.0537,0.0,-0.0245
8210,30,East,Salaried,Construction,2026Q1,51012.41,650.0,2.0,23.86,5.0,25775.93,0.4595,0.06532,0,0.0202,0.0,-0.0615,-0.0208,0.0,-0.0073
8211,35,West,SelfEmployed,Manufacturing,2026Q1,57743.74,509.0,57.38,45.31,87.32,141386.23,0.533,0.60605,0,0.0664,0.3668,0.083,-0.0128,0.028,0.0713
8212,33,West,Salaried,IT,2026Q1,51382.93,,45.22,57.32,60.27,70778.01,0.4153,0.15959,0,0.0343,-0.0612,0.0116,0.0098,0.0133,-0.0145
8213,48,West,Business,Manufacturing,2026Q1,100966.99,609.0,61.77,54.18,72.04,48218.51,0.4762,0.24815,0,-0.017,0.0801,0.0776,0.0099,0.0232,0.0
8214,53,West,SelfEmployed,Construction,2026Q1,78540.04,702.0,69.07,39.92,42.36,113089.19,0.4377,0.10389,1,-0.0282,-0.0812,0.0544,-0.0147,0.0133,0.0312
8215,31,North,Salaried,Healthcare,2026Q1,71710.2,575.0,48.99,32.76,59.3,62543.92,0.5911,0.30522,1,0.0743,0.1394,0.0358,-0.0446,0.0,-0.0255
8216,58,East,Salaried,Retail,2026Q1,79074.87,684.0,35.55,87.61,27.76,81714.69,0.4228,0.07081,0,-0.0311,-0.0321,-0.0068,0.0275,0.0,-0.0093
8217,50,East,SelfEmployed,Construction,2026Q1,106212.54,655.0,62.38,20.85,54.11,196581.52,0.5064,0.15204,0,-0.0186,-0.0071,0.0482,-0.0498,0.0,0.0341
8218,35,West,SelfEmployed,Construction,2026Q1,68675.08,496.0,71.53,69.06,77.21,127985.88,0.3649,0.7404,1,0.0508,0.3828,0.1243,0.0409,0.0208,0.0547
8219,50,North,SelfEmployed,Healthcare,2026Q1,85725.42,,53.18,42.52,17.26,158168.23,0.4216,0.25023,1,-0.0269,0.0801,0.0456,-0.017,0.0,0.0513
8220,42,South,Salaried,Transport,2026Q1,71418.43,790.0,47.09,27.75,100.0,58925.16,0.4255,0.02374,0,0.002,-0.0827,0.0033,-0.0075,0.0,-0.0031
8221,42,North,Salaried,Healthcare,2026Q1,77202.39,676.0,63.08,41.57,32.59,184382.64,0.3994,0.12593,0,0.0091,-0.0356,0.0436,-0.0118,0.0,-0.0141
8222,36,East,Business,Healthcare,2026Q1,84162.2,543.0,34.28,43.05,47.55,92888.27,0.5076,0.33314,0,0.0529,0.1971,-0.0257,-0.0186,0.0,0.0
8223,50,North,Salaried,IT,2026Q1,63873.68,586.0,49.58,22.94,53.03,188595.97,0.4944,0.15725,0,-0.02,0.075,0.0244,-0.0492,0.0,-0.017
8224,47,East,Business,Transport,2026Q1,127671.51,674.0,40.88,79.63,100.0,266896.01,0.46,0.1165,1,-0.0065,-0.033,0.002,0.0353,0.0,0.0
8225,47,North,Salaried,Manufacturing,2026Q1,90169.52,641.0,57.14,54.47,55.22,227781.08,0.3612,0.13537,0,-0.0078,0.0131,0.0417,0.0072,0.0,-0.0171
8226,49,North,Salaried,Healthcare,2026Q1,96867.1,515.0,44.69,25.64,72.13,234359.82,0.5122,0.30716,0,-0.0236,0.2053,0.0189,-0.0636,0.0,-0.0253
8227,53,North,Salaried,Retail,2026Q1,104986.17,498.0,45.23,31.58,36.75,97725.12,0.426,0.29631,0,-0.0508,0.241,0.0225,-0.0501,0.0,-0.0268
8228,48,East,Salaried,Healthcare,2026Q1,75472.45,666.0,57.08,7.76,49.12,209591.05,0.3928,0.05884,0,-0.0061,-0.0133,0.0208,-0.0442,0.0,-0.0089
8229,28,South,Business,Healthcare,2026Q1,91170.63,599.0,70.12,54.87,60.88,241461.73,0.585,0.41592,0,0.1117,0.1301,0.1388,0.0143,0.0,0.0
8230,49,North,Business,Retail,2026Q1,119503.47,691.0,58.25,39.73,22.57,281904.53,0.4855,0.08356,1,-0.0099,-0.0459,0.0267,-0.011,0.0,0.0
8231,39,South,Salaried,Transport,2026Q1,96867.18,641.0,61.11,14.58,35.7,191780.15,0.4365,0.12937,0,0.0192,0.0116,0.0439,-0.0597,0.0,-0.0152
8232,62,West,SelfEmployed,IT,2026Q1,116752.09,562.0,64.79,26.45,48.97,257307.83,0.4543,0.34196,1,-0.1089,0.162,0.094,-0.0629,0.0248,0.0596
8233,55,North,Business,Retail,2026Q1,96638.62,615.0,43.12,34.03,69.7,182011.97,0.5078,0.10496,0,-0.0333,0.0356,0.0065,-0.022,0.0,0.0
8234,61,South,Salaried,Transport,2026Q1,115281.79,589.0,51.32,28.88,59.14,345939.09,0.5447,0.17344,0,-0.0606,0.0603,0.024,-0.032,0.0,-0.0145
8235,44,South,Salaried,Manufacturing,2026Q1,52695.07,638.0,46.29,100.0,73.71,71438.16,0.4672,0.23389,0,0.005,0.0228,0.0218,0.0905,0.0,-0.0222
8236,60,South,Salaried,IT,2026Q1,78578.95,557.0,48.17,69.71,42.25,218534.37,0.5526,0.24174,0,-0.0877,0.1459,0.0299,0.0424,0.0,-0.0235
8237,38,South,Business,Healthcare,2026Q1,43753.09,515.0,42.24,19.75,85.53,75090.33,0.4727,0.41039,1,0.0436,0.2454,0.0102,-0.0869,0.0,0.0
8238,50,South,Business,Transport,2026Q1,91663.37,,45.42,61.43,73.52,270213.96,0.4878,0.19784,1,-0.0235,0.0659,0.0169,0.0212,0.0,0.0
8239,40,West,SelfEmployed,Transport,2026Q1,72616.56,560.0,43.56,43.95,52.76,88316.53,0.4134,0.38032,0,0.0331,0.2018,0.017,-0.0176,0.0285,0.0695
8240,57,East,Salaried,Construction,2026Q1,78898.63,682.0,36.32,51.96,50.1,50321.68,0.4203,0.05499,0,-0.0209,-0.0221,-0.0041,0.0012,0.0,-0.0068
8241,69,South,Salaried,Transport,2026Q1,94269.13,602.0,8.69,39.69,49.97,72486.63,0.31,0.09146,0,-0.0427,0.0195,-0.039,-0.0061,0.0,-0.0059
8242,54,West,SelfEmployed,Transport,2026Q1,72950.01,,48.56,62.12,41.44,217999.49,0.3815,0.14186,1,-0.0452,0.0246,0.0272,0.0233,0.0194,0.0459
8243,34,South,Salaried,Manufacturing,2026Q1,77955.98,,72.89,77.53,49.45,160150.51,0.4055,0.4666,1,0.0753,0.1504,0.1547,0.0806,0.0,-0.0299
8244,43,East,Salaried,Retail,2026Q1,70796.52,629.0,56.36,50.91,58.07,231178.63,0.4282,0.22366,0,0.0085,0.0331,0.0455,0.0017,0.0,-0.0192
8245,75,East,Business,Manufacturing,2026Q1,112736.6,659.0,45.61,27.2,64.37,363637.49,0.3929,0.04867,0,-0.0536,-0.0045,0.0046,-0.0134,0.0,0.0
8246,59,East,Business,Transport,2026Q1,80068.17,,26.77,49.06,76.94,186136.83,0.2793,0.08585,0,-0.034,0.012,-0.0218,-0.0008,0.0,0.0
8247,41,East,SelfEmployed,Transport,2026Q1,62623.67,507.0,34.07,65.65,63.93,179453.06,0.5691,0.56335,1,0.028,0.3389,-0.0294,0.0469,0.0,0.0748
8248,60,South,Salaried,IT,2026Q1,73225.13,588.0,18.81,68.14,32.87,49369.56,0.4553,0.13287,0,-0.0511,0.0545,-0.0516,0.0208,0.0,-0.013
8249,51,East,Business,Construction,2026Q1,105524.06,757.0,54.42,41.92,56.98,77696.39,0.4382,0.04127,0,-0.0075,-0.0842,0.0104,-0.0042,0.0,0.0
8250,75,East,Business,Manufacturing,2026Q1,168304.91,643.0,35.18,16.3,73.8,368117.58,0.4777,0.04447,0,-0.0465,0.0028,-0.0037,-0.0182,0.0,0.0
8251,51,East,SelfEmployed,Construction,2026Q1,94326.53,588.0,65.84,73.21,97.36,181392.05,0.381,0.42025,0,-0.0413,0.1511,0.1178,0.0657,0.0,0.0706
8252,47,East,Salaried,IT,2026Q1,92486.31,583.0,10.74,44.22,58.8,196567.26,0.4292,0.12041,0,-0.0058,0.0563,-0.074,-0.0072,0.0,-0.0128
8253,49,West,SelfEmployed,Healthcare,2026Q1,103607.78,713.0,,56.93,58.93,284911.44,0.4256,0.08047,0,-0.01,-0.0778,-0.0012,0.0068,0.0097,0.0226
8254,46,West,SelfEmployed,IT,2026Q1,56207.75,654.0,63.81,91.44,56.95,40431.73,0.4614,0.32065,0,-0.0064,-0.01,0.099,0.1029,0.0267,0.0646
8255,42,West,SelfEmployed,IT,2026Q1,102604.32,532.0,26.93,60.75,64.68,270511.6,0.5574,0.40644,1,0.0205,0.2593,-0.0649,0.0313,0.0291,0.0715
8256,38,North,SelfEmployed,IT,2026Q1,82838.42,,26.74,62.98,44.2,238923.07,0.4928,0.05429,0,0.0106,-0.1106,-0.0175,0.0085,0.0,0.0154
8257,45,East,Business,Retail,2026Q1,110864.96,637.0,38.26,44.66,79.02,92683.1,0.5517,0.10851,0,0.0,0.0153,-0.004,-0.0074,0.0,0.0
8258,58,East,Business,Transport,2026Q1,84821.82,636.0,29.39,63.82,64.93,132063.51,0.4223,0.11443,0,-0.0376,0.0129,-0.0206,0.0139,0.0,0.0
8259,47,North,Salaried,IT,2026Q1,83320.9,719.0,40.82,0.43,100.0,252131.9,0.2674,0.0268,0,-0.0017,-0.0323,0.0005,-0.0234,0.0,-0.0037
8260,44,West,Salaried,Construction,2026Q1,88183.79,629.0,11.19,0.0,58.72,133286.39,0.5076,0.04445,0,0.0014,0.0106,-0.0381,-0.0401,0.0058,-0.0064
8261,35,West,Salaried,IT,2026Q1,66000.49,647.0,66.27,52.5,76.18,153089.02,0.4562,0.2597,0,0.0492,0.0062,0.0862,0.0056,0.022,-0.0234
8262,58,East,Salaried,Healthcare,2026Q1,67536.33,515.0,59.96,13.8,51.26,100593.32,0.3901,0.24087,0,-0.0777,0.194,0.0716,-0.0939,0.0,-0.0244
8263,68,West,Business,Retail,2026Q1,80890.93,612.0,38.44,85.32,65.88,84789.74,0.3701,0.17424,0,-0.1058,0.0484,-0.0042,0.049,0.0154,0.0
8264,41,East,SelfEmployed,Transport,2026Q1,93709.32,,17.63,70.99,71.67,285909.03,0.4378,0.4064,0,0.0264,0.2427,-0.1102,0.0582,0.0,0.0688
8265,43,West,Business,Construction,2026Q1,100180.65,583.0,32.83,84.18,96.7,195214.07,0.4385,0.33368,0,0.012,0.1351,-0.0318,0.0814,0.0254,0.0
8266,40,West,Salaried,Construction,2026Q1,59615.02,635.0,58.9,39.92,52.34,150088.09,0.3699,0.17506,0,0.0214,0.0251,0.0537,-0.02,0.0185,-0.0199
8267,59,North,Business,Construction,2026Q1,118812.02,466.0,59.5,54.98,51.6,149605.67,0.5497,0.50945,1,-0.0951,0.4019,0.0971,0.0149,0.0,0.0
8268,61,North,Business,Retail,2026Q1,95908.47,640.0,36.97,46.27,60.57,118781.12,0.4811,0.09101,0,-0.0414,0.0081,-0.0048,-0.0035,0.0,0.0
8269,52,West,Business,Construction,2026Q1,80079.09,675.0,54.29,41.05,25.37,149862.15,0.4303,0.08237,0,-0.0202,-0.0292,0.0244,-0.0107,0.0109,0.0
8270,37,East,Salaried,IT,2026Q1,76961.52,493.0,22.51,25.83,77.02,226895.43,0.397,0.33214,0,0.0466,0.242,-0.0802,-0.066,0.0,-0.0266
8271,54,South,Business,Transport,2026Q1,68326.46,572.0,45.58,41.52,58.82,79599.97,0.4826,0.2091,0,-0.0446,0.108,0.0178,-0.0173,0.0,0.0
8272,53,East,Business,Retail,2026Q1,102434.95,515.0,26.35,30.56,69.07,114106.41,0.4513,0.27585,1,-0.0423,0.1682,-0.0522,-0.0442,0.0,0.0
8273,54,East,Salaried,IT,2026Q1,54134.07,653.0,52.78,58.78,50.5,143119.9,0.2755,0.09264,0,-0.0292,-0.0035,0.0244,0.0107,0.0,-0.0132
8274,39,South,Salaried,Construction,2026Q1,50090.77,584.0,39.93,35.49,57.89,149584.51,0.4943,0.19128,0,0.0261,0.0943,-0.0002,-0.0299,0.0,-0.0203
8275,38,South,Salaried,Healthcare,2026Q1,63277.46,694.0,42.68,76.15,72.53,188161.92,0.3412,0.12264,0,0.0192,-0.0612,0.0056,0.0294,0.0,-0.0133
8276,32,East,Salaried,IT,2026Q1,77447.59,529.0,46.73,29.74,69.36,207659.7,0.431,0.43708,0,0.0815,0.2413,0.0312,-0.0588,0.0,-0.0287
8277,63,East,Salaried,IT,2026Q1,55883.6,631.0,18.33,42.25,39.97,68698.94,0.4145,0.05988,0,-0.0316,0.0095,-0.0263,-0.0048,0.0,-0.0063
8278,63,West,SelfEmployed,IT,2026Q1,113861.55,,47.39,56.21,77.17,289001.85,0.3249,0.27931,0,-0.1155,0.1626,0.0303,0.0155,0.0247,0.0594
8279,32,West,SelfEmployed,Healthcare,2026Q1,94135.72,619.0,65.42,46.64,64.23,144028.59,0.4723,0.41977,1,0.0845,0.0794,0.1155,-0.0098,0.0287,0.0703
8280,41,West,Salaried,IT,2026Q1,77285.09,596.0,48.89,35.11,54.67,161221.23,0.4481,0.25252,0,0.0188,0.0864,0.0293,-0.0325,0.0201,-0.0215
8281,41,West,SelfEmployed,Construction,2026Q1,77731.88,666.0,64.31,65.15,51.53,212582.2,0.4326,0.3149,1,0.0222,-0.0371,0.0878,0.0355,0.0237,0.0569
8282,60,North,Salaried,IT,2026Q1,89557.23,638.0,41.15,40.67,71.69,169381.16,0.3782,0.09715,0,-0.0367,0.0092,0.0017,-0.0086,0.0,-0.0093
8283,51,West,SelfEmployed,Transport,2026Q1,64064.61,696.0,51.56,72.09,38.65,101832.64,0.4341,0.12944,0,-0.0231,-0.0777,0.0277,0.0314,0.0149,0.0351
8284,67,West,Salaried,Healthcare,2026Q1,95386.01,611.0,53.44,46.06,37.04,227941.57,0.4674,0.17147,1,-0.0859,0.0409,0.0272,-0.0054,0.0128,-0.014
8285,47,South,Salaried,Manufacturing,2026Q1,83883.83,556.0,57.86,61.44,81.83,41698.15,0.4587,0.31844,0,-0.0129,0.1913,0.077,0.0308,0.0,-0.0279
8286,35,West,Salaried,Construction,2026Q1,133612.81,660.0,62.78,57.62,65.65,123461.81,0.4676,0.233,0,0.0452,-0.0198,0.0697,0.0156,0.0203,-0.0217
8287,42,East,Business,Construction,2026Q1,111948.75,,25.55,11.48,69.72,152690.11,0.434,0.09021,0,0.0072,0.0308,-0.0289,-0.0495,0.0,0.0
8288,40,West,SelfEmployed,Manufacturing,2026Q1,77044.31,600.0,35.46,88.71,55.03,210606.89,0.3144,0.38265,1,0.0326,0.1197,-0.0217,0.1027,0.028,0.0682
8289,62,South,Salaried,Healthcare,2026Q1,73805.94,641.0,,13.9,70.99,74210.4,0.3904,0.06763,0,-0.0387,0.0063,0.0183,-0.0346,0.0,-0.0084
8290,71,West,Business,Construction,2026Q1,121044.53,566.0,53.85,71.25,45.97,78388.89,0.4234,0.31157,0,-0.1582,0.1329,0.0482,0.0446,0.0218,0.0
8291,55,West,Salaried,Manufacturing,2026Q1,84488.8,739.0,47.56,39.2,69.04,226204.8,0.4226,0.03194,0,-0.0121,-0.0594,0.0054,-0.0052,0.0043,-0.0048
8292,42,West,Business,IT,2026Q1,95389.89,689.0,89.86,47.29,38.27,223083.4,0.3724,0.17719,0,0.0145,-0.0844,0.1306,-0.0058,0.0205,0.0
8293,53,North,Business,Healthcare,2026Q1,80003.56,643.0,49.51,34.19,80.73,248776.98,0.4065,0.09265,0,-0.0238,0.0073,0.0172,-0.0199,0.0,0.0
8294,32,North,Salaried,IT,2026Q1,34855.7,635.0,52.64,69.39,78.94,20000.0,0.4708,0.22415,0,0.0634,0.0303,0.0454,0.042,0.0,-0.0236
8295,48,East,Business,Healthcare,2026Q1,101201.69,,26.37,31.42,53.82,278962.65,0.4938,0.10747,0,-0.0077,0.025,-0.0271,-0.0217,0.0,0.0
8296,32,West,Salaried,IT,2026Q1,56026.8,583.0,63.08,23.32,50.61,111310.42,0.4826,0.32254,0,0.075,0.1393,0.0931,-0.0742,0.026,-0.0271
8297,55,South,Salaried,Healthcare,2026Q1,85203.07,652.0,49.47,77.71,71.66,240277.76,0.4468,0.14337,0,-0.0363,-0.0026,0.0207,0.0345,0.0,-0.0147
8298,48,North,Salaried,Manufacturing,2026Q1,59717.74,589.0,49.0,78.32,40.44,154604.83,0.475,0.28641,1,-0.0171,0.113,0.0345,0.0626,0.0,-0.0246
8299,59,East,Business,Construction,2026Q1,123809.67,,78.37,45.71,47.25,79894.0,0.5787,0.06564,0,-0.0323,-0.0889,0.0389,-0.0037,0.0,0.0
8300,58,West,SelfEmployed,Healthcare,2026Q1,73085.96,716.0,45.3,21.83,83.13,170126.57,0.4355,0.04857,1,-0.0221,-0.052,0.0052,-0.0203,0.0059,0.0136
8301,44,West,SelfEmployed,Manufacturing,2026Q1,98755.94,,65.85,37.85,54.64,191789.22,0.4159,0.24116,1,0.0056,0.0361,0.0918,-0.0303,0.0235,0.0564
8302,61,West,Business,Healthcare,2026Q1,104746.28,681.0,65.62,38.76,65.15,363103.81,0.4028,0.10769,0,-0.0466,-0.034,0.0362,-0.0124,0.0099,0.0
8303,37,East,Business,Construction,2026Q1,80031.53,516.0,44.9,69.6,33.42,176134.39,0.5867,0.4611,1,0.0559,0.3213,0.0245,0.0587,0.0,0.0
8304,75,West,Business,Construction,2026Q1,121506.58,629.0,25.02,83.36,70.3,226112.79,0.3775,0.06213,1,-0.0947,0.0169,-0.0272,0.0273,0.0092,0.0
8305,35,West,SelfEmployed,Manufacturing,2026Q1,71616.57,499.0,37.81,60.64,90.64,135330.27,0.4782,0.58795,1,0.0677,0.3837,-0.0102,0.0305,0.0286,0.0727
8306,58,West,SelfEmployed,Construction,2026Q1,90597.79,625.0,65.72,44.06,65.41,138618.24,0.4851,0.28545,0,-0.0717,0.0459,0.0801,-0.0131,0.0209,0.0497
8307,64,East,Business,Healthcare,2026Q1,107987.96,563.0,41.74,23.74,85.1,166439.12,0.5268,0.12274,0,-0.0775,0.0818,0.0042,-0.0427,0.0,0.0
8308,52,South,Business,IT,2026Q1,88805.6,680.0,27.99,60.18,46.54,69218.03,0.2785,0.06694,0,-0.0138,-0.0246,-0.0172,0.0075,0.0,0.0
8309,39,West,SelfEmployed,Construction,2026Q1,84626.94,623.0,50.26,63.66,100.0,73301.07,0.462,0.28834,1,0.0362,0.0624,0.0439,0.0353,0.0261,0.063
8310,41,South,SelfEmployed,IT,2026Q1,104126.23,593.0,30.78,17.84,58.43,303982.71,0.3493,0.1483,0,0.0163,0.0769,-0.0295,-0.0654,0.0,0.0411
8311,39,South,Salaried,Manufacturing,2026Q1,116653.02,594.0,33.04,44.33,40.84,203787.4,0.6761,0.16021,0,0.0238,0.0752,-0.0218,-0.0104,0.0,-0.0187
8312,50,East,SelfEmployed,Retail,2026Q1,107080.98,469.0,31.8,63.97,27.13,159379.18,0.4685,0.57141,1,-0.0343,0.4075,-0.0401,0.0417,0.0,0.0748
8313,59,West,Business,Healthcare,2026Q1,116310.86,678.0,63.65,40.3,73.7,159299.22,0.3884,0.07589,0,-0.042,-0.0319,0.036,-0.0112,0.0105,0.0
8314,55,East,SelfEmployed,Construction,2026Q1,56140.76,712.0,68.08,49.0,83.28,140539.3,0.5736,0.14392,0,-0.0312,-0.0881,0.0452,-0.0012,0.0,0.0267
8315,51,North,Salaried,Healthcare,2026Q1,79197.27,,26.18,68.38,24.97,225954.69,0.3898,0.05546,0,-0.0124,-0.0175,-0.0213,0.0138,0.0,-0.0087
8316,35,East,Salaried,Retail,2026Q1,55327.81,584.0,51.28,49.14,70.76,108639.88,0.3836,0.26862,0,0.0553,0.1282,0.0451,-0.0022,0.0,-0.0258
8317,69,North,Business,Construction,2026Q1,85594.2,559.0,56.09,0.0,55.42,106645.74,0.5706,0.10813,0,-0.0965,0.0781,0.0323,-0.0841,0.0,0.0
8318,48,South,Business,Construction,2026Q1,112815.54,504.0,36.85,73.47,81.45,252329.97,0.6718,0.42102,1,-0.0209,0.3079,-0.0156,0.0682,0.0,0.0
8319,46,North,Business,IT,2026Q1,62640.09,592.0,35.05,58.03,45.15,165748.99,0.4494,0.25747,0,-0.0046,0.0858,-0.0167,0.0154,0.0,0.0
8320,53,East,Business,IT,2026Q1,83984.94,461.0,74.23,13.51,73.69,175743.28,0.4959,0.52048,1,-0.055,0.4108,0.168,-0.1054,0.0,0.0
8321,32,South,Salaried,IT,2026Q1,33411.27,473.0,27.75,68.21,98.48,67032.09,0.3961,0.53064,0,0.0907,0.4032,-0.0595,0.0544,0.0,-0.0294
8322,49,East,Business,Retail,2026Q1,92662.86,684.0,57.57,29.05,49.16,251973.67,0.5358,0.09705,0,-0.0094,-0.0351,0.0245,-0.0224,0.0,0.0
8323,48,West,SelfEmployed,Transport,2026Q1,107761.64,727.0,55.05,67.49,42.2,286226.58,0.3732,0.10657,0,-0.0095,-0.1246,0.0293,0.0211,0.0125,0.0292
8324,48,East,Business,IT,2026Q1,72271.64,576.0,86.22,18.24,98.49,129724.04,0.3939,0.33834,0,-0.019,0.1532,0.1692,-0.0896,0.0,0.0
8325,63,North,Salaried,Manufacturing,2026Q1,83214.65,650.0,66.01,60.96,62.01,177315.97,0.5193,0.15856,1,-0.0673,0.0,0.0476,0.0139,0.0,-0.014
8326,36,North,SelfEmployed,Construction,2026Q1,90918.28,584.0,22.78,53.43,56.53,162889.21,0.3328,0.29821,1,0.0472,0.1195,-0.0735,0.0081,0.0,0.0555
8327,50,East,Salaried,IT,2026Q1,103742.45,698.0,28.25,25.99,46.82,77713.73,0.458,0.03888,0,-0.0053,-0.0241,-0.0093,-0.0117,0.0,-0.0045
8328,43,South,Business,Construction,2026Q1,90092.92,633.0,36.83,49.21,83.83,82832.54,0.2652,0.15012,0,0.0068,0.0216,-0.008,-0.0012,0.0,0.0
8329,48,East,Business,Retail,2026Q1,71978.4,660.0,49.17,82.17,55.73,109980.37,0.4821,0.15678,0,-0.0123,-0.0162,0.0245,0.0482,0.0,0.0
8330,59,East,Business,IT,2026Q1,98431.79,494.0,20.0,90.71,56.45,209533.81,0.4797,0.31419,0,-0.0949,0.2737,-0.0969,0.1049,0.0,0.0
8331,49,East,Salaried,Construction,2026Q1,72521.35,612.0,53.54,41.55,49.84,127044.79,0.5118,0.18567,0,-0.0163,0.0509,0.0347,-0.0147,0.0,-0.0175
8332,47,East,SelfEmployed,Healthcare,2026Q1,75477.11,582.0,52.09,70.66,60.94,119850.59,0.3481,0.38091,1,-0.0133,0.1564,0.0554,0.0568,0.0,0.0682
8333,24,West,SelfEmployed,Transport,2026Q1,41915.01,711.0,40.93,13.64,67.06,45785.88,0.3965,0.12876,0,0.0481,-0.0883,0.0019,-0.0528,0.0118,0.0274
8334,59,East,Salaried,Transport,2026Q1,102097.54,581.0,,77.5,84.8,165351.49,0.3725,0.36468,1,-0.0883,0.1333,0.0991,0.0646,0.0,-0.0258
8335,32,South,Business,IT,2026Q1,73647.57,601.0,,70.58,36.55,143979.18,0.3409,0.44958,1,0.0822,0.1181,0.0782,0.0568,0.0,0.0
8336,45,North,Salaried,Healthcare,2026Q1,43777.2,492.0,,84.99,51.74,122129.19,0.5226,0.65138,1,0.0,0.4042,0.13,0.1002,0.0,-0.0267
8337,41,West,Salaried,Healthcare,2026Q1,83336.88,,89.83,36.74,95.58,40062.11,0.5092,0.32669,1,0.0238,0.0501,0.1716,-0.0355,0.0255,-0.0266
8338,25,West,SelfEmployed,Healthcare,2026Q1,96694.7,625.0,33.41,36.6,62.18,163231.52,0.2388,0.23591,0,0.096,0.0509,-0.0268,-0.0329,0.0231,0.0551
8339,52,East,Salaried,Construction,2026Q1,87872.68,598.0,56.24,73.91,72.7,146237.81,0.5367,0.23,1,-0.0388,0.0925,0.0564,0.0503,0.0,-0.0233
8340,45,West,Business,Transport,2026Q1,73131.57,705.0,38.72,55.64,53.64,216900.04,0.5262,0.07764,0,0.0,-0.0596,-0.002,0.005,0.0088,0.0
8341,56,East,Salaried,Healthcare,2026Q1,124510.7,619.0,,48.53,54.13,258742.31,0.6063,0.16782,0,-0.0456,0.0405,0.0452,-0.0024,0.0,-0.0167
8342,56,North,Salaried,Healthcare,2026Q1,85983.2,575.0,41.54,66.19,77.05,164282.74,0.2928,0.20013,0,-0.0555,0.1054,0.0051,0.0304,0.0,-0.0206
8343,57,West,Salaried,Healthcare,2026Q1,101250.12,564.0,42.15,63.26,53.95,120248.03,0.5688,0.24851,1,-0.0669,0.132,0.0078,0.028,0.0214,-0.0227
8344,56,East,Salaried,IT,2026Q1,79443.03,669.0,31.19,49.23,73.66,83002.9,0.4368,0.05564,0,-0.0196,-0.0127,-0.0105,-0.0005,0.0,-0.007
8345,55,East,Business,Construction,2026Q1,88826.88,508.0,56.32,69.47,81.13,99539.68,0.455,0.43859,1,-0.0699,0.3146,0.08,0.0576,0.0,0.0
8346,61,West,Business,Retail,2026Q1,119115.61,,75.38,58.72,29.73,378474.11,0.602,0.3748,0,-0.1073,0.1625,0.1403,0.0234,0.0268,0.0
8347,54,East,Salaried,Construction,2026Q1,67240.86,,31.39,48.08,61.5,51515.01,0.4345,0.11731,0,-0.0277,0.0378,-0.0184,-0.0023,0.0,-0.0125
8348,52,East,Business,IT,2026Q1,90053.42,590.0,15.45,16.63,58.72,135975.36,0.4496,0.0755,0,-0.0165,0.0391,-0.0467,-0.0367,0.0,0.0
8349,48,West,SelfEmployed,Transport,2026Q1,85129.7,,58.99,39.05,71.11,153512.43,0.3037,0.29001,1,-0.0171,0.0738,0.0694,-0.0271,0.0234,0.0559
8350,53,West,Business,Healthcare,2026Q1,121617.04,695.0,68.66,54.45,84.22,151468.39,0.2626,0.11793,0,-0.0271,-0.0659,0.0514,0.0058,0.0128,0.0
8351,56,East,Salaried,Transport,2026Q1,61140.32,600.0,89.35,15.99,50.73,109438.41,0.4539,0.25115,1,-0.0578,0.0809,0.1263,-0.0785,0.0,-0.0215
8352,55,North,Salaried,IT,2026Q1,104687.4,550.0,46.04,19.21,78.92,302479.59,0.6215,0.228,1,-0.0455,0.1134,0.0173,-0.0617,0.0,-0.0186
8353,48,West,SelfEmployed,Healthcare,2026Q1,101197.71,723.0,45.97,16.71,78.16,310322.66,0.4891,0.05788,0,-0.0052,-0.0676,0.0067,-0.0282,0.0067,0.0156
8354,73,East,Salaried,Manufacturing,2026Q1,112338.12,599.0,57.7,46.57,63.12,94485.08,0.5229,0.12642,0,-0.1109,0.0483,0.033,-0.0045,0.0,-0.0134
8355,67,East,SelfEmployed,Healthcare,2026Q1,116960.8,647.0,34.09,46.25,65.5,298268.39,0.3129,0.09067,0,-0.0608,0.0025,-0.0095,-0.0035,0.0,0.0203
8356,41,West,Business,Manufacturing,2026Q1,67645.56,719.0,36.55,18.89,56.1,92297.62,0.4508,0.04995,0,0.0052,-0.0522,-0.0035,-0.0215,0.0055,0.0
8357,50,East,Salaried,Retail,2026Q1,55813.84,569.0,62.54,26.18,43.69,178216.93,0.546,0.21294,0,-0.0264,0.1252,0.0724,-0.0559,0.0,-0.0225
8358,68,North,Business,IT,2026Q1,79579.55,739.0,26.15,73.98,74.55,155982.46,0.4281,0.02802,0,-0.0237,-0.0426,-0.0085,0.0068,0.0,0.0
8359,40,South,Salaried,Healthcare,2026Q1,65026.76,,31.88,60.7,66.16,85120.38,0.254,0.05584,1,0.0063,-0.073,-0.0083,0.0058,0.0,-0.006
8360,36,West,SelfEmployed,Transport,2026Q1,81927.2,568.0,24.38,60.03,65.83,70131.32,0.6041,0.30149,1,0.0559,0.1748,-0.0747,0.0273,0.0272,0.066
8361,75,West,Salaried,IT,2026Q1,85737.8,579.0,36.37,18.96,85.09,268259.98,0.4839,0.07548,0,-0.0869,0.0413,-0.0055,-0.0318,0.0083,-0.0092
8362,45,East,Salaried,Healthcare,2026Q1,86819.97,668.0,42.45,58.38,47.77,229399.71,0.3106,0.12599,0,0.0,-0.0205,0.0046,0.0093,0.0,-0.012
8363,28,West,Salaried,Healthcare,2026Q1,58167.84,717.0,43.79,38.3,54.71,156323.18,0.5395,0.10841,0,0.0332,-0.0836,0.0062,-0.0126,0.0097,-0.0106
8364,41,West,SelfEmployed,Healthcare,2026Q1,80845.12,674.0,44.4,15.41,12.28,111712.47,0.4036,0.09554,0,0.0112,-0.0304,0.0089,-0.0506,0.012,0.0279
8365,45,West,Salaried,IT,2026Q1,87450.23,,60.18,20.06,69.53,177650.01,0.4965,0.14169,0,0.0,0.0499,0.052,-0.0591,0.017,-0.0183
8366,59,West,Business,Construction,2026Q1,104177.17,654.0,,70.48,40.16,93073.48,0.3801,0.15205,0,-0.0506,-0.005,0.0113,0.0251,0.0128,0.0
8367,50,West,SelfEmployed,Healthcare,2026Q1,67550.79,666.0,35.07,9.94,63.41,108960.71,0.3526,0.05919,0,-0.0111,-0.0141,-0.0077,-0.0439,0.0085,0.0198
8368,34,East,Business,Healthcare,2026Q1,109574.85,639.0,29.03,100.0,28.07,336814.68,0.4997,0.21789,1,0.052,0.0215,-0.0425,0.093,0.0,0.0
8369,21,West,Salaried,Healthcare,2026Q1,64590.4,587.0,42.02,5.78,62.92,215225.32,0.3443,0.28363,0,0.106,0.1086,0.0076,-0.1127,0.0221,-0.0234
8370,55,West,Salaried,Healthcare,2026Q1,65317.75,,78.76,71.18,64.55,104805.09,0.5619,0.22556,0,-0.0465,-0.0436,0.0915,0.0357,0.0176,-0.019
8371,51,West,Business,Healthcare,2026Q1,92931.16,600.0,52.15,54.15,57.09,257206.89,0.439,0.20669,1,-0.0319,0.0858,0.0414,0.009,0.0212,0.0
8372,63,East,Salaried,Manufacturing,2026Q1,95667.54,490.0,75.3,64.59,55.34,128605.95,0.485,0.52869,1,-0.1222,0.3614,0.1713,0.0437,0.0,-0.0299
8373,43,South,Business,Healthcare,2026Q1,68088.33,,14.74,62.3,47.63,144328.63,0.4702,0.3383,0,0.0115,0.1987,-0.1143,0.0297,0.0,0.0
8374,47,North,SelfEmployed,Construction,2026Q1,100244.51,,32.87,70.7,88.76,86478.48,0.4483,0.09238,0,-0.0051,-0.0696,-0.0134,0.0199,0.0,0.0236
8375,44,North,Business,Manufacturing,2026Q1,70355.13,545.0,18.81,46.31,40.47,77447.59,0.3939,0.21014,1,0.0048,0.1414,-0.0823,-0.0078,0.0,0.0
8376,43,North,Salaried,Retail,2026Q1,105206.21,625.0,45.88,55.68,94.59,292159.69,0.4315,0.22243,1,0.0079,0.0362,0.0163,0.0096,0.0,-0.018
8377,54,West,SelfEmployed,Manufacturing,2026Q1,109359.42,,55.39,55.21,54.77,268710.4,0.5737,0.11441,1,-0.0287,-0.0785,0.0283,0.0063,0.0119,0.0277
8378,45,East,Business,Construction,2026Q1,79171.49,630.0,62.85,60.22,89.91,168470.22,0.4973,0.17242,1,0.0,0.0379,0.0735,0.0217,0.0,0.0
8379,31,East,Business,IT,2026Q1,59631.53,775.0,59.83,51.57,62.0,152396.29,0.3467,0.07635,0,0.023,-0.1672,0.0232,0.0013,0.0,0.0
8380,64,North,Business,Manufacturing,2026Q1,111075.0,612.0,63.29,71.91,76.49,185647.27,0.3662,0.22491,0,-0.101,0.0607,0.0666,0.0401,0.0,0.0
8381,52,East,Salaried,Construction,2026Q1,57554.05,562.0,44.32,20.69,37.45,62221.25,0.3331,0.20249,0,-0.0299,0.0995,0.012,-0.0562,0.0,-0.0179
8382,57,North,Salaried,Construction,2026Q1,84103.79,520.0,39.03,62.61,26.02,56099.52,0.5321,0.32809,1,-0.075,0.2074,-0.0041,0.0308,0.0,-0.0258
8383,64,West,Business,Retail,2026Q1,108147.14,492.0,33.08,37.68,86.82,131223.65,0.4071,0.30208,1,-0.1196,0.2209,-0.0291,-0.0312,0.0239,0.0
8384,48,West,SelfEmployed,Transport,2026Q1,93881.8,723.0,72.93,49.37,90.5,98341.98,0.4743,0.12822,0,-0.0108,-0.1302,0.0647,-0.0009,0.0143,0.0336
8385,48,West,Salaried,Construction,2026Q1,96781.75,542.0,60.49,97.58,44.89,128204.3,0.4717,0.60219,0,-0.0208,0.275,0.102,0.141,0.0299,-0.0297
8386,38,South,Salaried,Retail,2026Q1,85360.04,509.0,41.79,76.72,95.81,162429.54,0.492,0.50237,0,0.0489,0.3285,0.0089,0.0797,0.0,-0.0299
8387,59,East,Business,Transport,2026Q1,121393.5,594.0,48.83,11.47,21.71,288042.21,0.426,0.13423,0,-0.0473,0.0506,0.0172,-0.0572,0.0,0.0
8388,33,South,Salaried,IT,2026Q1,72415.82,,,38.86,59.78,221138.0,0.4021,0.39367,1,0.0729,0.1561,0.1028,-0.0312,0.0,-0.028
8389,52,East,Salaried,Healthcare,2026Q1,85597.68,573.0,36.79,32.09,48.57,60195.11,0.3968,0.16951,0,-0.0274,0.082,-0.0086,-0.0302,0.0,-0.0164
8390,56,East,Business,Manufacturing,2026Q1,89439.43,706.0,52.27,62.46,57.5,268337.63,0.4467,0.0726,0,-0.025,-0.057,0.0158,0.01,0.0,0.0
8391,35,South,Business,Retail,2026Q1,46935.84,633.0,44.94,74.36,85.73,90997.5,0.3584,0.30233,0,0.0489,0.0335,0.0181,0.0509,0.0,0.0
8392,64,East,Business,Healthcare,2026Q1,111092.94,677.0,68.35,25.85,26.13,252538.46,0.3753,0.07703,0,-0.0467,-0.0236,0.0313,-0.0229,0.0,0.0
8393,28,West,Salaried,Retail,2026Q1,39249.78,774.0,43.05,42.9,64.74,105351.96,0.3175,0.05676,0,0.0198,-0.1286,0.003,-0.0045,0.0058,-0.0065
8394,35,West,SelfEmployed,Manufacturing,2026Q1,77526.9,564.0,59.1,50.77,28.37,123615.82,0.5827,0.55809,1,0.0698,0.2242,0.095,0.0023,0.03,0.0748
8395,50,North,Salaried,Healthcare,2026Q1,40317.91,,32.22,34.7,43.23,41815.08,0.2736,0.08407,0,-0.0116,0.0128,-0.0129,-0.0154,0.0,-0.0098
8396,58,North,Business,IT,2026Q1,81273.7,523.0,30.41,50.62,69.06,282709.68,0.5214,0.28681,0,-0.0741,0.1735,-0.0376,0.0014,0.0,0.0
8397,35,West,Business,Construction,2026Q1,68768.68,723.0,28.41,65.28,60.54,87002.88,0.5722,0.0879,0,0.019,-0.0851,-0.0194,0.0129,0.0087,0.0
8398,58,West,SelfEmployed,IT,2026Q1,153104.3,604.0,63.66,59.05,63.52,363342.36,0.2787,0.29432,0,-0.0825,0.0966,0.091,0.0227,0.025,0.0601
8399,59,East,Salaried,IT,2026Q1,75638.53,409.0,58.34,36.45,33.36,129855.35,0.5536,0.62082,1,-0.0897,0.5024,0.0905,-0.0384,0.0,-0.0285
8400,46,East,Business,Manufacturing,2026Q1,84475.72,527.0,69.35,82.18,83.92,181492.35,0.3995,0.5423,0,-0.0068,0.3182,0.1456,0.0957,0.0,0.0
8401,51,West,SelfEmployed,Manufacturing,2026Q1,90906.85,719.0,58.13,0.0,44.3,63653.51,0.4703,0.06515,0,-0.0107,-0.0628,0.0184,-0.0463,0.0068,0.0156
8402,63,East,Salaried,Retail,2026Q1,106848.53,,50.1,0.79,79.19,218970.9,0.382,0.21661,0,-0.0992,0.1742,0.0331,-0.1183,0.0,-0.0215
8403,67,East,SelfEmployed,Construction,2026Q1,91171.84,611.0,43.6,37.78,57.42,56893.64,0.5207,0.14429,0,-0.0861,0.041,0.0079,-0.0174,0.0,0.0301
8404,44,East,Business,Healthcare,2026Q1,55355.2,652.0,64.44,55.25,78.4,140151.41,0.381,0.22189,1,0.0044,-0.0035,0.0668,0.0099,0.0,0.0
8405,41,West,Salaried,Retail,2026Q1,44818.94,656.0,58.01,24.67,96.13,117205.59,0.3257,0.12397,0,0.0126,-0.0079,0.0371,-0.0398,0.0135,-0.0147
8406,48,East,Business,Manufacturing,2026Q1,88086.23,792.0,35.2,100.0,56.89,120686.98,0.372,0.03781,0,-0.0036,-0.1346,-0.0042,0.0191,0.0,0.0
8407,38,West,SelfEmployed,Retail,2026Q1,105556.1,613.0,38.99,51.44,98.6,274068.91,0.3815,0.33625,1,0.038,0.0749,-0.0041,0.0035,0.0237,0.0567
8408,64,South,SelfEmployed,Construction,2026Q1,83385.02,552.0,50.63,44.42,73.37,221646.84,0.2714,0.3404,0,-0.1178,0.1618,0.0405,-0.0136,0.0,0.056
8409,55,North,Salaried,Healthcare,2026Q1,99393.55,558.0,48.25,70.06,65.51,88316.14,0.3546,0.3861,0,-0.06,0.1573,0.0322,0.0461,0.0,-0.0249
8410,50,North,Business,Manufacturing,2026Q1,86821.15,697.0,60.69,13.99,36.49,218796.84,0.5224,0.06326,0,-0.0094,-0.0408,0.0218,-0.0328,0.0,0.0
8411,62,North,Business,IT,2026Q1,103228.38,451.0,58.84,79.57,49.75,304583.3,0.4783,0.59645,0,-0.104,0.466,0.0918,0.0863,0.0,0.0
8412,59,North,SelfEmployed,Healthcare,2026Q1,76254.7,634.0,35.78,21.68,67.54,177648.2,0.4832,0.07767,0,-0.0384,0.0137,-0.0073,-0.0326,0.0,0.0222
8413,61,West,SelfEmployed,Manufacturing,2026Q1,105697.32,730.0,30.72,19.92,54.22,184659.49,0.3228,0.03116,1,-0.0173,-0.042,-0.0063,-0.0133,0.0035,0.0081
8414,56,West,Business,Transport,2026Q1,111691.09,,21.64,50.76,67.95,131872.61,0.4812,0.07705,0,-0.031,0.0227,-0.0379,0.0008,0.0102,0.0
8415,66,East,Salaried,IT,2026Q1,65045.25,,47.99,36.0,66.83,143638.63,0.4183,0.03282,0,-0.0266,-0.0296,0.0051,-0.0062,0.0,-0.0043
8416,35,South,Business,Retail,2026Q1,67457.19,472.0,76.93,64.83,37.96,88149.82,0.5972,0.77283,1,0.0534,0.4493,0.1549,0.0331,0.0,0.0
8417,56,West,Salaried,Retail,2026Q1,84192.8,705.0,44.67,39.17,50.01,260287.13,0.4154,0.0392,0,-0.0175,-0.0394,0.0044,-0.0068,0.0056,-0.0063
8418,67,West,Salaried,Transport,2026Q1,105618.4,632.0,,67.57,87.01,148217.96,0.4159,0.12121,0,-0.081,0.0192,0.0151,0.0204,0.012,-0.0131
8419,47,East,Salaried,Transport,2026Q1,121045.06,581.0,52.11,61.94,49.95,166775.94,0.4299,0.31264,0,-0.0112,0.1233,0.0453,0.0275,0.0,-0.0244
8420,44,East,Business,Retail,2026Q1,78686.63,582.0,48.27,56.01,34.62,96145.72,0.4363,0.29494,1,0.0056,0.1251,0.0322,0.0144,0.0,0.0
8421,46,West,SelfEmployed,Healthcare,2026Q1,37070.46,737.0,28.53,48.43,43.11,47287.41,0.4351,0.06791,0,-0.0016,-0.0817,-0.0142,-0.0011,0.0064,0.0147
8422,50,East,Salaried,Healthcare,2026Q1,70454.41,561.0,36.97,39.19,75.69,184795.16,0.4962,0.17266,0,-0.0229,0.1113,-0.0097,-0.0211,0.0,-0.0195
8423,62,West,Salaried,Manufacturing,2026Q1,98055.45,565.0,44.0,43.58,49.69,108133.5,0.3618,0.14539,0,-0.0824,0.1028,0.0117,-0.0119,0.0174,-0.0187
8424,50,North,Salaried,Retail,2026Q1,89630.47,728.0,73.2,48.96,32.88,257279.93,0.5126,0.09789,0,-0.0112,-0.0919,0.038,-0.0009,0.0,-0.0095
8425,62,West,Salaried,Retail,2026Q1,88082.2,638.0,67.25,66.1,52.9,239301.96,0.343,0.18228,0,-0.0793,0.0182,0.0652,0.0261,0.0166,-0.0179
8426,55,North,SelfEmployed,Retail,2026Q1,74089.4,652.0,29.71,51.61,71.4,108696.53,0.4093,0.10269,0,-0.0295,-0.0021,-0.021,0.0018,0.0,0.0251
8427,60,West,Business,IT,2026Q1,111645.36,,69.42,34.04,44.85,263230.36,0.4539,0.32351,0,-0.0979,0.1894,0.1141,-0.0433,0.0258,0.0
8428,51,South,SelfEmployed,Transport,2026Q1,91637.27,547.0,75.91,64.43,69.72,269111.52,0.4496,0.50383,1,-0.0411,0.2678,0.1766,0.0431,0.0,0.0748
8429,47,West,SelfEmployed,Manufacturing,2026Q1,90635.92,738.0,55.11,37.65,66.57,167551.95,0.4043,0.0876,0,-0.0044,-0.1096,0.0203,-0.012,0.0087,0.0202
8430,35,North,SelfEmployed,IT,2026Q1,62302.05,641.0,38.35,80.05,63.87,143265.29,0.3569,0.29064,0,0.0529,0.0195,-0.0067,0.0667,0.0,0.0564
8431,23,East,Salaried,Construction,2026Q1,71982.33,616.0,49.07,59.7,41.86,114724.34,0.4482,0.32421,0,0.1157,0.0745,0.0377,0.0245,0.0,-0.0264
8432,46,East,Salaried,Healthcare,2026Q1,80870.01,595.0,73.11,78.6,36.82,218737.46,0.4195,0.36153,1,-0.0066,0.1293,0.1399,0.077,0.0,-0.0287
8433,22,South,Business,IT,2026Q1,68960.48,607.0,29.92,47.63,82.69,193659.36,0.5593,0.27108,0,0.1032,0.0796,-0.0403,-0.0055,0.0,0.0
8434,49,East,Salaried,Construction,2026Q1,98864.8,564.0,41.4,62.38,73.44,218309.17,0.4374,0.26842,0,-0.022,0.1388,0.0053,0.0274,0.0,-0.0236
8435,57,West,SelfEmployed,Transport,2026Q1,88974.13,644.0,54.45,47.19,66.69,89523.76,0.5537,0.18346,0,-0.0541,0.0094,0.0381,-0.0049,0.0167,0.0394
8436,50,West,SelfEmployed,Retail,2026Q1,105011.71,572.0,42.4,34.98,67.22,152686.91,0.4802,0.2783,0,-0.0291,0.1385,0.0096,-0.0377,0.0235,0.0563
8437,21,North,Business,Transport,2026Q1,59576.56,589.0,21.04,63.51,74.5,182367.27,0.4211,0.30175,0,0.1219,0.1217,-0.0857,0.0332,0.0,0.0
8438,45,West,SelfEmployed,Transport,2026Q1,64004.87,649.0,29.52,35.35,48.58,143630.54,0.548,0.1241,0,0.0,0.0012,-0.0255,-0.0212,0.0129,0.0303
8439,56,West,Salaried,Transport,2026Q1,86129.6,713.0,26.08,35.05,79.46,216956.18,0.5466,0.03254,0,-0.0111,-0.03,-0.0098,-0.0061,0.0035,-0.0039
8440,64,South,Business,Transport,2026Q1,71661.52,701.0,,10.3,54.02,52703.28,0.3757,0.02261,0,-0.0195,-0.0209,0.0005,-0.017,0.0,0.0
8441,56,West,Salaried,Retail,2026Q1,92672.48,573.0,76.83,77.51,55.78,217390.79,0.4716,0.41607,1,-0.0762,0.1817,0.1614,0.0773,0.0288,-0.0294
8442,50,East,Business,IT,2026Q1,114618.35,603.0,70.16,39.85,91.95,203848.89,0.5038,0.24416,0,-0.0272,0.0845,0.0962,-0.0236,0.0,0.0
8443,55,East,Business,Retail,2026Q1,144050.63,502.0,48.58,39.02,73.04,129641.67,0.4897,0.43258,0,-0.0669,0.2624,0.0387,-0.031,0.0,0.0
8444,70,South,Salaried,Manufacturing,2026Q1,117487.09,659.0,58.36,35.58,46.51,123565.1,0.3967,0.05363,0,-0.0574,-0.0062,0.0189,-0.0113,0.0,-0.0076
8445,50,West,Salaried,Manufacturing,2026Q1,113566.02,667.0,50.82,39.4,70.37,212174.39,0.388,0.08139,0,-0.0134,-0.0183,0.018,-0.0121,0.0104,-0.0114
8446,33,South,Salaried,Manufacturing,2026Q1,71172.25,617.0,44.93,32.55,52.99,77960.17,0.5602,0.16751,0,0.0455,0.0487,0.0144,-0.0337,0.0,-0.0188
8447,45,East,SelfEmployed,Healthcare,2026Q1,109737.31,703.0,48.6,23.32,60.1,204984.16,0.5216,0.08833,0,0.0,-0.0575,0.0124,-0.0283,0.0,0.0205
8448,42,East,Salaried,Manufacturing,2026Q1,77301.07,,42.85,61.42,65.78,193547.03,0.4188,0.26444,1,0.0164,0.1305,0.0112,0.0264,0.0,-0.0245
8449,37,West,SelfEmployed,IT,2026Q1,102926.1,623.0,27.65,34.14,26.59,119697.81,0.4188,0.14691,1,0.0322,0.0417,-0.041,-0.0311,0.0178,0.0421
8450,42,North,Salaried,Healthcare,2026Q1,35003.33,537.0,48.48,69.77,51.03,63751.73,0.4209,0.3607,0,0.0203,0.2458,0.0406,0.0563,0.0,-0.0294
8451,75,East,Salaried,Transport,2026Q1,83537.2,607.0,35.21,50.22,53.35,73240.45,0.5663,0.0887,0,-0.082,0.0265,-0.0068,0.0002,0.0,-0.0086
8452,39,South,Salaried,Healthcare,2026Q1,64496.82,584.0,39.73,2.41,63.11,154176.78,0.4253,0.19804,0,0.0199,0.0704,-0.0007,-0.0871,0.0,-0.0158
8453,44,North,Salaried,IT,2026Q1,91576.31,657.0,55.36,61.39,32.27,72483.43,0.454,0.17122,1,0.0037,-0.0105,0.0367,0.0173,0.0,-0.0166
8454,75,East,Business,Transport,2026Q1,131623.96,,22.51,48.28,28.96,364636.78,0.5402,0.07373,0,-0.0839,0.0351,-0.0284,-0.0015,0.0,0.0
8455,56,East,Business,Manufacturing,2026Q1,84566.63,697.0,30.2,49.89,63.08,200681.11,0.2555,0.05048,0,-0.0164,-0.0304,-0.0099,-0.0001,0.0,0.0
8456,53,East,Salaried,Retail,2026Q1,58283.82,501.0,47.83,63.05,83.48,168217.03,0.483,0.38187,1,-0.0552,0.2941,0.0375,0.0375,0.0,-0.0294
8457,56,East,Business,Construction,2026Q1,99121.72,655.0,29.03,29.88,65.69,283685.66,0.2932,0.07304,0,-0.0195,-0.0031,-0.0134,-0.0149,0.0,0.0
8458,52,South,Salaried,Construction,2026Q1,74421.84,429.0,37.69,76.02,100.0,207957.92,0.633,0.67118,0,-0.0457,0.4869,-0.011,0.0765,0.0,-0.0283
8459,44,North,Business,Retail,2026Q1,83393.9,609.0,61.66,39.69,56.73,255589.87,0.304,0.21511,1,0.005,0.0722,0.0697,-0.0232,0.0,0.0
8460,53,East,Salaried,IT,2026Q1,78810.32,697.0,43.5,84.55,58.12,120746.18,0.2465,0.09625,1,-0.0199,-0.0518,0.0055,0.0284,0.0,-0.0102
8461,56,West,SelfEmployed,Healthcare,2026Q1,90308.99,,35.91,21.78,45.0,188620.45,0.582,0.13128,0,-0.0416,0.0463,-0.0102,-0.0462,0.0139,0.0326
8462,31,East,Salaried,IT,2026Q1,81411.16,699.0,60.53,25.25,87.94,115382.07,0.3608,0.11903,0,0.0326,-0.0642,0.0339,-0.0323,0.0,-0.0122
8463,45,South,Salaried,Transport,2026Q1,92744.46,549.0,20.22,52.14,45.59,90027.41,0.3599,0.20019,1,0.0,0.1292,-0.0729,0.0042,0.0,-0.0206
8464,31,South,Business,Manufacturing,2026Q1,71085.07,,24.66,56.13,61.99,225623.2,0.3168,0.15501,0,0.0493,0.0307,-0.0485,0.0103,0.0,0.0
8465,40,South,Business,Retail,2026Q1,80115.84,560.0,25.93,46.26,13.55,157474.27,0.4901,0.24894,0,0.0247,0.1355,-0.0552,-0.0083,0.0,0.0
8466,55,East,Business,IT,2026Q1,114920.43,717.0,37.08,51.31,86.75,357511.14,0.4303,0.03702,0,-0.0143,-0.0464,-0.0027,0.0007,0.0,0.0
8467,45,North,SelfEmployed,IT,2026Q1,89507.61,559.0,22.79,68.48,75.76,197356.47,0.5061,0.31504,0,0.0,0.1709,-0.0786,0.0459,0.0,0.061
8468,47,South,Salaried,Healthcare,2026Q1,95130.0,550.0,77.43,41.87,55.86,203669.89,0.4479,0.39685,0,-0.0136,0.2212,0.162,-0.0237,0.0,-0.0293
8469,21,West,Business,Manufacturing,2026Q1,79029.01,702.0,6.39,24.3,56.6,188759.4,0.5721,0.06919,0,0.0295,-0.0431,-0.0529,-0.0207,0.0067,0.0
8470,35,East,Salaried,Manufacturing,2026Q1,67044.58,531.0,54.59,78.56,66.26,45376.24,0.4793,0.54757,0,0.0699,0.2988,0.0728,0.0855,0.0,-0.0297
8471,37,North,Salaried,IT,2026Q1,73065.82,,41.41,73.54,100.0,123901.85,0.4406,0.3681,0,0.0503,0.1897,0.0065,0.0628,0.0,-0.0283
8472,31,North,Salaried,Construction,2026Q1,29900.22,654.0,48.91,70.36,50.85,46696.95,0.333,0.24255,1,0.0587,-0.0075,0.0285,0.0383,0.0,-0.0209
8473,52,West,SelfEmployed,Transport,2026Q1,79604.73,,38.79,21.12,67.06,78469.64,0.318,0.14854,1,-0.024,0.0221,-0.0028,-0.0449,0.0131,0.0306
8474,50,West,SelfEmployed,Construction,2026Q1,115616.96,,44.23,29.08,34.6,327049.19,0.628,0.31397,0,-0.0292,0.1446,0.0168,-0.0535,0.0237,0.0566
8475,59,South,Salaried,Retail,2026Q1,107952.36,,32.03,59.37,79.7,91770.67,0.3245,0.09669,0,-0.0461,0.0391,-0.0172,0.0109,0.0,-0.0127
8476,64,South,Business,Transport,2026Q1,104130.38,,66.89,87.4,84.37,293082.45,0.3044,0.08762,0,-0.0481,-0.1046,0.0311,0.0269,0.0,0.0
8477,65,West,SelfEmployed,Transport,2026Q1,82608.96,547.0,26.87,80.65,42.87,132024.54,0.4631,0.36002,1,-0.1285,0.1782,-0.0578,0.071,0.0245,0.0589
8478,54,East,Salaried,Construction,2026Q1,96543.13,,45.38,44.37,53.7,120588.22,0.5665,0.09925,0,-0.0311,0.0366,0.0116,-0.0078,0.0,-0.0141
8479,52,East,Salaried,Retail,2026Q1,48068.07,596.0,86.18,29.87,86.05,56479.65,0.3628,0.22891,0,-0.0404,0.1007,0.1423,-0.0503,0.0,-0.0243
8480,53,East,Salaried,IT,2026Q1,92424.12,684.0,60.52,24.47,64.5,196379.66,0.4014,0.09666,0,-0.0164,-0.0292,0.0229,-0.0232,0.0,-0.0084
8481,39,West,SelfEmployed,Manufacturing,2026Q1,80096.8,532.0,28.17,41.59,30.65,78104.47,0.5011,0.41917,1,0.0396,0.2464,-0.0579,-0.0245,0.0285,0.0695
8482,53,West,Salaried,Transport,2026Q1,78880.15,570.0,68.37,100.0,82.02,163750.3,0.4748,0.44096,1,-0.0559,0.2007,0.1352,0.1425,0.0297,-0.03
8483,44,West,SelfEmployed,Manufacturing,2026Q1,102724.7,593.0,53.0,25.22,52.58,167744.27,0.5547,0.24309,1,0.0057,0.1099,0.0501,-0.0644,0.0239,0.0572
8484,36,South,Salaried,IT,2026Q1,84771.52,569.0,40.69,48.15,38.3,205862.58,0.4986,0.25859,0,0.0481,0.1432,0.0028,-0.0045,0.0,-0.0249
8485,30,South,Business,Healthcare,2026Q1,91987.82,645.0,60.73,30.57,73.94,269543.95,0.621,0.15898,0,0.0625,0.0091,0.0618,-0.042,0.0,0.0
8486,23,East,Business,Manufacturing,2026Q1,99837.58,663.0,69.13,54.16,100.0,185348.34,0.4705,0.31313,0,0.1122,-0.0309,0.107,0.0104,0.0,0.0
8487,47,South,Salaried,IT,2026Q1,68420.8,645.0,36.17,7.73,62.33,129241.33,0.462,0.07632,0,-0.0035,0.0033,-0.0049,-0.0389,0.0,-0.0078
8488,42,South,SelfEmployed,Transport,2026Q1,72270.37,496.0,40.55,22.27,56.36,133359.92,0.3802,0.51329,0,0.0207,0.3202,0.0027,-0.083,0.0,0.0727
8489,42,West,Salaried,Construction,2026Q1,75097.83,593.0,39.91,26.27,27.59,143705.63,0.4782,0.13511,1,0.012,0.0746,-0.0003,-0.0457,0.0169,-0.0183
8490,37,East,Business,Manufacturing,2026Q1,116886.61,599.0,,21.25,33.46,235689.41,0.3778,0.2553,1,0.0381,0.0863,0.0557,-0.0678,0.0,0.0
8491,44,East,Salaried,Retail,2026Q1,46103.17,538.0,62.11,28.91,17.72,59985.84,0.4522,0.35268,0,0.0063,0.214,0.0929,-0.0595,0.0,-0.0278
8492,38,East,Salaried,IT,2026Q1,60772.56,556.0,58.17,48.0,42.34,146049.11,0.4863,0.40949,0,0.0448,0.2001,0.0809,-0.0057,0.0,-0.0286
8493,51,West,Salaried,Manufacturing,2026Q1,70874.02,736.0,32.49,78.42,44.2,122712.98,0.4437,0.03527,0,-0.0092,-0.0736,-0.0081,0.0149,0.0058,-0.0064
8494,58,North,Salaried,Manufacturing,2026Q1,97224.57,671.0,78.24,42.71,43.25,169256.21,0.4343,0.11991,0,-0.0442,-0.0267,0.0606,-0.0096,0.0,-0.0133
8495,45,West,Salaried,Construction,2026Q1,56002.91,,34.74,30.39,54.68,50470.09,0.385,0.23152,0,0.0,0.1763,-0.0211,-0.0486,0.0229,-0.0242
8496,62,West,Business,Manufacturing,2026Q1,108105.12,660.0,52.24,58.54,58.72,320365.74,0.3392,0.09415,0,-0.0568,-0.0114,0.0222,0.0098,0.0114,0.0
8497,41,East,Salaried,IT,2026Q1,103820.42,655.0,45.11,69.93,38.01,248979.64,0.3314,0.20656,0,0.0144,-0.0075,0.0131,0.0293,0.0,-0.0166
8498,29,South,Salaried,Retail,2026Q1,39952.62,563.0,31.12,21.6,57.52,98577.59,0.5035,0.29239,0,0.0708,0.1292,-0.0334,-0.0665,0.0,-0.0222
8499,65,East,Salaried,Healthcare,2026Q1,79074.34,649.0,51.89,29.67,72.39,173554.84,0.4134,0.06976,0,-0.045,0.0007,0.0135,-0.0171,0.0,-0.008
8500,28,West,Salaried,Transport,2026Q1,63580.46,,49.2,31.79,80.15,205809.6,0.4747,0.24122,1,0.0925,0.1326,0.0382,-0.0488,0.0252,-0.0264
8501,44,West,SelfEmployed,Transport,2026Q1,100195.98,492.0,59.23,41.3,69.11,223274.88,0.3918,0.59735,1,0.0066,0.3986,0.0934,-0.0241,0.0285,0.0724
8502,59,West,SelfEmployed,Construction,2026Q1,100611.08,,47.4,43.23,87.11,247526.51,0.3987,0.30724,0,-0.0789,0.107,0.0261,-0.0152,0.0213,0.0508
8503,64,East,SelfEmployed,Retail,2026Q1,118952.1,542.0,51.72,50.85,30.12,267226.9,0.5672,0.31322,0,-0.1249,0.195,0.0488,0.0022,0.0,0.0616
8504,48,West,SelfEmployed,Construction,2026Q1,104297.31,574.0,76.92,39.95,5.0,308503.36,0.4275,0.40872,1,-0.0209,0.1903,0.1707,-0.0301,0.0296,0.0731
8505,44,East,SelfEmployed,IT,2026Q1,63294.22,651.0,45.05,60.06,70.7,151915.59,0.5565,0.19999,0,0.0044,-0.0017,0.0154,0.0183,0.0,0.043
8506,73,East,Business,Manufacturing,2026Q1,114249.49,651.0,21.7,40.86,91.1,258579.88,0.4802,0.03779,0,-0.042,-0.0004,-0.016,-0.0043,0.0,0.0
8507,60,North,Business,Retail,2026Q1,69007.66,642.0,62.91,12.81,29.77,81367.85,0.3929,0.07821,0,-0.0422,0.0072,0.0323,-0.0453,0.0,0.0
8508,62,North,Salaried,Manufacturing,2026Q1,101397.55,638.0,61.87,59.87,54.95,140859.84,0.5255,0.12176,0,-0.0657,0.0147,0.0434,0.0132,0.0,-0.0146
8509,55,East,Business,IT,2026Q1,138944.58,545.0,25.54,28.75,50.78,222888.76,0.4868,0.13382,1,-0.0423,0.1066,-0.0438,-0.0382,0.0,0.0
8510,57,North,Business,Retail,2026Q1,91781.11,563.0,28.4,37.62,93.87,99982.59,0.3702,0.21923,1,-0.0488,0.0882,-0.0326,-0.0203,0.0,0.0
8511,53,East,Business,Manufacturing,2026Q1,93120.5,696.0,,64.73,69.99,101220.79,0.4152,0.06569,0,-0.0172,-0.0438,-0.0001,0.0114,0.0,0.0
8512,49,West,SelfEmployed,Retail,2026Q1,75543.7,739.0,,56.24,56.47,232836.35,0.4017,0.05874,0,-0.007,-0.09,-0.0087,0.0043,0.0068,0.0158
8513,30,East,Business,Healthcare,2026Q1,104927.11,,42.36,35.77,82.34,245526.35,0.3798,0.20544,0,0.0627,0.0551,0.0079,-0.0303,0.0,0.0
8514,35,West,SelfEmployed,IT,2026Q1,87180.55,638.0,43.17,73.28,63.52,172172.56,0.3904,0.34327,1,0.0571,0.0278,0.0135,0.057,0.0253,0.0609
8515,57,West,Salaried,Transport,2026Q1,82058.11,762.0,46.43,71.73,44.24,63467.28,0.2388,0.02989,0,-0.0158,-0.0885,0.0049,0.0093,0.0046,-0.0051
8516,63,East,Business,Retail,2026Q1,83093.59,589.0,68.33,18.73,82.77,43152.99,0.4587,0.16719,0,-0.0829,0.0749,0.0656,-0.0594,0.0,0.0
8517,52,North,Salaried,Manufacturing,2026Q1,77857.64,629.0,81.51,0.0,29.13,228423.9,0.3977,0.14427,0,-0.0255,0.0258,0.0743,-0.0894,0.0,-0.0152
8518,38,South,Salaried,Retail,2026Q1,51170.84,573.0,27.92,47.0,54.65,109404.28,0.4124,0.22696,0,0.0311,0.1092,-0.0433,-0.0061,0.0,-0.0208
8519,52,South,Business,IT,2026Q1,96023.54,473.0,49.75,43.7,53.27,285436.32,0.5493,0.48705,0,-0.049,0.3637,0.0483,-0.0189,0.0,0.0
8520,54,North,Salaried,Transport,2026Q1,87298.8,577.0,65.53,66.56,100.0,190580.6,0.6866,0.26915,0,-0.0561,0.1417,0.0972,0.0407,0.0,-0.0261
8521,29,East,Salaried,Retail,2026Q1,46710.74,643.0,,78.93,27.95,105935.93,0.3964,0.34033,0,0.0932,0.0172,0.1128,0.0737,0.0,-0.0276
8522,67,West,Salaried,Healthcare,2026Q1,89378.04,510.0,24.8,82.18,38.75,130414.85,0.5067,0.29994,0,-0.1386,0.2031,-0.0652,0.071,0.0235,-0.0248
8523,59,West,SelfEmployed,IT,2026Q1,114900.15,652.0,48.03,92.21,76.92,119718.9,0.5113,0.21987,1,-0.0741,-0.0038,0.0261,0.0742,0.0198,0.0468
8524,38,West,SelfEmployed,Construction,2026Q1,66922.06,530.0,,24.19,43.8,120961.88,0.5034,0.52871,1,0.0489,0.2992,0.1127,-0.0757,0.03,0.0749
8525,49,East,Business,IT,2026Q1,123706.03,576.0,34.6,80.16,66.43,133314.5,0.4575,0.32362,0,-0.0226,0.1292,-0.0218,0.0652,0.0,0.0
8526,46,West,Salaried,Retail,2026Q1,86889.19,604.0,38.05,11.31,54.07,201588.69,0.4773,0.13842,0,-0.003,0.0446,-0.0042,-0.059,0.0123,-0.0134
8527,64,West,SelfEmployed,Retail,2026Q1,107987.78,555.0,62.93,0.0,45.28,364481.95,0.4865,0.21793,0,-0.1094,0.1395,0.0733,-0.125,0.0211,0.0502
8528,44,West,Business,Manufacturing,2026Q1,99281.6,620.0,40.46,19.64,62.32,225920.82,0.3961,0.13222,0,0.0033,0.0349,0.0011,-0.0495,0.0137,0.0
8529,37,East,Business,Healthcare,2026Q1,44334.2,610.0,57.69,49.84,71.83,66194.52,0.5015,0.29693,1,0.0431,0.0801,0.0659,-0.0004,0.0,0.0
8530,49,East,Business,Transport,2026Q1,112113.93,622.0,75.3,56.84,42.29,337481.63,0.4471,0.23766,0,-0.0229,0.0571,0.1175,0.0161,0.0,0.0
8531,38,East,Salaried,Healthcare,2026Q1,91414.78,718.0,51.56,38.73,35.71,171958.29,0.4014,0.07409,0,0.0124,-0.0705,0.0144,-0.0098,0.0,-0.0087
8532,61,East,Salaried,Transport,2026Q1,100870.2,562.0,42.51,45.76,53.99,272133.29,0.438,0.1861,1,-0.0743,0.1004,0.0071,-0.0075,0.0,-0.018
8533,49,North,Business,Healthcare,2026Q1,70235.77,650.0,58.56,51.5,48.38,70068.97,0.4764,0.13415,0,-0.0155,0.0,0.0434,0.0024,0.0,0.0
8534,37,South,Salaried,Healthcare,2026Q1,77642.68,567.0,54.97,47.38,71.22,133714.14,0.4461,0.37392,0,0.0483,0.1685,0.0636,-0.0071,0.0,-0.0274
8535,42,West,SelfEmployed,IT,2026Q1,63315.89,619.0,40.13,23.63,62.27,49466.73,0.5514,0.2193,0,0.0128,0.048,0.0004,-0.0544,0.0181,0.0428
8536,45,East,Business,Manufacturing,2026Q1,104442.85,683.0,,50.77,67.29,93987.06,0.3519,0.07742,0,0.0,-0.0402,0.0171,0.0009,0.0,0.0
8537,46,South,Salaried,Healthcare,2026Q1,88532.28,685.0,60.61,80.53,58.97,95744.85,0.4336,0.16549,1,-0.0037,-0.057,0.0464,0.0419,0.0,-0.0163
8538,32,East,Salaried,Manufacturing,2026Q1,58328.13,586.0,52.31,43.82,48.0,157677.7,0.6245,0.36385,0,0.0711,0.1262,0.0494,-0.0159,0.0,-0.026
8539,37,East,Salaried,Retail,2026Q1,73952.41,680.0,33.91,18.31,89.83,81623.92,0.4082,0.06427,0,0.0122,-0.0229,-0.0077,-0.027,0.0,-0.0076
8540,53,South,Business,Manufacturing,2026Q1,104325.08,,61.12,86.3,65.43,272356.85,0.3298,0.19674,0,-0.0428,0.0248,0.0677,0.0695,0.0,0.0
8541,64,North,Salaried,Healthcare,2026Q1,116767.72,626.0,44.77,49.65,27.57,161185.23,0.494,0.10553,1,-0.0569,0.0205,0.0079,-0.0004,0.0,-0.0109
8542,44,East,Salaried,Retail,2026Q1,84514.01,637.0,42.99,42.32,68.4,102686.81,0.3446,0.11634,1,0.0031,0.015,0.0065,-0.0105,0.0,-0.0139
8543,51,East,Salaried,Transport,2026Q1,64610.35,616.0,,83.18,31.99,129968.18,0.5701,0.15099,0,-0.0213,0.039,-0.0489,0.0411,0.0,-0.015
8544,75,North,Business,Retail,2026Q1,86972.03,559.0,69.72,29.95,67.85,279608.74,0.442,0.21175,0,-0.1632,0.1118,0.0762,-0.0401,0.0,0.0
8545,52,North,Business,Transport,2026Q1,122798.16,609.0,56.79,54.67,86.63,245177.66,0.4274,0.18011,0,-0.0348,0.0661,0.051,0.0093,0.0,0.0
8546,28,North,Salaried,Transport,2026Q1,37714.36,715.0,41.81,9.68,63.2,104057.41,0.39,0.06208,0,0.0218,-0.0552,0.002,-0.0337,0.0,-0.0071
8547,56,West,SelfEmployed,Manufacturing,2026Q1,73757.84,576.0,58.15,31.71,100.0,148357.95,0.4188,0.25748,1,-0.0676,0.1379,0.0692,-0.0474,0.0242,0.0581
8548,52,West,SelfEmployed,Manufacturing,2026Q1,82724.53,838.0,65.91,15.71,32.23,149905.93,0.3474,0.0195,0,-0.0051,-0.1409,0.0097,-0.012,0.0027,0.0062
8549,45,East,Salaried,Manufacturing,2026Q1,68738.81,567.0,62.2,44.19,77.06,178729.77,0.4325,0.34361,1,0.0,0.1587,0.087,-0.0152,0.0,-0.0264
8550,37,West,Business,Construction,2026Q1,56144.41,677.0,42.61,59.39,53.97,71227.2,0.4111,0.15185,0,0.0263,-0.0418,0.0065,0.0138,0.0146,0.0
8551,59,East,Salaried,Retail,2026Q1,90398.89,519.0,32.84,43.96,38.49,262048.08,0.5065,0.15503,0,-0.0755,0.1607,-0.0259,-0.0129,0.0,-0.0216
8552,21,East,Salaried,Transport,2026Q1,32639.54,646.0,39.1,60.0,90.76,97713.21,0.4092,0.24323,0,0.0949,0.0075,-0.0031,0.0201,0.0,-0.0214
8553,45,East,Salaried,Retail,2026Q1,83733.82,505.0,53.74,47.85,55.38,148304.13,0.7203,0.39226,0,0.0,0.3044,0.0664,-0.0064,0.0,-0.0298
8554,46,West,Salaried,IT,2026Q1,86376.75,678.0,27.34,25.58,60.19,140237.02,0.4305,0.05571,0,-0.0015,-0.0186,-0.0149,-0.0175,0.006,-0.0066
8555,42,North,Salaried,Transport,2026Q1,93778.19,620.0,,68.83,59.28,76168.82,0.5103,0.31704,0,0.0184,0.0689,0.1404,0.0482,0.0,-0.0272
8556,49,North,SelfEmployed,Retail,2026Q1,96466.0,686.0,,62.27,100.0,123750.94,0.3549,0.17175,0,-0.0147,-0.0573,0.0305,0.0177,0.0,0.0341
8557,36,East,Salaried,Healthcare,2026Q1,80200.13,,65.23,62.79,74.0,103510.37,0.4555,0.54654,1,0.0629,0.2848,0.1247,0.0383,0.0,-0.0298
8558,56,East,Business,Construction,2026Q1,74930.97,632.0,33.75,34.28,83.5,252726.49,0.4012,0.08889,0,-0.0273,0.0142,-0.0103,-0.0159,0.0,0.0
8559,75,West,SelfEmployed,Transport,2026Q1,96795.95,660.0,50.56,12.73,42.9,130521.36,0.5767,0.06825,0,-0.0708,-0.0067,0.0112,-0.0317,0.0066,0.0153
8560,40,East,Salaried,IT,2026Q1,69355.48,659.0,38.68,48.75,41.14,106870.02,0.4559,0.11,0,0.0132,-0.0102,-0.0027,-0.0015,0.0,-0.0125
8561,54,North,Business,Transport,2026Q1,115169.62,558.0,19.1,68.54,45.73,360614.81,0.4182,0.22601,0,-0.0434,0.1168,-0.0753,0.0333,0.0,0.0
8562,52,East,Business,Retail,2026Q1,97026.17,628.0,57.7,38.19,51.57,208193.71,0.3081,0.16245,0,-0.0275,0.0292,0.0411,-0.0195,0.0,0.0
8563,52,West,SelfEmployed,Healthcare,2026Q1,85986.3,583.0,68.28,33.35,38.98,72584.38,0.503,0.38875,0,-0.0457,0.1448,0.1156,-0.0466,0.0267,0.0647
8564,45,South,Business,Transport,2026Q1,102138.67,632.0,86.13,55.17,53.88,184960.65,0.4739,0.37557,0,0.0,0.0412,0.1613,0.0133,0.0,0.0
8565,50,West,Business,Manufacturing,2026Q1,61598.0,504.0,52.8,10.25,85.35,142531.9,0.5746,0.40404,0,-0.0328,0.2572,0.0565,-0.1152,0.0271,0.0
8566,52,North,Salaried,Transport,2026Q1,64493.74,719.0,41.41,5.64,61.31,69472.17,0.3815,0.02882,0,-0.006,-0.0305,0.0008,-0.0191,0.0,-0.0035
8567,59,East,Salaried,Transport,2026Q1,92402.44,577.0,62.5,64.17,20.97,228723.21,0.4816,0.32023,0,-0.0823,0.1245,0.0773,0.0315,0.0,-0.0238
8568,58,West,Salaried,Retail,2026Q1,88917.37,651.0,36.71,51.15,88.74,123015.1,0.4909,0.07562,1,-0.0329,-0.0009,-0.0053,0.0011,0.0089,-0.0098
8569,64,South,Salaried,Construction,2026Q1,102197.93,539.0,38.61,57.13,28.23,288971.8,0.3918,0.20842,0,-0.1016,0.1375,-0.0047,0.0139,0.0,-0.0206
8570,42,West,Salaried,Retail,2026Q1,78671.96,505.0,46.87,50.63,84.19,215530.61,0.5751,0.49238,1,0.0208,0.3168,0.034,0.0019,0.0297,-0.03
8571,52,West,SelfEmployed,Retail,2026Q1,98051.37,664.0,33.32,16.0,58.12,85318.43,0.2932,0.07788,0,-0.0159,-0.0123,-0.0106,-0.0362,0.0085,0.0198
8572,48,North,Salaried,Healthcare,2026Q1,68831.29,662.0,33.94,31.95,100.0,30140.07,0.467,0.07843,1,-0.0055,-0.0088,-0.0081,-0.015,0.0,-0.008
8573,59,North,Salaried,Transport,2026Q1,113215.16,,72.42,40.48,93.71,303337.61,0.3829,0.09898,0,-0.0407,-0.0285,0.0445,-0.0106,0.0,-0.0112
8574,33,East,SelfEmployed,Retail,2026Q1,54774.38,642.0,33.99,59.0,73.16,119882.21,0.4101,0.17709,0,0.0531,0.015,-0.0216,0.0183,0.0,0.048
8575,62,West,Salaried,Construction,2026Q1,87598.6,698.0,57.23,37.15,59.21,253337.79,0.4742,0.0477,0,-0.0328,-0.0373,0.0166,-0.0092,0.0064,-0.0071
8576,53,East,Salaried,Construction,2026Q1,84378.76,641.0,34.63,58.12,89.65,252503.49,0.5387,0.11503,0,-0.0219,0.0085,-0.01,0.0084,0.0,-0.0113
8577,63,East,Business,IT,2026Q1,119271.52,,,30.12,62.84,358647.29,0.4863,0.15333,1,-0.0856,0.1068,0.0158,-0.0375,0.0,0.0
8578,51,South,SelfEmployed,Transport,2026Q1,73223.24,,53.72,80.63,71.36,123047.88,0.364,0.06861,0,-0.0115,-0.1677,0.0155,0.0199,0.0,0.0167
8579,48,East,SelfEmployed,Manufacturing,2026Q1,85792.29,561.0,49.85,50.85,63.85,286530.31,0.406,0.34732,1,-0.0197,0.1879,0.0444,0.0024,0.0,0.0665
8580,43,North,Business,Transport,2026Q1,108545.71,675.0,34.61,56.49,46.42,199810.38,0.3076,0.10795,0,0.0049,-0.0276,-0.0101,0.0068,0.0,0.0
8581,46,East,Salaried,Retail,2026Q1,77410.36,652.0,62.29,58.79,66.98,112531.18,0.3798,0.17126,1,-0.004,-0.0032,0.0547,0.0145,0.0,-0.0178
8582,28,West,Salaried,Transport,2026Q1,64269.7,690.0,49.99,0.0,44.16,146472.74,0.4617,0.0778,0,0.0321,-0.0431,0.0151,-0.0627,0.0094,-0.0103
8583,48,West,SelfEmployed,Retail,2026Q1,80405.89,612.0,20.75,55.94,75.14,237417.05,0.4776,0.14463,0,-0.0128,0.054,-0.0642,0.0103,0.0171,0.0403
8584,44,East,Business,Retail,2026Q1,90740.44,641.0,62.6,45.59,59.97,265872.94,0.418,0.21873,1,0.0043,0.015,0.0612,-0.0084,0.0,0.0
8585,51,East,SelfEmployed,Healthcare,2026Q1,89473.88,575.0,49.2,40.83,49.13,284162.76,0.4352,0.27757,1,-0.0354,0.1364,0.036,-0.023,0.0,0.057
8586,42,West,SelfEmployed,Healthcare,2026Q1,89292.84,,,55.81,46.37,223211.65,0.5164,0.16765,0,0.0134,-0.0129,0.0173,0.0112,0.019,0.0449
8587,54,West,SelfEmployed,Healthcare,2026Q1,70509.43,531.0,52.14,37.45,94.31,197738.0,0.5255,0.41565,1,-0.0619,0.2501,0.057,-0.0368,0.0286,0.0699
8588,48,West,SelfEmployed,Transport,2026Q1,84822.98,,,76.46,38.12,115090.35,0.4405,0.09887,0,-0.0074,-0.0641,-0.0374,0.0237,0.0097,0.0226
8589,30,East,Business,Construction,2026Q1,80617.05,778.0,35.01,87.41,66.34,58461.47,0.284,0.06574,1,0.0228,-0.165,-0.0068,0.0241,0.0,0.0
8590,50,West,Business,Manufacturing,2026Q1,110500.41,693.0,50.85,51.38,36.44,357083.15,0.3931,0.09734,0,-0.0132,-0.0509,0.0177,0.0015,0.0102,0.0
8591,59,West,SelfEmployed,IT,2026Q1,109238.86,,32.03,64.83,68.86,331804.18,0.606,0.54658,0,-0.0968,0.3702,-0.0398,0.0444,0.03,0.0744
8592,60,West,SelfEmployed,Manufacturing,2026Q1,123224.67,582.0,59.19,40.01,53.32,231291.18,0.487,0.28342,1,-0.092,0.125,0.0708,-0.0249,0.0236,0.0565
8593,40,West,Salaried,Retail,2026Q1,72514.39,685.0,27.56,23.15,61.73,181556.01,0.2637,0.04589,0,0.0073,-0.0254,-0.0155,-0.0207,0.0063,-0.007
8594,33,West,Salaried,IT,2026Q1,42356.69,542.0,45.43,56.56,51.59,96784.86,0.477,0.44291,1,0.0805,0.247,0.0266,0.0193,0.0293,-0.0298
8595,62,East,Salaried,Retail,2026Q1,90562.74,526.0,69.88,23.81,18.31,119863.04,0.5376,0.32671,1,-0.1066,0.1951,0.1063,-0.0686,0.0,-0.0253
8596,55,South,Salaried,Retail,2026Q1,56440.04,627.0,34.1,32.63,67.03,20000.0,0.4075,0.06519,0,-0.0235,0.017,-0.0093,-0.017,0.0,-0.0094
8597,39,West,Business,Transport,2026Q1,56908.12,585.0,48.19,47.41,65.5,50045.72,0.4803,0.335,0,0.0345,0.1289,0.0337,-0.0067,0.0249,0.0
8598,41,North,Business,Healthcare,2026Q1,76546.44,,33.34,45.26,38.57,213802.95,0.6398,0.21492,0,0.0185,0.1013,-0.0235,-0.0098,0.0,0.0
8599,50,South,Salaried,Healthcare,2026Q1,85309.83,523.0,23.27,46.8,61.22,105712.64,0.351,0.18916,0,-0.026,0.1637,-0.0652,-0.007,0.0,-0.0222
8600,59,East,Salaried,Transport,2026Q1,69896.07,733.0,,71.97,65.71,78645.1,0.2971,0.06958,0,-0.0262,-0.077,0.0172,0.0132,0.0,-0.0071
8601,46,West,SelfEmployed,Healthcare,2026Q1,109446.8,,47.18,69.63,67.74,211110.24,0.4067,0.43904,1,-0.007,0.2396,0.0356,0.0581,0.0298,0.0737
8602,34,East,Business,Manufacturing,2026Q1,85682.4,589.0,49.14,69.27,61.29,124235.27,0.3395,0.36377,1,0.0679,0.1377,0.0412,0.0517,0.0,0.0
8603,29,East,Salaried,Transport,2026Q1,84515.24,,52.74,51.97,45.81,153002.41,0.4626,0.22161,0,0.0654,0.0055,0.0395,0.0039,0.0,-0.0208
8604,41,West,SelfEmployed,Healthcare,2026Q1,112307.27,602.0,34.65,19.93,75.86,353829.32,0.4711,0.20733,0,0.0176,0.0729,-0.018,-0.0649,0.0188,0.0445
8605,41,North,Salaried,Healthcare,2026Q1,90757.43,585.0,28.65,40.84,66.66,89399.86,0.4464,0.15218,0,0.0153,0.0793,-0.0346,-0.0161,0.0,-0.0177
8606,38,West,Business,Healthcare,2026Q1,76639.38,682.0,50.95,33.78,21.13,79608.42,0.4055,0.14821,0,0.0197,-0.0433,0.0218,-0.0226,0.0124,0.0
8607,65,West,SelfEmployed,Construction,2026Q1,83683.92,,71.68,50.68,50.96,105359.36,0.4371,0.178,1,-0.1052,0.0121,0.0837,0.0013,0.0187,0.0442
8608,33,East,Business,IT,2026Q1,63754.03,640.0,53.09,72.58,73.05,108432.64,0.435,0.26118,0,0.0617,0.0214,0.049,0.0506,0.0,0.0
8609,42,West,SelfEmployed,Construction,2026Q1,84371.54,589.0,,55.52,94.13,78113.42,0.3853,0.29921,0,0.0162,0.1106,-0.0612,0.0128,0.0229,0.0547
8610,74,East,Salaried,IT,2026Q1,94744.87,529.0,95.0,44.76,64.15,263343.84,0.4803,0.36843,0,-0.1997,0.2378,0.2082,-0.0148,0.0,-0.0285
8611,41,North,SelfEmployed,Construction,2026Q1,62332.15,696.0,,63.5,34.33,57698.97,0.5084,0.10103,0,0.0103,-0.059,-0.0247,0.0146,0.0,0.0256
8612,50,West,Business,IT,2026Q1,106757.79,569.0,18.69,46.36,26.42,189714.41,0.4924,0.16645,0,-0.0212,0.0951,-0.0703,-0.0064,0.0167,0.0
8613,66,East,SelfEmployed,Construction,2026Q1,112667.57,525.0,76.16,44.16,61.61,155059.47,0.4015,0.36578,1,-0.1457,0.2776,0.1654,-0.0174,0.0,0.0725
8614,49,West,SelfEmployed,Healthcare,2026Q1,71597.0,593.0,34.99,63.39,56.61,105102.27,0.4503,0.31311,1,-0.023,0.1074,-0.0206,0.0311,0.0234,0.0561
8615,54,West,Salaried,IT,2026Q1,74637.11,613.0,40.08,57.99,67.26,204232.51,0.2854,0.12762,0,-0.0359,0.0461,0.0002,0.0121,0.0151,-0.0164
8616,43,North,SelfEmployed,IT,2026Q1,56254.82,,66.56,33.45,37.73,113355.01,0.2931,0.53419,0,0.0139,0.3159,0.1316,-0.0489,0.0,0.0749
8617,40,East,Salaried,Construction,2026Q1,73588.36,587.0,74.69,16.64,64.55,97107.97,0.4363,0.20364,0,0.0273,0.1173,0.1174,-0.0873,0.0,-0.0248
8618,32,North,Salaried,Transport,2026Q1,56664.93,617.0,45.09,51.79,58.19,169848.81,0.4931,0.2298,1,0.0577,0.0576,0.0174,0.0038,0.0,-0.0218
8619,48,West,SelfEmployed,Retail,2026Q1,104927.38,530.0,59.86,40.5,41.2,272262.7,0.5295,0.43736,1,-0.021,0.2883,0.0979,-0.0285,0.03,0.0744
8620,54,North,Salaried,Retail,2026Q1,84332.93,693.0,76.99,38.26,91.76,100198.85,0.1761,0.07496,0,-0.0251,-0.0514,0.0497,-0.0134,0.0,-0.0113
8621,71,East,SelfEmployed,IT,2026Q1,94126.48,529.0,29.1,36.41,77.21,187375.45,0.6758,0.166,0,-0.1384,0.1338,-0.0363,-0.0267,0.0,0.0426
8622,44,South,Business,Construction,2026Q1,90816.39,662.0,52.64,45.53,57.38,233032.48,0.3989,0.10293,0,0.0032,-0.0162,0.0269,-0.0064,0.0,0.0
8623,63,East,Salaried,Healthcare,2026Q1,87236.98,628.0,41.84,48.82,33.03,125412.85,0.4419,0.08724,0,-0.0508,0.018,0.003,-0.0012,0.0,-0.0104
8624,60,West,SelfEmployed,Manufacturing,2026Q1,84107.92,791.0,28.65,35.77,69.77,220048.7,0.3596,0.01977,0,-0.0101,-0.0674,-0.0049,-0.0036,0.0022,0.0051
8625,42,North,Salaried,Transport,2026Q1,70870.84,622.0,62.89,29.77,46.33,133940.81,0.4921,0.1827,0,0.0125,0.0426,0.0602,-0.0399,0.0,-0.019
8626,50,South,Salaried,Construction,2026Q1,56836.77,,67.14,10.08,73.28,94702.56,0.395,0.29433,0,-0.0314,0.2187,0.106,-0.1122,0.0,-0.0268
8627,50,West,SelfEmployed,Manufacturing,2026Q1,91239.87,532.0,58.24,48.69,68.15,113056.1,0.3437,0.52848,0,-0.035,0.2836,0.09,-0.0039,0.0299,0.0743
8628,35,South,Salaried,Healthcare,2026Q1,71113.26,596.0,57.21,64.18,39.43,170591.93,0.628,0.32264,1,0.0593,0.1176,0.072,0.0368,0.0,-0.0273
8629,47,South,Salaried,Manufacturing,2026Q1,97089.63,448.0,43.59,50.9,59.38,104298.3,0.5139,0.59112,1,-0.0139,0.4298,0.0179,0.0027,0.0,-0.0296
8630,41,South,Salaried,Healthcare,2026Q1,75435.5,526.0,53.13,16.35,79.51,52167.22,0.4101,0.24147,1,0.024,0.2149,0.0547,-0.0938,0.0,-0.0268
8631,47,West,Business,IT,2026Q1,75035.97,660.0,56.96,29.06,28.5,158486.25,0.436,0.13199,0,-0.0064,-0.0129,0.0336,-0.031,0.0129,0.0
8632,48,West,Salaried,IT,2026Q1,23513.24,765.0,85.51,24.78,66.77,20000.0,0.5393,0.06474,0,-0.0052,-0.1302,0.0369,-0.0206,0.0068,-0.0075
8633,49,East,Business,Retail,2026Q1,74846.98,611.0,22.17,28.04,93.4,159348.96,0.5429,0.08215,1,-0.0101,0.031,-0.0354,-0.0252,0.0,0.0
8634,43,West,Business,IT,2026Q1,95123.11,,,31.69,38.22,116257.82,0.5391,0.33114,0,0.0114,0.176,-0.0072,-0.0474,0.0242,0.0
8635,38,North,Business,Construction,2026Q1,106834.09,688.0,44.94,33.44,25.17,239075.12,0.3309,0.09123,0,0.0153,-0.0419,0.008,-0.0183,0.0,0.0
8636,31,West,Salaried,Construction,2026Q1,65313.36,707.0,,98.2,100.0,202843.02,0.3508,0.21563,0,0.0589,-0.124,0.0482,0.0819,0.0196,-0.021
8637,60,South,Salaried,IT,2026Q1,74893.02,587.0,71.82,35.6,13.51,105994.26,0.4671,0.21662,0,-0.0777,0.0921,0.0862,-0.03,0.0,-0.0205
8638,50,North,Salaried,IT,2026Q1,85044.42,660.0,64.36,4.57,58.44,199594.03,0.4717,0.11235,1,-0.0115,-0.0089,0.031,-0.053,0.0,-0.0098
8639,61,West,SelfEmployed,Retail,2026Q1,55139.1,,43.33,70.03,83.8,72088.9,0.5566,0.08375,0,-0.0446,-0.067,0.0054,0.0181,0.0095,0.022
8640,48,South,Salaried,Healthcare,2026Q1,79672.11,640.0,58.3,50.44,86.91,221995.51,0.3866,0.15925,0,-0.0115,0.0141,0.0429,0.0007,0.0,-0.0166
8641,50,North,Business,Construction,2026Q1,106582.17,571.0,46.17,66.51,65.99,287999.62,0.4836,0.33019,0,-0.0296,0.1434,0.0247,0.039,0.0,0.0
8642,47,East,Salaried,Retail,2026Q1,63946.77,,52.09,46.09,90.01,110681.26,0.5145,0.22639,0,-0.0102,0.1079,0.0406,-0.0085,0.0,-0.0222
8643,46,North,Salaried,Manufacturing,2026Q1,94927.67,534.0,64.52,77.22,55.36,244001.39,0.4845,0.54131,0,-0.007,0.2814,0.1201,0.0809,0.0,-0.03
8644,53,East,SelfEmployed,Construction,2026Q1,117064.38,565.0,5.48,51.42,50.57,162315.39,0.5456,0.16315,0,-0.0334,0.0937,-0.1183,0.0023,0.0,0.0375
8645,47,West,SelfEmployed,Manufacturing,2026Q1,96459.29,660.0,43.69,68.98,62.71,275569.07,0.6449,0.20557,0,-0.0091,-0.0181,0.0115,0.0338,0.0184,0.0435
8646,61,North,Salaried,Construction,2026Q1,97663.22,603.0,32.39,68.19,68.11,254312.82,0.5105,0.12081,0,-0.0582,0.0469,-0.0178,0.0222,0.0,-0.0138
8647,65,East,Business,IT,2026Q1,46963.13,514.0,33.9,39.69,69.08,116903.04,0.3253,0.20803,0,-0.1109,0.1613,-0.0217,-0.022,0.0,0.0
8648,64,East,Business,Construction,2026Q1,114092.86,641.0,38.21,52.23,40.85,262237.45,0.4985,0.08229,0,-0.0509,0.0073,-0.0028,0.002,0.0,0.0
8649,67,East,Salaried,Manufacturing,2026Q1,113746.56,693.0,18.06,73.54,61.77,346917.33,0.4995,0.02981,1,-0.028,-0.02,-0.0183,0.0084,0.0,-0.0043
8650,37,East,Salaried,Retail,2026Q1,67151.78,606.0,68.54,58.82,38.84,217481.31,0.3845,0.29998,0,0.0479,0.0981,0.1134,0.0232,0.0,-0.0272
8651,63,North,Business,Construction,2026Q1,122461.95,612.0,88.84,70.22,56.75,291880.03,0.4581,0.29662,0,-0.116,0.0811,0.1638,0.049,0.0,0.0
8652,51,East,Salaried,Manufacturing,2026Q1,84499.68,718.0,51.08,100.0,71.85,151221.89,0.3289,0.10173,0,-0.0166,-0.0922,0.0187,0.0437,0.0,-0.0116
8653,51,West,SelfEmployed,Healthcare,2026Q1,90782.67,698.0,73.88,37.13,70.74,78432.48,0.5336,0.16672,1,-0.0232,-0.0819,0.0694,-0.0212,0.015,0.0352
8654,42,East,Salaried,Retail,2026Q1,82578.47,655.0,37.54,40.84,99.11,239939.59,0.527,0.09205,0,0.0073,-0.005,-0.0045,-0.0103,0.0,-0.0113
8655,46,North,Business,Transport,2026Q1,89112.19,,69.33,13.8,49.67,242161.54,0.383,0.0916,0,-0.0019,-0.0657,0.0311,-0.0354,0.0,0.0
8656,26,North,Business,Healthcare,2026Q1,60723.61,698.0,40.62,24.72,81.09,63482.57,0.4581,0.07785,0,0.0375,-0.0568,0.0011,-0.0299,0.0,0.0
8657,56,West,SelfEmployed,Healthcare,2026Q1,89923.21,610.0,38.86,32.22,100.0,169444.64,0.3739,0.14085,0,-0.0465,0.0516,-0.0031,-0.0313,0.0157,0.037
8658,48,North,Business,Healthcare,2026Q1,87938.81,644.0,50.63,55.51,100.0,131107.14,0.2929,0.16236,0,-0.0114,0.0085,0.026,0.0085,0.0,0.0
8659,44,South,Salaried,Healthcare,2026Q1,82547.86,626.0,77.06,42.7,81.04,124230.97,0.4964,0.28656,0,0.0051,0.0455,0.1111,-0.0166,0.0,-0.0229
8660,65,East,Salaried,Construction,2026Q1,78501.21,753.0,66.54,35.38,32.09,177435.22,0.2839,0.02774,0,-0.0227,-0.0612,0.013,-0.0059,0.0,-0.0039
8661,50,East,Salaried,IT,2026Q1,102002.65,647.0,71.55,43.71,40.2,195739.81,0.3382,0.20271,1,-0.0202,0.0045,0.0699,-0.0107,0.0,-0.0172
8662,40,North,Salaried,Manufacturing,2026Q1,77910.71,,25.19,35.23,42.68,77229.41,0.4167,0.09997,0,0.0108,0.0069,-0.0273,-0.0156,0.0,-0.0103
8663,50,East,Business,Construction,2026Q1,117663.56,745.0,30.46,41.41,62.72,232361.22,0.3561,0.03362,0,-0.0045,-0.053,-0.0064,-0.0033,0.0,0.0
8664,69,East,Salaried,Transport,2026Q1,93656.48,630.0,40.25,15.47,98.35,272792.75,0.2599,0.05395,0,-0.0439,0.0096,0.0002,-0.0241,0.0,-0.0061
8665,49,South,Salaried,Transport,2026Q1,56351.9,595.0,71.76,78.1,57.19,127907.19,0.4199,0.36756,0,-0.026,0.1235,0.1288,0.0728,0.0,-0.0279
8666,59,East,Salaried,IT,2026Q1,67030.92,471.0,59.18,42.49,44.84,203477.99,0.4539,0.42462,0,-0.0977,0.3477,0.0921,-0.0224,0.0,-0.0298
8667,42,West,Salaried,Manufacturing,2026Q1,62222.11,589.0,19.49,34.79,84.6,31644.94,0.5106,0.13083,0,0.01,0.0645,-0.0581,-0.0239,0.0141,-0.0154
8668,55,West,Business,Transport,2026Q1,81524.42,631.0,43.6,42.38,50.4,223300.87,0.5508,0.11642,0,-0.0346,0.0215,0.0078,-0.0105,0.0128,0.0
8669,52,West,Business,Retail,2026Q1,69676.01,685.0,37.31,28.53,80.4,182595.7,0.4811,0.05607,0,-0.0124,-0.0264,-0.0032,-0.0167,0.0066,0.0
8670,50,West,SelfEmployed,Transport,2026Q1,92463.03,618.0,45.86,72.45,52.78,216663.13,0.3671,0.30365,1,-0.0292,0.0657,0.0231,0.0513,0.0237,0.0567
8671,45,South,SelfEmployed,Manufacturing,2026Q1,90678.9,559.0,84.37,16.55,78.26,197092.99,0.5111,0.51014,1,0.0,0.2214,0.2002,-0.1,0.0,0.0731
8672,47,West,Business,Transport,2026Q1,89351.67,,44.95,50.1,65.41,234210.03,0.4915,0.12659,0,-0.0073,0.0069,0.0122,0.0002,0.0147,0.0
8673,29,South,Salaried,IT,2026Q1,87448.27,498.0,41.66,83.41,54.14,169657.68,0.4619,0.57581,1,0.1097,0.3851,0.0079,0.0979,0.0,-0.0279
8674,32,South,SelfEmployed,IT,2026Q1,72398.49,706.0,29.21,30.77,31.48,69711.5,0.3598,0.10689,0,0.0249,-0.0631,-0.0188,-0.0202,0.0,0.0211
8675,33,South,SelfEmployed,Manufacturing,2026Q1,67868.25,715.0,61.45,1.2,61.0,155868.94,0.2901,0.09836,0,0.0267,-0.0858,0.0328,-0.0669,0.0,0.0242
8676,33,North,Salaried,IT,2026Q1,60459.54,499.0,,44.96,34.48,74098.52,0.3801,0.52176,0,0.0831,0.3389,0.0302,-0.0151,0.0,-0.03
8677,47,East,Business,Retail,2026Q1,106892.92,561.0,34.29,43.61,67.44,264232.2,0.4659,0.21254,1,-0.01,0.1283,-0.0207,-0.0138,0.0,0.0
8678,44,West,Business,Manufacturing,2026Q1,66158.02,,58.42,44.87,78.83,174465.58,0.4811,0.25289,0,0.0044,0.0135,0.0518,-0.0099,0.0183,0.0
8679,38,North,Business,Retail,2026Q1,52292.73,738.0,42.2,33.9,71.41,160294.7,0.4146,0.05366,0,0.0091,-0.0762,0.0022,-0.0107,0.0,0.0
8680,63,North,Salaried,IT,2026Q1,96623.59,,44.66,53.4,59.11,201255.31,0.5142,0.12812,0,-0.0619,0.0345,0.0091,0.0041,0.0,-0.0128
8681,47,North,SelfEmployed,Retail,2026Q1,90201.14,645.0,31.61,66.26,58.89,264983.05,0.384,0.18603,0,-0.0078,0.0074,-0.0244,0.0251,0.0,0.0372
8682,60,South,Business,Manufacturing,2026Q1,115739.99,635.0,17.14,34.98,74.5,356511.53,0.3643,0.04104,0,-0.0264,0.008,-0.0292,-0.0102,0.0,0.0
8683,34,East,Business,Retail,2026Q1,81234.41,512.0,60.93,52.51,47.85,106352.41,0.4872,0.50115,1,0.0763,0.3478,0.1039,0.0074,0.0,0.0
8684,55,North,Business,Manufacturing,2026Q1,132269.66,595.0,54.46,32.02,63.79,341143.55,0.5085,0.15843,1,-0.0441,0.0711,0.0379,-0.0333,0.0,0.0
8685,61,East,Salaried,Transport,2026Q1,105835.56,566.0,52.86,94.13,32.32,133512.73,0.4192,0.30672,1,-0.1027,0.158,0.052,0.1004,0.0,-0.0262
8686,54,East,Business,Manufacturing,2026Q1,58286.36,634.0,45.69,71.02,45.37,162657.06,0.3279,0.15773,0,-0.0368,0.0222,0.0147,0.031,0.0,0.0
8687,45,South,Business,IT,2026Q1,66904.56,572.0,38.91,90.0,65.04,79854.95,0.5519,0.38518,0,0.0,0.163,-0.005,0.0995,0.0,0.0
8688,47,North,Business,Healthcare,2026Q1,59771.54,620.0,49.5,67.35,33.21,180493.12,0.3953,0.1875,0,-0.0097,0.051,0.0306,0.0334,0.0,0.0
8689,54,West,SelfEmployed,Construction,2026Q1,94106.18,614.0,58.83,19.48,63.99,103798.41,0.5326,0.1711,0,-0.0436,0.0564,0.0539,-0.0654,0.0186,0.044
8690,51,South,Salaried,Construction,2026Q1,85433.83,620.0,54.15,31.6,72.98,216014.6,0.4915,0.11632,0,-0.021,0.0344,0.03,-0.0281,0.0,-0.0148
8691,62,West,SelfEmployed,IT,2026Q1,130664.9,691.0,36.64,62.8,45.96,200935.68,0.3798,0.10114,1,-0.0453,-0.0425,-0.0054,0.0113,0.0089,0.0207
8692,40,West,SelfEmployed,Transport,2026Q1,66793.25,,63.39,40.91,66.79,61413.38,0.3781,0.30083,0,0.0271,0.013,0.0832,-0.0223,0.0233,0.0558
8693,61,West,Salaried,Transport,2026Q1,74837.91,,48.86,62.81,32.92,139769.44,0.4447,0.1449,0,-0.0752,0.0659,0.0245,0.0214,0.0169,-0.0183
8694,53,East,Business,Healthcare,2026Q1,103354.81,652.0,48.52,43.7,69.03,155478.22,0.2302,0.12095,0,-0.0237,-0.0022,0.0155,-0.0076,0.0,0.0
8695,52,West,Salaried,Construction,2026Q1,64348.56,581.0,39.14,65.68,50.8,81261.26,0.5898,0.20917,0,-0.0364,0.1068,-0.003,0.0315,0.0205,-0.0218
8696,48,South,Business,Manufacturing,2026Q1,89721.27,545.0,40.6,91.17,40.65,183174.39,0.4786,0.34572,1,-0.0204,0.2295,0.0029,0.1119,0.0,0.0
8697,62,North,Salaried,IT,2026Q1,108519.24,691.0,51.3,18.79,52.75,347455.3,0.4751,0.0404,0,-0.0235,-0.022,0.0081,-0.0176,0.0,-0.005
8698,40,East,Salaried,Manufacturing,2026Q1,86079.3,573.0,26.63,12.43,36.18,53525.12,0.3439,0.13762,0,0.0162,0.0756,-0.0357,-0.0641,0.0,-0.0152
8699,37,North,Salaried,Transport,2026Q1,88562.58,549.0,41.39,41.93,75.32,253809.06,0.5954,0.33638,1,0.0457,0.1807,0.0059,-0.0211,0.0,-0.0262
8700,50,West,Salaried,Retail,2026Q1,57597.83,,39.42,46.73,62.53,70023.21,0.3599,0.0495,0,-0.0072,-0.0541,-0.0006,-0.0019,0.0055,-0.0061
8701,42,East,SelfEmployed,Healthcare,2026Q1,91940.89,678.0,44.69,36.3,80.75,222388.9,0.4003,0.14751,0,0.0089,-0.0378,0.0099,-0.0191,0.0,0.0293
8702,53,North,Business,Construction,2026Q1,98970.33,605.0,52.41,56.4,23.82,231320.5,0.442,0.24184,0,-0.0389,0.0692,0.0375,0.0122,0.0,0.0
8703,71,West,SelfEmployed,IT,2026Q1,150630.97,679.0,25.65,40.54,77.86,92961.48,0.3431,0.04342,0,-0.0469,-0.017,-0.0151,-0.0055,0.0052,0.0121
8704,51,East,Salaried,Healthcare,2026Q1,94951.77,586.0,74.96,30.29,27.25,93537.44,0.3984,0.24632,0,-0.0332,0.1103,0.1097,-0.0475,0.0,-0.0235
8705,52,East,Salaried,Construction,2026Q1,83041.43,,47.45,53.86,58.89,49604.9,0.5169,0.12796,0,-0.0208,-0.0011,0.0139,0.0045,0.0,-0.0124
8706,67,East,Salaried,IT,2026Q1,114915.95,,57.16,65.33,100.0,264550.86,0.508,0.13496,0,-0.0896,0.0323,0.0355,0.0202,0.0,-0.0147
8707,54,West,SelfEmployed,Healthcare,2026Q1,103188.96,593.0,63.05,52.67,28.1,204592.05,0.4682,0.379,1,-0.0586,0.1243,0.0948,0.0072,0.0264,0.0638
8708,62,North,Business,Transport,2026Q1,120603.35,636.0,77.28,89.84,59.97,227858.8,0.3479,0.29449,1,-0.1012,0.0285,0.117,0.081,0.0,0.0
8709,47,North,Salaried,Retail,2026Q1,87619.87,542.0,50.61,40.56,38.85,205738.95,0.4271,0.24137,0,-0.0119,0.1853,0.0427,-0.0244,0.0,-0.0259
8710,49,North,Salaried,IT,2026Q1,73449.94,579.0,33.56,28.25,48.18,175980.61,0.4712,0.15384,0,-0.0143,0.072,-0.0165,-0.035,0.0,-0.0153
8711,43,South,Business,Construction,2026Q1,82894.04,479.0,27.88,53.84,39.95,124112.14,0.5114,0.46341,1,0.0138,0.3378,-0.0604,0.0114,0.0,0.0
8712,55,West,SelfEmployed,Manufacturing,2026Q1,106273.11,596.0,55.25,9.15,6.75,155950.07,0.5109,0.20873,0,-0.0482,0.0779,0.044,-0.0892,0.0183,0.0433
8713,55,East,Business,Retail,2026Q1,89452.02,635.0,42.42,91.49,70.25,230333.02,0.337,0.1876,0,-0.045,0.023,0.007,0.0622,0.0,0.0
8714,58,North,Salaried,Healthcare,2026Q1,91565.92,520.0,74.21,84.71,60.34,190775.07,0.4855,0.53654,1,-0.089,0.3155,0.1669,0.1034,0.0,-0.0298
8715,55,West,SelfEmployed,Construction,2026Q1,102805.33,644.0,36.56,77.22,41.11,155286.28,0.55,0.23684,0,-0.0459,0.0097,-0.0106,0.0442,0.0174,0.041
8716,48,North,Salaried,Transport,2026Q1,69171.41,469.0,31.93,0.0,84.97,142890.77,0.5053,0.29744,0,-0.0174,0.2327,-0.0339,-0.1355,0.0,-0.025
8717,56,South,Salaried,Retail,2026Q1,94723.47,578.0,,38.77,70.69,171148.09,0.5254,0.12029,0,-0.039,0.0666,-0.0218,-0.016,0.0,-0.0142
8718,66,West,Business,Transport,2026Q1,111194.28,611.0,85.54,47.23,60.07,314817.8,0.3642,0.23335,0,-0.1244,0.0711,0.1307,-0.0062,0.0217,0.0
8719,51,South,Salaried,Transport,2026Q1,75323.27,617.0,73.68,49.89,70.68,178588.16,0.498,0.22195,1,-0.0312,0.0582,0.0982,-0.0002,0.0,-0.022
8720,35,South,Salaried,Manufacturing,2026Q1,81677.14,634.0,,62.88,70.82,225969.77,0.4222,0.19763,0,0.035,0.0228,-0.0238,0.0202,0.0,-0.0172
8721,39,North,Business,Construction,2026Q1,63716.04,505.0,42.7,71.34,59.18,74657.85,0.3231,0.48203,1,0.042,0.3441,0.0135,0.0639,0.0,0.0
8722,53,North,Salaried,IT,2026Q1,61212.75,,41.79,83.78,68.89,193500.12,0.6426,0.20515,0,-0.0332,0.0294,0.0049,0.0486,0.0,-0.0172
8723,40,North,Business,Manufacturing,2026Q1,88109.92,664.0,19.98,64.53,64.78,74196.54,0.4546,0.10352,0,0.012,-0.0148,-0.0425,0.0147,0.0,0.0
8724,44,West,Salaried,IT,2026Q1,55692.1,588.0,46.18,44.93,52.43,124804.97,0.5655,0.17262,1,0.005,0.1008,0.0215,-0.0111,0.0209,-0.0223
8725,44,West,SelfEmployed,Transport,2026Q1,107096.48,602.0,58.74,47.08,45.73,295530.2,0.5126,0.40089,0,0.0063,0.1083,0.0794,-0.008,0.0267,0.0645
8726,54,East,Business,IT,2026Q1,93901.59,520.0,49.25,64.05,46.25,263840.97,0.3784,0.43133,1,-0.0616,0.2608,0.0433,0.0396,0.0,0.0
8727,67,West,SelfEmployed,Healthcare,2026Q1,79480.1,677.0,43.95,21.72,41.75,81015.7,0.3808,0.05893,1,-0.0476,-0.0199,0.0045,-0.0232,0.0067,0.0155
8728,34,South,Business,Transport,2026Q1,79025.64,532.0,41.74,44.28,56.77,156064.28,0.4725,0.41473,1,0.0717,0.249,0.0084,-0.0167,0.0,0.0
8729,61,South,SelfEmployed,Healthcare,2026Q1,131239.21,691.0,41.44,83.87,70.19,157535.54,0.6555,0.12452,0,-0.0512,-0.0516,0.0027,0.0333,0.0,0.0256
8730,61,West,SelfEmployed,IT,2026Q1,83292.18,767.0,51.23,62.64,78.06,230288.95,0.4136,0.06419,0,-0.0274,-0.115,0.0102,0.0071,0.0057,0.0131
8731,53,South,Salaried,Manufacturing,2026Q1,72823.64,584.0,71.03,71.42,64.16,190368.86,0.3535,0.32793,1,-0.0515,0.1387,0.1216,0.0545,0.0,-0.0272
8732,48,West,Salaried,Construction,2026Q1,89476.65,565.0,42.17,54.58,81.94,269443.29,0.3804,0.31893,1,-0.0168,0.1427,0.0084,0.0107,0.0229,-0.0242
8733,58,South,Salaried,Healthcare,2026Q1,113759.86,605.0,35.86,69.88,36.92,49679.37,0.5583,0.13981,0,-0.0509,0.051,-0.0105,0.027,0.0,-0.0154
8734,51,West,SelfEmployed,Manufacturing,2026Q1,72206.03,686.0,33.54,59.47,81.12,169941.92,0.3844,0.13069,1,-0.0173,-0.0445,-0.0131,0.0105,0.011,0.0257
8735,48,South,Salaried,Construction,2026Q1,65800.85,556.0,78.15,89.25,79.59,54838.97,0.4057,0.45699,0,-0.0209,0.2435,0.1853,0.1168,0.0,-0.0298
8736,30,South,Business,Healthcare,2026Q1,50354.76,472.0,77.73,38.75,31.78,146227.33,0.4958,0.78952,0,0.0884,0.4534,0.1676,-0.0251,0.0,0.0
8737,55,East,Business,Manufacturing,2026Q1,100393.96,,47.38,31.92,36.55,170690.55,0.6105,0.04271,0,-0.0172,-0.0335,0.0075,-0.013,0.0,0.0
8738,65,South,Salaried,Retail,2026Q1,99151.45,619.0,49.95,9.83,46.53,135281.65,0.4531,0.0621,0,-0.047,0.0194,0.0121,-0.0391,0.0,-0.0083
8739,35,North,Business,Retail,2026Q1,99112.27,602.0,44.07,47.46,69.58,316005.46,0.5416,0.2876,1,0.049,0.0861,0.015,-0.0058,0.0,0.0
8740,40,South,Salaried,Construction,2026Q1,79897.59,621.0,30.22,68.23,14.51,115002.71,0.4806,0.1722,0,0.0188,0.0404,-0.0294,0.0286,0.0,-0.0176
8741,45,East,SelfEmployed,Retail,2026Q1,86589.43,562.0,47.66,75.65,65.16,280146.64,0.4123,0.47664,0,0.0,0.2115,0.0374,0.0742,0.0,0.0724
8742,47,North,Salaried,IT,2026Q1,83183.18,605.0,24.55,48.96,71.17,177709.48,0.4229,0.10279,1,-0.0062,0.0447,-0.0377,-0.0014,0.0,-0.0137
8743,42,West,Business,Transport,2026Q1,99753.46,635.0,35.12,78.27,96.7,163963.6,0.4917,0.18379,1,0.0135,0.0258,-0.0165,0.0503,0.0191,0.0
8744,64,South,Salaried,IT,2026Q1,72523.33,651.0,40.1,54.73,89.54,54656.18,0.2044,0.0687,0,-0.0447,-0.0007,0.0001,0.0037,0.0,-0.0085
8745,72,North,Salaried,Transport,2026Q1,105582.07,620.0,65.16,22.52,51.55,134983.63,0.3644,0.06894,0,-0.0834,0.0234,0.0333,-0.0307,0.0,-0.0102
8746,52,East,Salaried,Manufacturing,2026Q1,53097.76,453.0,49.05,67.92,47.56,136809.95,0.4154,0.62266,1,-0.0471,0.4402,0.0447,0.0532,0.0,-0.0291
8747,43,West,Business,Construction,2026Q1,110456.25,595.0,32.36,35.14,82.56,218900.07,0.4914,0.18056,1,0.0082,0.0738,-0.0239,-0.0281,0.0172,0.0
8748,52,East,Salaried,Manufacturing,2026Q1,115468.82,621.0,65.51,38.44,85.27,135802.45,0.3848,0.14425,0,-0.0297,0.0407,0.0609,-0.0206,0.0,-0.0177
8749,38,East,Salaried,Construction,2026Q1,59900.26,626.0,46.0,76.87,70.71,73156.14,0.3937,0.23533,0,0.0336,0.0444,0.021,0.0534,0.0,-0.0224
8750,48,East,Salaried,Healthcare,2026Q1,85087.95,,32.1,76.96,35.58,92793.33,0.4659,0.2128,0,-0.0144,0.0927,-0.0277,0.0492,0.0,-0.0208
8751,56,North,Salaried,Construction,2026Q1,101176.33,750.0,57.98,57.41,59.23,297844.81,0.238,0.05014,0,-0.0156,-0.0807,0.0135,0.0038,0.0,-0.0056
8752,57,South,Salaried,Manufacturing,2026Q1,115538.82,,50.64,31.82,48.73,112752.68,0.3072,0.14926,1,-0.0485,0.0698,0.0255,-0.0303,0.0,-0.0161
8753,56,East,Business,Transport,2026Q1,99254.85,647.0,12.34,24.18,35.38,223925.06,0.4944,0.03818,0,-0.0148,0.0014,-0.0298,-0.0149,0.0,0.0
8754,45,West,Business,Healthcare,2026Q1,79041.77,,50.53,58.82,65.64,157751.13,0.4038,0.29972,0,0.0,0.1276,0.043,0.0221,0.025,0.0
8755,51,East,Business,Construction,2026Q1,105573.58,649.0,37.01,54.07,41.98,135804.35,0.2911,0.14931,0,-0.0172,0.001,-0.0059,0.0046,0.0,0.0
8756,46,North,Business,IT,2026Q1,116381.73,517.0,34.79,40.79,100.0,220207.47,0.5038,0.33886,0,-0.0062,0.2249,-0.0233,-0.0247,0.0,0.0
8757,60,South,Salaried,IT,2026Q1,91622.89,720.0,42.9,59.68,39.07,154466.36,0.3807,0.03695,0,-0.0213,-0.0461,0.0024,0.0046,0.0,-0.0053
8758,55,West,Salaried,IT,2026Q1,110033.85,640.0,18.71,51.23,12.26,137170.1,0.5331,0.08703,0,-0.0215,0.0072,-0.0349,0.001,0.0078,-0.0086
8759,68,West,Business,Retail,2026Q1,130601.74,,44.16,36.46,63.82,133726.94,0.4796,0.20194,0,-0.0979,0.0703,0.0099,-0.021,0.014,0.0
8760,54,East,SelfEmployed,Manufacturing,2026Q1,106057.23,590.0,52.31,24.66,90.51,180751.57,0.3493,0.23063,0,-0.0454,0.0907,0.0385,-0.0556,0.0,0.0462
8761,41,East,Business,Construction,2026Q1,87566.99,567.0,34.67,47.0,63.21,164938.43,0.4117,0.25382,0,0.0207,0.1346,-0.0208,-0.0069,0.0,0.0
8762,37,East,SelfEmployed,Healthcare,2026Q1,73107.52,593.0,43.26,40.25,49.37,123917.55,0.4885,0.24652,1,0.0448,0.1135,0.0135,-0.0251,0.0,0.0589
8763,52,West,SelfEmployed,IT,2026Q1,121928.4,616.0,48.66,40.59,38.58,262861.64,0.4915,0.21265,1,-0.035,0.0566,0.0278,-0.0197,0.0196,0.0464
8764,24,East,Business,Construction,2026Q1,57088.8,579.0,55.48,46.15,31.08,82859.4,0.5285,0.36828,0,0.1334,0.1713,0.0731,-0.0113,0.0,0.0
8765,46,West,SelfEmployed,IT,2026Q1,94869.26,667.0,57.83,48.17,48.11,120121.77,0.3652,0.20465,1,-0.0045,-0.0312,0.0503,-0.0035,0.0182,0.0431
8766,44,West,SelfEmployed,IT,2026Q1,91796.41,768.0,38.06,36.24,39.44,104055.81,0.447,0.03293,0,0.0012,-0.1064,-0.0018,-0.008,0.0051,0.0118
8767,41,South,Business,Retail,2026Q1,94309.11,602.0,43.59,61.94,63.61,238236.27,0.6256,0.27063,0,0.0204,0.0859,0.0132,0.0259,0.0,0.0
8768,51,East,Business,Healthcare,2026Q1,77557.79,465.0,23.35,40.83,56.91,111371.33,0.5736,0.3006,1,-0.04,0.2998,-0.0804,-0.026,0.0,0.0
8769,39,West,Salaried,Manufacturing,2026Q1,72637.53,593.0,37.5,55.2,61.4,92583.78,0.4994,0.24472,0,0.0295,0.0963,-0.0093,0.0113,0.0213,-0.0227
8770,33,South,Business,Transport,2026Q1,71277.2,610.0,69.05,28.97,42.08,147070.16,0.4115,0.36246,0,0.0656,0.0838,0.1067,-0.0555,0.0,0.0
8771,55,South,Salaried,Healthcare,2026Q1,102435.72,,32.23,37.11,56.19,134627.29,0.4938,0.04625,0,-0.0163,-0.0111,-0.0086,-0.0085,0.0,-0.0065
8772,46,South,Salaried,Transport,2026Q1,82128.23,569.0,66.72,59.79,79.19,195746.42,0.3366,0.33752,1,-0.0065,0.1741,0.113,0.0268,0.0,-0.0282
8773,54,West,Salaried,Retail,2026Q1,111466.12,570.0,29.96,18.36,24.21,188709.65,0.469,0.13745,0,-0.0312,0.0715,-0.0244,-0.0492,0.013,-0.0142
8774,52,West,Salaried,Manufacturing,2026Q1,108816.28,568.0,59.18,76.12,42.96,157159.57,0.3794,0.34411,0,-0.0466,0.1764,0.0838,0.0693,0.0274,-0.0283
8775,56,East,Salaried,Manufacturing,2026Q1,79410.15,530.0,51.76,60.66,53.62,113248.12,0.4238,0.38216,1,-0.0715,0.2153,0.05,0.0278,0.0,-0.0272
8776,52,East,Business,IT,2026Q1,123818.51,496.0,74.51,48.92,50.87,179499.94,0.5419,0.54369,1,-0.0477,0.3689,0.1703,-0.0032,0.0,0.0
8777,56,West,Business,IT,2026Q1,90469.72,,9.01,59.37,90.05,180264.25,0.2467,0.10212,1,-0.0278,0.0209,-0.0636,0.0085,0.0091,0.0
8778,69,West,SelfEmployed,Construction,2026Q1,130285.38,519.0,35.18,21.49,27.04,185820.08,0.3638,0.24723,1,-0.1395,0.165,-0.0176,-0.0663,0.0207,0.0491
8779,54,South,Salaried,Transport,2026Q1,63624.28,596.0,74.64,55.89,5.0,169572.92,0.3939,0.27779,1,-0.0531,0.1021,0.1159,0.0139,0.0,-0.0246
8780,56,West,Business,IT,2026Q1,128340.07,661.0,49.58,10.68,83.23,85661.95,0.2137,0.07491,0,-0.0238,-0.0086,0.012,-0.0392,0.0077,0.0
8781,51,South,Business,Retail,2026Q1,84359.38,555.0,56.71,68.35,30.27,87015.95,0.4718,0.38828,1,-0.0401,0.2,0.0743,0.0499,0.0,0.0
8782,29,West,Salaried,Manufacturing,2026Q1,56168.92,695.0,34.44,27.87,44.05,75781.52,0.3649,0.08001,0,0.029,-0.0473,-0.0091,-0.0231,0.0089,-0.0098
8783,48,West,Salaried,Retail,2026Q1,76249.21,567.0,30.76,65.8,66.21,238243.42,0.5113,0.28804,0,-0.0159,0.1305,-0.0359,0.0335,0.0216,-0.023
8784,65,West,SelfEmployed,Transport,2026Q1,91927.72,514.0,67.25,26.59,85.13,222566.0,0.4949,0.3633,0,-0.139,0.2795,0.124,-0.0695,0.0289,0.0707
8785,55,South,Business,IT,2026Q1,125175.5,589.0,,48.99,45.63,325615.58,0.4268,0.24215,0,-0.0474,0.0841,0.021,-0.0019,0.0,0.0
8786,45,West,SelfEmployed,Construction,2026Q1,53942.09,640.0,95.0,49.84,47.35,125056.75,0.3646,0.36521,1,0.0,0.0265,0.2258,-0.0005,0.0289,0.0709
8787,54,South,Business,IT,2026Q1,108975.1,672.0,50.36,49.14,35.31,320757.51,0.5145,0.1129,0,-0.0241,-0.0231,0.0165,-0.0009,0.0,0.0
8788,38,West,SelfEmployed,IT,2026Q1,89190.21,643.0,60.49,60.87,60.47,250548.93,0.4761,0.40927,0,0.0417,0.0167,0.0833,0.0281,0.0259,0.0624
8789,58,North,Business,Healthcare,2026Q1,84489.81,737.0,64.88,24.71,90.06,65282.85,0.4897,0.05921,0,-0.0181,-0.0631,0.0168,-0.0147,0.0,0.0
8790,45,East,Business,Construction,2026Q1,83519.29,,55.89,7.46,47.18,122708.65,0.4177,0.09184,1,0.0,0.0225,0.0314,-0.0683,0.0,0.0
8791,52,North,SelfEmployed,IT,2026Q1,72995.6,581.0,61.0,32.33,41.83,131184.15,0.4129,0.2951,0,-0.0422,0.1306,0.0791,-0.0458,0.0,0.0582
8792,39,North,Business,IT,2026Q1,80447.86,614.0,69.11,71.43,57.22,115013.21,0.3978,0.36778,0,0.0381,0.0863,0.1223,0.0574,0.0,0.0
8793,52,East,Business,Construction,2026Q1,114266.82,529.0,47.48,39.48,71.13,126604.15,0.6154,0.37745,1,-0.0435,0.2049,0.0312,-0.0277,0.0,0.0
8794,24,West,Salaried,IT,2026Q1,50892.3,674.0,38.93,34.07,76.27,140268.35,0.5695,0.11061,0,0.0561,-0.0343,-0.0026,-0.0242,0.0136,-0.0148
8795,45,West,Business,Construction,2026Q1,96776.25,523.0,63.74,87.8,56.28,304084.93,0.4938,0.61988,1,0.0,0.3327,0.1162,0.1109,0.0286,0.0
8796,42,East,Business,Transport,2026Q1,87072.5,547.0,74.03,24.89,91.51,86276.25,0.3457,0.37207,0,0.0202,0.2281,0.1502,-0.0744,0.0,0.0
8797,42,North,Salaried,Healthcare,2026Q1,110046.79,608.0,,68.3,72.19,224015.39,0.4591,0.20846,0,0.0132,0.0645,-0.0113,0.0331,0.0,-0.02
8798,21,West,SelfEmployed,Retail,2026Q1,65353.58,553.0,75.11,25.51,60.2,145009.5,0.4887,0.62697,1,0.1633,0.2602,0.1708,-0.0636,0.0278,0.0709
8799,42,South,Salaried,Transport,2026Q1,58472.71,643.0,29.53,24.87,59.39,178849.49,0.5086,0.084,0,0.0061,0.0056,-0.0171,-0.0257,0.0,-0.0095
8800,53,East,Business,IT,2026Q1,103132.51,637.0,48.9,66.95,17.8,245788.44,0.3403,0.15241,0,-0.0326,0.0184,0.0226,0.0256,0.0,0.0
8801,40,West,SelfEmployed,Healthcare,2026Q1,92670.56,667.0,23.59,62.19,47.82,155240.52,0.4557,0.11718,0,0.0167,-0.025,-0.0461,0.0174,0.0144,0.0338
8802,55,North,Salaried,Retail,2026Q1,75886.15,657.0,18.36,29.72,39.13,140666.1,0.6972,0.05088,0,-0.0131,-0.0033,-0.0218,-0.0112,0.0,-0.0052
8803,60,South,Salaried,Manufacturing,2026Q1,113322.36,633.0,44.36,2.62,54.64,276151.65,0.334,0.04125,0,-0.0278,0.0094,0.0046,-0.0402,0.0,-0.0069
8804,53,West,SelfEmployed,IT,2026Q1,62665.69,612.0,55.98,44.88,42.33,118484.89,0.4979,0.25906,0,-0.0447,0.0709,0.0557,-0.0118,0.0221,0.0526
8805,54,North,Salaried,Retail,2026Q1,77030.86,665.0,,44.28,31.52,57976.76,0.4814,0.07674,0,-0.0208,-0.0131,0.0088,-0.0052,0.0,-0.0094
8806,53,East,Salaried,IT,2026Q1,84174.03,618.0,77.95,90.41,77.24,189045.73,0.3484,0.35917,1,-0.0514,0.073,0.1433,0.0977,0.0,-0.0271
8807,56,West,SelfEmployed,Transport,2026Q1,112123.58,713.0,28.57,20.63,25.49,239273.89,0.4639,0.0617,1,-0.0145,-0.0391,-0.0104,-0.0169,0.0046,0.0107
8808,43,North,Business,Construction,2026Q1,115228.18,,47.95,42.66,100.0,318920.02,0.416,0.07773,1,0.0052,-0.034,0.014,-0.0086,0.0,0.0
8809,40,West,SelfEmployed,IT,2026Q1,105098.62,599.0,36.36,45.57,37.99,58062.78,0.4978,0.25585,1,0.0272,0.0978,-0.0148,-0.0108,0.0234,0.056
8810,41,West,SelfEmployed,Retail,2026Q1,83902.66,699.0,41.13,46.43,58.26,266561.55,0.3958,0.11742,0,0.0115,-0.0702,0.0024,-0.0047,0.0122,0.0286
8811,57,South,Salaried,Retail,2026Q1,107797.59,720.0,37.69,34.2,31.68,119594.1,0.4293,0.02798,1,-0.0122,-0.0346,-0.0015,-0.0064,0.0,-0.0039
8812,41,North,SelfEmployed,IT,2026Q1,92984.74,762.0,41.33,36.78,40.32,208766.75,0.4156,0.05866,0,0.0053,-0.1064,0.0013,-0.0084,0.0,0.013
8813,47,West,SelfEmployed,Transport,2026Q1,88751.34,695.0,45.62,44.22,76.02,141742.97,0.3919,0.11469,0,-0.0058,-0.0608,0.011,-0.0073,0.0117,0.0272
8814,45,South,Salaried,Transport,2026Q1,67620.59,545.0,27.67,54.66,44.84,75437.32,0.4453,0.2247,1,0.0,0.1542,-0.0489,0.0103,0.0,-0.0231
8815,52,West,SelfEmployed,Construction,2026Q1,95132.93,553.0,64.49,67.61,46.45,203022.64,0.4548,0.46465,1,-0.0487,0.2465,0.1206,0.0527,0.03,0.0746
8816,57,West,Salaried,IT,2026Q1,110193.42,547.0,67.45,54.75,79.41,215865.19,0.4342,0.28537,0,-0.0809,0.2095,0.1161,0.0131,0.0274,-0.0283
8817,57,North,Salaried,Construction,2026Q1,88982.93,686.0,50.04,35.8,98.27,101126.74,0.3878,0.06537,0,-0.0216,-0.0262,0.0102,-0.0102,0.0,-0.007
8818,30,South,SelfEmployed,Transport,2026Q1,64276.05,791.0,44.94,72.39,51.67,71763.55,0.2659,0.07391,0,0.0266,-0.2147,0.0071,0.0181,0.0,0.02
8819,54,West,Salaried,IT,2026Q1,105531.27,643.0,,54.64,21.33,195503.46,0.3716,0.1597,0,-0.0291,0.0079,0.0073,0.0057,0.0121,-0.0132
8820,49,East,Business,Manufacturing,2026Q1,87298.8,,63.25,54.15,52.84,113628.77,0.31,0.26806,0,-0.0202,0.051,0.0711,0.0086,0.0,0.0
8821,52,East,Salaried,Manufacturing,2026Q1,92955.16,652.0,31.78,30.23,54.57,69220.42,0.5104,0.06052,1,-0.0127,-0.0013,-0.0105,-0.0157,0.0,-0.0075
8822,46,East,Business,Construction,2026Q1,99522.96,657.0,56.78,73.95,59.16,189373.48,0.4625,0.18906,0,-0.0044,-0.0123,0.0469,0.0408,0.0,0.0
8823,41,West,SelfEmployed,Manufacturing,2026Q1,97295.78,704.0,42.02,49.6,72.25,107748.88,0.4482,0.10579,0,0.0115,-0.0789,0.0043,-0.0005,0.0123,0.0286
8824,60,West,SelfEmployed,Construction,2026Q1,112623.14,578.0,40.77,67.25,76.27,183865.46,0.4125,0.27548,1,-0.0921,0.1309,0.0031,0.0399,0.0236,0.0566
8825,48,East,Business,Construction,2026Q1,106278.64,649.0,45.88,39.34,43.49,110605.75,0.3554,0.10745,0,-0.0089,0.0011,0.0115,-0.0137,0.0,0.0
8826,63,South,Salaried,Construction,2026Q1,86982.01,,50.44,31.42,61.98,182470.91,0.3818,0.05379,0,-0.0326,-0.0153,0.0098,-0.0127,0.0,-0.0065
8827,49,North,Business,IT,2026Q1,85937.75,,24.99,14.39,63.04,234536.94,0.3716,0.07733,0,-0.0074,0.0097,-0.0216,-0.0324,0.0,0.0
8828,50,West,Business,Retail,2026Q1,101955.43,512.0,32.69,50.17,95.37,74448.07,0.3379,0.43884,0,-0.0327,0.2475,-0.0341,0.0005,0.027,0.0
8829,42,North,Salaried,Manufacturing,2026Q1,78203.11,,37.92,25.98,77.82,234219.38,0.4805,0.33647,0,0.0192,0.2747,-0.0097,-0.069,0.0,-0.0282
8830,50,North,Salaried,IT,2026Q1,125667.82,524.0,52.31,26.02,46.95,313947.85,0.419,0.23958,1,-0.03,0.201,0.0486,-0.0633,0.0,-0.0256
8831,60,North,Salaried,Manufacturing,2026Q1,96548.62,693.0,18.61,67.15,35.09,268914.26,0.4156,0.03759,0,-0.0195,-0.0225,-0.0199,0.0071,0.0,-0.0048
8832,48,West,Salaried,Transport,2026Q1,80997.92,725.0,62.69,58.88,50.48,209776.83,0.3221,0.09209,0,-0.0072,-0.0952,0.0313,0.0085,0.0095,-0.0104
8833,52,East,Salaried,Construction,2026Q1,72789.62,543.0,72.57,28.69,61.02,99689.35,0.3538,0.35422,0,-0.0449,0.1998,0.1266,-0.059,0.0,-0.0272
8834,68,West,Salaried,Healthcare,2026Q1,79032.02,673.0,,0.0,54.55,66254.93,0.4178,0.03377,0,-0.024,-0.0078,-0.0029,-0.0218,0.0031,-0.0035
8835,37,North,Salaried,Construction,2026Q1,42341.36,480.0,48.1,21.24,41.69,129479.92,0.3196,0.39615,0,0.0549,0.3441,0.0399,-0.0861,0.0,-0.0299
8836,40,East,Business,IT,2026Q1,67869.34,576.0,63.84,94.54,42.47,35659.44,0.5407,0.51629,0,0.035,0.1935,0.1172,0.1308,0.0,0.0
8837,53,East,Salaried,Construction,2026Q1,78670.44,643.0,46.55,50.58,78.31,197928.76,0.4384,0.14918,0,-0.0241,0.0074,0.0123,0.0007,0.0,-0.0124
8838,31,West,SelfEmployed,IT,2026Q1,89476.73,675.0,43.2,32.03,22.17,168390.54,0.3823,0.18192,1,0.0492,-0.0429,0.009,-0.0331,0.0165,0.0388
8839,56,East,Business,Construction,2026Q1,109149.98,572.0,62.29,65.06,84.66,250395.5,0.4412,0.2735,0,-0.07,0.1521,0.0877,0.0377,0.0,0.0
8840,41,North,Business,IT,2026Q1,70437.64,611.0,67.86,32.51,60.6,62888.28,0.5487,0.20704,0,0.0208,0.0732,0.0916,-0.0421,0.0,0.0
8841,45,West,Salaried,Transport,2026Q1,65763.18,613.0,38.97,25.79,43.35,219106.3,0.4274,0.13128,0,0.0,0.041,-0.0024,-0.0377,0.0134,-0.0147
8842,59,South,Business,Construction,2026Q1,102284.53,527.0,38.27,53.07,60.52,319015.92,0.4739,0.32996,0,-0.084,0.1837,-0.0069,0.0072,0.0,0.0
8843,36,South,Business,Retail,2026Q1,77373.94,689.0,55.39,50.01,79.08,110502.92,0.3543,0.1369,0,0.0276,-0.0599,0.033,0.0,0.0,0.0
8844,28,West,SelfEmployed,Retail,2026Q1,53993.83,631.0,37.83,18.29,65.14,125245.09,0.5455,0.19643,0,0.0708,0.0337,-0.0075,-0.072,0.0199,0.0471
8845,27,East,Business,Transport,2026Q1,31145.59,564.0,31.66,40.73,48.18,20000.0,0.4877,0.27046,0,0.0975,0.1634,-0.037,-0.0245,0.0,0.0
8846,53,East,Salaried,Manufacturing,2026Q1,64719.33,614.0,38.42,24.38,50.71,33182.12,0.5438,0.13316,0,-0.0214,0.0294,-0.0028,-0.0303,0.0,-0.011
8847,59,West,SelfEmployed,Healthcare,2026Q1,79104.39,,31.75,54.95,55.32,247832.35,0.2495,0.05323,1,-0.0324,-0.0405,-0.0124,0.0041,0.008,0.0185
8848,38,West,Salaried,Manufacturing,2026Q1,90883.54,563.0,27.2,44.48,69.06,75690.96,0.3678,0.23263,0,0.0345,0.1347,-0.0505,-0.0125,0.0216,-0.0229
8849,62,East,Business,IT,2026Q1,132100.37,540.0,73.63,70.82,27.82,152676.07,0.468,0.37728,1,-0.1184,0.2452,0.1515,0.0597,0.0,0.0
8850,49,West,Business,Healthcare,2026Q1,61472.75,543.0,27.07,20.93,49.17,183559.4,0.5263,0.19727,0,-0.0187,0.1298,-0.0449,-0.0621,0.0187,0.0
8851,50,East,Salaried,Retail,2026Q1,94699.62,,48.75,54.64,58.43,83071.67,0.4644,0.03103,0,-0.0046,-0.0897,0.0049,0.0017,0.0,-0.0039
8852,60,West,SelfEmployed,Construction,2026Q1,120068.04,678.0,18.01,34.18,59.42,335991.41,0.417,0.06095,1,-0.0254,-0.0177,-0.0268,-0.0103,0.0057,0.0131
8853,30,West,SelfEmployed,Construction,2026Q1,57283.06,551.0,73.21,63.67,51.99,210955.01,0.3924,0.63127,1,0.0959,0.2615,0.1558,0.036,0.0262,0.0674
8854,57,West,SelfEmployed,Construction,2026Q1,66149.77,626.0,48.87,0.0,61.96,160371.85,0.3676,0.11614,0,-0.0393,0.0246,0.0171,-0.0773,0.0118,0.0275
8855,30,West,SelfEmployed,Retail,2026Q1,100656.51,635.0,72.07,74.54,19.72,98677.8,0.5416,0.4215,1,0.1034,0.0411,0.1548,0.073,0.03,0.0744
8856,32,South,Business,Healthcare,2026Q1,76533.81,622.0,35.19,67.6,24.12,190553.43,0.4816,0.18583,0,0.0597,0.0513,-0.0179,0.0362,0.0,0.0
8857,34,West,SelfEmployed,Manufacturing,2026Q1,97675.93,579.0,86.27,51.62,88.36,65782.14,0.5329,0.60918,0,0.0746,0.1922,0.2272,0.0046,0.0286,0.0726
8858,56,East,Business,Transport,2026Q1,103039.67,523.0,29.23,83.03,58.92,118987.3,0.6244,0.35415,0,-0.0718,0.2249,-0.0496,0.0821,0.0,0.0
8859,57,West,SelfEmployed,Transport,2026Q1,121938.4,569.0,56.9,37.07,56.45,373892.18,0.2093,0.34004,1,-0.0762,0.155,0.0676,-0.0342,0.0251,0.0605
8860,59,West,Salaried,IT,2026Q1,97541.8,583.0,8.58,78.76,24.4,298037.52,0.3683,0.14219,0,-0.0515,0.0639,-0.0896,0.0346,0.0131,-0.0143
8861,49,West,SelfEmployed,Construction,2026Q1,81734.05,674.0,40.63,63.38,18.28,46928.54,0.3187,0.14911,0,-0.0149,-0.0369,0.0016,0.0194,0.0147,0.0344
8862,45,West,SelfEmployed,IT,2026Q1,75936.04,630.0,46.88,43.69,67.37,65885.36,0.2641,0.23271,0,0.0,0.0358,0.0229,-0.0134,0.0201,0.0477
8863,55,West,Business,Construction,2026Q1,90176.33,656.0,48.01,83.1,85.86,131488.63,0.4625,0.15482,0,-0.0423,-0.0093,0.0209,0.0478,0.0159,0.0
8864,48,West,SelfEmployed,Retail,2026Q1,83682.04,541.0,,55.66,40.88,82190.15,0.3721,0.37502,1,-0.0205,0.2388,0.001,0.0164,0.0288,0.0705
8865,52,West,Business,Construction,2026Q1,96699.8,601.0,54.5,41.62,65.4,151215.14,0.3894,0.1889,0,-0.0349,0.0771,0.0448,-0.0174,0.0195,0.0
8866,48,East,SelfEmployed,Retail,2026Q1,93935.13,690.0,39.6,66.36,81.61,142362.01,0.4108,0.11618,0,-0.0092,-0.055,-0.0009,0.0193,0.0,0.0284
8867,49,West,SelfEmployed,Transport,2026Q1,81117.96,,71.14,39.76,53.4,228867.35,0.4682,0.50608,1,-0.0276,0.2997,0.1537,-0.0303,0.0299,0.0749
8868,72,South,Salaried,Transport,2026Q1,132573.55,733.0,55.61,23.72,84.69,397739.13,0.5196,0.03096,0,-0.0249,-0.0326,0.0061,-0.0083,0.0,-0.0029
8869,59,East,Salaried,Retail,2026Q1,118309.52,626.0,26.64,55.96,52.48,219428.96,0.4691,0.07512,0,-0.0354,0.0181,-0.0229,0.0053,0.0,-0.0097
8870,55,West,SelfEmployed,Healthcare,2026Q1,98790.63,662.0,54.43,54.63,65.0,118593.25,0.2501,0.12469,0,-0.0429,-0.0193,0.0366,0.0076,0.0161,0.0379
8871,45,North,SelfEmployed,Healthcare,2026Q1,117979.31,488.0,47.08,49.76,95.01,242130.76,0.4278,0.59765,0,0.0,0.3865,0.035,-0.0007,0.0,0.0746
8872,50,West,SelfEmployed,Healthcare,2026Q1,115454.15,667.0,10.88,47.26,74.28,82499.37,0.3535,0.08774,0,-0.0107,-0.0145,-0.0534,-0.0024,0.0082,0.019
8873,60,West,Business,Construction,2026Q1,99883.81,559.0,72.32,36.93,57.09,219985.67,0.6126,0.32207,0,-0.0972,0.172,0.1219,-0.035,0.0255,0.0
8874,51,South,Salaried,Manufacturing,2026Q1,90700.68,623.0,31.73,30.29,47.38,96423.99,0.5522,0.08783,0,-0.0144,0.021,-0.0142,-0.0208,0.0,-0.0101
8875,45,West,Salaried,Healthcare,2026Q1,75732.79,537.0,49.78,70.92,81.63,185376.36,0.4588,0.42403,1,0.0,0.2534,0.0473,0.0604,0.0292,-0.0297
8876,31,East,Business,Transport,2026Q1,105193.22,686.0,54.12,51.63,71.79,172505.34,0.3535,0.15367,0,0.0462,-0.0608,0.0346,0.0026,0.0,0.0
8877,45,East,SelfEmployed,Manufacturing,2026Q1,69241.77,,48.27,49.96,73.31,112940.57,0.4978,0.40693,0,0.0,0.2309,0.0395,-0.0001,0.0,0.0705
8878,57,East,Business,Transport,2026Q1,77098.12,650.0,60.52,17.24,62.86,84956.54,0.4657,0.09408,0,-0.0327,0.0,0.0295,-0.0391,0.0,0.0
8879,35,South,Salaried,Transport,2026Q1,67466.59,643.0,61.92,65.28,76.89,213430.28,0.4197,0.24289,0,0.049,0.0142,0.0733,0.0329,0.0,-0.0232
8880,65,East,Salaried,Retail,2026Q1,79464.39,637.0,51.03,33.08,41.55,199123.67,0.2305,0.05691,0,-0.051,0.0097,0.0145,-0.0159,0.0,-0.0091
8881,52,East,Salaried,IT,2026Q1,68256.65,606.0,32.7,36.77,45.41,73575.65,0.4034,0.09241,0,-0.0208,0.0393,-0.0152,-0.0166,0.0,-0.0123
8882,65,West,SelfEmployed,Transport,2026Q1,99567.91,656.0,49.61,60.78,41.7,110769.39,0.3787,0.14117,1,-0.0808,-0.008,0.0213,0.0147,0.0136,0.0319
8883,48,West,Business,Manufacturing,2026Q1,86546.2,614.0,66.79,32.29,72.19,100069.8,0.3826,0.1982,0,-0.0153,0.0631,0.0819,-0.04,0.0207,0.0
8884,25,East,Business,Manufacturing,2026Q1,68561.49,600.0,45.9,47.92,46.51,103091.26,0.306,0.28667,0,0.1085,0.1068,0.0252,-0.0055,0.0,0.0
8885,45,West,SelfEmployed,Construction,2026Q1,81036.63,668.0,24.57,50.55,44.1,154316.05,0.4881,0.12922,0,0.0,-0.0219,-0.0356,0.0007,0.0118,0.0274
8886,42,West,SelfEmployed,Transport,2026Q1,87093.95,758.0,66.26,52.48,62.69,265207.29,0.3871,0.08398,0,0.008,-0.1797,0.0423,0.0029,0.0113,0.0264
8887,40,East,SelfEmployed,IT,2026Q1,68555.01,616.0,40.58,51.26,39.69,217492.85,0.3799,0.21298,0,0.0252,0.0631,0.0022,0.0028,0.0,0.0517
8888,54,West,SelfEmployed,Transport,2026Q1,82843.99,528.0,62.07,54.92,69.75,94775.13,0.3592,0.54011,0,-0.0624,0.2978,0.1092,0.0148,0.03,0.0747
8889,39,East,Salaried,Manufacturing,2026Q1,87174.75,599.0,39.19,68.65,48.64,184122.29,0.3859,0.21745,0,0.0296,0.0883,-0.003,0.0388,0.0,-0.0228
8890,33,South,Salaried,Construction,2026Q1,87266.29,661.0,56.18,54.03,87.9,77447.84,0.4449,0.18114,1,0.0454,-0.0189,0.0439,0.0072,0.0,-0.0188
8891,42,East,Business,Retail,2026Q1,121339.07,594.0,43.76,81.67,87.08,147065.63,0.5379,0.21729,0,0.0177,0.115,0.0159,0.0752,0.0,0.0
8892,58,East,Business,Manufacturing,2026Q1,104203.88,520.0,38.03,42.79,93.31,114438.64,0.5665,0.30057,0,-0.0769,0.1868,-0.0078,-0.0173,0.0,0.0
8893,46,East,Business,Retail,2026Q1,113035.84,,55.82,48.39,37.77,261042.52,0.3573,0.20552,0,-0.0042,0.0231,0.0421,-0.0029,0.0,0.0
8894,39,North,Business,Healthcare,2026Q1,80873.54,604.0,35.3,97.91,54.56,179081.26,0.6443,0.30871,1,0.0348,0.0971,-0.0205,0.1085,0.0,0.0
8895,44,South,Salaried,IT,2026Q1,84264.18,575.0,20.13,32.24,81.1,246186.94,0.6387,0.11529,0,0.0033,0.0727,-0.0545,-0.0274,0.0,-0.015
8896,61,East,Salaried,Construction,2026Q1,93030.34,637.0,59.51,35.57,93.91,189681.47,0.3252,0.13153,0,-0.0496,0.0125,0.031,-0.0172,0.0,-0.0117
8897,54,West,Business,Healthcare,2026Q1,131253.17,,38.7,40.79,29.19,187144.88,0.3279,0.10567,0,-0.0191,-0.0248,-0.0018,-0.0079,0.0077,0.0
8898,55,South,Business,Manufacturing,2026Q1,89593.57,590.0,52.53,84.23,73.26,95374.89,0.4349,0.35123,0,-0.0605,0.1149,0.0485,0.0764,0.0,0.0
8899,54,North,Salaried,IT,2026Q1,70108.54,673.0,51.9,59.84,63.89,173718.29,0.5093,0.11199,0,-0.0247,-0.0248,0.0191,0.01,0.0,-0.0111
8900,31,South,Salaried,Healthcare,2026Q1,64990.01,625.0,58.86,66.97,66.2,99232.31,0.5451,0.30964,0,0.0763,0.055,0.0737,0.0414,0.0,-0.026
8901,48,East,Salaried,Retail,2026Q1,44695.3,550.0,62.38,42.36,39.08,21523.61,0.4979,0.31622,0,-0.0189,0.1902,0.091,-0.0206,0.0,-0.0271
8902,60,North,Salaried,Manufacturing,2026Q1,91490.44,486.0,55.77,29.6,51.93,103340.77,0.544,0.40565,0,-0.1005,0.2691,0.0681,-0.0576,0.0,-0.0278
8903,25,East,Business,Manufacturing,2026Q1,29612.64,634.0,57.9,26.89,79.85,20000.0,0.4422,0.23815,1,0.0882,0.0309,0.0598,-0.0546,0.0,0.0
8904,27,East,Business,Transport,2026Q1,59739.02,614.0,,41.42,79.29,96835.47,0.4713,0.22396,0,0.101,0.0813,0.0914,-0.0232,0.0,0.0
8905,37,West,SelfEmployed,Retail,2026Q1,77358.16,569.0,39.34,70.88,64.92,164131.6,0.4919,0.45491,1,0.0548,0.2,-0.0033,0.0612,0.0296,0.0729
8906,41,East,Salaried,Transport,2026Q1,43379.23,578.0,38.09,44.82,85.14,109761.74,0.4031,0.21337,1,0.0186,0.1067,-0.0066,-0.0108,0.0,-0.0213
8907,49,West,Salaried,Retail,2026Q1,84843.65,538.0,57.53,56.82,78.41,72029.77,0.6444,0.37261,0,-0.0272,0.238,0.0807,0.0195,0.0285,-0.0292
8908,35,West,SelfEmployed,Transport,2026Q1,36357.9,636.0,20.71,4.49,92.72,82327.27,0.5222,0.13212,1,0.0258,0.0149,-0.0459,-0.0689,0.0118,0.0275
8909,54,East,SelfEmployed,Healthcare,2026Q1,91418.84,546.0,27.69,39.98,72.19,153538.23,0.5324,0.22278,0,-0.0496,0.1514,-0.0484,-0.0229,0.0,0.0512
8910,73,East,Business,Construction,2026Q1,130081.32,599.0,21.26,33.94,100.0,347724.63,0.4261,0.06259,0,-0.0632,0.0251,-0.0252,-0.012,0.0,0.0
8911,43,South,Business,Transport,2026Q1,110837.56,586.0,65.71,53.41,54.09,260442.92,0.4015,0.25366,1,0.0126,0.1387,0.1057,0.0092,0.0,0.0
8912,33,North,Business,Retail,2026Q1,108352.8,516.0,65.35,85.3,100.0,236011.32,0.3437,0.64574,1,0.0762,0.3525,0.1175,0.0972,0.0,0.0
8913,44,East,Salaried,Healthcare,2026Q1,59865.18,659.0,61.18,70.19,40.3,90734.56,0.402,0.17737,1,0.0042,-0.0155,0.0559,0.034,0.0,-0.0189
8914,55,South,Business,Retail,2026Q1,93293.31,606.0,48.71,37.79,58.08,182280.77,0.462,0.11021,0,-0.0397,0.0525,0.0211,-0.0199,0.0,0.0
8915,50,East,Business,Healthcare,2026Q1,83639.2,780.0,,19.18,74.46,42583.68,0.2837,0.01711,0,-0.003,-0.0595,0.0003,-0.0088,0.0,0.0
8916,57,West,SelfEmployed,Manufacturing,2026Q1,110810.58,559.0,44.34,57.37,6.99,284722.75,0.4277,0.36313,1,-0.0784,0.1784,0.019,0.0194,0.0261,0.0631
8917,46,West,Salaried,Manufacturing,2026Q1,81239.53,,,51.38,49.11,249867.1,0.3662,0.06004,0,-0.0017,-0.0923,0.0151,0.001,0.0069,-0.0077
8918,52,North,Salaried,Transport,2026Q1,82707.91,,59.11,52.67,100.0,254668.39,0.4981,0.21543,0,-0.0302,0.0403,0.0488,0.0046,0.0,-0.0181
8919,75,North,Salaried,Construction,2026Q1,102471.28,586.0,30.17,36.3,89.94,159218.59,0.5054,0.07489,0,-0.0797,0.0347,-0.0142,-0.0117,0.0,-0.0084
8920,44,West,SelfEmployed,Healthcare,2026Q1,93930.8,551.0,59.42,64.06,30.3,236372.94,0.3975,0.47799,1,0.007,0.2561,0.0967,0.0421,0.0299,0.0749
8921,49,East,SelfEmployed,Retail,2026Q1,72806.16,527.0,65.26,42.96,28.07,154497.01,0.4413,0.56202,1,-0.028,0.2956,0.1239,-0.0211,0.0,0.0745
8922,54,North,SelfEmployed,Retail,2026Q1,106969.18,,61.04,20.07,29.86,207914.01,0.4158,0.29134,0,-0.0522,0.1311,0.0742,-0.076,0.0,0.0547
8923,75,East,Business,IT,2026Q1,124536.63,568.0,24.18,77.32,43.08,151982.54,0.3736,0.13811,0,-0.129,0.0743,-0.0408,0.0334,0.0,0.0
8924,58,West,SelfEmployed,Construction,2026Q1,115130.69,589.0,59.85,54.63,59.7,289804.8,0.4075,0.35575,0,-0.0834,0.1251,0.0791,0.0119,0.0254,0.0611
8925,50,East,Business,Construction,2026Q1,89641.34,568.0,46.74,74.59,77.39,228785.62,0.4744,0.28215,0,-0.0312,0.1593,0.0285,0.0604,0.0,0.0
8926,44,East,Business,IT,2026Q1,91628.36,679.0,72.97,66.0,81.61,199580.62,0.2932,0.20602,0,0.0044,-0.0558,0.0853,0.0289,0.0,0.0
8927,64,West,Salaried,Transport,2026Q1,113432.74,544.0,45.95,65.21,97.07,264334.76,0.5031,0.23941,0,-0.1156,0.1646,0.0226,0.0341,0.0228,-0.0241
8928,48,South,Salaried,Manufacturing,2026Q1,58565.78,567.0,65.63,98.28,87.75,82296.11,0.3792,0.49547,1,-0.0209,0.2059,0.1224,0.1373,0.0,-0.0299
8929,66,East,Business,Construction,2026Q1,132390.67,600.0,71.42,65.35,13.37,272248.14,0.3319,0.19875,1,-0.1214,0.0847,0.0945,0.0316,0.0,0.0
8930,46,South,Business,IT,2026Q1,87847.11,562.0,60.99,19.28,50.59,282040.69,0.4054,0.28147,0,-0.0056,0.15,0.0759,-0.0795,0.0,0.0
8931,42,West,Salaried,Retail,2026Q1,87995.58,682.0,39.22,26.15,32.46,282541.97,0.4022,0.08905,0,0.0056,-0.0282,-0.0011,-0.0223,0.0079,-0.0087
8932,33,East,Salaried,Healthcare,2026Q1,80444.78,555.0,55.72,41.77,100.0,135542.71,0.4959,0.3707,0,0.0758,0.2041,0.0712,-0.0236,0.0,-0.0287
8933,54,West,Salaried,Healthcare,2026Q1,81505.41,595.0,35.11,16.12,52.69,93998.39,0.3955,0.13364,0,-0.027,0.0464,-0.0099,-0.0462,0.0111,-0.0122
8934,29,East,Salaried,Construction,2026Q1,62805.1,590.0,39.03,21.03,45.54,66575.18,0.4845,0.19123,0,0.0646,0.089,-0.0032,-0.0633,0.0,-0.0206
8935,63,East,Business,IT,2026Q1,83460.61,,66.61,76.76,75.78,93859.04,0.4622,0.23733,0,-0.1114,0.1107,0.0937,0.0598,0.0,0.0
8936,33,East,SelfEmployed,Transport,2026Q1,41559.65,762.0,,66.49,55.3,53677.15,0.4816,0.10646,0,0.027,-0.1785,0.015,0.0168,0.0,0.0244
8937,29,North,Business,Transport,2026Q1,79125.32,702.0,45.78,65.96,82.64,89885.41,0.3889,0.14297,0,0.0475,-0.0865,0.0138,0.0223,0.0,0.0
8938,48,East,Business,Retail,2026Q1,115459.43,651.0,74.43,33.63,48.22,205267.3,0.3811,0.20701,0,-0.0124,-0.0016,0.0786,-0.0301,0.0,0.0
8939,59,North,Business,Retail,2026Q1,100992.04,636.0,70.45,28.29,79.65,256800.26,0.6436,0.11988,1,-0.0533,0.0172,0.0576,-0.0338,0.0,0.0
8940,48,East,Business,IT,2026Q1,56892.04,741.0,30.78,41.62,9.81,93160.78,0.4745,0.04114,0,-0.0029,-0.0547,-0.0068,-0.0035,0.0,0.0
8941,57,South,Business,Construction,2026Q1,93883.51,,49.77,69.84,100.0,117729.64,0.382,0.20813,0,-0.0604,0.0709,0.0302,0.0363,0.0,0.0
8942,52,North,SelfEmployed,Transport,2026Q1,81958.13,595.0,41.74,44.29,75.29,88946.49,0.5259,0.24937,0,-0.0353,0.086,0.0059,-0.0119,0.0,0.0469
8943,56,West,SelfEmployed,Transport,2026Q1,88131.83,611.0,44.16,64.87,67.35,189068.66,0.6028,0.21543,0,-0.0607,0.0697,0.0149,0.0311,0.0213,0.0506
8944,66,South,Business,Construction,2026Q1,92107.64,607.0,,84.28,50.47,222645.66,0.4559,0.22745,1,-0.1222,0.0754,0.0785,0.0667,0.0,0.0
8945,41,East,Business,Transport,2026Q1,74950.97,636.0,58.91,41.11,59.68,180265.35,0.4451,0.19741,1,0.017,0.0231,0.0529,-0.0173,0.0,0.0
8946,51,West,SelfEmployed,Retail,2026Q1,63067.95,620.0,22.67,22.9,59.28,172254.95,0.3804,0.13835,0,-0.0182,0.0296,-0.0403,-0.0375,0.0117,0.0272
8947,27,East,Business,Retail,2026Q1,112435.2,,66.05,88.06,56.42,290077.11,0.581,0.83349,0,0.0862,0.4359,0.0895,0.0771,0.0,0.0
8948,64,North,Business,Retail,2026Q1,138825.09,633.0,40.71,59.3,66.14,292060.76,0.4712,0.08085,0,-0.0603,0.016,0.0013,0.0098,0.0,0.0
8949,45,West,SelfEmployed,Transport,2026Q1,67339.65,648.0,55.04,27.97,57.78,88374.04,0.3022,0.16463,1,0.0,0.0033,0.0415,-0.0435,0.0175,0.0414
8950,49,East,Business,Retail,2026Q1,96088.2,647.0,59.05,31.15,59.09,291496.5,0.4163,0.13046,0,-0.0135,0.0038,0.0382,-0.0283,0.0,0.0
8951,45,South,Salaried,Retail,2026Q1,65861.35,570.0,,71.24,52.18,156203.95,0.4479,0.33959,1,0.0,0.174,0.0879,0.0572,0.0,-0.0284
8952,41,West,SelfEmployed,Transport,2026Q1,78167.45,521.0,39.0,43.55,57.52,93554.61,0.4502,0.55175,1,0.0278,0.2958,-0.005,-0.0193,0.0298,0.0737
8953,57,West,SelfEmployed,Transport,2026Q1,102567.34,693.0,55.11,24.73,65.15,233109.25,0.3923,0.07817,0,-0.0309,-0.046,0.0214,-0.0275,0.0092,0.0213
8954,55,West,Business,Retail,2026Q1,104035.83,592.0,61.78,22.52,63.24,116119.8,0.3114,0.17087,0,-0.0491,0.0845,0.0616,-0.0586,0.0187,0.0
8955,43,West,Salaried,Healthcare,2026Q1,92484.34,,45.96,64.12,58.73,107747.89,0.62,0.27149,0,0.0114,0.1238,0.024,0.0337,0.0241,-0.0254
8956,68,North,Salaried,Retail,2026Q1,88113.09,575.0,40.76,60.7,54.96,301363.59,0.4351,0.1627,0,-0.1008,0.0776,0.0019,0.0155,0.0,-0.0158
8957,58,West,Business,Manufacturing,2026Q1,103534.72,,31.99,84.47,71.72,167471.18,0.5507,0.11927,0,-0.0457,0.0,-0.0187,0.0389,0.0126,0.0
8958,67,South,Business,Retail,2026Q1,66905.82,678.0,76.93,0.0,47.47,182979.25,0.3804,0.0793,0,-0.0463,-0.0202,0.0309,-0.0448,0.0,0.0
8959,28,South,Business,Transport,2026Q1,79181.27,644.0,28.9,50.26,25.58,81154.27,0.3138,0.13237,0,0.0554,0.0089,-0.0328,0.0004,0.0,0.0
8960,42,South,SelfEmployed,IT,2026Q1,44337.74,,33.24,29.79,58.45,116891.11,0.4366,0.13112,1,0.0096,0.0113,-0.0167,-0.0312,0.0,0.0317
8961,60,South,Salaried,Retail,2026Q1,67330.17,591.0,51.81,16.33,78.31,111657.31,0.5242,0.17627,0,-0.0513,0.0528,0.0225,-0.049,0.0,-0.0131
8962,35,East,Business,IT,2026Q1,105486.45,586.0,32.19,44.48,70.38,179390.57,0.3943,0.25227,1,0.0464,0.1026,-0.0291,-0.0121,0.0,0.0
8963,44,East,Salaried,Construction,2026Q1,98806.4,590.0,76.88,56.12,76.49,283607.45,0.5409,0.33106,1,0.0064,0.135,0.1483,0.0168,0.0,-0.0281
8964,38,West,Salaried,Retail,2026Q1,52186.96,643.0,28.64,70.76,52.19,149088.65,0.3898,0.12402,0,0.0247,0.0101,-0.033,0.0308,0.0155,-0.0168
8965,53,South,Salaried,IT,2026Q1,114688.86,579.0,51.07,87.01,69.09,231358.13,0.3562,0.26597,0,-0.049,0.1359,0.0443,0.0844,0.0,-0.0258
8966,45,East,Salaried,Retail,2026Q1,89644.85,654.0,62.86,25.72,100.0,193458.87,0.4511,0.12466,1,0.0,-0.0049,0.042,-0.0354,0.0,-0.0137
8967,38,East,Salaried,Retail,2026Q1,78946.13,659.0,28.85,53.65,36.62,245559.09,0.5361,0.12454,1,0.0169,-0.0096,-0.0227,0.004,0.0,-0.0117
8968,68,East,Business,Healthcare,2026Q1,91403.93,662.0,35.25,36.85,70.1,253046.1,0.5892,0.03999,0,-0.0399,-0.0065,-0.0046,-0.0078,0.0,0.0
8969,56,South,Business,Construction,2026Q1,134262.89,589.0,49.99,19.3,52.98,170491.7,0.3365,0.12341,0,-0.043,0.0662,0.0234,-0.0525,0.0,0.0
8970,56,North,SelfEmployed,Retail,2026Q1,107639.66,558.0,37.59,74.14,86.27,305265.37,0.4048,0.32499,0,-0.0713,0.1785,-0.0108,0.0607,0.0,0.0628
8971,51,South,Business,Healthcare,2026Q1,82715.71,618.0,,70.45,60.12,42425.23,0.3924,0.28709,0,-0.0308,0.0559,0.0478,0.0402,0.0,0.0
8972,58,East,SelfEmployed,Construction,2026Q1,54522.87,,44.54,55.91,54.64,83574.79,0.4132,0.2824,0,-0.0729,0.1072,0.0163,0.0128,0.0,0.0509
8973,55,North,Business,Manufacturing,2026Q1,79648.79,575.0,49.79,59.57,32.24,218856.84,0.4671,0.19459,0,-0.0562,0.1229,0.035,0.021,0.0,0.0
8974,29,West,SelfEmployed,Retail,2026Q1,73033.78,599.0,58.97,39.61,41.45,236603.39,0.6243,0.42739,1,0.1052,0.1296,0.0899,-0.0308,0.0292,0.0717
8975,71,West,Business,Transport,2026Q1,111154.39,658.0,34.08,55.7,52.84,320805.15,0.6056,0.06798,0,-0.0594,-0.0054,-0.0074,0.0039,0.0067,0.0
8976,69,North,Salaried,Healthcare,2026Q1,125134.94,559.0,48.13,51.81,78.82,175029.79,0.6749,0.17233,0,-0.1181,0.1022,0.0222,0.0031,0.0,-0.0179
8977,44,South,Salaried,Transport,2026Q1,56467.39,731.0,44.39,42.81,91.03,134292.45,0.4811,0.04154,0,0.0013,-0.0644,0.0041,-0.0043,0.0,-0.0061
8978,31,North,Business,Construction,2026Q1,84528.65,653.0,33.53,64.67,57.53,166983.96,0.4201,0.20175,0,0.0499,-0.0048,-0.0196,0.0241,0.0,0.0
8979,38,West,SelfEmployed,IT,2026Q1,97151.63,586.0,61.02,35.06,53.42,286162.6,0.3536,0.43321,1,0.0462,0.1529,0.0959,-0.0438,0.0285,0.0697
8980,38,South,Business,Retail,2026Q1,61602.82,666.0,21.53,70.94,67.36,90427.28,0.2621,0.14239,0,0.0184,-0.0191,-0.043,0.0231,0.0,0.0
8981,53,West,SelfEmployed,Manufacturing,2026Q1,102803.25,557.0,26.32,76.15,64.44,324940.32,0.539,0.34082,0,-0.0515,0.1812,-0.0633,0.0658,0.0261,0.0631
8982,45,West,Business,Retail,2026Q1,91317.65,,,60.96,56.76,227437.2,0.443,0.23898,0,0.0,0.0431,0.0649,0.0241,0.0221,0.0
8983,43,South,Business,Healthcare,2026Q1,79890.86,647.0,25.48,51.3,59.54,115343.23,0.5785,0.11341,0,0.0052,0.0031,-0.0307,0.0015,0.0,0.0
8984,56,West,Salaried,Healthcare,2026Q1,46979.61,662.0,75.43,43.03,65.99,77827.99,0.4055,0.12906,0,-0.0428,-0.0173,0.0684,-0.0107,0.0143,-0.0156
8985,48,South,Business,IT,2026Q1,102486.28,608.0,24.54,39.1,83.79,220467.17,0.5556,0.13519,0,-0.009,0.0402,-0.0362,-0.0143,0.0,0.0
8986,60,South,Salaried,Retail,2026Q1,77961.13,544.0,72.31,55.8,46.14,130687.39,0.5559,0.42501,0,-0.1006,0.2074,0.1305,0.0157,0.0,-0.0278
8987,49,West,Salaried,Healthcare,2026Q1,73349.68,617.0,,28.52,34.29,118790.76,0.2339,0.15513,0,-0.0172,0.0479,0.0579,-0.0415,0.0172,-0.0185
8988,68,East,Salaried,IT,2026Q1,122521.69,701.0,22.47,26.67,63.86,88424.23,0.4327,0.01711,0,-0.0172,-0.0143,-0.0081,-0.0062,0.0,-0.0025
8989,74,West,SelfEmployed,IT,2026Q1,110135.65,572.0,48.57,27.5,41.93,225181.98,0.4446,0.2148,0,-0.1459,0.0903,0.0229,-0.0416,0.0163,0.0383
8990,52,East,Salaried,IT,2026Q1,87276.64,570.0,25.34,39.41,88.59,223194.85,0.3481,0.16002,0,-0.0255,0.0773,-0.0394,-0.0161,0.0,-0.0152
8991,46,East,Business,Transport,2026Q1,127623.03,601.0,34.8,28.24,67.42,400146.78,0.6097,0.14159,1,-0.0034,0.0537,-0.0131,-0.0347,0.0,0.0
8992,49,West,Salaried,Healthcare,2026Q1,83246.27,656.0,40.48,22.11,57.55,97194.49,0.4706,0.06171,1,-0.0086,-0.0049,0.0007,-0.0281,0.0083,-0.0092
8993,61,North,Salaried,Healthcare,2026Q1,76659.0,543.0,14.93,32.1,59.34,59244.97,0.6277,0.1087,0,-0.0534,0.0754,-0.0609,-0.0234,0.0,-0.0126
8994,59,West,Business,Manufacturing,2026Q1,127017.88,,36.52,45.75,68.29,224765.79,0.475,0.17063,0,-0.0647,0.0905,-0.0104,-0.0076,0.0169,0.0
8995,29,West,SelfEmployed,Construction,2026Q1,71463.78,548.0,44.09,41.52,72.54,32563.19,0.4874,0.48011,1,0.1104,0.2556,0.0204,-0.0254,0.03,0.0745
8996,56,South,Salaried,IT,2026Q1,77245.88,711.0,44.19,53.09,100.0,104047.67,0.435,0.05217,0,-0.0171,-0.044,0.0039,0.0018,0.0,-0.0061
8997,45,West,Business,Transport,2026Q1,75449.14,,25.28,70.14,39.01,118627.46,0.4765,0.23827,1,0.0,0.1723,-0.0656,0.0486,0.0248,0.0
8998,53,North,Salaried,Healthcare,2026Q1,78646.29,626.0,40.12,54.01,79.65,123185.17,0.5208,0.12367,0,-0.026,0.0255,0.0003,0.005,0.0,-0.0134
8999,50,West,Salaried,Retail,2026Q1,98180.93,572.0,50.83,23.83,100.0,186764.89,0.4728,0.21775,0,-0.0241,0.1084,0.0336,-0.0567,0.0192,-0.0205
9000,45,West,Business,Retail,2026Q1,81544.35,644.0,59.53,70.41,67.9,244557.06,0.3065,0.22942,0,0.0,0.012,0.0648,0.0424,0.0215,0.0
9001,31,North,Business,Transport,2026Q1,82017.5,682.0,88.04,45.57,61.68,187425.82,0.5721,0.31357,0,0.0698,-0.0744,0.1454,-0.0106,0.0,0.0
9002,32,South,Salaried,Healthcare,2026Q1,49774.96,606.0,65.75,53.51,52.99,166829.31,0.3713,0.30802,0,0.0763,0.099,0.1046,0.0094,0.0,-0.0274
9003,47,East,Business,Transport,2026Q1,119035.24,669.0,,56.23,58.66,182618.97,0.3945,0.1007,0,-0.0048,-0.0192,-0.0122,0.0061,0.0,0.0
9004,48,West,Business,Healthcare,2026Q1,69503.66,657.0,39.35,52.92,59.55,162663.23,0.4188,0.15082,0,-0.0093,-0.0085,-0.0014,0.0037,0.0123,0.0
9005,49,North,Business,Transport,2026Q1,77547.21,634.0,53.88,87.57,83.87,127904.1,0.2998,0.26029,1,-0.021,0.0305,0.0468,0.0723,0.0,0.0
9006,53,East,Business,Retail,2026Q1,86924.17,677.0,68.28,44.99,85.62,105458.04,0.4017,0.09901,0,-0.0262,-0.0358,0.0492,-0.0066,0.0,0.0
9007,41,East,SelfEmployed,Healthcare,2026Q1,56500.33,770.0,75.86,69.65,50.11,84940.82,0.3359,0.17044,0,0.0121,-0.2282,0.0618,0.0243,0.0,0.0302
9008,34,West,SelfEmployed,Construction,2026Q1,84172.25,,20.3,48.57,86.33,211783.56,0.4439,0.09759,0,0.0243,-0.0641,-0.0412,-0.0015,0.0102,0.0238
9009,61,South,Salaried,Transport,2026Q1,103266.09,510.0,63.82,50.04,64.05,110236.81,0.5636,0.41626,1,-0.1094,0.2623,0.1039,0.0001,0.0,-0.0286
9010,56,South,Salaried,IT,2026Q1,98123.16,524.0,27.36,41.2,65.1,196679.87,0.3495,0.21203,0,-0.0549,0.1449,-0.0444,-0.0178,0.0,-0.0203
9011,42,South,Salaried,IT,2026Q1,86287.9,612.0,43.47,14.87,79.2,233871.36,0.3893,0.1539,1,0.0091,0.0398,0.0075,-0.0548,0.0,-0.014
9012,59,West,Business,IT,2026Q1,77423.89,480.0,63.59,61.15,56.19,61252.9,0.4625,0.60318,1,-0.093,0.3974,0.1174,0.0331,0.0297,0.0
9013,39,North,Salaried,Manufacturing,2026Q1,75833.33,607.0,34.65,63.68,63.15,160742.91,0.6086,0.19371,1,0.0258,0.0658,-0.0178,0.0252,0.0,-0.0201
9014,52,East,Business,Manufacturing,2026Q1,122698.23,514.0,40.32,0.0,67.41,281641.83,0.4441,0.2137,1,-0.0359,0.1631,0.0011,-0.1206,0.0,0.0
9015,52,North,Business,Transport,2026Q1,91779.43,628.0,78.72,47.15,89.86,286738.11,0.2399,0.25637,0,-0.0373,0.0411,0.1121,-0.0063,0.0,0.0
9016,43,North,SelfEmployed,Retail,2026Q1,102197.11,644.0,73.81,50.29,22.78,256918.66,0.4346,0.28581,0,0.0116,0.0137,0.121,0.0007,0.0,0.059
9017,55,West,SelfEmployed,IT,2026Q1,90742.8,607.0,55.34,47.71,64.16,237068.18,0.5078,0.29208,1,-0.0571,0.0799,0.0542,-0.0053,0.0223,0.0531
9018,36,North,Salaried,Healthcare,2026Q1,66262.38,594.0,18.36,57.83,40.6,187830.52,0.3742,0.21817,0,0.0337,0.0727,-0.0718,0.0132,0.0,-0.0181
9019,50,East,SelfEmployed,Transport,2026Q1,67350.98,569.0,21.68,39.35,85.21,46540.92,0.3733,0.2112,0,-0.0232,0.1065,-0.0648,-0.0211,0.0,0.0435
9020,50,East,Salaried,Retail,2026Q1,72513.41,624.0,50.05,52.05,37.63,105108.76,0.4108,0.14634,0,-0.0192,0.0338,0.0245,0.0032,0.0,-0.0163
9021,38,West,Salaried,Retail,2026Q1,93403.65,535.0,,86.34,82.79,279173.15,0.489,0.60218,0,0.0487,0.2965,0.0769,0.1086,0.0297,-0.0293
9022,57,East,Salaried,IT,2026Q1,75925.88,,52.15,11.48,49.56,129218.01,0.4196,0.20319,1,-0.0526,0.1017,0.0315,-0.0751,0.0,-0.0175
9023,62,North,Business,Transport,2026Q1,141020.21,646.0,31.44,59.39,100.0,367786.39,0.5205,0.07597,0,-0.0428,0.0032,-0.0136,0.0079,0.0,0.0
9024,49,East,Salaried,Healthcare,2026Q1,77250.37,594.0,47.05,40.73,41.19,137246.58,0.4274,0.15604,0,-0.0169,0.073,0.0196,-0.0168,0.0,-0.0182
9025,51,North,Business,Transport,2026Q1,121284.93,586.0,64.5,36.89,64.1,187582.23,0.533,0.21896,0,-0.0331,0.1096,0.0812,-0.0309,0.0,0.0
9026,47,East,SelfEmployed,IT,2026Q1,86586.25,682.0,45.39,76.8,69.9,102772.82,0.3542,0.14272,0,-0.0078,-0.0541,0.0143,0.0395,0.0,0.0371
9027,49,East,Business,Transport,2026Q1,53554.23,614.0,33.38,49.57,56.82,87430.16,0.5332,0.14573,0,-0.0142,0.0416,-0.0169,-0.0006,0.0,0.0
9028,44,East,Business,IT,2026Q1,77625.15,585.0,49.33,43.77,33.34,61227.8,0.3588,0.28423,1,0.0052,0.11,0.0334,-0.0143,0.0,0.0
9029,50,West,SelfEmployed,Healthcare,2026Q1,76103.99,663.0,55.61,50.97,67.6,199463.45,0.4663,0.15009,0,-0.022,-0.0225,0.0424,0.0017,0.0173,0.0409
9030,47,East,Salaried,Transport,2026Q1,65984.44,556.0,42.22,23.59,24.84,175659.31,0.4452,0.22713,0,-0.0092,0.1202,0.0071,-0.0562,0.0,-0.0201
9031,68,West,SelfEmployed,Construction,2026Q1,82705.54,,52.89,75.76,66.62,142513.86,0.3894,0.78625,1,-0.0983,0.5912,0.0503,0.0611,0.0227,0.0591
9032,47,West,Salaried,Healthcare,2026Q1,60632.62,710.0,,60.0,63.85,104710.92,0.451,0.1059,0,-0.0042,-0.0639,0.0072,0.0084,0.0084,-0.0093
9033,39,East,Salaried,Construction,2026Q1,82177.3,537.0,24.87,33.7,49.37,131257.43,0.5188,0.2266,0,0.0292,0.156,-0.0593,-0.0374,0.0,-0.0225
9034,31,South,Business,Transport,2026Q1,126286.37,731.0,42.72,37.43,10.6,320331.86,0.3828,0.09486,0,0.0224,-0.0878,0.0036,-0.0109,0.0,0.0
9035,61,North,SelfEmployed,Retail,2026Q1,102675.94,579.0,64.09,49.28,17.36,111794.66,0.5202,0.3084,0,-0.1016,0.1362,0.0908,-0.0018,0.0,0.0591
9036,66,West,Salaried,Healthcare,2026Q1,89209.96,489.0,41.73,67.48,41.96,204291.51,0.5571,0.35847,1,-0.1441,0.2806,0.008,0.0476,0.0276,-0.0284
9037,37,West,SelfEmployed,IT,2026Q1,32910.21,554.0,80.35,28.21,55.09,40783.67,0.4396,0.53859,0,0.0555,0.2548,0.1985,-0.0624,0.0296,0.0745
9038,56,North,Business,Retail,2026Q1,137132.49,,,29.97,69.28,411570.82,0.4065,0.05289,0,-0.0181,0.0038,-0.0274,-0.0137,0.0,0.0
9039,55,North,Business,Retail,2026Q1,119779.9,723.0,54.77,60.3,62.95,170156.5,0.5003,0.05726,0,-0.0201,-0.0723,0.0166,0.0075,0.0,0.0
9040,50,West,SelfEmployed,Healthcare,2026Q1,80877.13,678.0,57.5,35.67,32.89,264325.08,0.3583,0.1356,0,-0.0179,-0.0418,0.0375,-0.0222,0.014,0.0328
9041,37,North,SelfEmployed,IT,2026Q1,82986.67,686.0,30.27,40.32,89.92,48880.32,0.6082,0.09531,1,0.0194,-0.0438,-0.0199,-0.0115,0.0,0.0252
9042,55,West,SelfEmployed,Construction,2026Q1,85100.66,532.0,47.18,55.11,83.52,255642.1,0.4242,0.34716,1,-0.0694,0.2566,0.0346,0.0149,0.029,0.0711
9043,64,South,Business,Construction,2026Q1,87524.84,673.0,12.55,13.29,57.28,54854.12,0.5504,0.02555,0,-0.0159,-0.0066,-0.0165,-0.0126,0.0,0.0
9044,65,East,Business,Healthcare,2026Q1,102453.57,,48.85,66.59,78.01,181958.55,0.3996,0.17653,0,-0.0929,0.0613,0.0232,0.0259,0.0,0.0
9045,55,North,Business,Healthcare,2026Q1,116048.12,,40.89,33.31,43.08,228390.46,0.3168,0.03121,0,-0.0103,-0.049,0.0006,-0.0071,0.0,0.0
9046,59,South,Salaried,Retail,2026Q1,95771.12,649.0,53.67,90.7,53.77,319400.07,0.4917,0.16781,0,-0.0588,0.0014,0.0327,0.0541,0.0,-0.0164
9047,30,East,Business,IT,2026Q1,74185.11,644.0,57.23,88.87,19.45,179524.36,0.3972,0.36062,0,0.0875,0.0147,0.0729,0.0962,0.0,0.0
9048,56,West,SelfEmployed,Healthcare,2026Q1,106230.17,523.0,44.74,78.93,45.15,278530.03,0.2764,0.44092,1,-0.0764,0.3018,0.0237,0.0859,0.03,0.0744
9049,57,East,Business,Manufacturing,2026Q1,96597.25,661.0,29.45,31.08,52.96,143597.57,0.5025,0.05823,0,-0.0203,-0.0066,-0.012,-0.0131,0.0,0.0
9050,46,South,Salaried,Construction,2026Q1,99883.25,576.0,26.23,24.89,75.46,232620.92,0.5002,0.14104,1,-0.0033,0.0701,-0.0354,-0.0391,0.0,-0.0146
9051,51,East,Business,Transport,2026Q1,78114.52,664.0,29.81,42.77,76.61,108489.94,0.2831,0.06824,0,-0.012,-0.0109,-0.0148,-0.006,0.0,0.0
9052,44,North,Business,IT,2026Q1,84221.41,605.0,52.84,66.58,36.72,202930.23,0.3452,0.21561,0,0.0055,0.0871,0.0481,0.0378,0.0,0.0
9053,33,East,Salaried,IT,2026Q1,80091.9,,52.48,66.01,41.62,175243.4,0.441,0.50053,0,0.0735,0.1466,0.0555,0.0431,0.0,-0.0281
9054,57,South,Business,IT,2026Q1,115344.92,653.0,11.97,44.18,52.72,346868.2,0.392,0.046,0,-0.0185,-0.0016,-0.0343,-0.0034,0.0,0.0
9055,71,West,Business,Manufacturing,2026Q1,102866.57,629.0,77.08,0.0,86.56,87643.17,0.5218,0.0927,0,-0.0878,0.0191,0.0502,-0.069,0.0104,0.0
9056,40,West,Salaried,Manufacturing,2026Q1,56358.12,533.0,52.74,51.27,78.77,70254.23,0.5117,0.44852,1,0.0341,0.2606,0.0614,0.0037,0.0293,-0.0297
9057,51,East,Salaried,Manufacturing,2026Q1,91228.25,,40.04,13.9,66.5,103047.62,0.3714,0.02866,0,-0.0054,-0.034,0.0,-0.0159,0.0,-0.0038
9058,35,East,Salaried,Healthcare,2026Q1,93397.96,604.0,35.93,53.99,68.67,83118.77,0.3559,0.1883,0,0.0429,0.0722,-0.0139,0.0079,0.0,-0.0207
9059,52,West,Salaried,Transport,2026Q1,99130.95,676.0,40.92,47.62,62.26,151750.14,0.3065,0.09639,0,-0.0157,-0.0237,0.0013,-0.0021,0.0084,-0.0093
9060,43,East,Business,IT,2026Q1,68520.88,610.0,67.0,25.46,67.95,185425.32,0.5122,0.1857,0,0.0098,0.0687,0.0817,-0.0562,0.0,0.0
9061,48,South,Salaried,IT,2026Q1,67183.83,,60.8,87.18,42.86,70704.3,0.3694,0.39166,1,-0.0207,0.215,0.0978,0.1044,0.0,-0.0296
9062,61,North,Business,Transport,2026Q1,86450.83,605.0,46.3,49.86,48.22,80386.08,0.4258,0.13011,0,-0.0646,0.0511,0.0149,-0.0002,0.0,0.0
9063,53,West,Business,Construction,2026Q1,124297.6,656.0,64.1,63.56,42.93,230494.24,0.421,0.19599,0,-0.0363,-0.0102,0.0624,0.0234,0.0175,0.0
9064,49,North,Salaried,Construction,2026Q1,79095.44,782.0,60.42,71.32,83.3,39183.08,0.2712,0.06163,0,-0.0055,-0.131,0.0158,0.0106,0.0,-0.0059
9065,40,West,Salaried,Transport,2026Q1,66578.95,687.0,44.82,31.24,94.42,72870.67,0.4377,0.07227,0,0.0105,-0.0384,0.0074,-0.0197,0.0091,-0.0101
9066,58,West,Salaried,Transport,2026Q1,93233.37,581.0,65.51,53.8,59.81,116676.66,0.5263,0.26872,0,-0.0772,0.1221,0.0881,0.0089,0.0229,-0.0242
9067,38,West,SelfEmployed,Construction,2026Q1,86814.58,515.0,68.46,16.38,91.93,195640.48,0.4717,0.5006,1,0.0484,0.3414,0.1413,-0.0941,0.0295,0.0743
9068,65,East,Salaried,IT,2026Q1,87522.11,620.0,66.72,45.49,74.81,236120.78,0.3335,0.12143,0,-0.0816,0.0351,0.0527,-0.0066,0.0,-0.015
9069,51,South,Business,Transport,2026Q1,102076.23,622.0,56.88,32.14,57.98,101806.47,0.4988,0.15207,0,-0.0234,0.0364,0.0395,-0.0304,0.0,0.0
9070,39,East,Business,Manufacturing,2026Q1,88014.03,685.0,56.3,45.92,20.76,157223.61,0.3609,0.13611,0,0.018,-0.0504,0.0329,-0.0057,0.0,0.0
9071,33,West,SelfEmployed,Manufacturing,2026Q1,103340.01,708.0,34.07,44.73,100.0,132427.84,0.3337,0.0811,1,0.0307,-0.0839,-0.0129,-0.0067,0.0119,0.0278
9072,46,East,Salaried,Construction,2026Q1,78134.01,,16.93,30.63,79.29,60384.42,0.5963,0.04097,0,-0.0014,-0.0062,-0.0278,-0.0126,0.0,-0.0062
9073,46,South,Salaried,Healthcare,2026Q1,84762.77,683.0,52.24,68.35,58.56,61304.38,0.2723,0.13019,0,-0.003,-0.0438,0.0235,0.0213,0.0,-0.0132
9074,55,East,Salaried,Manufacturing,2026Q1,74248.31,604.0,44.24,59.14,61.47,151762.16,0.348,0.17897,0,-0.0415,0.0574,0.0111,0.0143,0.0,-0.0169
9075,39,North,Salaried,Transport,2026Q1,60086.56,677.0,41.76,45.52,89.63,77390.36,0.4467,0.08814,0,0.0139,-0.0296,0.0031,-0.0049,0.0,-0.0111
9076,59,West,Salaried,Construction,2026Q1,97494.96,,25.7,100.0,53.58,148989.37,0.4187,0.11718,0,-0.0505,0.0118,-0.0355,0.0535,0.0128,-0.014
9077,22,West,Salaried,Healthcare,2026Q1,39488.4,754.0,59.87,23.17,31.47,123275.4,0.4088,0.07564,0,0.0385,-0.141,0.0263,-0.0287,0.0089,-0.0098
9078,51,South,SelfEmployed,Transport,2026Q1,96000.99,633.0,45.04,20.37,88.17,134386.27,0.4494,0.16035,0,-0.0204,0.02,0.0111,-0.0462,0.0,0.0307
9079,42,South,Business,Construction,2026Q1,84581.55,605.0,31.45,80.2,48.41,130372.94,0.4315,0.25827,0,0.0148,0.0773,-0.0321,0.0589,0.0,0.0
9080,51,West,Business,Manufacturing,2026Q1,108050.61,670.0,37.07,68.07,51.08,260579.04,0.5063,0.14436,0,-0.018,-0.024,-0.006,0.02,0.0115,0.0
9081,63,South,Salaried,Retail,2026Q1,57589.77,722.0,30.62,73.22,26.02,156372.3,0.4694,0.04543,0,-0.0225,-0.0406,-0.0072,0.0086,0.0,-0.0045
9082,60,East,Salaried,Healthcare,2026Q1,116090.73,673.0,42.88,79.86,88.75,271656.03,0.403,0.08742,0,-0.0404,-0.0227,0.0046,0.0251,0.0,-0.0102
9083,54,East,Salaried,IT,2026Q1,55007.97,648.0,47.75,78.72,78.24,20000.0,0.4094,0.13658,0,-0.0335,0.0027,0.0178,0.037,0.0,-0.0152
9084,65,East,Salaried,Transport,2026Q1,126861.85,615.0,55.64,30.21,24.31,123718.1,0.4651,0.1048,0,-0.0641,0.0304,0.0254,-0.024,0.0,-0.0116
9085,65,North,Business,IT,2026Q1,110979.94,558.0,18.71,45.04,79.08,253253.91,0.4456,0.11968,0,-0.0732,0.0733,-0.053,-0.0065,0.0,0.0
9086,67,East,Business,IT,2026Q1,120654.14,699.0,50.16,63.74,74.62,174831.61,0.5152,0.06769,0,-0.0463,-0.0391,0.0106,0.0088,0.0,0.0
9087,43,West,Salaried,IT,2026Q1,74000.9,699.0,23.16,18.85,85.26,177930.61,0.4876,0.04472,0,0.0022,-0.0275,-0.0156,-0.0176,0.0045,-0.005
9088,58,West,Business,Retail,2026Q1,104754.52,475.0,41.14,32.69,48.5,233597.28,0.5327,0.43687,0,-0.0891,0.3036,0.0054,-0.0503,0.0281,0.0
9089,58,East,Salaried,Transport,2026Q1,71145.5,560.0,54.62,87.48,24.28,136754.33,0.5699,0.30093,0,-0.0849,0.1759,0.0613,0.0912,0.0,-0.0271
9090,50,North,Salaried,IT,2026Q1,92318.35,667.0,44.26,22.45,49.17,259130.43,0.4658,0.07106,0,-0.0092,-0.0126,0.0051,-0.0237,0.0,-0.0078
9091,61,East,Salaried,Transport,2026Q1,99010.27,584.0,14.98,59.25,30.12,180826.76,0.4625,0.09413,0,-0.0487,0.0496,-0.0555,0.0097,0.0,-0.0115
9092,50,East,Salaried,Healthcare,2026Q1,88748.73,656.0,40.37,49.4,82.28,202519.87,0.4252,0.10917,0,-0.0125,-0.0057,0.0006,-0.0006,0.0,-0.0106
9093,34,West,Salaried,Transport,2026Q1,93643.07,551.0,72.96,58.28,10.72,127115.92,0.4789,0.46089,0,0.0768,0.2587,0.1627,0.0247,0.0298,-0.0295
9094,64,West,Business,IT,2026Q1,83487.79,,64.42,20.83,54.43,101053.31,0.5829,0.24493,0,-0.1054,0.126,0.0734,-0.0665,0.0201,0.0
9095,43,East,Salaried,Manufacturing,2026Q1,76275.85,,87.04,59.09,40.31,146459.94,0.4918,0.51541,0,0.0138,0.2851,0.2282,0.027,0.0,-0.0293
9096,31,East,Salaried,IT,2026Q1,37214.99,610.0,49.03,10.89,47.46,76140.37,0.3381,0.17687,0,0.0505,0.0557,0.025,-0.0793,0.0,-0.0183
9097,75,East,Salaried,Transport,2026Q1,124629.05,618.0,,40.86,54.02,369756.06,0.3857,0.06224,0,-0.0694,0.0172,-0.0043,-0.0066,0.0,-0.0072
9098,38,South,Salaried,Healthcare,2026Q1,83477.32,536.0,41.5,45.4,68.28,66918.05,0.5467,0.31376,1,0.0428,0.2139,0.0067,-0.0126,0.0,-0.0276
9099,57,South,Salaried,Construction,2026Q1,83155.04,,50.53,53.3,60.43,243033.88,0.4056,0.2459,0,-0.07,0.1586,0.0387,0.0076,0.0,-0.0239
9100,38,West,SelfEmployed,IT,2026Q1,94298.54,,43.12,74.87,58.91,125803.92,0.4679,0.43664,0,0.0471,0.1508,0.0152,0.0708,0.029,0.0712
9101,45,West,SelfEmployed,Construction,2026Q1,93601.18,594.0,59.21,29.02,54.32,147779.65,0.4959,0.30474,1,0.0,0.1158,0.0764,-0.0566,0.0253,0.0608
9102,42,West,Business,Transport,2026Q1,62170.59,565.0,56.62,68.34,85.72,173052.49,0.4738,0.44978,0,0.0205,0.2031,0.0793,0.0531,0.0292,0.0
9103,39,South,Salaried,Healthcare,2026Q1,83024.94,659.0,24.93,79.37,74.5,83562.95,0.416,0.14501,0,0.0172,-0.0112,-0.0367,0.0336,0.0,-0.0137
9104,60,East,SelfEmployed,Retail,2026Q1,82707.63,589.0,61.87,31.97,46.52,142875.72,0.3759,0.22897,0,-0.0837,0.0994,0.0696,-0.0411,0.0,0.0497
9105,75,South,Business,Retail,2026Q1,121446.16,628.0,50.61,11.67,31.99,169927.45,0.4913,0.06766,0,-0.0664,0.0118,0.0105,-0.0306,0.0,0.0
9106,50,West,SelfEmployed,Healthcare,2026Q1,106030.35,646.0,,40.9,63.34,286400.74,0.3476,0.2228,1,-0.0275,0.0083,0.1056,-0.0213,0.0221,0.0528
9107,30,South,Business,Retail,2026Q1,78978.8,557.0,64.18,73.66,62.3,90511.43,0.4975,0.65448,0,0.1045,0.2467,0.1203,0.0706,0.0,0.0
9108,39,South,Salaried,Manufacturing,2026Q1,70026.34,654.0,65.79,75.8,44.08,42083.7,0.2653,0.20541,0,0.0298,-0.0082,0.0829,0.0528,0.0,-0.0229
9109,41,South,Salaried,Healthcare,2026Q1,98588.21,629.0,46.74,32.32,45.32,232172.97,0.373,0.12573,0,0.0131,0.0258,0.0156,-0.0278,0.0,-0.0152
9110,51,North,Salaried,Healthcare,2026Q1,85185.9,624.0,27.01,51.52,68.11,189626.37,0.4418,0.11983,0,-0.0162,0.023,-0.026,0.0016,0.0,-0.0114
9111,45,East,Salaried,IT,2026Q1,71960.87,561.0,69.05,64.28,100.0,119398.58,0.4505,0.44608,0,0.0,0.2049,0.1311,0.0409,0.0,-0.0294
9112,73,East,Salaried,Manufacturing,2026Q1,73321.02,,60.03,70.2,86.98,118423.91,0.4765,0.07921,0,-0.0748,-0.025,0.0231,0.0149,0.0,-0.0086
9113,49,North,Business,Healthcare,2026Q1,95645.92,506.0,75.16,64.38,43.96,276629.21,0.3292,0.59646,1,-0.0266,0.3642,0.1739,0.0421,0.0,0.0
9114,59,East,Salaried,Manufacturing,2026Q1,101784.98,608.0,40.42,79.39,61.44,171903.25,0.3799,0.14416,0,-0.0606,0.0536,0.0011,0.0425,0.0,-0.017
9115,48,West,SelfEmployed,Manufacturing,2026Q1,114203.6,560.0,53.65,65.64,67.81,267397.99,0.3754,0.39818,1,-0.0209,0.2194,0.0666,0.0461,0.0296,0.0731
9116,50,East,Business,Retail,2026Q1,67958.72,589.0,48.96,47.26,71.63,197423.48,0.533,0.23634,0,-0.0249,0.0936,0.0291,-0.0057,0.0,0.0
9117,46,East,Salaried,Retail,2026Q1,85581.9,521.0,37.83,53.94,93.96,221841.49,0.4021,0.36629,0,-0.0063,0.2277,-0.0098,0.0105,0.0,-0.0273
9118,50,East,Business,Manufacturing,2026Q1,108504.77,569.0,21.76,53.18,54.72,266348.25,0.4402,0.19199,0,-0.0215,0.0967,-0.0599,0.0055,0.0,0.0
9119,45,East,Business,Manufacturing,2026Q1,83988.15,542.0,42.81,63.13,42.15,82096.67,0.4804,0.35799,0,0.0,0.2165,0.0129,0.0357,0.0,0.0
9120,50,North,Business,Retail,2026Q1,125974.22,515.0,35.44,16.88,63.35,137329.16,0.4277,0.31303,0,-0.0272,0.1804,-0.0175,-0.0817,0.0,0.0
9121,44,West,Business,Transport,2026Q1,75606.79,653.0,68.23,35.13,42.43,57881.24,0.4679,0.20497,0,0.0043,-0.0051,0.0724,-0.029,0.0178,0.0
9122,75,West,Business,IT,2026Q1,151577.28,568.0,53.83,55.92,61.27,249759.13,0.4075,0.19902,0,-0.1642,0.1053,0.0397,0.0109,0.0181,0.0
9123,54,West,SelfEmployed,IT,2026Q1,95201.27,603.0,40.24,67.43,46.92,110364.79,0.3,0.27114,1,-0.0512,0.0865,0.0009,0.0381,0.0224,0.0533
9124,56,South,SelfEmployed,Transport,2026Q1,108370.86,641.0,67.24,68.89,74.16,239077.18,0.3523,0.32574,0,-0.0623,0.0182,0.0886,0.0403,0.0,0.0523
9125,48,East,Salaried,Manufacturing,2026Q1,71980.67,636.0,62.53,0.0,86.82,88823.41,0.2841,0.09193,0,-0.0081,0.0135,0.0352,-0.0708,0.0,-0.0118
9126,34,East,Salaried,IT,2026Q1,39084.59,607.0,50.82,74.85,37.79,20000.0,0.4539,0.28724,0,0.0625,0.0924,0.0448,0.0606,0.0,-0.0265
9127,35,West,Salaried,IT,2026Q1,65745.08,570.0,48.21,51.33,39.81,193233.05,0.4451,0.35871,1,0.061,0.1681,0.0365,0.0036,0.0269,-0.0278
9128,48,West,Salaried,Construction,2026Q1,90951.84,590.0,33.08,14.93,39.8,79474.52,0.4262,0.12551,0,-0.0096,0.0568,-0.0161,-0.0542,0.0127,-0.0139
9129,48,East,Business,Manufacturing,2026Q1,84551.92,630.0,51.75,33.29,53.59,214438.45,0.4757,0.16228,0,-0.0107,0.0251,0.0267,-0.0266,0.0,0.0
9130,54,West,Salaried,Transport,2026Q1,79652.41,688.0,45.92,12.71,78.33,132921.59,0.4606,0.05063,0,-0.0134,-0.0239,0.0053,-0.026,0.0054,-0.006
9131,52,East,Salaried,Transport,2026Q1,84393.17,459.0,67.42,55.65,30.22,63249.28,0.414,0.64269,1,-0.0455,0.4498,0.1352,0.0162,0.0,-0.0281
9132,45,West,Business,Manufacturing,2026Q1,64264.45,644.0,55.71,39.68,65.89,90755.99,0.4547,0.20412,0,0.0,0.0092,0.0402,-0.0183,0.0164,0.0
9133,75,West,SelfEmployed,Construction,2026Q1,106485.92,536.0,43.4,37.26,93.4,157346.3,0.3816,0.22715,0,-0.1794,0.1522,0.0119,-0.0283,0.0206,0.049
9134,54,West,Business,Healthcare,2026Q1,103480.93,582.0,69.3,97.92,42.11,232522.41,0.322,0.53355,1,-0.0629,0.1721,0.138,0.1356,0.0296,0.0
9135,45,East,Salaried,Retail,2026Q1,67066.67,602.0,39.38,60.69,47.18,126728.98,0.538,0.19253,1,0.0,0.0696,-0.0019,0.0193,0.0,-0.0194
9136,46,East,Business,Healthcare,2026Q1,114830.43,609.0,41.68,70.56,47.51,283562.49,0.4309,0.24471,1,-0.0049,0.0685,0.0058,0.0399,0.0,0.0
9137,58,North,Salaried,Manufacturing,2026Q1,92375.29,574.0,50.35,43.09,89.22,107499.83,0.494,0.18478,1,-0.0615,0.096,0.0294,-0.0129,0.0,-0.0189
9138,48,East,Business,Construction,2026Q1,55915.54,695.0,58.81,49.12,62.52,159167.7,0.3145,0.08662,0,-0.008,-0.0556,0.03,-0.001,0.0,0.0
9139,60,West,Business,Transport,2026Q1,95893.67,655.0,55.39,46.58,77.42,238302.73,0.4538,0.10978,0,-0.0502,-0.0057,0.0279,-0.0043,0.0117,0.0
9140,49,South,Salaried,Transport,2026Q1,67709.63,586.0,77.93,69.35,47.97,154881.21,0.4303,0.45398,0,-0.0267,0.1475,0.1571,0.053,0.0,-0.0287
9141,46,East,SelfEmployed,Healthcare,2026Q1,70082.08,724.0,58.17,69.1,77.92,77869.63,0.3962,0.10333,0,-0.0032,-0.1223,0.0359,0.0238,0.0,0.0304
9142,34,East,Business,Healthcare,2026Q1,109364.46,568.0,19.97,50.94,57.54,189945.11,0.5862,0.28729,0,0.0523,0.1283,-0.0812,0.0021,0.0,0.0
9143,61,South,Business,IT,2026Q1,117237.32,564.0,52.22,29.35,93.97,236933.08,0.3071,0.14512,0,-0.0783,0.1061,0.0347,-0.041,0.0,0.0
9144,38,South,Salaried,Manufacturing,2026Q1,63445.22,624.0,50.22,78.35,77.21,170007.39,0.4807,0.26887,1,0.036,0.0512,0.0374,0.0601,0.0,-0.0238
9145,58,West,SelfEmployed,Manufacturing,2026Q1,87835.13,577.0,34.71,50.96,93.34,251686.81,0.5461,0.27585,0,-0.0714,0.1137,-0.0195,0.0021,0.0208,0.0495
9146,43,North,Business,Retail,2026Q1,84075.65,643.0,45.81,8.41,82.02,234482.45,0.4697,0.07754,0,0.0049,0.0067,0.01,-0.0546,0.0,0.0
9147,59,South,Salaried,Transport,2026Q1,78679.92,596.0,27.79,100.0,42.7,188115.47,0.5307,0.1611,0,-0.0654,0.0721,-0.039,0.0727,0.0,-0.0184
9148,64,East,SelfEmployed,Healthcare,2026Q1,89143.23,,53.15,56.41,93.29,177777.52,0.3675,0.18502,0,-0.0817,0.0149,0.0308,0.0096,0.0,0.0347
9149,42,West,Salaried,Healthcare,2026Q1,83001.23,,46.81,50.33,93.14,102449.34,0.4581,0.31422,1,0.0185,0.185,0.0297,0.0009,0.0262,-0.0273
9150,41,North,SelfEmployed,Retail,2026Q1,43848.99,739.0,33.03,7.47,33.07,86505.7,0.4638,0.03901,0,0.0041,-0.0604,-0.0058,-0.0252,0.0,0.0102
9151,74,South,Business,Manufacturing,2026Q1,127041.03,582.0,40.86,66.16,58.68,352531.02,0.4035,0.13518,0,-0.1292,0.0691,0.0021,0.022,0.0,0.0
9152,55,West,SelfEmployed,Construction,2026Q1,66149.75,,67.82,17.67,44.56,202887.81,0.2877,0.07078,1,-0.0251,-0.0748,0.0354,-0.0363,0.0091,0.0212
9153,58,North,Business,Construction,2026Q1,112505.55,524.0,50.25,87.84,67.57,165414.51,0.6595,0.4445,0,-0.0906,0.2727,0.0495,0.1064,0.0,0.0
9154,35,North,Salaried,IT,2026Q1,86787.98,738.0,43.69,0.0,63.7,39809.05,0.4497,0.04557,0,0.0086,-0.0537,0.0025,-0.0278,0.0,-0.0044
9155,39,North,Salaried,Transport,2026Q1,52451.77,608.0,37.07,66.69,70.3,160665.26,0.502,0.22072,0,0.0269,0.0677,-0.01,0.0318,0.0,-0.0209
9156,52,West,SelfEmployed,Construction,2026Q1,77745.27,600.0,58.13,81.7,47.54,55207.88,0.4474,0.4488,0,-0.0476,0.1211,0.0824,0.0862,0.0282,0.0689
9157,46,West,SelfEmployed,IT,2026Q1,103049.89,444.0,61.64,53.62,30.55,175069.21,0.5477,0.75691,0,-0.005,0.5125,0.0862,0.0079,0.0222,0.058
9158,39,East,Business,Transport,2026Q1,80559.69,,,51.01,36.89,163161.51,0.4324,0.51205,0,0.0419,0.2962,0.0995,0.003,0.0,0.0
9159,53,West,Salaried,IT,2026Q1,69731.44,,58.76,55.0,74.5,119710.28,0.4716,0.3862,1,-0.0522,0.1961,0.0793,0.0134,0.0266,-0.0276
9160,31,North,Salaried,Manufacturing,2026Q1,50966.36,,65.25,9.43,43.3,45435.02,0.4809,0.39761,0,0.0883,0.2296,0.1115,-0.1199,0.0,-0.0289
9161,53,North,Salaried,IT,2026Q1,127297.12,658.0,43.12,36.05,29.81,289658.33,0.4569,0.06453,0,-0.0175,-0.0065,0.0043,-0.0127,0.0,-0.0089
9162,40,East,Salaried,Healthcare,2026Q1,63166.0,585.0,36.87,54.52,42.71,93700.15,0.4184,0.20498,0,0.0237,0.1015,-0.0112,0.0094,0.0,-0.0218
9163,58,West,SelfEmployed,Transport,2026Q1,105419.13,615.0,54.18,67.24,77.33,364660.54,0.4172,0.26818,0,-0.0767,0.0681,0.0515,0.0383,0.0227,0.0543
9164,51,North,Salaried,Healthcare,2026Q1,93713.58,629.0,50.31,67.52,41.86,155723.86,0.489,0.19173,0,-0.025,0.0301,0.0271,0.0276,0.0,-0.0176
9165,56,South,Salaried,Healthcare,2026Q1,114658.14,398.0,44.55,25.96,69.28,364114.93,0.5419,0.54172,0,-0.0745,0.4782,0.0226,-0.07,0.0,-0.0295
9166,65,North,Salaried,Retail,2026Q1,129374.84,595.0,49.36,65.24,60.29,144787.71,0.5174,0.18596,0,-0.0902,0.0659,0.0236,0.0231,0.0,-0.0168
9167,43,West,Salaried,Transport,2026Q1,40939.95,755.0,80.4,63.76,62.49,69534.4,0.2962,0.14934,0,0.0054,-0.1733,0.0585,0.0153,0.0113,-0.0125
9168,39,South,Salaried,Construction,2026Q1,97326.19,688.0,54.06,3.12,67.76,75636.92,0.4662,0.08354,0,0.01,-0.0322,0.016,-0.0461,0.0,-0.0081
9169,63,East,Business,Manufacturing,2026Q1,110326.77,647.0,60.41,14.27,30.6,337529.15,0.3513,0.07448,0,-0.0459,0.0024,0.0254,-0.0378,0.0,0.0
9170,69,North,SelfEmployed,IT,2026Q1,87707.44,624.0,25.45,68.7,65.46,98113.85,0.5513,0.10373,0,-0.0842,0.0248,-0.0316,0.0199,0.0,0.0259
9171,64,East,Salaried,Healthcare,2026Q1,111317.56,,67.41,48.22,52.06,88232.6,0.4112,0.07499,0,-0.0378,-0.0519,0.0243,-0.0012,0.0,-0.0071
9172,24,North,Business,Transport,2026Q1,56460.17,655.0,49.37,73.14,52.82,179952.81,0.4224,0.28867,0,0.102,-0.0112,0.0361,0.0522,0.0,0.0
9173,57,West,Salaried,Healthcare,2026Q1,110700.37,,50.81,91.22,50.22,304564.45,0.4594,0.257,0,-0.0689,0.0841,0.0389,0.0825,0.0222,-0.0235
9174,40,East,Salaried,Construction,2026Q1,65240.39,,44.58,76.32,54.24,131059.92,0.4619,0.19258,1,0.0213,0.0185,0.0141,0.0454,0.0,-0.0197
9175,60,East,Salaried,Manufacturing,2026Q1,109482.27,670.0,29.24,37.21,66.64,108031.92,0.4944,0.03802,0,-0.0215,-0.0102,-0.01,-0.0069,0.0,-0.0053
9176,47,South,Business,Manufacturing,2026Q1,106756.59,701.0,23.48,38.97,74.94,172959.24,0.5078,0.03911,0,-0.0025,-0.032,-0.0169,-0.0062,0.0,0.0
9177,46,North,Business,Retail,2026Q1,70758.58,520.0,35.55,46.05,77.32,192388.8,0.3362,0.31772,0,-0.0063,0.2276,-0.0201,-0.0106,0.0,0.0
9178,46,East,Salaried,Manufacturing,2026Q1,52128.95,624.0,95.0,61.06,100.0,109303.02,0.4184,0.34071,0,-0.0065,0.0629,0.2019,0.0299,0.0,-0.0281
9179,43,South,Business,Retail,2026Q1,92834.53,681.0,72.69,75.0,61.37,80241.02,0.3792,0.23644,0,0.0094,-0.0635,0.0911,0.0467,0.0,0.0
9180,36,East,Salaried,Manufacturing,2026Q1,59751.87,575.0,50.64,10.66,84.34,143011.59,0.398,0.21215,0,0.0405,0.111,0.0346,-0.092,0.0,-0.0214
9181,46,North,Salaried,Healthcare,2026Q1,89423.32,602.0,54.51,51.16,48.3,239709.17,0.3427,0.22052,0,-0.0048,0.0774,0.0458,0.0024,0.0,-0.0213
9182,51,East,Salaried,Construction,2026Q1,77793.9,727.0,72.29,68.8,41.73,48727.25,0.4045,0.09196,0,-0.016,-0.1046,0.0443,0.0183,0.0,-0.0112
9183,66,West,SelfEmployed,Manufacturing,2026Q1,87871.64,631.0,51.76,76.5,50.12,206216.16,0.3353,0.19543,0,-0.112,0.032,0.0357,0.047,0.0189,0.0446
9184,56,East,Business,Transport,2026Q1,107734.81,564.0,17.77,76.36,42.89,322644.84,0.5342,0.19974,0,-0.0522,0.1073,-0.0783,0.0443,0.0,0.0
9185,47,North,Salaried,Healthcare,2026Q1,41067.24,518.0,68.6,10.66,82.44,51955.46,0.4151,0.2564,0,-0.013,0.2438,0.1191,-0.1142,0.0,-0.0281
9186,46,East,Salaried,IT,2026Q1,53593.93,,49.11,10.04,95.32,164225.99,0.4743,0.15549,0,-0.0031,0.0429,0.0188,-0.063,0.0,-0.0139
9187,21,West,SelfEmployed,Construction,2026Q1,44338.82,575.0,51.76,59.08,72.55,75421.67,0.3913,0.57037,1,0.1664,0.2029,0.0582,0.0268,0.0295,0.0744
9188,46,West,Salaried,Manufacturing,2026Q1,34365.56,701.0,47.69,86.75,59.46,39690.21,0.3432,0.10713,0,-0.0031,-0.0753,0.0159,0.0409,0.0126,-0.0137
9189,51,East,Salaried,Retail,2026Q1,88533.44,565.0,44.69,54.3,61.32,244855.42,0.426,0.20368,0,-0.0319,0.1293,0.0166,0.0093,0.0,-0.0225
9190,43,East,Salaried,Transport,2026Q1,59417.53,676.0,60.96,47.9,67.21,137783.47,0.3412,0.13085,0,0.0062,-0.0358,0.0404,-0.0029,0.0,-0.0141
9191,44,South,Business,Construction,2026Q1,94937.53,614.0,50.56,22.07,95.39,97773.46,0.5273,0.10219,0,0.0037,0.0467,0.0265,-0.0506,0.0,0.0
9192,23,West,SelfEmployed,Manufacturing,2026Q1,78232.67,584.0,51.82,32.83,79.83,184835.59,0.4758,0.5175,0,0.145,0.1682,0.0579,-0.0514,0.0296,0.0731
9193,35,South,Business,Healthcare,2026Q1,105414.43,596.0,34.58,28.01,97.31,272561.85,0.5063,0.16877,1,0.0395,0.0754,-0.0173,-0.044,0.0,0.0
9194,38,East,Business,Retail,2026Q1,99664.66,701.0,85.39,42.64,55.05,276670.53,0.3825,0.22066,0,0.0275,-0.0989,0.1002,-0.0136,0.0,0.0
9195,42,East,Business,Manufacturing,2026Q1,60061.37,669.0,69.3,34.4,57.36,168836.92,0.506,0.17209,0,0.0108,-0.0298,0.0633,-0.0265,0.0,0.0
9196,21,North,Salaried,Manufacturing,2026Q1,38751.94,631.0,64.46,61.43,66.67,27590.65,0.4792,0.35898,0,0.1376,0.0468,0.1041,0.0311,0.0,-0.0282
9197,48,East,Business,Manufacturing,2026Q1,63015.25,574.0,73.81,76.4,43.51,129855.73,0.3843,0.48323,0,-0.0209,0.188,0.156,0.0765,0.0,0.0
9198,49,East,Business,Manufacturing,2026Q1,78684.42,666.0,,42.03,78.2,121578.0,0.4332,0.09662,0,-0.0112,-0.018,0.0187,-0.0095,0.0,0.0
9199,55,South,Salaried,Construction,2026Q1,111982.17,624.0,64.64,36.82,48.33,203045.05,0.4966,0.14397,0,-0.0394,0.0331,0.0529,-0.0214,0.0,-0.016
9200,45,North,Business,Retail,2026Q1,96965.39,587.0,61.87,35.41,34.63,133119.51,0.4122,0.33901,1,0.0,0.1139,0.0772,-0.0359,0.0,0.0
9201,59,East,Salaried,Manufacturing,2026Q1,107106.81,,50.58,87.17,100.0,167349.87,0.5189,0.34875,0,-0.0909,0.1823,0.0445,0.0891,0.0,-0.0268
9202,70,West,SelfEmployed,IT,2026Q1,83053.16,577.0,47.16,23.82,86.74,206405.0,0.3382,0.19062,0,-0.1212,0.0852,0.0191,-0.0486,0.0161,0.0379
9203,35,West,SelfEmployed,Transport,2026Q1,71888.8,543.0,48.1,51.75,71.21,213218.99,0.4543,0.52617,1,0.0699,0.2715,0.0405,0.0052,0.03,0.0748
9204,36,East,Business,Retail,2026Q1,94252.38,,51.47,23.52,77.96,221951.67,0.4265,0.27715,1,0.0513,0.1673,0.0469,-0.0718,0.0,0.0
9205,54,West,Salaried,Construction,2026Q1,66560.95,,27.57,6.24,76.0,28551.36,0.4913,0.01,0,-0.0027,-0.0388,-0.0027,-0.0066,0.0011,-0.0012
9206,56,West,Business,IT,2026Q1,97470.84,491.0,58.69,38.88,57.65,90518.53,0.4108,0.41047,1,-0.0768,0.3325,0.0906,-0.0333,0.0297,0.0
9207,37,West,SelfEmployed,Transport,2026Q1,94416.18,676.0,67.39,49.88,94.56,155437.84,0.4253,0.21168,0,0.0407,-0.0587,0.0912,-0.0003,0.0224,0.0535
9208,69,West,Business,IT,2026Q1,131219.15,650.0,39.42,28.05,87.95,63884.71,0.5393,0.05906,0,-0.05,0.0,-0.0006,-0.0163,0.0063,0.0
9209,40,South,Salaried,IT,2026Q1,81614.3,509.0,40.32,26.21,76.58,216036.54,0.4976,0.31109,0,0.0307,0.2422,0.0014,-0.0667,0.0,-0.0275
9210,47,West,SelfEmployed,Healthcare,2026Q1,85691.72,673.0,37.58,21.34,31.68,94667.51,0.3525,0.10419,0,-0.005,-0.0245,-0.0043,-0.0346,0.01,0.0233
9211,57,South,Salaried,Construction,2026Q1,89376.24,758.0,42.7,42.15,32.66,188826.25,0.4499,0.02309,0,-0.0099,-0.054,0.0013,-0.0025,0.0,-0.0032
9212,66,North,Salaried,Transport,2026Q1,75397.85,616.0,30.04,43.98,70.84,259435.63,0.589,0.05324,0,-0.0506,0.0213,-0.0145,-0.005,0.0,-0.0084
9213,39,East,Salaried,IT,2026Q1,105020.57,680.0,41.21,79.82,86.46,152950.59,0.4239,0.15119,0,0.0185,-0.0436,0.0028,0.0368,0.0,-0.0147
9214,58,West,Salaried,IT,2026Q1,65133.98,,64.76,67.44,38.35,173511.18,0.5743,0.26454,0,-0.073,0.0763,0.0794,0.0364,0.0214,-0.0227
9215,49,East,Business,Manufacturing,2026Q1,118521.16,646.0,31.19,46.81,82.5,333625.98,0.4753,0.10523,1,-0.0103,0.0038,-0.0165,-0.0034,0.0,0.0
9216,34,East,Business,Retail,2026Q1,47039.29,,45.1,19.63,49.08,84658.86,0.6418,0.44576,0,0.0752,0.3343,0.0253,-0.0908,0.0,0.0
9217,43,South,Salaried,IT,2026Q1,69884.58,618.0,60.08,21.63,69.1,92519.75,0.4842,0.19921,0,0.0077,0.0436,0.0489,-0.053,0.0,-0.0174
9218,37,West,Salaried,Retail,2026Q1,76187.52,619.0,54.37,59.08,57.16,165389.27,0.6113,0.26675,1,0.0419,0.062,0.053,0.021,0.0231,-0.0244
9219,58,North,Salaried,Manufacturing,2026Q1,75156.54,588.0,57.71,97.9,52.18,55709.72,0.4187,0.3088,0,-0.0821,0.1234,0.0696,0.107,0.0,-0.026
9220,34,North,Salaried,Healthcare,2026Q1,39630.15,717.0,56.88,43.0,56.75,29764.77,0.4194,0.10389,1,0.0235,-0.0854,0.0255,-0.0075,0.0,-0.0109
9221,55,West,Salaried,Transport,2026Q1,70743.28,614.0,51.47,9.86,71.28,162376.81,0.3633,0.09021,0,-0.0307,0.0333,0.0206,-0.0569,0.0112,-0.0124
9222,50,East,Business,Transport,2026Q1,91585.44,607.0,30.17,62.93,89.11,53351.38,0.5067,0.15985,1,-0.0197,0.0539,-0.0282,0.0198,0.0,0.0
9223,54,West,Salaried,Retail,2026Q1,87685.87,593.0,49.66,73.68,49.13,127999.76,0.4669,0.24713,1,-0.0502,0.0989,0.0345,0.0495,0.0218,-0.0232
9224,50,North,Business,IT,2026Q1,93897.04,588.0,38.24,55.27,53.51,293084.67,0.5065,0.21642,1,-0.0234,0.0882,-0.0057,0.01,0.0,0.0
9225,40,West,SelfEmployed,Retail,2026Q1,82330.0,608.0,61.64,46.66,71.57,73738.78,0.4878,0.38527,0,0.032,0.0998,0.094,-0.0094,0.0275,0.0668
9226,54,North,Salaried,Transport,2026Q1,90680.55,598.0,37.88,31.16,70.87,181860.36,0.4868,0.14145,0,-0.0287,0.0475,-0.0045,-0.0255,0.0,-0.013
9227,51,North,Business,Healthcare,2026Q1,109053.84,648.0,64.4,27.9,41.25,78953.84,0.499,0.16938,0,-0.0206,0.0025,0.047,-0.0337,0.0,0.0
9228,44,South,Salaried,Healthcare,2026Q1,67373.96,655.0,49.99,57.74,12.79,86232.92,0.5064,0.13466,1,0.0034,-0.0068,0.0226,0.0109,0.0,-0.0152
9229,75,North,Business,Construction,2026Q1,124704.13,717.0,56.12,28.12,35.67,266352.01,0.4403,0.02161,0,-0.0371,-0.031,0.0082,-0.0087,0.0,0.0
9230,37,West,Salaried,Construction,2026Q1,48220.14,,,55.41,49.11,136085.92,0.4739,0.27204,1,0.0493,0.1368,0.0801,0.0147,0.0269,-0.0279
9231,56,East,Business,Transport,2026Q1,72509.15,550.0,70.35,30.2,59.03,140082.25,0.4,0.35674,1,-0.0696,0.1811,0.114,-0.0532,0.0,0.0
9232,56,West,SelfEmployed,Manufacturing,2026Q1,86106.35,629.0,62.75,68.65,77.72,117486.98,0.523,0.24704,0,-0.0664,0.0445,0.0828,0.0432,0.0237,0.0568
9233,47,North,Salaried,Construction,2026Q1,134291.92,631.0,42.75,39.06,32.11,208641.5,0.3681,0.11386,0,-0.006,0.0204,0.0057,-0.0146,0.0,-0.0133
9234,53,West,SelfEmployed,Construction,2026Q1,91556.31,682.0,60.07,45.57,55.75,237620.5,0.4027,0.17177,0,-0.0304,-0.0498,0.0436,-0.0068,0.0144,0.0338
9235,55,North,Salaried,Manufacturing,2026Q1,100722.96,524.0,56.04,57.93,90.68,130396.66,0.4788,0.37554,0,-0.0671,0.24,0.0708,0.0218,0.0,-0.0283
9236,49,North,Business,Healthcare,2026Q1,116554.4,613.0,63.69,74.16,48.8,243947.65,0.3374,0.37901,0,-0.0236,0.0764,0.0874,0.056,0.0,0.0
9237,44,West,Business,Transport,2026Q1,85091.6,696.0,51.11,64.9,83.36,95135.02,0.3142,0.14881,0,0.0031,-0.0683,0.023,0.0188,0.0129,0.0
9238,49,North,Business,Construction,2026Q1,121943.31,,73.58,50.1,77.73,310899.2,0.3606,0.14208,0,-0.0152,-0.0447,0.0692,0.0002,0.0,0.0
9239,43,West,SelfEmployed,Transport,2026Q1,91710.39,,52.6,49.17,86.59,223147.68,0.4525,0.13305,0,0.0069,-0.079,0.0288,-0.0013,0.0144,0.0337
9240,65,West,SelfEmployed,Transport,2026Q1,122248.44,594.0,24.82,23.53,47.25,399163.11,0.4765,0.12702,0,-0.0677,0.0472,-0.0333,-0.035,0.0112,0.026
9241,60,North,Salaried,Construction,2026Q1,93642.7,468.0,51.25,42.45,60.09,102809.72,0.448,0.39836,1,-0.1041,0.3259,0.0533,-0.0221,0.0,-0.0294
9242,51,West,Business,Manufacturing,2026Q1,101547.43,635.0,36.34,79.72,51.24,204011.38,0.543,0.19411,0,-0.0256,0.0226,-0.0108,0.0457,0.0167,0.0
9243,42,East,Salaried,Construction,2026Q1,99555.75,650.0,43.22,50.82,85.22,85698.18,0.3989,0.16967,0,0.0091,0.0,0.0071,0.0011,0.0,-0.0141
9244,46,East,SelfEmployed,Retail,2026Q1,76725.86,,48.16,31.55,59.99,141873.42,0.5796,0.24791,1,-0.0058,0.1415,0.0325,-0.0477,0.0,0.0579
9245,43,West,SelfEmployed,Transport,2026Q1,88781.89,642.0,57.66,64.82,60.03,189378.33,0.4094,0.26113,0,0.0116,0.0181,0.0684,0.0359,0.0245,0.0588
9246,49,West,Salaried,Transport,2026Q1,81932.87,626.0,43.58,52.03,11.05,123762.37,0.3839,0.12289,0,-0.0152,0.0314,0.0091,0.0032,0.015,-0.0163
9247,32,West,Salaried,Healthcare,2026Q1,67414.72,518.0,73.77,6.11,27.94,137293.25,0.6873,0.4417,0,0.0901,0.3117,0.1631,-0.1285,0.03,-0.0299
9248,44,West,SelfEmployed,Manufacturing,2026Q1,96326.55,688.0,50.94,29.15,80.75,309081.41,0.2524,0.1103,0,0.003,-0.0531,0.0219,-0.0299,0.0125,0.0292
9249,38,South,Salaried,Retail,2026Q1,76407.26,515.0,45.9,21.62,78.68,76063.85,0.5016,0.33939,1,0.0433,0.2423,0.0264,-0.081,0.0,-0.0278
9250,42,West,Business,IT,2026Q1,87855.64,666.0,65.59,25.23,64.23,120865.5,0.363,0.14222,1,0.0106,-0.0243,0.0555,-0.0427,0.015,0.0
9251,70,East,Salaried,Retail,2026Q1,129670.16,557.0,54.29,33.69,100.0,193102.9,0.3638,0.1647,0,-0.1173,0.096,0.0348,-0.0281,0.0,-0.0168
9252,46,North,Salaried,Construction,2026Q1,84773.46,630.0,26.79,61.86,54.89,219300.12,0.4323,0.11409,0,-0.003,0.0212,-0.0306,0.0142,0.0,-0.0132
9253,52,South,Salaried,Manufacturing,2026Q1,71736.07,625.0,31.94,26.79,74.94,218385.78,0.565,0.09424,0,-0.0158,0.0182,-0.0128,-0.0233,0.0,-0.0094
9254,47,North,Business,Transport,2026Q1,93898.37,624.0,77.25,18.58,72.03,231328.29,0.4832,0.31045,1,-0.0093,0.0428,0.0962,-0.0683,0.0,0.0
9255,57,East,Salaried,Construction,2026Q1,87822.81,692.0,49.6,64.23,80.89,198300.37,0.287,0.07353,0,-0.0271,-0.0392,0.0124,0.0111,0.0,-0.0088
9256,46,North,Salaried,Transport,2026Q1,67883.17,675.0,48.81,45.25,76.42,56236.66,0.3258,0.0877,0,-0.0024,-0.0264,0.0141,-0.005,0.0,-0.0108
9257,44,North,SelfEmployed,Healthcare,2026Q1,75957.92,565.0,,66.75,37.59,121568.33,0.4149,0.49056,1,0.007,0.2228,0.1467,0.0502,0.0,0.0748
9258,42,West,Salaried,IT,2026Q1,72133.48,622.0,49.43,50.86,39.22,67233.05,0.3622,0.16057,0,0.0133,0.0456,0.029,0.0017,0.0188,-0.0202
9259,42,West,SelfEmployed,Construction,2026Q1,91220.14,659.0,43.94,100.0,58.49,137245.66,0.5367,0.27358,0,0.0172,-0.021,0.0162,0.1085,0.0244,0.0585
9260,67,East,Business,Healthcare,2026Q1,91290.43,655.0,49.83,44.54,74.23,141728.91,0.4716,0.07812,0,-0.0565,-0.004,0.0128,-0.0048,0.0,0.0
9261,54,West,SelfEmployed,Construction,2026Q1,103194.62,655.0,44.02,29.52,97.93,289350.39,0.3892,0.117,0,-0.029,-0.0059,0.0082,-0.0283,0.012,0.028
9262,43,East,Salaried,Retail,2026Q1,71327.07,622.0,48.13,53.41,74.86,179059.31,0.4335,0.23304,0,0.0082,0.0415,0.023,0.006,0.0,-0.0186
9263,59,East,Business,Manufacturing,2026Q1,84868.84,677.0,51.26,40.84,52.91,217540.27,0.3444,0.08013,0,-0.0318,-0.0232,0.0141,-0.0079,0.0,0.0
9264,63,East,Business,Manufacturing,2026Q1,117346.11,671.0,56.39,55.32,56.84,347421.79,0.3793,0.11128,0,-0.0515,-0.0211,0.0239,0.0052,0.0,0.0
9265,42,North,Salaried,Retail,2026Q1,79719.69,642.0,45.97,41.02,77.83,150959.04,0.3347,0.12323,0,0.0093,0.0097,0.0131,-0.0128,0.0,-0.0143
9266,47,South,Business,Manufacturing,2026Q1,103949.2,604.0,48.78,74.51,54.19,266186.58,0.4525,0.21222,0,-0.011,0.086,0.0326,0.0529,0.0,0.0
9267,50,East,Salaried,Transport,2026Q1,101277.16,730.0,50.13,75.66,74.64,51724.27,0.3683,0.0805,0,-0.0097,-0.0841,0.0122,0.0177,0.0,-0.0083
9268,42,East,Salaried,Manufacturing,2026Q1,107134.35,597.0,87.61,34.85,20.86,78479.37,0.4473,0.38371,1,0.0188,0.1182,0.1768,-0.0422,0.0,-0.0277
9269,45,East,Salaried,IT,2026Q1,78344.82,558.0,56.65,63.65,37.37,101332.35,0.546,0.32172,1,0.0,0.1915,0.073,0.037,0.0,-0.0282
9270,45,South,Business,Construction,2026Q1,86989.78,597.0,7.93,67.6,70.61,226069.99,0.4346,0.10448,0,0.0,0.0575,-0.0972,0.0239,0.0,0.0
9271,48,West,SelfEmployed,Construction,2026Q1,85423.48,630.0,46.69,70.99,100.0,128632.12,0.2414,0.21175,1,-0.0168,0.0408,0.0254,0.0464,0.0228,0.0545
9272,75,West,Business,Manufacturing,2026Q1,112547.18,,28.7,17.6,48.36,348228.08,0.5874,0.07422,0,-0.0716,0.0268,-0.0147,-0.0272,0.0067,0.0
9273,40,West,SelfEmployed,Transport,2026Q1,70570.98,561.0,43.72,57.23,71.85,74079.61,0.4777,0.44297,1,0.0341,0.2115,0.0182,0.0212,0.0293,0.072
9274,34,South,Business,Construction,2026Q1,82336.1,610.0,,25.09,88.65,134156.79,0.3436,0.19207,0,0.044,0.0602,0.0133,-0.0513,0.0,0.0
9275,61,South,Business,Retail,2026Q1,78836.48,,23.47,36.77,69.49,138106.04,0.4005,0.03763,0,-0.0178,-0.0196,-0.0124,-0.0055,0.0,0.0
9276,52,West,Business,Transport,2026Q1,113314.58,,77.91,50.1,60.26,180793.47,0.5457,0.51557,0,-0.0484,0.3072,0.184,0.0003,0.03,0.0
9277,47,South,Business,Manufacturing,2026Q1,100153.69,628.0,51.01,34.38,88.47,255138.06,0.4087,0.11519,1,-0.0073,0.0284,0.026,-0.0256,0.0,0.0
9278,60,North,Salaried,Manufacturing,2026Q1,117754.23,541.0,65.19,48.27,36.11,251731.51,0.4608,0.28553,0,-0.0959,0.1899,0.0961,-0.0044,0.0,-0.0262
9279,37,South,Business,Retail,2026Q1,69266.76,543.0,37.8,66.79,18.49,86200.81,0.4512,0.53035,0,0.0526,0.2309,-0.0106,0.0474,0.0,0.0
9280,53,East,Salaried,Transport,2026Q1,110024.83,505.0,48.03,54.71,32.61,102822.77,0.6097,0.43553,1,-0.0541,0.2704,0.0371,0.0132,0.0,-0.0287
9281,48,North,Business,Construction,2026Q1,111730.41,618.0,60.11,37.7,25.49,143202.34,0.6346,0.20378,1,-0.0134,0.0491,0.0552,-0.0241,0.0,0.0
9282,50,South,Business,Manufacturing,2026Q1,79373.32,498.0,29.03,51.95,42.67,128585.92,0.558,0.32235,0,-0.0325,0.2589,-0.0515,0.0053,0.0,0.0
9283,51,South,Salaried,Retail,2026Q1,62690.26,627.0,90.1,52.76,57.2,195125.1,0.5723,0.29578,1,-0.035,0.0479,0.1546,0.0066,0.0,-0.0248
9284,75,East,SelfEmployed,Healthcare,2026Q1,118009.64,608.0,68.16,60.62,48.88,183679.29,0.3242,0.24171,0,-0.1702,0.066,0.0779,0.0202,0.0,0.0451
9285,44,West,SelfEmployed,Healthcare,2026Q1,94557.81,648.0,51.94,27.01,11.42,139865.91,0.3993,0.1912,0,0.0041,0.0032,0.0326,-0.0443,0.017,0.0401
9286,41,West,Business,IT,2026Q1,102561.55,473.0,39.08,41.93,54.8,70102.96,0.4229,0.52861,1,0.028,0.3906,-0.0046,-0.024,0.03,0.0
9287,56,South,Salaried,Construction,2026Q1,75562.42,502.0,51.98,48.38,58.54,161865.63,0.5349,0.35585,0,-0.0742,0.267,0.054,-0.0045,0.0,-0.0284
9288,61,West,SelfEmployed,Transport,2026Q1,142558.48,590.0,13.96,82.82,73.7,191983.03,0.5457,0.22435,1,-0.0788,0.0822,-0.0933,0.0536,0.0178,0.0421
9289,35,South,Salaried,Transport,2026Q1,47787.87,616.0,54.54,30.81,82.3,122578.2,0.4237,0.20576,0,0.0419,0.0543,0.0434,-0.0401,0.0,-0.0202
9290,54,East,Salaried,Transport,2026Q1,106105.14,685.0,72.33,54.02,73.41,81012.73,0.3935,0.11424,0,-0.0288,-0.0463,0.0525,0.0049,0.0,-0.0131
9291,37,South,SelfEmployed,Retail,2026Q1,46511.81,606.0,25.45,37.06,6.39,126020.91,0.4515,0.19483,0,0.0334,0.0664,-0.0506,-0.026,0.0,0.0437
9292,35,East,Business,Construction,2026Q1,68889.7,562.0,39.32,25.53,45.64,121762.31,0.3994,0.24723,0,0.0511,0.1455,-0.0027,-0.0612,0.0,0.0
9293,48,East,Business,Transport,2026Q1,110612.86,695.0,34.22,57.01,49.66,171386.65,0.2788,0.07415,0,-0.0058,-0.0408,-0.0081,0.0054,0.0,0.0
9294,43,West,SelfEmployed,Construction,2026Q1,114651.75,575.0,66.85,35.31,37.4,289051.81,0.5327,0.35325,0,0.0137,0.1812,0.1238,-0.0436,0.0291,0.0714
9295,36,South,Salaried,Construction,2026Q1,89060.8,516.0,56.77,69.93,91.61,237811.6,0.4344,0.53126,0,0.0627,0.3335,0.0836,0.0595,0.0,-0.0294
9296,41,West,SelfEmployed,Retail,2026Q1,78466.77,640.0,39.06,30.29,51.34,214423.98,0.4112,0.15465,1,0.0155,0.0152,-0.0027,-0.0365,0.0165,0.0389
9297,44,West,SelfEmployed,IT,2026Q1,63335.25,619.0,48.09,45.93,39.8,198527.07,0.4933,0.28561,0,0.0053,0.06,0.0299,-0.0095,0.0224,0.0534
9298,57,East,Business,IT,2026Q1,125708.82,676.0,51.08,53.72,70.02,292705.86,0.334,0.09661,0,-0.0318,-0.0265,0.0167,0.0036,0.0,0.0
9299,39,West,Salaried,Transport,2026Q1,68415.26,546.0,29.71,47.84,28.69,102910.79,0.6136,0.39348,0,0.0337,0.1775,-0.0445,-0.0054,0.0243,-0.0256
9300,51,South,Business,Retail,2026Q1,123491.43,621.0,31.21,17.04,40.51,92233.09,0.477,0.08213,0,-0.0141,0.0219,-0.0148,-0.0364,0.0,0.0
9301,30,East,Salaried,Construction,2026Q1,84141.16,572.0,40.64,18.86,67.8,186569.24,0.3996,0.26543,1,0.0682,0.1219,0.0023,-0.0745,0.0,-0.0226
9302,48,North,Business,IT,2026Q1,104239.16,635.0,,58.75,40.59,249703.32,0.5244,0.09648,0,-0.0099,0.0178,-0.0139,0.0116,0.0,0.0
9303,58,West,Salaried,IT,2026Q1,74140.71,570.0,46.39,75.53,93.86,134101.46,0.5863,0.26815,0,-0.0772,0.1366,0.0244,0.0558,0.0229,-0.0242
9304,45,South,Salaried,Construction,2026Q1,63529.6,619.0,35.48,20.49,71.99,104489.25,0.2967,0.09231,1,0.0,0.0273,-0.0086,-0.0374,0.0,-0.0115
9305,56,West,Salaried,Healthcare,2026Q1,97809.21,696.0,50.81,0.0,61.71,264127.04,0.1503,0.03315,0,-0.014,-0.0253,0.0077,-0.0314,0.0045,-0.005
9306,29,East,Salaried,Healthcare,2026Q1,65557.0,622.0,,57.1,65.47,95938.87,0.4212,0.25985,1,0.075,0.0536,0.0262,0.0157,0.0,-0.0233
9307,38,West,Business,Retail,2026Q1,119850.71,595.0,58.38,60.57,31.73,121920.96,0.449,0.44459,1,0.0444,0.1271,0.0808,0.029,0.0275,0.0
9308,56,South,Salaried,Healthcare,2026Q1,98201.02,714.0,52.71,66.19,59.06,151779.5,0.4265,0.07116,0,-0.022,-0.0598,0.0142,0.0112,0.0,-0.0079
9309,57,South,Salaried,IT,2026Q1,97591.6,,17.75,56.68,35.17,282615.35,0.5642,0.07048,0,-0.0314,0.0306,-0.0435,0.0063,0.0,-0.0103
9310,71,West,Salaried,Construction,2026Q1,128671.46,634.0,41.14,63.18,84.46,179189.12,0.4572,0.06392,1,-0.0796,0.0133,0.0018,0.0121,0.0093,-0.0103
9311,58,West,Salaried,Manufacturing,2026Q1,77618.6,,56.2,90.91,100.0,105440.03,0.4015,0.14921,0,-0.0512,-0.0375,0.0358,0.051,0.0143,-0.0155
9312,63,East,SelfEmployed,Manufacturing,2026Q1,111020.0,606.0,68.03,33.99,34.96,218661.95,0.5142,0.19613,1,-0.0966,0.0703,0.0795,-0.0341,0.0,0.0461
9313,39,North,Salaried,Retail,2026Q1,56676.02,610.0,67.21,73.61,49.79,161080.87,0.5603,0.29495,0,0.037,0.0919,0.1112,0.0611,0.0,-0.0276
9314,50,South,Salaried,Manufacturing,2026Q1,98123.04,609.0,69.09,88.39,63.63,163055.49,0.304,0.35403,0,-0.0316,0.0909,0.1137,0.0926,0.0,-0.027
9315,35,West,Salaried,Transport,2026Q1,96980.81,639.0,50.24,50.32,83.94,221235.29,0.5321,0.24848,0,0.0423,0.0192,0.0317,0.0006,0.019,-0.0204
9316,62,East,Salaried,Retail,2026Q1,96269.06,782.0,66.31,43.41,100.0,204881.65,0.3561,0.0211,0,-0.0163,-0.0813,0.0112,-0.0022,0.0,-0.0034
9317,47,West,SelfEmployed,Transport,2026Q1,56973.25,697.0,78.38,35.15,59.73,141925.75,0.5001,0.20817,0,-0.0084,-0.0892,0.0877,-0.0279,0.0171,0.0402
9318,55,East,Salaried,Retail,2026Q1,104780.98,687.0,61.81,18.85,89.39,276255.84,0.3489,0.05625,0,-0.0188,-0.0289,0.0214,-0.0261,0.0,-0.0075
9319,25,North,Salaried,IT,2026Q1,86779.38,557.0,53.46,0.0,62.54,253623.9,0.3905,0.3021,0,0.1049,0.1693,0.054,-0.1395,0.0,-0.0261
9320,22,West,Salaried,Construction,2026Q1,43504.45,589.0,57.3,73.09,52.15,31598.82,0.5122,0.54382,1,0.1554,0.1614,0.0856,0.0688,0.03,-0.03
9321,69,South,Business,Construction,2026Q1,102161.28,,17.85,37.96,29.49,309614.02,0.5182,0.03114,0,-0.0322,-0.0028,-0.019,-0.0054,0.0,0.0
9322,75,East,Business,Construction,2026Q1,137232.1,491.0,41.12,44.43,46.28,176779.83,0.6017,0.24882,0,-0.1865,0.197,0.0042,-0.0128,0.0,0.0
9323,54,West,SelfEmployed,Transport,2026Q1,77077.26,564.0,6.67,26.21,59.89,269947.32,0.3376,0.12302,0,-0.0338,0.0823,-0.1024,-0.0387,0.0141,0.033
9324,67,South,Salaried,Retail,2026Q1,77336.8,700.0,47.09,44.54,51.32,94416.46,0.4419,0.04306,0,-0.0321,-0.0278,0.0052,-0.0026,0.0,-0.005
9325,42,South,Business,Construction,2026Q1,73709.86,,34.43,72.03,100.0,65447.34,0.4833,0.1118,0,0.0076,-0.0487,-0.0109,0.0222,0.0,0.0
9326,33,North,Salaried,Healthcare,2026Q1,58750.09,637.0,22.55,33.85,65.63,128668.0,0.3086,0.08343,0,0.0279,0.0128,-0.0379,-0.0198,0.0,-0.0119
9327,68,North,Salaried,Construction,2026Q1,111766.84,666.0,55.43,89.53,55.02,325716.94,0.2936,0.0948,0,-0.0796,-0.0182,0.0264,0.0381,0.0,-0.0122
9328,49,East,Salaried,Manufacturing,2026Q1,84079.29,767.0,36.91,43.23,29.48,251139.74,0.4106,0.03361,0,-0.003,-0.0628,-0.0016,-0.0022,0.0,-0.0033
9329,48,North,Business,Manufacturing,2026Q1,112515.46,601.0,45.48,50.44,52.17,311112.64,0.4608,0.21875,0,-0.0138,0.073,0.017,0.0008,0.0,0.0
9330,68,South,Salaried,Transport,2026Q1,108652.34,764.0,,70.2,48.58,140949.22,0.4109,0.03238,0,-0.0267,-0.0705,0.0078,0.0066,0.0,-0.0039
9331,46,West,SelfEmployed,Retail,2026Q1,110855.64,650.0,24.33,67.26,58.21,309492.99,0.3928,0.18425,1,-0.0038,0.0,-0.0465,0.0258,0.0154,0.0362
9332,37,North,SelfEmployed,Retail,2026Q1,97334.35,605.0,59.65,67.74,98.14,300316.95,0.4008,0.38453,0,0.0534,0.1137,0.0916,0.0508,0.0,0.0708
9333,35,East,Salaried,Healthcare,2026Q1,48698.09,,48.94,100.0,73.45,23430.15,0.5553,0.1428,1,0.0325,-0.1157,0.0215,0.0621,0.0,-0.016
9334,50,East,Business,Construction,2026Q1,90914.37,565.0,56.23,67.14,66.79,126346.82,0.427,0.31255,1,-0.0324,0.175,0.0697,0.0451,0.0,0.0
9335,60,East,Salaried,Transport,2026Q1,114161.93,,35.67,51.44,54.81,113368.58,0.454,0.07398,0,-0.0428,0.0234,-0.0077,0.0015,0.0,-0.0109
9336,47,East,SelfEmployed,Retail,2026Q1,94753.89,,65.21,67.42,52.74,255802.98,0.3578,0.35207,1,-0.0133,0.1129,0.1104,0.0481,0.0,0.068
9337,49,South,Salaried,Manufacturing,2026Q1,71788.86,726.0,48.39,29.99,66.36,152921.71,0.4837,0.04304,0,-0.0049,-0.0515,0.0065,-0.0112,0.0,-0.0053
9338,41,North,Salaried,Healthcare,2026Q1,67299.35,592.0,50.92,52.32,71.96,40743.46,0.4492,0.27461,0,0.0207,0.1018,0.0392,0.0052,0.0,-0.0234
9339,44,West,Salaried,Manufacturing,2026Q1,92376.72,601.0,41.69,96.91,72.89,141845.04,0.4913,0.36157,0,0.006,0.103,0.0072,0.107,0.0252,-0.0264
9340,67,South,Salaried,Healthcare,2026Q1,90795.18,614.0,24.9,39.37,77.49,145940.53,0.56,0.06273,0,-0.0469,0.0194,-0.02,-0.0078,0.0,-0.0073
9341,48,West,Salaried,IT,2026Q1,100731.85,490.0,49.28,64.51,78.14,128309.2,0.4817,0.5486,0,-0.0209,0.3636,0.0464,0.0435,0.03,-0.0298
9342,41,West,SelfEmployed,Construction,2026Q1,78234.03,,57.8,35.57,33.22,214993.32,0.6128,0.16038,0,0.0129,-0.0856,0.0376,-0.0221,0.0138,0.0323
9343,68,South,Salaried,Retail,2026Q1,124999.52,616.0,45.19,29.09,65.61,226493.29,0.559,0.08991,0,-0.0599,0.0227,0.007,-0.0198,0.0,-0.0089
9344,47,North,Salaried,Retail,2026Q1,100292.57,590.0,32.89,36.85,83.59,119878.75,0.4458,0.13273,0,-0.0071,0.0648,-0.0186,-0.0208,0.0,-0.0156
9345,48,West,SelfEmployed,Construction,2026Q1,77852.88,674.0,41.42,85.49,49.73,122962.79,0.3682,0.17547,0,-0.0135,-0.0446,0.0044,0.0582,0.0181,0.0427
9346,47,North,Salaried,IT,2026Q1,93086.66,603.0,56.84,57.16,43.49,94572.45,0.3637,0.23454,0,-0.0102,0.0799,0.0549,0.015,0.0,-0.0222
9347,32,East,Salaried,IT,2026Q1,40880.64,643.0,61.23,42.37,24.4,126827.2,0.381,0.28414,1,0.0551,0.0127,0.063,-0.0158,0.0,-0.0209
9348,45,North,Business,IT,2026Q1,93262.28,558.0,63.15,42.34,41.55,109600.62,0.3432,0.40101,0,0.0,0.191,0.0988,-0.0215,0.0,0.0
9349,52,East,Salaried,IT,2026Q1,83099.56,574.0,63.92,42.81,55.61,38975.75,0.5331,0.24741,0,-0.0396,0.1285,0.0815,-0.017,0.0,-0.0238
9350,45,South,Salaried,Healthcare,2026Q1,46434.81,636.0,31.16,51.17,82.46,74537.06,0.4893,0.11148,0,0.0,0.0143,-0.0187,0.0014,0.0,-0.0124
9351,61,West,SelfEmployed,IT,2026Q1,67559.03,578.0,54.83,29.01,30.76,111041.23,0.4606,0.25141,1,-0.0912,0.1157,0.0502,-0.0491,0.0213,0.0507
9352,39,South,Business,Construction,2026Q1,108008.17,510.0,51.28,59.28,83.26,197593.72,0.5449,0.46884,1,0.042,0.333,0.0563,0.0278,0.0,0.0
9353,53,West,SelfEmployed,Construction,2026Q1,91312.16,715.0,42.61,71.71,61.67,192100.15,0.4003,0.09169,0,-0.0228,-0.0876,0.0048,0.0218,0.0106,0.0248
9354,44,East,Salaried,IT,2026Q1,78637.18,521.0,19.32,45.94,30.12,125781.15,0.441,0.26829,0,0.0052,0.1769,-0.0856,-0.0093,0.0,-0.0233
9355,60,East,Business,Manufacturing,2026Q1,99923.3,,41.51,19.05,72.87,242171.68,0.4799,0.05381,0,-0.0231,-0.0148,0.0013,-0.0199,0.0,0.0
9356,67,West,Salaried,Construction,2026Q1,119209.7,,76.21,53.68,73.23,258365.98,0.406,0.20941,1,-0.1211,0.0716,0.0973,0.0073,0.0195,-0.0209
9357,63,West,Salaried,Transport,2026Q1,65859.15,694.0,53.5,20.84,64.55,74169.69,0.5042,0.04311,0,-0.0283,-0.0269,0.0106,-0.0183,0.0051,-0.0056
9358,51,West,SelfEmployed,Construction,2026Q1,105242.19,621.0,44.93,16.25,68.36,163783.47,0.4524,0.16542,0,-0.0235,0.0376,0.0126,-0.0611,0.0152,0.0356
9359,49,South,Salaried,Construction,2026Q1,115828.77,611.0,34.01,63.66,74.76,189801.9,0.62,0.13151,0,-0.0151,0.0478,-0.0162,0.0201,0.0,-0.0162
9360,49,East,Business,IT,2026Q1,80762.79,650.0,58.39,0.0,63.48,185188.65,0.4561,0.07887,0,-0.0098,0.0,0.0264,-0.0636,0.0,0.0
9361,38,West,Salaried,Construction,2026Q1,52906.94,621.0,74.3,51.58,78.66,101320.14,0.3645,0.44864,0,0.0415,0.0658,0.1299,0.0041,0.0258,-0.0269
9362,60,South,Business,IT,2026Q1,112091.91,,57.65,67.07,35.39,51767.88,0.4519,0.14615,1,-0.0661,0.0241,0.043,0.0263,0.0,0.0
9363,26,South,Business,Healthcare,2026Q1,86236.81,,,95.49,67.3,95750.25,0.4707,0.37321,1,0.1071,0.0863,-0.0511,0.1096,0.0,0.0
9364,45,South,Business,Retail,2026Q1,68539.21,678.0,,10.97,67.57,189853.16,0.4105,0.05012,1,0.0,-0.0179,-0.0079,-0.0293,0.0,0.0
9365,68,South,Salaried,Manufacturing,2026Q1,90888.18,573.0,29.58,39.89,81.87,278425.4,0.5214,0.11048,0,-0.0746,0.0546,-0.0204,-0.0115,0.0,-0.0113
9366,32,North,SelfEmployed,Manufacturing,2026Q1,100251.19,714.0,81.84,30.18,73.98,72963.25,0.5077,0.22756,1,0.0518,-0.1355,0.102,-0.0407,0.0,0.0436
9367,55,North,Business,Construction,2026Q1,135071.4,644.0,52.28,58.91,52.06,107072.18,0.4475,0.10979,0,-0.0373,0.0078,0.0271,0.0124,0.0,0.0
9368,58,North,Business,Construction,2026Q1,100382.62,693.0,59.57,26.23,71.99,160955.86,0.4881,0.06318,0,-0.0256,-0.0349,0.0198,-0.0194,0.0,0.0
9369,44,South,Salaried,IT,2026Q1,78091.16,572.0,,96.84,43.4,106705.34,0.4672,0.36419,1,0.0068,0.1838,0.0659,0.1271,0.0,-0.0294
9370,38,West,Salaried,Healthcare,2026Q1,76069.64,754.0,54.94,26.68,41.52,186212.84,0.3397,0.0454,1,0.0091,-0.0967,0.0132,-0.016,0.0057,-0.0064
9371,31,East,Business,IT,2026Q1,28916.3,660.0,36.17,50.16,58.43,75832.81,0.2763,0.18302,1,0.0432,-0.0145,-0.01,0.0002,0.0,0.0
9372,45,South,SelfEmployed,Construction,2026Q1,71061.62,751.0,32.07,61.78,40.04,213692.18,0.5273,0.05107,0,0.0,-0.1003,-0.0094,0.0073,0.0,0.0145
9373,41,West,SelfEmployed,IT,2026Q1,80111.17,595.0,29.46,59.94,55.01,279127.38,0.5804,0.26228,1,0.0224,0.1071,-0.0451,0.0238,0.024,0.0575
9374,34,East,SelfEmployed,Manufacturing,2026Q1,116912.17,547.0,47.74,42.81,73.18,84492.57,0.3917,0.49346,1,0.0752,0.2463,0.0382,-0.0215,0.0,0.0733
9375,61,North,Salaried,IT,2026Q1,98649.18,610.0,40.27,11.25,78.42,225727.4,0.3086,0.11754,0,-0.0368,0.0248,0.0004,-0.0385,0.0,-0.0086
9376,40,East,Business,Manufacturing,2026Q1,113377.01,,39.67,42.22,38.73,241621.9,0.3983,0.09516,0,0.0121,-0.0269,-0.0006,-0.0089,0.0,0.0
9377,55,West,SelfEmployed,Healthcare,2026Q1,90197.73,705.0,49.67,13.56,18.53,276868.4,0.4006,0.05742,1,-0.0194,-0.0482,0.0109,-0.0324,0.007,0.0161
9378,40,North,Salaried,Transport,2026Q1,80199.91,,21.65,46.11,40.75,232398.64,0.3599,0.16725,0,0.019,0.0841,-0.0586,-0.0067,0.0,-0.0177
9379,56,West,Salaried,Healthcare,2026Q1,69215.5,693.0,28.41,54.75,52.97,227716.19,0.3828,0.05855,0,-0.0174,-0.0288,-0.0127,0.0027,0.0056,-0.0062
9380,52,East,Salaried,Manufacturing,2026Q1,56253.6,644.0,65.85,36.56,100.0,89924.01,0.5412,0.16003,0,-0.0248,0.0076,0.0504,-0.0202,0.0,-0.0148
9381,61,East,SelfEmployed,Manufacturing,2026Q1,78598.46,684.0,69.7,38.09,45.65,241495.23,0.4252,0.09521,0,-0.0548,-0.0445,0.0488,-0.0156,0.0,0.0276
9382,32,North,Salaried,IT,2026Q1,56838.51,543.0,72.82,23.02,94.84,49515.7,0.4061,0.5303,0,0.0876,0.249,0.1522,-0.0807,0.0,-0.0299
9383,41,South,Salaried,Healthcare,2026Q1,71130.65,567.0,43.45,100.0,74.93,151388.27,0.4969,0.43236,0,0.0267,0.1911,0.0165,0.1334,0.0,-0.0293
9384,60,East,Business,Manufacturing,2026Q1,93420.38,531.0,46.76,60.31,58.89,156215.59,0.4433,0.27959,0,-0.096,0.2016,0.0281,0.0258,0.0,0.0
9385,43,West,Business,Transport,2026Q1,47156.29,617.0,65.71,21.1,56.85,114593.94,0.3639,0.21663,0,0.0096,0.0567,0.0767,-0.0659,0.0202,0.0
9386,45,West,SelfEmployed,Retail,2026Q1,96239.86,686.0,22.79,24.27,83.62,284091.7,0.2871,0.07625,0,0.0,-0.0308,-0.0262,-0.0231,0.0075,0.0173
9387,56,West,SelfEmployed,Transport,2026Q1,78131.79,706.0,44.6,58.07,48.71,83587.39,0.459,0.09412,0,-0.0297,-0.0672,0.0076,0.0079,0.0097,0.0226
9388,46,West,SelfEmployed,Construction,2026Q1,84608.95,,54.81,5.11,98.29,190181.44,0.3464,0.27286,0,-0.0057,0.1364,0.0554,-0.1196,0.0234,0.0561
9389,51,West,SelfEmployed,IT,2026Q1,75135.39,648.0,43.63,30.12,72.0,232252.48,0.4547,0.1872,1,-0.0211,0.0026,0.0084,-0.0307,0.0136,0.0317
9390,48,North,Business,Healthcare,2026Q1,110689.07,648.0,65.55,66.9,54.04,163229.29,0.5956,0.23102,0,-0.0145,0.0037,0.0737,0.0322,0.0,0.0
9391,46,West,Business,Manufacturing,2026Q1,59184.77,500.0,49.61,69.23,63.31,139168.8,0.5482,0.53324,1,-0.0069,0.3612,0.0478,0.0575,0.0298,0.0
9392,35,West,SelfEmployed,IT,2026Q1,90049.03,639.0,28.49,54.29,82.71,127239.08,0.4458,0.20243,0,0.0432,0.0196,-0.0411,0.0085,0.0194,0.046
9393,45,East,Salaried,Construction,2026Q1,66470.02,,41.63,47.68,95.83,97576.9,0.5976,0.49312,0,0.0,0.3037,0.0079,-0.0068,0.0,-0.0294
9394,56,West,Salaried,Healthcare,2026Q1,78375.82,611.0,33.63,82.95,68.16,176288.9,0.5406,0.18296,0,-0.0487,0.0532,-0.019,0.0496,0.0165,-0.0179
9395,46,West,SelfEmployed,Manufacturing,2026Q1,83954.35,574.0,64.79,23.51,50.87,273303.16,0.5999,0.32378,1,-0.0065,0.1662,0.1061,-0.0765,0.0274,0.0666
9396,55,North,Business,Retail,2026Q1,97010.65,658.0,60.91,32.95,65.35,97353.59,0.3778,0.10468,0,-0.0302,-0.0088,0.0344,-0.0215,0.0,0.0
9397,46,South,Salaried,Manufacturing,2026Q1,100278.22,667.0,60.08,84.95,37.86,86754.21,0.3468,0.18716,1,-0.0043,-0.0302,0.0538,0.0559,0.0,-0.019
9398,55,West,Business,IT,2026Q1,109916.68,,59.99,45.76,75.31,168943.07,0.2887,0.06734,0,-0.0232,-0.0667,0.0249,-0.0038,0.0084,0.0
9399,43,South,Business,IT,2026Q1,111412.33,623.0,62.47,59.49,47.42,292768.18,0.5106,0.3234,0,0.0107,0.0533,0.0774,0.0214,0.0,0.0
9400,37,North,Salaried,Healthcare,2026Q1,75958.37,640.0,85.18,50.45,51.13,244716.71,0.5224,0.25883,1,0.0452,0.0228,0.1538,0.0011,0.0,-0.026
9401,59,West,SelfEmployed,Healthcare,2026Q1,92331.18,561.0,44.01,100.0,78.68,292378.32,0.2629,0.50852,1,-0.0976,0.2106,0.0196,0.1379,0.0292,0.0718
9402,38,East,Business,Construction,2026Q1,80730.97,577.0,48.28,36.55,77.88,235474.8,0.5461,0.23893,0,0.0377,0.1315,0.0321,-0.0336,0.0,0.0
9403,42,West,SelfEmployed,Healthcare,2026Q1,50679.08,582.0,48.23,69.52,43.16,50554.34,0.4862,0.43904,0,0.0204,0.166,0.0397,0.056,0.029,0.0712
9404,50,East,Salaried,Transport,2026Q1,112826.14,609.0,52.51,9.2,65.29,117621.89,0.3848,0.14497,0,-0.0155,0.0399,0.0239,-0.0617,0.0,-0.0132
9405,30,West,Salaried,Retail,2026Q1,58263.45,756.0,53.31,54.28,62.15,135502.88,0.4749,0.08285,0,0.0274,-0.1444,0.0185,0.0039,0.0089,-0.0098
9406,43,West,SelfEmployed,Manufacturing,2026Q1,48283.27,627.0,72.89,73.64,47.85,40893.73,0.4639,0.3947,1,0.0137,0.0606,0.1491,0.0678,0.0291,0.0715
9407,43,East,Business,Construction,2026Q1,68787.46,710.0,72.64,67.75,64.88,136940.37,0.4567,0.15965,0,0.0072,-0.1074,0.0682,0.026,0.0,0.0
9408,47,East,Business,Construction,2026Q1,62589.93,659.0,52.0,59.84,60.11,127967.31,0.3471,0.15772,0,-0.0072,-0.013,0.0279,0.0143,0.0,0.0
9409,47,North,Business,Retail,2026Q1,77867.84,673.0,62.34,65.78,55.37,111263.87,0.3437,0.20119,0,-0.0079,-0.0378,0.0527,0.0244,0.0,0.0
9410,45,North,Business,Transport,2026Q1,99066.85,631.0,24.31,33.69,78.53,188241.84,0.4334,0.07832,0,0.0,0.0166,-0.0307,-0.0183,0.0,0.0
9411,48,West,Business,Transport,2026Q1,54600.86,610.0,57.82,66.07,34.26,152743.57,0.4225,0.25157,1,-0.0174,0.0805,0.0666,0.0375,0.0238,0.0
9412,66,West,SelfEmployed,Retail,2026Q1,124691.1,630.0,78.78,91.87,52.28,211443.38,0.4167,0.43764,0,-0.1422,0.0482,0.1513,0.1042,0.0268,0.0648
9413,75,South,Business,Manufacturing,2026Q1,104710.18,565.0,2.0,34.11,48.33,126310.15,0.5701,0.0592,0,-0.0658,0.0338,-0.0575,-0.0112,0.0,0.0
9414,55,East,SelfEmployed,Manufacturing,2026Q1,87145.57,578.0,61.61,84.65,34.11,116485.97,0.4865,0.44637,0,-0.0695,0.1749,0.1011,0.0975,0.0,0.0714
9415,46,South,Salaried,IT,2026Q1,73594.82,618.0,63.88,51.05,63.71,116060.97,0.386,0.24541,0,-0.0049,0.0548,0.0715,0.0022,0.0,-0.0214
9416,40,West,Salaried,IT,2026Q1,49753.94,625.0,46.68,57.44,42.76,73663.05,0.4452,0.21587,0,0.0225,0.0423,0.0215,0.0145,0.0194,-0.0207
9417,42,West,Business,Retail,2026Q1,99223.57,481.0,60.53,0.0,48.26,88211.9,0.6433,0.53701,1,0.0209,0.3548,0.1003,-0.1471,0.0299,0.0
9418,47,East,Business,Manufacturing,2026Q1,65469.81,,42.48,21.52,73.44,144600.2,0.4097,0.25582,1,-0.0102,0.1425,0.0088,-0.0666,0.0,0.0
9419,62,West,SelfEmployed,IT,2026Q1,125058.99,659.0,77.34,47.19,28.64,231643.98,0.3195,0.20082,1,-0.0867,-0.0163,0.0937,-0.0054,0.0184,0.0436
9420,38,East,Salaried,Retail,2026Q1,48629.31,,64.96,73.83,71.3,152424.18,0.4074,0.1726,0,0.0312,-0.0373,0.0723,0.0443,0.0,-0.0209
9421,54,East,SelfEmployed,IT,2026Q1,89447.66,507.0,54.85,36.3,88.89,142823.71,0.4269,0.49701,1,-0.0628,0.3054,0.072,-0.0409,0.0,0.0727
9422,44,West,Salaried,Construction,2026Q1,60783.23,630.0,27.72,32.08,66.39,112071.68,0.4594,0.13891,0,0.0026,0.0186,-0.025,-0.0217,0.0106,-0.0116
9423,60,North,Business,Transport,2026Q1,122202.82,850.0,37.82,37.41,76.03,380807.4,0.3539,0.0105,0,-0.0044,-0.063,-0.0004,-0.0014,0.0,0.0
9424,46,North,Salaried,IT,2026Q1,54472.34,,13.53,93.69,100.0,148709.76,0.4494,0.0471,0,-0.0018,-0.0402,-0.0425,0.0268,0.0,-0.0081
9425,41,East,Business,IT,2026Q1,110694.93,,48.43,70.73,65.1,139912.01,0.4387,0.50883,0,0.0276,0.2584,0.0414,0.0606,0.0,0.0
9426,42,West,SelfEmployed,IT,2026Q1,118014.53,629.0,54.14,42.95,68.35,169044.17,0.3921,0.29003,0,0.0161,0.0426,0.0514,-0.0168,0.0227,0.0543
9427,69,East,Business,Manufacturing,2026Q1,85639.69,632.0,44.51,48.36,81.29,279298.31,0.43,0.08764,0,-0.0701,0.0145,0.0069,-0.0016,0.0,0.0
9428,49,North,Salaried,IT,2026Q1,43610.64,604.0,44.08,0.11,50.34,30679.52,0.3411,0.08095,0,-0.0106,0.0373,0.0071,-0.0684,0.0,-0.0114
9429,62,East,Salaried,IT,2026Q1,84450.35,686.0,42.52,26.01,45.69,197759.9,0.4849,0.035,0,-0.0228,-0.0183,0.0019,-0.0126,0.0,-0.0049
9430,53,East,Business,Manufacturing,2026Q1,98907.8,696.0,35.1,26.23,59.75,119330.3,0.6422,0.04833,0,-0.0106,-0.0273,-0.0044,-0.0139,0.0,0.0
9431,56,West,SelfEmployed,Construction,2026Q1,87951.04,581.0,44.47,42.68,54.34,250416.64,0.4311,0.23939,0,-0.0626,0.1165,0.0166,-0.017,0.0221,0.0526
9432,46,West,Salaried,IT,2026Q1,69967.83,661.0,53.09,75.71,35.86,142536.3,0.543,0.23901,0,-0.0041,-0.0184,0.0352,0.0408,0.0169,-0.0183
9433,48,East,Business,Manufacturing,2026Q1,104224.68,570.0,21.58,41.14,34.41,190984.29,0.5563,0.12826,0,-0.0118,0.0888,-0.0569,-0.0151,0.0,0.0
9434,38,East,Business,Transport,2026Q1,89262.32,610.0,73.13,22.72,32.64,91267.43,0.4734,0.2698,1,0.0371,0.0783,0.1109,-0.0695,0.0,0.0
9435,39,South,Salaried,Manufacturing,2026Q1,40009.84,727.0,42.54,39.33,49.91,45374.01,0.2827,0.04238,0,0.0082,-0.0655,0.0026,-0.0072,0.0,-0.0067
9436,47,North,Business,Retail,2026Q1,77897.59,555.0,38.02,41.22,38.54,65388.25,0.3514,0.19759,0,-0.0106,0.1444,-0.0075,-0.0202,0.0,0.0
9437,46,West,Business,Healthcare,2026Q1,114052.56,674.0,62.94,44.02,71.39,88757.66,0.3222,0.12573,0,-0.0036,-0.0368,0.0496,-0.0094,0.0147,0.0
9438,48,East,Salaried,Manufacturing,2026Q1,79863.49,530.0,67.13,46.04,88.74,218010.02,0.3507,0.34091,0,-0.0205,0.2562,0.1232,-0.0116,0.0,-0.0294
9439,58,North,Salaried,Healthcare,2026Q1,85293.68,577.0,77.36,58.79,69.95,208942.53,0.3679,0.33653,1,-0.0832,0.1441,0.136,0.0223,0.0,-0.0264
9440,70,East,Salaried,IT,2026Q1,74037.32,573.0,70.87,25.72,45.74,56457.83,0.3443,0.14915,0,-0.1213,0.0885,0.0699,-0.0448,0.0,-0.0175
9441,39,West,SelfEmployed,Retail,2026Q1,90436.8,,27.59,79.73,100.0,100516.98,0.4342,0.38948,1,0.0408,0.2151,-0.0617,0.085,0.0293,0.0719
9442,54,North,SelfEmployed,Manufacturing,2026Q1,90447.23,522.0,55.29,29.17,48.3,70776.1,0.6024,0.39069,0,-0.0614,0.2559,0.07,-0.0609,0.0,0.0688
9443,43,West,Salaried,Transport,2026Q1,72529.17,530.0,64.02,56.75,51.64,133446.77,0.3723,0.48742,0,0.014,0.2881,0.1177,0.0202,0.03,-0.03
9444,31,East,Salaried,Healthcare,2026Q1,79666.54,494.0,62.19,24.73,54.68,98734.37,0.4443,0.53332,0,0.0977,0.3676,0.1104,-0.0737,0.0,-0.0296
9445,75,North,Business,Transport,2026Q1,97708.69,562.0,24.98,25.76,79.23,184694.99,0.4335,0.07671,0,-0.0896,0.0493,-0.0257,-0.0248,0.0,0.0
9446,49,West,Salaried,Transport,2026Q1,99397.21,555.0,36.68,72.76,43.81,321465.4,0.4118,0.32228,0,-0.0244,0.1726,-0.0143,0.055,0.025,-0.0261
9447,45,North,Salaried,Construction,2026Q1,80124.66,615.0,37.92,65.32,94.09,82509.24,0.4093,0.19277,0,0.0,0.0491,-0.0061,0.0251,0.0,-0.0181
9448,59,North,Salaried,IT,2026Q1,108119.42,709.0,61.4,74.73,22.21,112795.91,0.4622,0.07096,0,-0.0356,-0.0654,0.0277,0.0202,0.0,-0.0097
9449,75,East,Business,Construction,2026Q1,111571.14,651.0,41.15,71.24,46.24,64836.86,0.3726,0.09732,0,-0.0824,-0.0008,0.0016,0.0157,0.0,0.0
9450,53,North,Salaried,IT,2026Q1,104983.63,639.0,58.05,4.93,78.15,181347.55,0.3688,0.08662,0,-0.0195,0.0091,0.0247,-0.0536,0.0,-0.01
9451,75,North,SelfEmployed,Healthcare,2026Q1,58866.54,570.0,46.04,60.15,100.0,94953.5,0.4822,0.23888,0,-0.1681,0.1075,0.0188,0.019,0.0,0.0443
9452,49,West,Business,Healthcare,2026Q1,68500.88,,61.62,51.71,91.68,47660.57,0.4731,0.18845,0,-0.0175,0.0017,0.0568,0.0031,0.0175,0.0
9453,61,North,Business,Retail,2026Q1,87462.48,658.0,53.12,24.8,72.4,145838.7,0.4456,0.08491,1,-0.0372,-0.0063,0.0161,-0.0236,0.0,0.0
9454,41,West,SelfEmployed,IT,2026Q1,65452.22,575.0,55.05,31.92,44.16,181328.42,0.4018,0.31429,1,0.0259,0.1669,0.0675,-0.0521,0.0277,0.0673
9455,41,West,SelfEmployed,Manufacturing,2026Q1,98888.84,690.0,19.43,24.9,47.87,151835.33,0.2942,0.0585,0,0.007,-0.0351,-0.0324,-0.0226,0.0075,0.0174
9456,53,West,SelfEmployed,Construction,2026Q1,54866.33,594.0,35.34,58.86,75.97,99885.78,0.3263,0.22541,1,-0.0438,0.0959,-0.0177,0.0191,0.0215,0.0512
9457,64,West,SelfEmployed,Retail,2026Q1,115876.4,595.0,60.78,70.54,76.25,236647.0,0.3694,0.26383,1,-0.1235,0.1133,0.0815,0.0502,0.0251,0.0604
9458,44,East,Salaried,Retail,2026Q1,73463.42,,,48.61,52.22,113952.41,0.47,0.13878,0,0.0032,0.0098,0.0107,-0.0019,0.0,-0.0145
9459,60,West,SelfEmployed,Transport,2026Q1,75896.95,529.0,32.48,7.32,52.17,133212.62,0.5188,0.21657,0,-0.0797,0.149,-0.0267,-0.0993,0.0197,0.0467
9460,54,East,SelfEmployed,Manufacturing,2026Q1,122360.79,580.0,26.21,43.59,82.28,301115.61,0.4676,0.15894,1,-0.041,0.0898,-0.0452,-0.0119,0.0,0.041
9461,47,West,Salaried,Transport,2026Q1,52149.34,607.0,21.27,12.78,76.32,76407.91,0.4166,0.09467,0,-0.0045,0.0309,-0.0346,-0.0425,0.009,-0.01
9462,58,North,Salaried,Retail,2026Q1,102586.11,574.0,,98.54,68.14,287852.58,0.3923,0.36653,0,-0.0852,0.1556,0.0685,0.1153,0.0,-0.0272
9463,41,North,SelfEmployed,Healthcare,2026Q1,102793.88,650.0,81.23,71.02,46.16,247372.58,0.3459,0.30188,1,0.0262,0.0,0.1701,0.0579,0.0,0.0683
9464,61,West,Salaried,Healthcare,2026Q1,55406.8,562.0,21.59,67.88,69.13,36741.56,0.4448,0.19795,0,-0.0728,0.098,-0.0585,0.0282,0.0163,-0.0176
9465,47,South,Business,Transport,2026Q1,72714.42,,55.66,14.87,51.61,55902.49,0.46,0.23381,0,-0.0096,0.1064,0.048,-0.0793,0.0,0.0
9466,58,West,SelfEmployed,Retail,2026Q1,118716.47,678.0,44.26,69.72,59.94,145742.05,0.4265,0.10286,0,-0.0477,-0.0395,0.0095,0.0249,0.0132,0.0308
9467,52,North,Business,IT,2026Q1,99146.65,615.0,46.78,53.44,64.61,181926.45,0.3999,0.1531,0,-0.0295,0.0477,0.0183,0.0058,0.0,0.0
9468,51,West,SelfEmployed,Retail,2026Q1,100149.89,665.0,52.64,43.45,72.06,106826.59,0.3998,0.14069,0,-0.0234,-0.023,0.0305,-0.0106,0.0152,0.0355
9469,21,West,Salaried,Construction,2026Q1,54495.3,654.0,24.65,57.6,20.97,152037.47,0.4389,0.15286,0,0.078,-0.0065,-0.0492,0.0129,0.0168,-0.0182
9470,44,South,Salaried,Construction,2026Q1,87914.89,736.0,50.35,0.0,81.07,76673.26,0.4031,0.04282,0,0.0009,-0.0476,0.006,-0.0255,0.0,-0.004
9471,39,West,SelfEmployed,IT,2026Q1,55669.55,584.0,,51.21,79.7,139014.2,0.4186,0.50775,1,0.042,0.1771,0.1815,0.0036,0.03,0.0748
9472,56,West,Salaried,Healthcare,2026Q1,98127.86,,53.64,40.62,75.01,243242.03,0.4685,0.23266,1,-0.0699,0.2055,0.0557,-0.0248,0.0253,-0.0264
9473,47,West,SelfEmployed,IT,2026Q1,81664.28,505.0,51.2,33.48,68.0,122828.35,0.6207,0.49462,0,-0.014,0.3351,0.0559,-0.0493,0.03,0.0746
9474,32,North,Salaried,Healthcare,2026Q1,59374.26,,51.46,27.78,34.47,136293.71,0.3393,0.26335,0,0.0681,0.1364,0.0444,-0.0573,0.0,-0.0251
9475,56,North,SelfEmployed,Retail,2026Q1,68283.8,688.0,46.53,37.56,79.49,191886.47,0.4829,0.07416,0,-0.0268,-0.0381,0.0095,-0.0122,0.0,0.0203
9476,48,South,Business,Manufacturing,2026Q1,64611.6,660.0,61.96,40.25,49.38,72667.17,0.4354,0.14622,0,-0.0104,-0.0137,0.0448,-0.0146,0.0,0.0
9477,49,North,Business,Construction,2026Q1,90921.1,,68.19,58.1,46.76,120449.35,0.4217,0.24041,0,-0.0236,0.0924,0.1014,0.0196,0.0,0.0
9478,55,North,Business,Healthcare,2026Q1,120981.34,763.0,44.8,40.43,99.65,166836.25,0.3831,0.04022,0,-0.0092,-0.0659,0.0026,-0.0035,0.0,0.0
9479,53,East,Business,Healthcare,2026Q1,100685.11,529.0,26.17,0.0,65.83,221489.43,0.3578,0.14898,0,-0.0312,0.1067,-0.0392,-0.0942,0.0,0.0
9480,72,North,Salaried,Construction,2026Q1,81647.84,684.0,64.81,35.3,55.36,184296.75,0.3131,0.05343,0,-0.0536,-0.0223,0.0201,-0.0096,0.0,-0.0064
9481,60,North,Business,Healthcare,2026Q1,100227.91,579.0,,45.43,50.84,73887.7,0.4451,0.17131,0,-0.0712,0.09,0.021,-0.0083,0.0,0.0
9482,51,West,Business,Retail,2026Q1,90295.79,737.0,45.61,46.36,63.88,277799.02,0.5481,0.06872,0,-0.0091,-0.074,0.0053,-0.0022,0.0057,0.0
9483,54,West,SelfEmployed,Healthcare,2026Q1,76153.57,590.0,64.46,87.22,45.55,94400.13,0.3786,0.42294,1,-0.0629,0.1534,0.1163,0.1067,0.0295,0.0728
9484,48,South,Business,Retail,2026Q1,100112.35,691.0,46.01,27.26,11.28,269729.72,0.4024,0.06915,0,-0.0054,-0.0342,0.0071,-0.0191,0.0,0.0
9485,45,North,Business,IT,2026Q1,72477.31,604.0,67.17,15.87,37.43,56314.78,0.5153,0.22328,0,0.0,0.0726,0.077,-0.0765,0.0,0.0
9486,60,East,Business,Healthcare,2026Q1,91094.6,789.0,69.84,67.44,59.98,115955.1,0.2892,0.04175,0,-0.0212,-0.1297,0.019,0.0079,0.0,0.0
9487,68,East,Business,IT,2026Q1,90923.11,633.0,67.1,50.95,75.47,281078.45,0.3877,0.14783,0,-0.0943,0.0204,0.0519,0.0013,0.0,0.0
9488,48,South,Salaried,IT,2026Q1,63985.29,618.0,56.39,68.47,72.93,110474.72,0.431,0.25051,0,-0.0149,0.0549,0.0515,0.036,0.0,-0.0214
9489,56,East,Salaried,Manufacturing,2026Q1,112468.16,641.0,49.57,0.0,73.09,262532.55,0.4067,0.07202,0,-0.021,0.0057,0.0105,-0.0466,0.0,-0.0075
9490,40,East,Business,Transport,2026Q1,72750.53,665.0,42.78,33.41,42.29,159464.22,0.4856,0.10553,0,0.0127,-0.0169,0.0052,-0.0206,0.0,0.0
9491,57,East,Business,Manufacturing,2026Q1,92136.18,727.0,,59.82,64.53,59595.78,0.5224,0.03896,0,-0.0154,-0.0494,-0.006,0.0044,0.0,0.0
9492,40,East,Salaried,Transport,2026Q1,84876.26,718.0,70.14,33.5,73.63,248215.54,0.3227,0.09541,0,0.0112,-0.0853,0.04,-0.0182,0.0,-0.0107
9493,52,East,SelfEmployed,Transport,2026Q1,108014.5,483.0,50.25,77.7,74.26,96765.38,0.4626,0.61193,1,-0.0445,0.4164,0.049,0.0803,0.0,0.0723
9494,55,North,Salaried,Construction,2026Q1,74908.23,600.0,40.58,24.35,49.23,182885.31,0.5233,0.09233,0,-0.0304,0.0432,0.0011,-0.0338,0.0,-0.0123
9495,65,South,Business,Healthcare,2026Q1,130624.31,575.0,58.48,89.14,72.54,302202.03,0.6275,0.3063,1,-0.1287,0.142,0.0716,0.0887,0.0,0.0
9496,27,East,Business,Transport,2026Q1,56144.15,670.0,72.39,38.86,62.58,80035.4,0.5007,0.29175,0,0.0798,-0.0424,0.0983,-0.0252,0.0,0.0
9497,68,East,SelfEmployed,Manufacturing,2026Q1,115991.85,578.0,51.74,56.95,53.15,373925.49,0.4557,0.25115,0,-0.1339,0.1126,0.0395,0.0146,0.0,0.0495
9498,63,West,SelfEmployed,IT,2026Q1,97933.91,754.0,65.48,27.85,38.72,87185.48,0.4616,0.04018,1,-0.0304,-0.0926,0.0195,-0.0144,0.0055,0.0126
9499,56,North,Salaried,Transport,2026Q1,92763.69,560.0,67.32,39.66,55.33,223302.79,0.4453,0.27889,0,-0.0655,0.1518,0.0951,-0.0255,0.0,-0.0246
9500,47,West,SelfEmployed,Retail,2026Q1,95759.02,517.0,50.77,86.44,47.16,62827.51,0.5606,0.66703,1,-0.013,0.3472,0.0515,0.1063,0.0284,0.0722
9501,62,East,Salaried,Retail,2026Q1,89189.21,630.0,44.65,32.76,39.95,134087.72,0.4274,0.07795,0,-0.0429,0.0148,0.0066,-0.0166,0.0,-0.0093
9502,71,North,Salaried,Manufacturing,2026Q1,107934.23,669.0,64.13,47.08,53.28,296286.21,0.3913,0.07395,0,-0.0663,-0.0152,0.0262,-0.0024,0.0,-0.0084
9503,47,North,Business,Retail,2026Q1,106024.37,550.0,53.61,77.88,51.21,310284.78,0.4987,0.58434,0,-0.0137,0.2278,0.0648,0.0791,0.0,0.0
9504,66,East,Salaried,Retail,2026Q1,64859.28,704.0,53.21,29.09,100.0,217183.74,0.3687,0.05205,0,-0.0282,-0.0286,0.0085,-0.0102,0.0,-0.0046
9505,61,West,Business,Construction,2026Q1,88776.51,,47.81,66.74,77.89,99940.73,0.5492,0.25093,0,-0.093,0.1227,0.0282,0.0358,0.0218,0.0
9506,64,West,Business,Construction,2026Q1,123694.58,594.0,52.94,41.14,47.22,128130.46,0.5511,0.18842,0,-0.0881,0.07,0.0333,-0.0155,0.0162,0.0
9507,59,South,Business,Retail,2026Q1,68173.44,626.0,41.41,12.75,82.22,40808.51,0.461,0.07348,0,-0.0325,0.0166,0.002,-0.038,0.0,0.0
9508,50,West,Salaried,IT,2026Q1,59284.25,579.0,41.31,68.12,68.62,90357.52,0.5012,0.24685,0,-0.0276,0.12,0.005,0.0392,0.0222,-0.0235
9509,37,North,Salaried,Retail,2026Q1,95769.26,751.0,83.82,100.0,32.99,113431.19,0.4176,0.21372,1,0.0315,-0.2233,0.0988,0.0743,0.0,-0.0188
9510,45,East,SelfEmployed,Healthcare,2026Q1,76505.0,529.0,47.73,74.97,61.68,103492.73,0.3659,0.57671,0,0.0,0.3015,0.0386,0.0748,0.0,0.0749
9511,58,North,Salaried,Healthcare,2026Q1,90511.15,517.0,60.74,55.4,64.85,45013.65,0.5413,0.40951,0,-0.0886,0.2555,0.0918,0.0151,0.0,-0.0286
9512,48,East,Salaried,Healthcare,2026Q1,85295.54,568.0,43.67,35.52,54.52,167991.07,0.319,0.20014,0,-0.0141,0.1105,0.0117,-0.0298,0.0,-0.0203
9513,29,South,Salaried,Construction,2026Q1,69016.24,539.0,70.52,53.99,23.97,39121.87,0.5629,0.64458,1,0.1115,0.2878,0.1513,0.0118,0.0,-0.0292
9514,44,East,Salaried,Construction,2026Q1,65189.54,509.0,54.55,66.82,17.5,97914.55,0.4606,0.45293,1,0.007,0.3253,0.0723,0.0503,0.0,-0.03
9515,38,East,SelfEmployed,Transport,2026Q1,70637.74,635.0,46.37,20.66,74.75,42963.14,0.3529,0.18413,0,0.0272,0.0231,0.0181,-0.058,0.0,0.0402
9516,53,East,Business,Retail,2026Q1,136210.85,538.0,18.7,0.0,61.48,129589.37,0.4704,0.10267,0,-0.0262,0.0834,-0.0536,-0.0803,0.0,0.0
9517,60,North,Business,Construction,2026Q1,79978.45,608.0,39.03,12.91,46.1,229016.46,0.5172,0.08749,0,-0.039,0.0298,-0.0015,-0.0417,0.0,0.0
9518,53,East,Salaried,Manufacturing,2026Q1,70049.64,584.0,61.41,31.48,81.17,185036.69,0.5438,0.19667,0,-0.0388,0.0936,0.0609,-0.0384,0.0,-0.0202
9519,34,East,Salaried,Construction,2026Q1,44492.77,711.0,13.67,39.94,61.25,91873.88,0.4954,0.05589,0,0.0113,-0.0385,-0.0283,-0.0054,0.0,-0.0053
9520,46,West,SelfEmployed,Transport,2026Q1,80639.57,532.0,34.61,37.43,36.17,144475.92,0.409,0.3749,0,-0.0066,0.2333,-0.0255,-0.0359,0.0276,0.0671
9521,39,West,Salaried,Transport,2026Q1,53238.04,647.0,2.0,46.17,63.23,173912.49,0.351,0.09148,0,0.0105,0.0022,-0.0704,-0.0031,0.0076,-0.0085
9522,49,South,Salaried,Retail,2026Q1,101731.48,614.0,12.44,25.71,77.26,319367.53,0.4164,0.06576,0,-0.0074,0.021,-0.044,-0.0208,0.0,-0.0079
9523,59,West,SelfEmployed,Transport,2026Q1,124459.47,571.0,52.61,51.56,16.05,196288.46,0.4464,0.29705,0,-0.0898,0.1529,0.0516,0.004,0.0252,0.0608
9524,51,South,Salaried,Construction,2026Q1,80011.36,611.0,27.9,39.93,81.3,126103.37,0.4393,0.11038,0,-0.0165,0.0332,-0.0245,-0.0116,0.0,-0.0116
9525,51,South,Salaried,Retail,2026Q1,62315.1,645.0,53.27,35.24,82.94,182710.45,0.3176,0.07836,0,-0.0175,0.0053,0.0233,-0.0185,0.0,-0.0123
9526,68,West,Business,Construction,2026Q1,143784.63,514.0,65.88,47.44,71.11,407957.2,0.4759,0.36726,0,-0.1585,0.2591,0.1124,-0.0073,0.0278,0.0
9527,40,East,Salaried,IT,2026Q1,57076.35,,43.69,34.11,58.78,60770.4,0.4865,0.14579,0,0.016,0.0256,0.0086,-0.0246,0.0,-0.0151
9528,63,West,Business,Construction,2026Q1,110408.59,619.0,47.76,79.13,65.32,78333.01,0.4018,0.25529,0,-0.0879,0.0459,0.0222,0.0469,0.0174,0.0
9529,47,South,Business,Healthcare,2026Q1,98645.42,673.0,38.01,36.85,41.3,83610.39,0.4225,0.08847,0,-0.0042,-0.0205,-0.0029,-0.0123,0.0,0.0
9530,75,North,Salaried,Healthcare,2026Q1,84534.74,647.0,52.68,45.12,42.55,200193.72,0.5174,0.04752,0,-0.0728,0.0019,0.0136,-0.0036,0.0,-0.0076
9531,53,East,SelfEmployed,Retail,2026Q1,82835.0,730.0,48.18,81.83,89.07,148189.45,0.2945,0.08936,0,-0.0219,-0.1104,0.0137,0.0292,0.0,0.0237
9532,30,West,Business,Retail,2026Q1,110050.49,693.0,28.18,32.12,49.09,359579.32,0.4437,0.07394,0,0.0285,-0.0462,-0.021,-0.0189,0.0092,0.0
9533,46,East,Salaried,Retail,2026Q1,81024.87,603.0,40.68,68.86,51.98,240591.01,0.2983,0.22275,0,-0.0046,0.0724,0.0022,0.0347,0.0,-0.0204
9534,36,East,Salaried,IT,2026Q1,75955.38,713.0,,36.83,74.43,135584.08,0.3069,0.12959,0,0.0225,-0.0888,0.0461,-0.0166,0.0,-0.0124
9535,74,East,Salaried,Healthcare,2026Q1,115964.66,632.0,69.45,94.28,20.7,89739.08,0.5697,0.13899,0,-0.1473,0.0265,0.069,0.0635,0.0,-0.0179
9536,42,East,Business,Manufacturing,2026Q1,95206.65,691.0,50.18,37.18,48.17,126842.43,0.3545,0.11405,0,0.0069,-0.046,0.0159,-0.0139,0.0,0.0
9537,64,East,Business,IT,2026Q1,125464.87,613.0,4.32,22.49,50.21,301359.75,0.4566,0.03654,0,-0.0277,0.0138,-0.0404,-0.0156,0.0,0.0
9538,61,West,Business,Construction,2026Q1,114383.89,644.0,,72.65,60.62,135463.71,0.3114,0.16226,0,-0.0768,0.0097,0.058,0.0373,0.0173,0.0
9539,37,West,SelfEmployed,IT,2026Q1,73626.24,498.0,26.99,97.06,71.67,45206.32,0.4574,0.61333,0,0.0518,0.393,-0.0556,0.1352,0.0274,0.07
9540,33,South,SelfEmployed,Construction,2026Q1,129317.71,632.0,38.96,60.38,58.32,160356.46,0.4662,0.24841,0,0.0604,0.0369,-0.0041,0.0236,0.0,0.0544
9541,61,East,Salaried,Construction,2026Q1,79066.38,659.0,48.83,40.88,60.51,185088.05,0.481,0.07326,0,-0.0365,-0.0069,0.011,-0.0077,0.0,-0.0085
9542,46,East,Salaried,Manufacturing,2026Q1,69287.85,659.0,72.32,17.74,30.73,181195.49,0.4688,0.15256,0,-0.0031,-0.0113,0.0557,-0.0491,0.0,-0.0138
9543,50,South,SelfEmployed,IT,2026Q1,112813.1,502.0,44.04,53.97,6.9,181922.57,0.4639,0.43614,1,-0.035,0.3321,0.0202,0.0119,0.0,0.0742
9544,52,West,SelfEmployed,Retail,2026Q1,103895.63,593.0,58.14,86.15,54.83,170349.89,0.5129,0.37353,1,-0.0485,0.1419,0.0854,0.1011,0.029,0.0712
9545,21,West,SelfEmployed,IT,2026Q1,54467.98,,20.69,63.11,42.26,88402.73,0.4764,0.50722,0,0.1576,0.2126,-0.0962,0.0388,0.0297,0.0733
9546,49,South,Salaried,Transport,2026Q1,70311.4,615.0,51.94,40.87,54.38,121486.03,0.3085,0.15203,0,-0.0155,0.0449,0.0294,-0.0152,0.0,-0.0167
9547,63,West,SelfEmployed,Healthcare,2026Q1,99693.11,472.0,64.36,38.76,68.59,157108.21,0.4706,0.54031,1,-0.1171,0.4118,0.1212,-0.0327,0.0296,0.0746
9548,31,South,Business,Transport,2026Q1,83599.98,568.0,41.76,54.84,33.46,59603.14,0.3744,0.37432,0,0.085,0.1752,0.0081,0.0133,0.0,0.0
9549,59,South,SelfEmployed,Manufacturing,2026Q1,96219.44,623.0,45.69,26.24,87.52,163672.47,0.3516,0.11837,1,-0.0506,0.0297,0.0122,-0.0354,0.0,0.03
9550,48,North,Salaried,Transport,2026Q1,68971.03,586.0,71.46,54.25,71.42,88660.8,0.4487,0.28278,1,-0.0184,0.1302,0.1185,0.0109,0.0,-0.0265
9551,37,North,Salaried,IT,2026Q1,80633.4,733.0,42.29,71.85,56.64,194915.19,0.3215,0.07597,0,0.0149,-0.0975,0.0033,0.0172,0.0,-0.0092
9552,54,North,Business,Manufacturing,2026Q1,99915.63,593.0,55.09,58.38,66.82,116892.26,0.4897,0.24535,0,-0.0484,0.0945,0.0501,0.0177,0.0,0.0
9553,50,West,Business,Healthcare,2026Q1,111057.26,613.0,35.25,51.26,47.98,206079.6,0.4922,0.13738,1,-0.0199,0.048,-0.0133,0.002,0.0156,0.0
9554,65,West,Business,Healthcare,2026Q1,111411.75,502.0,46.94,24.38,47.65,286108.88,0.2777,0.32225,0,-0.1256,0.2109,0.0273,-0.0663,0.0237,0.0
9555,44,West,SelfEmployed,Construction,2026Q1,55624.85,,31.14,58.07,20.87,72475.14,0.5431,0.37624,0,0.0066,0.2112,-0.0426,0.0226,0.0279,0.0679
9556,64,East,Business,Construction,2026Q1,116734.5,675.0,23.17,27.64,12.04,138150.84,0.4161,0.03261,0,-0.0222,-0.0101,-0.0128,-0.0099,0.0,0.0
9557,50,West,Salaried,Construction,2026Q1,97947.25,577.0,40.38,65.33,58.28,229674.71,0.4897,0.23215,0,-0.0272,0.1203,0.0014,0.0329,0.0219,-0.0232
9558,55,East,Salaried,Transport,2026Q1,92039.82,610.0,67.01,65.38,25.82,215125.78,0.5188,0.22184,0,-0.0539,0.0696,0.0829,0.0315,0.0,-0.0222
9559,46,West,SelfEmployed,Transport,2026Q1,56340.38,581.0,52.23,17.26,73.86,20000.0,0.3557,0.25346,0,-0.0057,0.1258,0.0465,-0.0854,0.0235,0.0563
9560,39,North,SelfEmployed,IT,2026Q1,83801.46,664.0,60.26,28.78,54.83,117487.72,0.4246,0.21783,1,0.024,-0.0243,0.0534,-0.0414,0.0,0.041
9561,60,North,Business,IT,2026Q1,96105.04,536.0,30.07,44.05,48.43,196611.85,0.5179,0.20505,0,-0.0756,0.1334,-0.0337,-0.0117,0.0,0.0
9562,49,East,Salaried,Manufacturing,2026Q1,80764.72,578.0,81.96,34.08,45.45,127733.43,0.4615,0.30431,1,-0.0249,0.1452,0.152,-0.0431,0.0,-0.0268
9563,46,West,SelfEmployed,Transport,2026Q1,93933.95,647.0,63.41,35.76,17.8,198725.61,0.5581,0.20128,1,-0.0049,0.0057,0.0716,-0.0313,0.0203,0.0483
9564,61,West,SelfEmployed,Manufacturing,2026Q1,94150.88,595.0,32.3,64.88,69.39,174384.66,0.3801,0.19297,0,-0.0828,0.0819,-0.0263,0.0277,0.0189,0.0448
9565,66,South,Salaried,Retail,2026Q1,106431.23,486.0,40.6,62.69,70.39,92573.95,0.487,0.3542,1,-0.1405,0.2578,0.0027,0.033,0.0,-0.0272
9566,44,North,Business,Transport,2026Q1,98919.74,612.0,23.47,63.78,35.09,58647.32,0.4388,0.15028,0,0.0037,0.0482,-0.0492,0.0208,0.0,0.0
9567,68,East,SelfEmployed,Construction,2026Q1,111253.91,502.0,21.63,62.89,69.81,289238.59,0.6153,0.28533,0,-0.1481,0.2181,-0.0814,0.031,0.0,0.0582
9568,41,East,Salaried,Transport,2026Q1,66135.45,613.0,54.35,87.2,33.13,35376.4,0.4761,0.31103,0,0.0233,0.0791,0.0574,0.086,0.0,-0.0261
9569,52,North,Salaried,Construction,2026Q1,100454.12,674.0,11.95,42.91,28.34,270538.33,0.4213,0.03639,0,-0.0083,-0.0115,-0.0281,-0.0034,0.0,-0.0049
9570,59,West,Salaried,Retail,2026Q1,115316.61,576.0,50.02,62.91,85.91,152626.42,0.6254,0.23312,0,-0.0778,0.1158,0.0342,0.0268,0.021,-0.0223
9571,21,West,Salaried,Healthcare,2026Q1,54446.66,686.0,36.24,0.0,23.93,127925.0,0.4834,0.12144,0,0.0407,-0.0371,-0.0062,-0.061,0.0091,-0.01
9572,39,East,Salaried,Construction,2026Q1,62281.99,662.0,56.64,17.6,22.93,106405.38,0.3811,0.11341,0,0.0154,-0.0136,0.0286,-0.0442,0.0,-0.0123
9573,45,North,Salaried,Retail,2026Q1,69118.12,673.0,49.83,62.49,43.02,163957.3,0.4136,0.12604,0,0.0,-0.0297,0.0195,0.0151,0.0,-0.0134
9574,53,East,Salaried,Manufacturing,2026Q1,97901.38,502.0,25.19,49.05,70.11,81653.07,0.549,0.24865,0,-0.0467,0.2051,-0.0627,-0.0023,0.0,-0.0245
9575,50,East,SelfEmployed,Construction,2026Q1,90762.28,597.0,43.88,47.7,51.22,221322.16,0.3815,0.26879,1,-0.0264,0.0899,0.0138,-0.0051,0.0,0.0503
9576,23,West,SelfEmployed,Retail,2026Q1,60392.24,,50.07,44.61,80.43,157432.76,0.4946,0.27047,1,0.1104,-0.021,0.04,-0.0136,0.0243,0.0582
9577,46,South,Salaried,Manufacturing,2026Q1,64089.27,579.0,49.09,1.89,84.07,79279.34,0.5552,0.16068,0,-0.0037,0.0765,0.0221,-0.0904,0.0,-0.0162
9578,33,West,Business,Transport,2026Q1,87753.65,495.0,46.36,26.7,58.28,271768.2,0.5305,0.42209,0,0.0836,0.353,0.0318,-0.0691,0.03,0.0
9579,43,East,Salaried,Retail,2026Q1,85750.27,684.0,67.62,47.06,49.65,77341.03,0.3717,0.11773,0,0.0063,-0.0495,0.052,-0.0041,0.0,-0.0145
9580,46,North,SelfEmployed,Construction,2026Q1,84084.71,678.0,65.52,76.83,77.37,86631.28,0.3934,0.22205,0,-0.0051,-0.0605,0.0806,0.0537,0.0,0.0504
9581,52,West,Business,Manufacturing,2026Q1,102740.42,707.0,29.86,53.0,81.7,152525.52,0.4621,0.0534,0,-0.0114,-0.0441,-0.0118,0.0019,0.006,0.0
9582,45,East,Salaried,Retail,2026Q1,85457.47,486.0,25.46,44.3,35.03,118095.62,0.5201,0.33191,0,0.0,0.2676,-0.0686,-0.0157,0.0,-0.0277
9583,50,North,Salaried,Retail,2026Q1,97591.01,601.0,27.11,46.22,79.23,253579.62,0.6409,0.14732,0,-0.0158,0.047,-0.0304,-0.0049,0.0,-0.0134
9584,44,West,Salaried,Healthcare,2026Q1,59820.19,585.0,44.55,32.01,50.07,61087.79,0.3895,0.20688,0,0.0046,0.0945,0.0146,-0.0379,0.0191,-0.0205
9585,54,East,Business,Retail,2026Q1,86749.06,547.0,51.2,80.55,57.64,194622.91,0.517,0.43576,0,-0.061,0.2162,0.0513,0.0821,0.0,0.0
9586,36,East,Salaried,Manufacturing,2026Q1,61154.11,626.0,76.79,42.32,79.02,52628.51,0.4177,0.25371,0,0.0487,0.0509,0.1253,-0.0192,0.0,-0.0252
9587,49,North,Salaried,Healthcare,2026Q1,80617.2,,33.46,84.18,43.85,156191.33,0.2463,0.12265,1,-0.0147,0.0184,-0.0173,0.0447,0.0,-0.0158
9588,37,West,Business,Healthcare,2026Q1,75936.54,596.0,47.86,40.99,81.82,115155.47,0.5516,0.33323,0,0.0425,0.1022,0.0303,-0.0221,0.0233,0.0
9589,45,West,Business,Retail,2026Q1,86425.31,727.0,44.06,46.21,35.2,170818.25,0.3839,0.0571,0,0.0,-0.076,0.0049,-0.0029,0.0071,0.0
9590,52,West,SelfEmployed,Healthcare,2026Q1,103733.91,479.0,,45.5,60.72,119108.01,0.5954,0.61256,1,-0.046,0.414,0.0751,-0.0129,0.0291,0.0736
9591,40,East,Salaried,Retail,2026Q1,45928.78,645.0,46.84,53.87,30.15,93446.14,0.4987,0.14952,1,0.0175,0.0071,0.0171,0.006,0.0,-0.0164
9592,48,North,Business,Construction,2026Q1,79938.08,,34.14,17.0,51.47,194782.3,0.539,0.19982,0,-0.0154,0.1619,-0.0217,-0.0783,0.0,0.0
9593,46,East,Salaried,Manufacturing,2026Q1,65068.36,623.0,50.13,48.52,80.5,76481.09,0.4118,0.13441,1,-0.0039,0.0371,0.0262,-0.0025,0.0,-0.0173
9594,72,West,Salaried,IT,2026Q1,123257.11,645.0,75.37,34.18,22.96,316083.6,0.3889,0.09265,0,-0.0955,0.0051,0.0507,-0.0194,0.0108,-0.0119
9595,54,West,SelfEmployed,Transport,2026Q1,93957.0,,46.9,46.37,27.3,110428.05,0.5824,0.08539,0,-0.0233,-0.0644,0.0109,-0.0037,0.0095,0.0221
9596,55,East,Business,Retail,2026Q1,104523.14,596.0,74.56,39.59,79.66,250571.01,0.4806,0.26983,1,-0.0568,0.0962,0.1088,-0.0245,0.0,0.0
9597,40,South,Salaried,IT,2026Q1,56895.24,627.0,46.22,10.47,49.32,128002.68,0.6069,0.11771,0,0.0136,0.0236,0.0122,-0.0583,0.0,-0.0129
9598,22,East,SelfEmployed,IT,2026Q1,54893.68,462.0,66.96,39.75,54.23,95266.0,0.5,0.80485,1,0.1171,0.4576,0.0954,-0.0179,0.0,0.0497
9599,43,East,Business,Transport,2026Q1,43339.95,,38.65,67.94,74.76,41569.38,0.4534,0.11882,0,0.005,-0.053,-0.0025,0.0179,0.0,0.0
9600,32,West,SelfEmployed,Retail,2026Q1,73694.28,656.0,55.75,44.06,73.44,114338.46,0.4805,0.32079,1,0.0658,-0.0132,0.0576,-0.0143,0.0231,0.0551
9601,52,West,Business,IT,2026Q1,85555.44,627.0,66.14,35.77,34.18,50956.48,0.5339,0.19899,0,-0.0326,0.0366,0.0693,-0.0282,0.0181,0.0
9602,53,South,Salaried,Retail,2026Q1,54423.12,627.0,61.37,1.63,58.24,121979.3,0.2603,0.09277,0,-0.0221,0.0206,0.0325,-0.0658,0.0,-0.0114
9603,52,South,Business,IT,2026Q1,103050.51,571.0,76.47,38.93,61.41,163283.13,0.4279,0.33552,1,-0.045,0.161,0.1399,-0.0303,0.0,0.0
9604,49,West,SelfEmployed,IT,2026Q1,71096.52,585.0,92.9,54.77,56.58,66279.84,0.5026,0.55832,1,-0.0276,0.1756,0.2516,0.0142,0.0299,0.0748
9605,40,East,Salaried,Construction,2026Q1,73515.1,567.0,24.09,75.51,45.58,84481.34,0.5859,0.21563,0,0.0262,0.1378,-0.0661,0.055,0.0,-0.0239
9606,42,South,Salaried,IT,2026Q1,78680.41,556.0,29.52,0.0,67.0,202797.62,0.5406,0.14506,0,0.0102,0.089,-0.0282,-0.0918,0.0,-0.0157
9607,54,North,Salaried,Retail,2026Q1,134287.27,629.0,24.92,76.54,48.22,420000.0,0.4093,0.11226,0,-0.0275,0.0209,-0.0336,0.0279,0.0,-0.0125
9608,72,North,Business,Manufacturing,2026Q1,108493.23,,78.87,61.21,62.45,229879.12,0.4484,0.06494,0,-0.0737,-0.0658,0.04,0.009,0.0,0.0
9609,52,South,Salaried,Healthcare,2026Q1,85969.22,,38.25,44.6,58.93,144115.79,0.6744,0.14792,0,-0.0283,0.0752,-0.0048,-0.0089,0.0,-0.0169
9610,54,North,Salaried,IT,2026Q1,83462.12,626.0,42.44,31.1,68.19,278487.57,0.4627,0.08539,0,-0.0243,0.0207,0.0042,-0.0217,0.0,-0.011
9611,71,West,Salaried,Retail,2026Q1,85875.78,605.0,56.36,68.11,25.52,113600.14,0.4335,0.19454,0,-0.1242,0.0568,0.0398,0.0275,0.0157,-0.017
9612,50,East,Business,Construction,2026Q1,99376.79,604.0,47.31,50.86,63.34,284833.78,0.514,0.16133,0,-0.0228,0.0671,0.0218,0.0016,0.0,0.0
9613,39,West,Business,Healthcare,2026Q1,99687.08,598.0,53.71,14.84,89.57,252237.22,0.4403,0.23694,1,0.0279,0.0842,0.0442,-0.0818,0.0202,0.0
9614,54,East,SelfEmployed,Manufacturing,2026Q1,102123.93,,38.42,67.15,82.49,75487.19,0.4322,0.09543,0,-0.019,-0.0779,-0.0022,0.0128,0.0,0.0179
9615,68,West,Business,Transport,2026Q1,124372.25,611.0,71.09,55.7,47.33,264964.96,0.4907,0.20235,1,-0.1243,0.0613,0.0834,0.0109,0.0189,0.0
9616,60,East,Business,Manufacturing,2026Q1,90422.25,679.0,30.42,79.31,66.95,288332.13,0.3802,0.09288,0,-0.0344,-0.025,-0.0142,0.0207,0.0,0.0
9617,52,East,SelfEmployed,Transport,2026Q1,91865.32,614.0,46.33,56.58,50.16,127545.45,0.4039,0.22685,0,-0.0359,0.0613,0.0212,0.0134,0.0,0.0478
9618,29,West,SelfEmployed,IT,2026Q1,41169.46,,52.24,85.48,45.89,53991.3,0.5595,0.22116,0,0.0639,-0.1921,0.0372,0.0612,0.019,0.0449
9619,33,East,Salaried,Manufacturing,2026Q1,34354.89,,58.55,81.45,63.58,76758.8,0.3291,0.13585,0,0.0418,-0.104,0.0456,0.0463,0.0,-0.0174
9620,54,South,Salaried,Retail,2026Q1,114911.18,672.0,54.14,38.73,55.22,98664.89,0.3482,0.10106,0,-0.0211,-0.0201,0.0189,-0.0108,0.0,-0.0095
9621,46,North,Salaried,IT,2026Q1,79155.98,667.0,42.98,79.14,20.63,235315.12,0.4394,0.12678,0,-0.0033,-0.0231,0.0067,0.0354,0.0,-0.0144
9622,49,North,Business,Manufacturing,2026Q1,106174.66,661.0,,27.97,78.72,249391.48,0.3586,0.074,0,-0.0081,-0.0088,-0.0047,-0.0205,0.0,0.0
9623,61,South,SelfEmployed,IT,2026Q1,110038.37,585.0,75.89,13.16,68.14,172128.06,0.506,0.23668,1,-0.0925,0.1092,0.1096,-0.0912,0.0,0.0517
9624,36,North,SelfEmployed,Healthcare,2026Q1,75599.53,635.0,27.09,37.9,76.95,153069.73,0.4634,0.14517,0,0.0315,0.0213,-0.0383,-0.0208,0.0,0.0369
9625,43,East,Business,Transport,2026Q1,113432.21,777.0,61.36,81.33,71.51,295351.78,0.4513,0.08775,0,0.0039,-0.1747,0.0253,0.0227,0.0,0.0
9626,63,South,Business,Transport,2026Q1,104941.44,,,57.1,82.51,137538.99,0.5299,0.0666,0,-0.0413,0.0021,-0.0173,0.0054,0.0,0.0
9627,36,West,SelfEmployed,Construction,2026Q1,37330.39,577.0,,52.22,69.74,73174.67,0.4945,0.42926,1,0.0618,0.1847,0.0749,0.0066,0.0297,0.0733
9628,63,East,Business,Retail,2026Q1,110589.47,519.0,63.2,67.6,37.77,292983.74,0.575,0.38443,0,-0.1251,0.2719,0.1067,0.0502,0.0,0.0
9629,54,South,Salaried,IT,2026Q1,101196.98,585.0,26.42,25.86,37.21,310484.92,0.3141,0.08791,0,-0.0256,0.0496,-0.0278,-0.0299,0.0,-0.0116
9630,49,East,Business,Manufacturing,2026Q1,69445.86,,58.73,40.09,51.11,185268.28,0.472,0.42172,0,-0.0261,0.2166,0.0808,-0.0278,0.0,0.0
9631,52,West,SelfEmployed,Construction,2026Q1,85457.73,643.0,37.66,52.55,42.38,146206.17,0.2927,0.16217,0,-0.028,0.01,-0.0064,0.0041,0.0154,0.0362
9632,54,East,Business,Healthcare,2026Q1,119317.82,525.0,10.86,53.11,13.74,87074.06,0.5054,0.18003,1,-0.0437,0.142,-0.11,0.006,0.0,0.0
9633,57,East,Salaried,Retail,2026Q1,103015.54,,60.81,48.21,39.15,311781.66,0.5897,0.33514,1,-0.081,0.2508,0.0906,-0.005,0.0,-0.0283
9634,28,South,Salaried,Manufacturing,2026Q1,58573.82,631.0,31.0,11.3,82.37,170109.46,0.3382,0.13666,0,0.0407,0.0198,-0.0198,-0.0568,0.0,-0.0129
9635,64,West,Salaried,Healthcare,2026Q1,79455.84,514.0,37.08,31.58,38.34,61333.83,0.3267,0.22844,1,-0.1044,0.1606,-0.0102,-0.0403,0.0199,-0.0213
9636,53,West,SelfEmployed,Retail,2026Q1,91291.79,631.0,24.3,42.45,64.64,172530.97,0.3844,0.09812,0,-0.0266,0.0211,-0.0385,-0.0102,0.0125,0.0292
9637,63,East,Business,IT,2026Q1,111781.04,726.0,36.49,22.4,42.96,113504.51,0.4732,0.01434,0,-0.0153,-0.0301,-0.0017,-0.0092,0.0,0.0
9638,55,East,Business,Manufacturing,2026Q1,113547.34,645.0,70.48,22.99,60.32,289372.25,0.4518,0.13424,0,-0.0354,0.0061,0.0554,-0.0416,0.0,0.0
9639,74,South,Business,Construction,2026Q1,114710.9,666.0,76.39,56.75,52.56,138824.19,0.383,0.13207,0,-0.105,-0.0179,0.052,0.0075,0.0,0.0
9640,42,West,Salaried,Healthcare,2026Q1,101469.82,658.0,34.42,13.32,44.46,195652.7,0.4487,0.06622,0,0.0057,-0.0064,-0.0082,-0.037,0.008,-0.0088
9641,68,West,SelfEmployed,Construction,2026Q1,109074.7,,44.91,18.39,67.74,248215.33,0.371,0.36535,1,-0.1552,0.2612,0.0217,-0.0895,0.0264,0.0638
9642,41,North,Salaried,Healthcare,2026Q1,66241.76,468.0,52.08,33.03,49.55,193813.57,0.5113,0.59921,0,0.028,0.3926,0.0603,-0.0504,0.0,-0.0298
9643,56,West,Salaried,IT,2026Q1,76102.93,648.0,30.91,80.78,36.24,252400.62,0.3777,0.09247,0,-0.035,0.0022,-0.0197,0.0324,0.0116,-0.0127
9644,62,South,Salaried,Retail,2026Q1,76062.86,664.0,57.97,74.5,57.78,132970.89,0.494,0.0979,0,-0.0577,-0.0166,0.0317,0.0266,0.0,-0.0127
9645,50,North,Salaried,Transport,2026Q1,99073.52,649.0,70.59,10.69,89.49,208044.87,0.3193,0.10696,0,-0.0148,0.0011,0.0484,-0.0566,0.0,-0.0126
9646,29,West,SelfEmployed,Healthcare,2026Q1,66165.2,638.0,28.22,37.18,45.17,56650.96,0.4437,0.21911,0,0.0642,0.0209,-0.0414,-0.0264,0.019,0.0451
9647,51,East,Salaried,Healthcare,2026Q1,30157.34,571.0,69.61,66.98,57.86,37818.95,0.4358,0.37483,1,-0.0396,0.1693,0.1228,0.0455,0.0,-0.0281
9648,45,West,SelfEmployed,Retail,2026Q1,77154.0,645.0,28.57,81.83,74.76,105173.66,0.5187,0.2069,0,0.0,0.009,-0.0405,0.0565,0.0193,0.0456
9649,60,East,Salaried,Healthcare,2026Q1,111806.17,678.0,43.14,28.73,60.22,286639.96,0.3609,0.07401,0,-0.0232,-0.0162,0.0028,-0.0131,0.0,-0.0058
9650,40,East,Salaried,Transport,2026Q1,63364.16,585.0,87.9,56.54,30.32,169735.7,0.2946,0.49234,0,0.0345,0.1651,0.2125,0.0194,0.0,-0.0299
9651,44,North,Business,IT,2026Q1,65985.32,563.0,77.74,28.19,35.23,150764.44,0.5124,0.36987,1,0.0066,0.1909,0.1574,-0.0635,0.0,0.0
9652,43,East,Business,IT,2026Q1,80779.94,525.0,26.04,69.37,21.85,140539.42,0.3744,0.35442,1,0.0128,0.2367,-0.0666,0.0518,0.0,0.0
9653,47,West,SelfEmployed,Healthcare,2026Q1,96536.51,528.0,61.32,38.85,55.34,162132.19,0.4637,0.4954,1,-0.014,0.2969,0.1055,-0.0333,0.03,0.0747
9654,51,North,Salaried,Healthcare,2026Q1,77115.42,589.0,26.62,43.49,32.58,223440.5,0.4837,0.15611,0,-0.02,0.0585,-0.0331,-0.009,0.0,-0.0141
9655,56,East,Salaried,Transport,2026Q1,69165.64,630.0,56.2,16.1,44.5,163189.58,0.258,0.07489,0,-0.0303,0.0175,0.0247,-0.0416,0.0,-0.0109
9656,55,West,Salaried,Construction,2026Q1,95576.84,713.0,41.5,66.45,64.87,244035.07,0.3186,0.06075,0,-0.0188,-0.0557,0.0018,0.0107,0.0067,-0.0075
9657,36,South,Salaried,Transport,2026Q1,88703.02,577.0,57.75,56.56,55.69,131051.35,0.5428,0.28475,0,0.0557,0.1583,0.077,0.0179,0.0,-0.028
9658,40,East,Salaried,Construction,2026Q1,97862.34,536.0,53.19,53.35,25.33,101664.35,0.5472,0.42148,0,0.0333,0.2437,0.0619,0.0097,0.0,-0.0293
9659,44,East,Business,Manufacturing,2026Q1,93815.98,636.0,,38.13,56.4,271307.06,0.4266,0.17061,1,0.0037,0.0194,0.0291,-0.0199,0.0,0.0
9660,46,West,Salaried,Manufacturing,2026Q1,73778.46,581.0,44.82,36.69,57.69,109820.91,0.3681,0.17664,0,-0.0048,0.1022,0.0159,-0.0284,0.0197,-0.0211
9661,40,North,Salaried,Transport,2026Q1,79367.57,702.0,83.85,60.32,88.55,85883.08,0.6233,0.1432,0,0.0199,-0.1008,0.0974,0.0177,0.0,-0.0186
9662,42,West,Salaried,Manufacturing,2026Q1,95975.41,,40.15,34.44,62.24,111830.72,0.4513,0.09686,0,0.0071,-0.0176,0.0003,-0.0176,0.01,-0.011
9663,64,East,Salaried,Transport,2026Q1,111863.93,,37.38,66.29,77.46,106423.28,0.4967,0.0778,0,-0.0454,-0.0054,-0.0036,0.0122,0.0,-0.0086
9664,53,East,Business,Healthcare,2026Q1,96961.83,523.0,73.07,74.51,97.1,43465.43,0.4235,0.47938,0,-0.0548,0.3163,0.1629,0.0734,0.0,0.0
9665,38,East,Salaried,Manufacturing,2026Q1,52685.99,576.0,31.31,38.47,84.04,83382.25,0.3708,0.19451,1,0.0298,0.1013,-0.0295,-0.0232,0.0,-0.0201
9666,54,West,Business,Transport,2026Q1,103605.38,687.0,64.23,48.54,37.46,217140.47,0.5011,0.12979,0,-0.0286,-0.049,0.0415,-0.0018,0.0118,0.0
9667,45,West,SelfEmployed,Healthcare,2026Q1,83899.98,602.0,42.95,7.09,55.4,64733.98,0.4317,0.20243,1,0.0,0.0681,0.0089,-0.0915,0.0177,0.0417
9668,70,North,Salaried,Transport,2026Q1,106819.64,467.0,34.32,43.41,100.0,197990.54,0.5129,0.26413,0,-0.159,0.2298,-0.0234,-0.0162,0.0,-0.0248
9669,43,East,Business,IT,2026Q1,69667.97,731.0,66.24,44.22,42.62,120099.21,0.3879,0.07912,0,0.0044,-0.1031,0.0342,-0.0058,0.0,0.0
9670,45,West,Salaried,Transport,2026Q1,64318.13,597.0,52.89,54.55,58.34,216957.13,0.5652,0.18234,0,0.0,0.0956,0.0463,0.0103,0.0223,-0.0236
9671,47,North,SelfEmployed,Transport,2026Q1,101777.5,639.0,49.12,63.56,78.59,93508.66,0.4182,0.20134,1,-0.0099,0.0204,0.0302,0.0271,0.0,0.0479
9672,38,South,SelfEmployed,Manufacturing,2026Q1,81222.78,646.0,51.0,55.74,67.78,117356.19,0.474,0.25688,0,0.0345,0.0081,0.0385,0.0125,0.0,0.0513
9673,55,North,Business,Transport,2026Q1,78982.84,609.0,59.05,72.15,50.2,198615.4,0.4567,0.24231,0,-0.0552,0.0734,0.0633,0.0456,0.0,0.0
9674,51,South,Salaried,Construction,2026Q1,105121.58,698.0,24.81,48.6,79.13,265625.6,0.2965,0.04966,0,-0.0076,-0.0282,-0.0146,-0.0007,0.0,-0.0053
9675,54,West,SelfEmployed,Construction,2026Q1,86974.09,607.0,65.42,25.45,32.16,177436.66,0.3776,0.31926,1,-0.0502,0.0782,0.0832,-0.0593,0.0219,0.0521
9676,50,West,Business,Construction,2026Q1,102518.7,596.0,20.44,74.41,51.75,84710.97,0.4718,0.18628,1,-0.0222,0.0741,-0.0666,0.0404,0.0175,0.0
9677,52,West,SelfEmployed,Transport,2026Q1,81724.61,785.0,30.5,22.74,69.05,184961.81,0.349,0.01634,0,-0.0049,-0.0725,-0.0048,-0.0088,0.0026,0.006
9678,68,North,Salaried,Construction,2026Q1,101788.28,507.0,60.01,28.06,38.78,275477.15,0.4592,0.25072,1,-0.1428,0.1975,0.071,-0.0547,0.0,-0.0242
9679,56,West,SelfEmployed,IT,2026Q1,117654.5,629.0,64.39,46.02,85.95,60344.73,0.555,0.277,1,-0.0602,0.0393,0.0769,-0.0088,0.021,0.05
9680,30,West,Salaried,Construction,2026Q1,86351.09,,39.42,22.66,73.4,261486.96,0.4061,0.17012,0,0.0438,0.0078,-0.0014,-0.0447,0.014,-0.0152
9681,53,North,Salaried,Manufacturing,2026Q1,111224.45,660.0,61.51,40.9,85.51,191423.54,0.5998,0.08463,0,-0.0241,-0.0113,0.0358,-0.0112,0.0,-0.0124
9682,63,East,Business,IT,2026Q1,98806.38,751.0,42.7,13.49,99.21,202527.69,0.375,0.01622,0,-0.012,-0.0364,0.001,-0.0101,0.0,0.0
9683,25,East,Business,Retail,2026Q1,84825.22,627.0,21.71,35.79,65.35,55365.34,0.3896,0.15297,0,0.0612,0.0308,-0.0549,-0.024,0.0,0.0
9684,37,East,SelfEmployed,Manufacturing,2026Q1,46914.67,543.0,37.81,15.26,32.24,71329.85,0.589,0.36691,0,0.0475,0.198,-0.0098,-0.0976,0.0,0.0626
9685,57,West,SelfEmployed,Healthcare,2026Q1,100868.15,635.0,25.68,59.51,67.5,277930.83,0.4578,0.11562,1,-0.0438,0.0179,-0.0367,0.0126,0.0133,0.031
9686,61,North,Business,Manufacturing,2026Q1,138911.51,614.0,47.83,51.32,66.08,151093.83,0.553,0.15131,0,-0.0625,0.0408,0.0176,0.0019,0.0,0.0
9687,52,South,Business,Healthcare,2026Q1,75734.19,698.0,52.37,22.29,82.28,65321.38,0.3179,0.03722,0,-0.012,-0.0374,0.0124,-0.0216,0.0,0.0
9688,55,West,Business,Healthcare,2026Q1,85229.71,666.0,54.82,18.97,44.4,127256.97,0.2593,0.08392,0,-0.0247,-0.0149,0.0206,-0.0342,0.009,0.0
9689,65,East,Salaried,Healthcare,2026Q1,91642.46,604.0,26.55,35.55,34.11,298832.04,0.235,0.05832,0,-0.0472,0.0271,-0.02,-0.0124,0.0,-0.0084
9690,44,West,Business,Retail,2026Q1,85958.95,586.0,54.91,40.86,53.46,247781.16,0.3349,0.2765,1,0.0057,0.121,0.057,-0.023,0.0239,0.0
9691,40,South,Business,Manufacturing,2026Q1,101599.86,646.0,56.98,64.64,88.49,96550.15,0.3205,0.17824,0,0.0233,0.0075,0.0532,0.0289,0.0,0.0
9692,47,West,SelfEmployed,Retail,2026Q1,99698.04,637.0,69.38,16.75,65.18,237955.49,0.4762,0.22265,1,-0.0098,0.0237,0.0851,-0.0764,0.02,0.0475
9693,52,East,Business,Healthcare,2026Q1,60978.54,510.0,38.95,68.91,55.67,55097.52,0.4608,0.4254,0,-0.0479,0.2757,-0.0051,0.0531,0.0,0.0
9694,53,East,Salaried,Manufacturing,2026Q1,64693.49,522.0,30.86,37.44,58.11,69562.08,0.4465,0.23483,0,-0.0418,0.1606,-0.0338,-0.0276,0.0,-0.0218
9695,58,South,Business,IT,2026Q1,100241.56,650.0,35.07,36.6,60.46,147433.9,0.3235,0.0853,0,-0.028,0.0,-0.0068,-0.0113,0.0,0.0
9696,68,West,Salaried,Construction,2026Q1,86725.91,,51.04,20.0,82.86,259146.5,0.5333,0.16487,0,-0.107,0.1009,0.0278,-0.0549,0.0156,-0.0169
9697,52,West,Salaried,Retail,2026Q1,89182.82,524.0,47.43,40.45,64.36,50539.48,0.528,0.33242,1,-0.0444,0.2181,0.0318,-0.0257,0.0258,-0.0269
9698,36,West,Business,Manufacturing,2026Q1,90629.23,640.0,45.05,20.31,97.1,89339.13,0.3026,0.13823,0,0.0296,0.0136,0.0125,-0.0517,0.0148,0.0
9699,42,East,Business,IT,2026Q1,48243.02,536.0,38.79,48.88,60.24,106785.09,0.4376,0.35997,0,0.0187,0.2134,-0.0055,-0.003,0.0,0.0
9700,52,West,Salaried,Construction,2026Q1,77080.58,599.0,57.53,71.82,59.21,36954.1,0.3805,0.25586,0,-0.0407,0.0969,0.0641,0.049,0.0232,-0.0245
9701,66,East,Salaried,Manufacturing,2026Q1,79987.46,668.0,56.57,94.52,78.1,223251.48,0.5613,0.1142,0,-0.0772,-0.0226,0.0309,0.0461,0.0,-0.0133
9702,57,South,Salaried,IT,2026Q1,89344.46,539.0,43.55,46.22,60.82,205993.64,0.484,0.27561,1,-0.0663,0.1541,0.0127,-0.0083,0.0,-0.0225
9703,40,West,Salaried,Healthcare,2026Q1,83998.47,653.0,85.3,52.99,100.0,158350.75,0.4256,0.35571,0,0.0279,-0.0068,0.1478,0.0073,0.024,-0.0253
9704,43,South,SelfEmployed,Healthcare,2026Q1,78894.55,672.0,26.6,52.87,47.79,135317.49,0.4367,0.10621,0,0.0055,-0.0264,-0.0296,0.0034,0.0,0.0266
9705,47,South,Salaried,Transport,2026Q1,55250.88,548.0,39.46,86.41,54.25,112491.67,0.4786,0.37598,0,-0.013,0.2049,-0.0025,0.0934,0.0,-0.0281
9706,51,East,Business,Transport,2026Q1,120686.62,,31.75,48.17,25.64,293203.63,0.4249,0.03872,0,-0.0077,-0.0466,-0.0075,-0.0009,0.0,0.0
9707,47,West,SelfEmployed,Manufacturing,2026Q1,72186.71,564.0,35.7,28.56,86.03,62715.95,0.2877,0.24963,0,-0.0112,0.1454,-0.0174,-0.0538,0.0231,0.0552
9708,40,North,Salaried,Retail,2026Q1,62605.22,639.0,43.99,43.31,97.75,60668.5,0.4315,0.09506,0,0.0161,0.014,0.0094,-0.01,0.0,-0.0151
9709,42,West,SelfEmployed,Transport,2026Q1,47605.95,546.0,53.04,19.93,67.37,53026.57,0.6983,0.42537,1,0.02,0.2252,0.0607,-0.0889,0.0284,0.0695
9710,49,West,Salaried,Manufacturing,2026Q1,89766.07,562.0,48.37,85.18,89.75,217354.27,0.3817,0.35743,1,-0.0266,0.1899,0.0384,0.0929,0.0277,-0.0286
9711,52,East,Business,Construction,2026Q1,98179.71,716.0,92.9,58.06,31.31,78955.46,0.4788,0.1951,0,-0.0271,-0.1184,0.0935,0.0121,0.0,0.0
9712,39,West,Business,Transport,2026Q1,95044.05,734.0,,70.06,76.56,333978.6,0.4468,0.05524,0,0.0092,-0.0814,-0.0249,0.0127,0.0067,0.0
9713,54,North,Salaried,Healthcare,2026Q1,70154.46,681.0,42.2,32.02,71.89,210081.27,0.4088,0.05535,0,-0.0148,-0.0208,0.0023,-0.0125,0.0,-0.0066
9714,70,East,Salaried,IT,2026Q1,110794.22,,58.12,58.63,100.0,182372.93,0.3754,0.19071,0,-0.1225,0.0803,0.0455,0.0142,0.0,-0.0177
9715,52,West,SelfEmployed,IT,2026Q1,116381.49,546.0,,45.2,73.53,250528.27,0.5072,0.28346,1,-0.0334,0.1271,-0.1439,-0.0094,0.0186,0.044
9716,53,East,Salaried,IT,2026Q1,42599.54,,59.53,7.64,73.06,69711.11,0.4521,0.30151,0,-0.0516,0.2529,0.0808,-0.1208,0.0,-0.0272
9717,35,West,SelfEmployed,Healthcare,2026Q1,83597.74,630.0,70.4,21.71,54.25,182417.55,0.4263,0.30004,0,0.0575,0.0457,0.1156,-0.0777,0.0255,0.0613
9718,58,East,Salaried,Transport,2026Q1,61957.31,497.0,42.58,54.81,80.21,61790.81,0.5163,0.35145,0,-0.0862,0.2558,0.0116,0.0129,0.0,-0.0276
9719,44,South,Business,Construction,2026Q1,98824.8,,36.91,100.0,33.97,88425.25,0.3717,0.30938,1,0.0061,0.1213,-0.0136,0.1152,0.0,0.0
9720,62,West,Business,Transport,2026Q1,126177.2,650.0,39.93,67.78,52.98,229458.7,0.3978,0.12247,0,-0.0558,0.0,-0.0001,0.0192,0.0112,0.0
9721,70,East,Business,Manufacturing,2026Q1,95474.69,,53.33,62.24,55.59,190292.49,0.5188,0.24437,0,-0.1484,0.1424,0.0451,0.0257,0.0,0.0
9722,43,North,SelfEmployed,Construction,2026Q1,68210.07,610.0,,81.16,22.07,186903.56,0.4385,0.41369,1,0.0128,0.0941,0.0459,0.081,0.0,0.0659
9723,43,South,Business,Transport,2026Q1,92251.41,584.0,57.57,34.74,72.97,97325.49,0.3044,0.26014,0,0.0109,0.1179,0.0633,-0.0375,0.0,0.0
9724,56,West,SelfEmployed,Healthcare,2026Q1,94221.62,,34.52,60.85,29.48,253149.14,0.4592,0.16075,1,-0.0416,0.0013,-0.0138,0.0151,0.0139,0.0326
9725,36,West,SelfEmployed,Retail,2026Q1,51879.26,616.0,62.56,22.63,83.14,63544.95,0.4855,0.31294,0,0.0516,0.0745,0.0883,-0.0746,0.0253,0.0608
9726,51,West,Salaried,Transport,2026Q1,71771.59,570.0,45.97,47.98,40.26,56696.43,0.5101,0.26106,0,-0.0321,0.125,0.0212,-0.0045,0.0213,-0.0227
9727,47,North,Salaried,Retail,2026Q1,64513.33,,88.63,32.93,58.79,75642.52,0.4551,0.52,1,-0.014,0.3052,0.2275,-0.0509,0.0,-0.0299
9728,49,West,Business,Manufacturing,2026Q1,91087.16,,31.86,67.6,76.46,262057.73,0.3165,0.04767,0,-0.0054,-0.0826,-0.008,0.0088,0.0052,0.0
9729,28,East,Business,Construction,2026Q1,107880.12,572.0,70.58,3.1,100.0,193442.1,0.3566,0.33188,1,0.1014,0.168,0.1266,-0.137,0.0,0.0
9730,56,North,SelfEmployed,Retail,2026Q1,97331.12,555.0,36.55,26.21,49.82,146800.72,0.4292,0.24699,0,-0.0573,0.1296,-0.0121,-0.0528,0.0,0.0471
9731,75,East,Salaried,Retail,2026Q1,84250.87,697.0,27.75,80.44,47.17,85499.96,0.4693,0.02946,0,-0.0429,-0.0225,-0.0094,0.0105,0.0,-0.0043
9732,45,South,Salaried,Retail,2026Q1,81492.86,607.0,47.65,69.48,82.22,67248.73,0.3864,0.25069,1,0.0,0.073,0.0259,0.0387,0.0,-0.0219
9733,34,West,Salaried,Healthcare,2026Q1,62066.97,681.0,29.08,50.01,65.11,86432.28,0.5612,0.11001,0,0.0244,-0.035,-0.0214,0.0,0.0103,-0.0113
9734,59,East,Business,Transport,2026Q1,130088.82,617.0,53.72,59.37,72.65,195827.06,0.3918,0.23233,0,-0.0624,0.0451,0.0351,0.0152,0.0,0.0
9735,40,West,Salaried,Manufacturing,2026Q1,64072.71,634.0,63.8,54.81,68.3,189827.1,0.545,0.27938,0,0.0253,0.0315,0.0784,0.0107,0.0218,-0.0231
9736,50,West,SelfEmployed,Retail,2026Q1,83643.16,,40.3,99.65,59.47,133009.86,0.4595,0.19706,0,-0.0275,0.0,0.0011,0.0965,0.0222,0.0528
9737,42,East,Salaried,IT,2026Q1,93918.95,,34.66,53.65,56.33,66298.46,0.3974,0.13882,0,0.011,0.0466,-0.0149,0.0058,0.0,-0.0169
9738,34,West,SelfEmployed,Manufacturing,2026Q1,59443.01,548.0,63.61,57.85,94.18,208709.01,0.3695,0.61359,1,0.075,0.2728,0.116,0.0225,0.0288,0.073
9739,53,South,Business,Retail,2026Q1,77350.27,586.0,31.58,36.92,34.21,178266.03,0.4906,0.13364,0,-0.0296,0.0665,-0.0218,-0.0203,0.0,0.0
9740,42,South,SelfEmployed,IT,2026Q1,86787.08,470.0,23.11,49.84,31.72,225015.3,0.4799,0.53455,0,0.021,0.3891,-0.083,-0.0005,0.0,0.0748
9741,32,North,SelfEmployed,Healthcare,2026Q1,75949.91,662.0,62.27,17.4,41.86,134437.26,0.3635,0.16946,0,0.0528,-0.0222,0.0629,-0.0707,0.0,0.0444
9742,53,West,Salaried,Transport,2026Q1,59876.23,566.0,51.01,53.27,95.05,83070.13,0.4612,0.21204,1,-0.0464,0.1423,0.0412,0.0077,0.023,-0.0243
9743,75,West,SelfEmployed,IT,2026Q1,75781.52,533.0,47.2,58.34,100.0,75441.91,0.487,0.26702,1,-0.1985,0.1952,0.0294,0.0207,0.0247,0.0592
9744,61,North,Salaried,IT,2026Q1,96780.21,660.0,33.08,54.3,79.03,56674.57,0.3528,0.08878,0,-0.0318,-0.0067,-0.0086,0.0029,0.0,-0.0074
9745,50,West,Salaried,Healthcare,2026Q1,86767.69,616.0,58.54,75.58,23.55,211393.16,0.4478,0.30094,0,-0.0279,0.0656,0.0651,0.0548,0.0225,-0.0238
9746,75,East,Business,IT,2026Q1,128341.83,,60.07,78.34,74.05,156855.73,0.2371,0.067,0,-0.0818,-0.0406,0.0231,0.0201,0.0,0.0
9747,31,East,Salaried,Construction,2026Q1,82136.77,,16.72,80.08,59.11,115223.83,0.3807,0.5489,1,0.0977,0.397,-0.1115,0.09,0.0,-0.0296
9748,56,West,Salaried,Construction,2026Q1,88299.44,,94.36,23.0,41.98,247517.56,0.5206,0.25992,1,-0.0679,0.1125,0.1717,-0.0716,0.0244,-0.0256
9749,70,East,Salaried,Healthcare,2026Q1,96318.84,577.0,25.71,67.05,89.86,159217.26,0.4217,0.1306,0,-0.0919,0.0596,-0.0323,0.0191,0.0,-0.0127
9750,39,West,Salaried,Healthcare,2026Q1,84117.7,670.0,37.32,61.05,88.98,119840.24,0.4724,0.10788,0,0.0176,-0.0265,-0.0061,0.014,0.0128,-0.014
9751,53,West,Salaried,Construction,2026Q1,85637.5,630.0,40.34,69.01,48.05,185451.87,0.4771,0.14312,0,-0.0312,0.0262,0.0009,0.0271,0.0148,-0.0161
9752,43,East,Salaried,Transport,2026Q1,47870.9,727.0,15.85,43.88,81.25,58413.23,0.477,0.02779,0,0.0017,-0.0393,-0.0187,-0.0023,0.0,-0.0039
9753,46,East,SelfEmployed,Retail,2026Q1,89701.92,733.0,32.44,50.21,49.28,206281.71,0.452,0.05825,0,-0.0016,-0.078,-0.0092,0.0001,0.0,0.015
9754,55,East,Salaried,IT,2026Q1,97325.0,665.0,38.22,31.95,62.72,273943.05,0.4914,0.06207,0,-0.0176,-0.0099,-0.002,-0.0133,0.0,-0.007
9755,31,West,SelfEmployed,Transport,2026Q1,55609.24,,41.82,78.02,33.84,148037.46,0.3126,0.34839,0,0.0831,0.0318,0.0082,0.0721,0.0268,0.0648
9756,39,West,Salaried,Retail,2026Q1,102014.09,523.0,35.14,49.98,45.46,41054.65,0.6016,0.42456,0,0.0388,0.2492,-0.0232,-0.0001,0.0279,-0.0287
9757,50,North,Business,Retail,2026Q1,90399.91,657.0,66.4,85.51,32.18,86015.9,0.4718,0.19902,0,-0.0257,-0.0139,0.08,0.0666,0.0,0.0
9758,31,East,Business,Transport,2026Q1,98327.93,762.0,53.1,23.06,51.89,267506.42,0.5868,0.03558,0,0.017,-0.1107,0.0121,-0.0193,0.0,0.0
9759,46,West,SelfEmployed,Transport,2026Q1,67810.04,707.0,62.78,51.89,26.03,176306.25,0.394,0.15763,0,-0.0037,-0.1,0.0504,0.0029,0.015,0.0351
9760,33,South,Salaried,Construction,2026Q1,80673.55,581.0,42.64,49.96,100.0,232518.96,0.3829,0.34734,0,0.0632,0.1275,0.0106,-0.0001,0.0,-0.025
9761,34,East,Business,Construction,2026Q1,106446.49,599.0,58.75,10.83,49.2,174017.45,0.5353,0.20435,0,0.0509,0.0861,0.0608,-0.0947,0.0,0.0
9762,60,West,SelfEmployed,Healthcare,2026Q1,83692.86,739.0,,64.04,67.73,228475.97,0.4639,0.08059,0,-0.0341,-0.1005,0.0137,0.0106,0.0077,0.0179
9763,51,East,Business,Healthcare,2026Q1,102239.79,,60.09,73.05,71.75,79078.83,0.3278,0.42,0,-0.0417,0.2485,0.0954,0.0666,0.0,0.0
9764,48,North,Salaried,Retail,2026Q1,75027.31,636.0,31.16,31.85,29.05,201604.67,0.4259,0.07332,0,-0.0067,0.0111,-0.0146,-0.0183,0.0,-0.0097
9765,45,South,Salaried,Transport,2026Q1,58138.18,573.0,,48.72,71.13,85086.1,0.4035,0.30085,0,0.0,0.1562,0.1069,-0.0034,0.0,-0.0271
9766,53,East,Salaried,IT,2026Q1,85824.12,586.0,50.97,30.48,46.3,256741.43,0.4084,0.18021,0,-0.0336,0.0769,0.0284,-0.0352,0.0,-0.0174
9767,45,West,Salaried,Manufacturing,2026Q1,70775.06,645.0,48.57,77.16,65.01,143432.7,0.4347,0.2396,0,0.0,0.0086,0.0258,0.0468,0.0184,-0.0198
9768,42,North,Salaried,Transport,2026Q1,69162.86,658.0,70.16,10.47,59.62,205265.49,0.3504,0.15047,0,0.0089,-0.01,0.0525,-0.0617,0.0,-0.0137
9769,62,East,Salaried,Retail,2026Q1,70868.79,585.0,43.46,3.96,54.65,241979.05,0.5366,0.10346,0,-0.0473,0.0438,0.0055,-0.0566,0.0,-0.0103
9770,43,North,SelfEmployed,Retail,2026Q1,98211.03,677.0,42.16,65.24,45.07,290110.34,0.3536,0.16249,0,0.0073,-0.0439,0.0057,0.023,0.0,0.0362
9771,65,West,SelfEmployed,Transport,2026Q1,95048.63,,69.12,59.12,86.19,161248.42,0.3567,0.1529,1,-0.0934,-0.0296,0.0668,0.0148,0.0162,0.038
9772,44,West,SelfEmployed,Construction,2026Q1,78373.5,671.0,41.74,61.78,89.89,73164.02,0.3184,0.19957,0,0.004,-0.0357,0.0049,0.0194,0.0166,0.039
9773,58,West,Business,IT,2026Q1,84486.57,,44.74,54.08,72.89,83741.87,0.4573,0.16483,0,-0.0482,0.0203,0.0106,0.0056,0.0134,0.0
9774,53,West,Salaried,Transport,2026Q1,103218.99,720.0,23.81,69.79,68.03,239740.15,0.3086,0.04282,0,-0.0109,-0.0484,-0.0165,0.0094,0.005,-0.0056
9775,56,West,SelfEmployed,Transport,2026Q1,70917.08,550.0,33.29,49.05,42.07,72731.35,0.5076,0.27619,1,-0.0675,0.1715,-0.0285,-0.0024,0.0242,0.058
9776,53,West,SelfEmployed,Retail,2026Q1,62911.04,630.0,64.12,40.15,69.88,100570.63,0.5229,0.25092,0,-0.0428,0.0375,0.0761,-0.022,0.021,0.0499
9777,58,East,Salaried,Construction,2026Q1,90820.68,594.0,51.9,90.97,52.15,151481.21,0.4063,0.21912,0,-0.0745,0.098,0.0422,0.0811,0.0,-0.0233
9778,66,West,Salaried,Healthcare,2026Q1,86564.45,642.0,30.57,57.23,24.7,214878.46,0.5459,0.07508,0,-0.0507,0.0057,-0.0137,0.0056,0.0076,-0.0085
9779,40,North,Business,Transport,2026Q1,98389.29,694.0,38.53,39.86,49.98,260118.98,0.3894,0.05716,0,0.0097,-0.0436,-0.0022,-0.0094,0.0,0.0
9780,66,South,Salaried,Construction,2026Q1,123416.02,,32.98,45.41,57.04,189003.24,0.5618,0.20619,0,-0.1023,0.123,-0.0214,-0.0082,0.0,-0.0182
9781,47,West,SelfEmployed,Manufacturing,2026Q1,109510.39,618.0,53.73,24.16,79.5,107772.66,0.5044,0.22317,1,-0.0097,0.0543,0.0434,-0.0577,0.0199,0.0471
9782,30,West,SelfEmployed,Healthcare,2026Q1,88324.6,581.0,55.41,79.69,64.32,95057.18,0.4005,0.58347,0,0.1043,0.1873,0.0764,0.0884,0.0295,0.0744
9783,58,South,Salaried,IT,2026Q1,71882.69,699.0,38.26,25.71,57.6,127160.12,0.4187,0.039,0,-0.0148,-0.0239,-0.0012,-0.0115,0.0,-0.0044
9784,59,South,Salaried,Construction,2026Q1,108023.04,725.0,31.03,48.33,58.04,278604.31,0.4195,0.02731,0,-0.0136,-0.0356,-0.0056,-0.0006,0.0,-0.0037
9785,56,East,Salaried,Healthcare,2026Q1,78323.61,540.0,21.17,56.78,79.18,37026.05,0.3951,0.21582,0,-0.0516,0.1234,-0.0643,0.0121,0.0,-0.019
9786,46,West,Salaried,Construction,2026Q1,56968.41,659.0,71.12,7.23,40.12,138863.95,0.3356,0.14747,0,-0.003,-0.0111,0.0529,-0.0667,0.0123,-0.0135
9787,40,East,Business,Manufacturing,2026Q1,96874.22,845.0,43.54,41.23,63.07,196230.54,0.3131,0.02074,0,0.0023,-0.1184,0.0012,-0.002,0.0,0.0
9788,44,North,Salaried,Transport,2026Q1,67924.53,633.0,56.85,48.96,83.13,200533.65,0.3762,0.19885,0,0.0041,0.0257,0.0441,-0.0018,0.0,-0.0182
9789,52,West,Business,Healthcare,2026Q1,95063.99,616.0,31.0,32.53,62.48,101171.22,0.2418,0.18731,0,-0.0215,0.0329,-0.0196,-0.0231,0.0117,0.0
9790,47,East,Salaried,IT,2026Q1,90541.62,646.0,42.13,39.45,56.6,105121.32,0.6016,0.13276,0,-0.0053,0.004,0.0039,-0.0123,0.0,-0.0116
9791,39,West,Salaried,Manufacturing,2026Q1,85220.32,681.0,29.48,61.56,56.46,67456.93,0.3781,0.09062,1,0.0142,-0.0352,-0.0206,0.0118,0.0103,-0.0114
9792,47,North,Salaried,Manufacturing,2026Q1,72894.11,713.0,58.21,73.92,22.61,205010.84,0.5088,0.10572,0,-0.0053,-0.0835,0.029,0.0236,0.0,-0.0116
9793,41,West,SelfEmployed,Transport,2026Q1,83454.51,725.0,60.33,54.73,63.92,140768.78,0.4483,0.11064,0,0.0133,-0.1336,0.0434,0.0069,0.0142,0.0333
9794,43,West,Salaried,IT,2026Q1,91407.16,551.0,60.87,12.65,35.41,161988.41,0.4015,0.33055,0,0.0117,0.1751,0.0803,-0.1019,0.0247,-0.0259
9795,58,South,Salaried,Manufacturing,2026Q1,75271.55,698.0,35.12,35.32,62.02,178020.56,0.4767,0.03441,0,-0.0157,-0.0247,-0.0037,-0.007,0.0,-0.0046
9796,37,North,Business,Healthcare,2026Q1,55846.52,,49.62,33.64,48.63,174804.41,0.3712,0.26393,1,0.0343,0.0561,0.0298,-0.034,0.0,0.0
9797,54,East,Salaried,Transport,2026Q1,75863.12,606.0,28.48,20.85,99.48,118954.17,0.5975,0.09162,0,-0.021,0.0298,-0.0191,-0.0304,0.0,-0.0095
9798,44,South,SelfEmployed,Transport,2026Q1,77840.61,600.0,49.96,15.86,53.94,134388.22,0.3925,0.20293,0,0.0047,0.0792,0.032,-0.0775,0.0,0.0467
9799,53,West,Business,IT,2026Q1,96428.64,669.0,60.34,52.74,16.04,108829.99,0.3597,0.14094,0,-0.029,-0.027,0.042,0.0039,0.0138,0.0
9800,40,North,Salaried,IT,2026Q1,112827.25,583.0,41.69,34.35,58.68,205673.29,0.5472,0.2404,0,0.022,0.0957,0.0055,-0.0325,0.0,-0.0203
9801,48,North,SelfEmployed,IT,2026Q1,74216.5,711.0,45.5,63.17,32.05,114804.08,0.401,0.11997,0,-0.0082,-0.082,0.0099,0.014,0.0,0.0252
9802,41,East,Business,Manufacturing,2026Q1,85020.31,608.0,32.66,72.77,68.38,57447.14,0.57,0.2018,0,0.0188,0.0698,-0.0264,0.0437,0.0,0.0
9803,53,West,Salaried,Manufacturing,2026Q1,68273.65,,34.63,0.0,78.13,168929.64,0.3487,0.0531,0,-0.0099,-0.0114,-0.0045,-0.0318,0.0045,-0.0051
9804,30,North,Business,Retail,2026Q1,82340.72,656.0,34.87,89.61,40.92,102211.96,0.5925,0.16478,0,0.0653,-0.0118,-0.0185,0.0727,0.0,0.0
9805,49,South,Business,Manufacturing,2026Q1,104602.81,550.0,36.48,60.74,66.48,184274.46,0.3696,0.23993,0,-0.0235,0.1695,-0.0147,0.0257,0.0,0.0
9806,35,East,Salaried,IT,2026Q1,81046.04,557.0,63.32,60.52,64.99,146999.44,0.5024,0.45393,1,0.0682,0.2246,0.1114,0.0311,0.0,-0.0299
9807,43,South,Business,Construction,2026Q1,94336.55,663.0,,60.8,39.1,128414.53,0.3669,0.114,0,0.0059,-0.0161,-0.0077,0.0132,0.0,0.0
9808,46,East,Salaried,Construction,2026Q1,79198.74,525.0,47.62,44.54,50.27,37787.1,0.4673,0.35774,1,-0.0064,0.2281,0.0336,-0.015,0.0,-0.0276
9809,58,East,Salaried,Retail,2026Q1,44652.01,628.0,60.98,19.02,88.01,160506.63,0.538,0.0871,0,-0.0394,0.0206,0.0334,-0.0404,0.0,-0.0118
9810,31,East,Salaried,Healthcare,2026Q1,76888.87,,52.87,44.94,56.67,199509.61,0.3869,0.28717,0,0.0779,0.1297,0.0527,-0.0132,0.0,-0.0264
9811,29,West,SelfEmployed,Healthcare,2026Q1,94959.93,590.0,89.25,0.0,53.38,59576.26,0.5897,0.44232,1,0.1097,0.1583,0.2261,-0.1464,0.0299,0.0742
9812,62,North,Salaried,Retail,2026Q1,77813.43,644.0,58.83,85.91,63.34,239801.37,0.4896,0.1323,1,-0.074,0.0086,0.0439,0.0493,0.0,-0.0166
9813,46,North,Salaried,Construction,2026Q1,61904.77,708.0,42.87,32.12,53.8,37370.34,0.2575,0.05165,1,-0.0014,-0.0424,0.0028,-0.0118,0.0,-0.0063
9814,31,North,Business,Healthcare,2026Q1,59295.02,655.0,25.1,53.25,56.86,94525.73,0.3981,0.1128,0,0.0392,-0.0065,-0.0383,0.0044,0.0,0.0
9815,45,West,Business,Construction,2026Q1,102742.64,525.0,,17.77,69.45,300149.35,0.4812,0.4041,1,0.0,0.2676,0.1239,-0.0961,0.029,0.0
9816,45,South,Business,Manufacturing,2026Q1,71278.5,621.0,,74.47,63.22,165488.56,0.4525,0.19735,0,0.0,0.0481,0.0023,0.0446,0.0,0.0
9817,43,East,Business,Transport,2026Q1,87546.21,675.0,35.29,48.58,100.0,74751.68,0.3394,0.0925,0,0.0046,-0.0259,-0.0082,-0.0014,0.0,0.0
9818,52,South,Business,Retail,2026Q1,71142.94,596.0,33.05,73.1,92.87,95387.68,0.3972,0.1518,0,-0.0327,0.0772,-0.0228,0.04,0.0,0.0
9819,31,West,Business,Manufacturing,2026Q1,86478.6,611.0,29.95,72.73,61.13,200571.16,0.3418,0.29643,0,0.0722,0.0782,-0.0424,0.0518,0.0236,0.0
9820,50,South,Salaried,Transport,2026Q1,73285.88,581.0,44.23,10.73,65.92,159324.19,0.5746,0.12411,1,-0.0174,0.068,0.0097,-0.0659,0.0,-0.0148
9821,45,East,Business,IT,2026Q1,95440.39,694.0,39.6,42.72,38.3,144693.17,0.2718,0.07759,0,0.0,-0.0407,-0.0005,-0.0062,0.0,0.0
9822,49,North,Business,IT,2026Q1,79802.16,549.0,51.02,38.71,47.88,151286.22,0.3242,0.28998,0,-0.0239,0.1744,0.0438,-0.029,0.0,0.0
9823,60,West,Salaried,IT,2026Q1,77270.13,590.0,83.34,26.81,59.82,131486.93,0.3804,0.25634,0,-0.0857,0.1016,0.1253,-0.0551,0.0216,-0.0229
9824,61,West,SelfEmployed,Healthcare,2026Q1,88685.79,,48.97,65.78,80.82,123125.61,0.4171,0.39436,1,-0.1099,0.219,0.0415,0.0438,0.028,0.0682
9825,67,South,Business,IT,2026Q1,96093.52,672.0,,47.17,67.3,102711.44,0.3679,0.14063,0,-0.0744,-0.0254,0.0517,-0.0033,0.0,0.0
9826,29,North,Business,Construction,2026Q1,61001.41,548.0,42.81,53.09,65.05,61450.78,0.4439,0.36495,0,0.1046,0.2324,0.0137,0.0091,0.0,0.0
9827,54,South,Salaried,Healthcare,2026Q1,61666.15,567.0,44.32,43.69,52.75,136618.19,0.5481,0.25185,0,-0.0431,0.1079,0.0134,-0.0123,0.0,-0.0198
9828,58,North,Salaried,Transport,2026Q1,96790.26,596.0,10.93,51.08,35.17,291487.6,0.3777,0.10077,0,-0.0321,0.0352,-0.0561,0.001,0.0,-0.0096
9829,43,West,Salaried,IT,2026Q1,80210.07,626.0,67.44,37.75,46.28,155268.03,0.3882,0.21569,0,0.0097,0.0429,0.0818,-0.0268,0.0203,-0.0217
9830,49,West,SelfEmployed,Construction,2026Q1,80599.94,592.0,34.13,72.78,49.08,48118.01,0.5029,0.3297,0,-0.024,0.1153,-0.0252,0.0541,0.0246,0.059
9831,64,South,Business,Transport,2026Q1,122281.8,618.0,,55.26,71.91,248352.57,0.5662,0.22014,1,-0.0848,0.0418,0.0475,0.0083,0.0,0.0
9832,47,West,Salaried,Transport,2026Q1,104998.58,487.0,8.42,14.78,91.1,315251.91,0.5482,0.1794,0,-0.0098,0.175,-0.1265,-0.0808,0.0199,-0.0213
9833,64,West,SelfEmployed,Transport,2026Q1,88952.25,664.0,36.9,53.36,42.97,280915.85,0.2474,0.09998,0,-0.0573,-0.0143,-0.0055,0.0035,0.01,0.0232
9834,49,West,SelfEmployed,Retail,2026Q1,91977.63,640.0,49.88,44.36,62.98,281470.46,0.4363,0.16724,0,-0.0184,0.0169,0.0295,-0.0109,0.0183,0.0433
9835,55,North,Salaried,Healthcare,2026Q1,89393.35,623.0,44.46,58.78,95.08,239802.16,0.541,0.14286,0,-0.0361,0.0311,0.0101,0.0118,0.0,-0.0146
9836,60,West,SelfEmployed,Construction,2026Q1,86557.6,448.0,34.4,46.63,56.59,118789.55,0.3345,0.5735,1,-0.1019,0.421,-0.0278,-0.0101,0.03,0.0748
9837,38,East,Salaried,Construction,2026Q1,46877.64,,51.0,52.8,77.42,171988.22,0.4389,0.18718,0,0.0313,0.0506,0.0349,0.0056,0.0,-0.021
9838,54,West,Salaried,Transport,2026Q1,128794.83,571.0,59.77,60.28,33.62,310905.22,0.4297,0.28616,0,-0.056,0.1503,0.0772,0.0256,0.0249,-0.0261
9839,44,South,Business,IT,2026Q1,96879.05,574.0,24.65,75.12,100.0,201848.37,0.6222,0.25014,0,0.0052,0.1243,-0.062,0.0524,0.0,0.0
9840,63,West,Business,Transport,2026Q1,108350.77,616.0,55.76,48.99,47.01,202524.96,0.4676,0.18418,1,-0.0798,0.0442,0.038,-0.0016,0.0155,0.0
9841,46,South,Salaried,Retail,2026Q1,83373.75,699.0,65.07,52.96,44.02,125690.01,0.4573,0.12963,0,-0.0028,-0.0644,0.04,0.0034,0.0,-0.0122
9842,46,North,Business,Retail,2026Q1,136155.79,743.0,63.52,85.98,96.01,166901.53,0.4874,0.1188,0,-0.0028,-0.1451,0.0381,0.0355,0.0,0.0
9843,41,North,Salaried,Retail,2026Q1,69084.8,700.0,48.24,61.02,78.84,109935.78,0.1877,0.10407,0,0.0095,-0.0609,0.0137,0.0112,0.0,-0.0112
9844,49,South,Salaried,Healthcare,2026Q1,81074.71,609.0,43.02,0.0,43.89,25298.73,0.4866,0.09438,0,-0.0099,0.0319,0.005,-0.0648,0.0,-0.0107
9845,56,East,Business,Healthcare,2026Q1,102574.92,728.0,58.07,23.81,69.05,291306.36,0.3392,0.05233,0,-0.0151,-0.0544,0.013,-0.0154,0.0,0.0
9846,51,West,SelfEmployed,Healthcare,2026Q1,109635.93,719.0,45.17,46.84,71.56,239734.42,0.3132,0.09205,1,-0.0138,-0.0797,0.0076,-0.003,0.0088,0.0203
9847,74,North,Business,Transport,2026Q1,122563.09,623.0,67.84,63.36,36.26,115269.23,0.404,0.16721,0,-0.1334,0.0337,0.0576,0.0191,0.0,0.0
9848,45,South,Salaried,Construction,2026Q1,48664.94,492.0,85.03,77.22,38.25,86737.52,0.4643,0.71922,1,0.0,0.409,0.2113,0.0715,0.0,-0.0241
9849,40,East,Salaried,Manufacturing,2026Q1,40325.65,,29.12,11.04,79.2,85253.96,0.4854,0.13615,0,0.0183,0.0963,-0.0321,-0.0746,0.0,-0.0172
9850,49,West,SelfEmployed,IT,2026Q1,106826.58,470.0,53.43,31.33,73.23,78575.75,0.5596,0.54523,1,-0.0267,0.4262,0.066,-0.0527,0.0292,0.0739
9851,54,West,SelfEmployed,Transport,2026Q1,97155.92,586.0,46.52,54.46,37.41,261266.95,0.5719,0.31012,0,-0.0545,0.122,0.0261,0.0109,0.0241,0.0577
9852,36,West,Salaried,Healthcare,2026Q1,62510.36,623.0,15.82,40.15,57.95,122825.63,0.3737,0.11083,0,0.024,0.0278,-0.0607,-0.013,0.012,-0.0132
9853,64,West,SelfEmployed,Construction,2026Q1,87445.67,502.0,54.27,48.36,74.66,206600.34,0.4773,0.48078,1,-0.1319,0.3157,0.0695,-0.0049,0.0296,0.073
9854,47,North,Salaried,Healthcare,2026Q1,109845.19,679.0,45.73,42.43,63.17,182964.01,0.2021,0.07617,0,-0.0043,-0.0273,0.0082,-0.0071,0.0,-0.0095
9855,69,South,Salaried,Retail,2026Q1,102353.0,631.0,,56.49,53.8,241321.03,0.3628,0.10285,0,-0.0884,0.0198,0.0369,0.0078,0.0,-0.0129
9856,65,West,SelfEmployed,Retail,2026Q1,111982.9,493.0,62.33,84.46,44.84,92990.02,0.516,0.65243,0,-0.1204,0.3956,0.1092,0.1009,0.0286,0.0727
9857,57,West,SelfEmployed,Healthcare,2026Q1,110100.15,,50.73,41.93,70.28,285029.57,0.4949,0.14253,0,-0.0535,0.0252,0.0287,-0.0143,0.0165,0.0389
9858,50,West,SelfEmployed,Transport,2026Q1,96820.67,497.0,,39.63,58.43,247292.66,0.6985,0.61191,1,-0.0335,0.3777,0.1138,-0.0298,0.0294,0.0741
9859,39,West,Business,Manufacturing,2026Q1,78184.61,,,54.92,57.82,95288.49,0.3717,0.04245,0,0.0067,-0.0916,-0.0115,0.0025,0.0049,0.0
9860,43,North,Business,IT,2026Q1,86180.45,531.0,46.94,50.08,62.2,225568.32,0.4046,0.35941,1,0.0132,0.243,0.0325,0.0002,0.0,0.0
9861,38,East,SelfEmployed,Manufacturing,2026Q1,89936.71,554.0,66.69,100.0,78.2,236288.43,0.4509,0.66073,1,0.0443,0.2554,0.1257,0.1422,0.0,0.0688
9862,38,West,Salaried,IT,2026Q1,86276.05,587.0,61.42,41.21,20.43,97561.38,0.4327,0.32959,0,0.0413,0.1305,0.0859,-0.0235,0.0257,-0.0268
9863,53,East,Business,Healthcare,2026Q1,117835.82,626.0,45.24,61.41,49.83,102735.53,0.352,0.2061,0,-0.0322,0.0322,0.0135,0.0174,0.0,0.0
9864,54,North,Salaried,IT,2026Q1,70347.79,590.0,54.86,34.64,66.66,127832.14,0.4866,0.18865,0,-0.0394,0.0763,0.0389,-0.0282,0.0,-0.018
9865,33,West,SelfEmployed,IT,2026Q1,77088.14,511.0,35.06,40.04,63.98,99425.36,0.3676,0.57865,1,0.0837,0.3333,-0.0245,-0.0296,0.03,0.0748
9866,45,East,Salaried,Construction,2026Q1,62092.76,623.0,72.65,26.47,99.25,46561.96,0.4744,0.21914,1,0.0,0.0429,0.0839,-0.0486,0.0,-0.0197
9867,41,East,Salaried,Healthcare,2026Q1,70833.23,578.0,63.0,54.07,66.72,224447.5,0.4647,0.3501,0,0.0247,0.1512,0.0948,0.0109,0.0,-0.0275
9868,66,West,SelfEmployed,Manufacturing,2026Q1,98902.16,577.0,49.98,19.52,85.21,205340.84,0.4782,0.17476,1,-0.1052,0.0928,0.0283,-0.0616,0.0174,0.0411
9869,27,North,Business,Manufacturing,2026Q1,75250.14,726.0,54.15,48.81,76.85,177480.87,0.456,0.11058,0,0.0432,-0.1177,0.0264,-0.0015,0.0,0.0
9870,71,South,Salaried,Retail,2026Q1,116616.19,590.0,55.56,73.3,82.64,224208.15,0.5684,0.1709,0,-0.1304,0.0764,0.0406,0.0369,0.0,-0.018
9871,56,North,Business,Retail,2026Q1,86192.26,595.0,57.91,62.16,56.19,56656.03,0.4513,0.27733,0,-0.0607,0.0931,0.0593,0.0257,0.0,0.0
9872,22,East,Business,IT,2026Q1,106211.77,628.0,43.59,45.18,37.83,254327.69,0.4393,0.3476,1,0.104,0.0437,0.0135,-0.0113,0.0,0.0
9873,43,North,Salaried,IT,2026Q1,97283.66,651.0,58.86,91.1,99.18,103479.83,0.4547,0.22938,0,0.0101,-0.002,0.0619,0.0782,0.0,-0.0225
9874,55,South,Salaried,IT,2026Q1,56560.32,636.0,79.57,31.37,61.65,93049.56,0.4049,0.16983,0,-0.0421,0.02,0.0824,-0.033,0.0,-0.0171
9875,43,West,SelfEmployed,Healthcare,2026Q1,88340.18,,62.07,83.12,56.72,242584.04,0.5881,0.81833,1,0.0086,0.4694,0.0757,0.0673,0.0187,0.0494
9876,47,North,Salaried,Transport,2026Q1,57427.0,597.0,42.67,33.06,39.22,161647.69,0.3393,0.14633,0,-0.0075,0.0623,0.0069,-0.0286,0.0,-0.0164
9877,75,South,Salaried,Healthcare,2026Q1,109827.69,591.0,42.55,59.26,73.44,288245.93,0.4834,0.07929,0,-0.112,0.049,0.0049,0.0103,0.0,-0.0122
9878,45,West,Salaried,Construction,2026Q1,50744.13,,51.67,30.93,5.52,59231.08,0.4447,0.39311,1,0.0,0.2087,0.0497,-0.0527,0.0261,-0.0272
9879,38,West,SelfEmployed,Healthcare,2026Q1,98956.08,530.0,72.24,55.14,28.3,170199.05,0.5165,0.68838,1,0.0449,0.3184,0.1546,0.0138,0.0272,0.0696
9880,60,West,SelfEmployed,Retail,2026Q1,119585.18,,,75.92,25.95,271578.1,0.3484,0.15464,0,-0.0589,-0.0675,0.033,0.0336,0.0139,0.0326
9881,35,East,SelfEmployed,Construction,2026Q1,66918.57,626.0,19.36,37.44,36.29,151795.47,0.6108,0.14689,0,0.0339,0.0321,-0.0631,-0.0212,0.0,0.036
9882,58,West,Salaried,Healthcare,2026Q1,91195.81,581.0,31.89,80.68,53.39,242045.4,0.5038,0.22653,0,-0.0659,0.0977,-0.0278,0.0538,0.0189,-0.0203
9883,56,West,Salaried,Transport,2026Q1,63316.86,640.0,31.98,45.11,73.62,185474.29,0.4082,0.07108,0,-0.0274,0.0082,-0.0134,-0.0047,0.0089,-0.0099
9884,70,East,Business,Construction,2026Q1,103838.63,700.0,58.24,32.82,55.05,114242.56,0.4285,0.04819,0,-0.0422,-0.0309,0.0135,-0.0099,0.0,0.0
9885,55,East,Salaried,Healthcare,2026Q1,82383.08,653.0,27.91,80.82,79.18,252214.8,0.4374,0.08048,0,-0.0269,-0.0029,-0.0229,0.0274,0.0,-0.0108
9886,47,North,Salaried,Construction,2026Q1,49817.24,710.0,65.24,32.47,100.0,43359.17,0.4471,0.06507,0,-0.004,-0.0616,0.0289,-0.0162,0.0,-0.0089
9887,50,West,Salaried,IT,2026Q1,110121.51,635.0,75.15,6.11,65.03,212717.33,0.4357,0.14727,0,-0.0186,0.0196,0.0689,-0.0794,0.0145,-0.0158
9888,74,East,Business,Construction,2026Q1,119773.49,664.0,61.98,10.17,80.85,160804.9,0.5163,0.04701,0,-0.0555,-0.0078,0.017,-0.028,0.0,0.0
9889,51,West,Salaried,IT,2026Q1,104014.55,,15.34,61.24,76.24,143744.88,0.2243,0.16035,0,-0.0195,0.0472,-0.0645,0.014,0.0125,-0.0137
9890,48,East,SelfEmployed,Healthcare,2026Q1,83632.96,699.0,34.52,27.88,68.33,212946.22,0.359,0.04959,0,-0.0054,-0.0421,-0.0071,-0.0184,0.0,0.0163
9891,49,East,Salaried,Healthcare,2026Q1,67207.61,733.0,43.84,41.63,34.35,70978.86,0.4039,0.04645,0,-0.0048,-0.0569,0.003,-0.0043,0.0,-0.0051
9892,55,West,Salaried,Manufacturing,2026Q1,86966.77,631.0,39.4,40.43,60.11,257857.52,0.3219,0.12411,0,-0.0293,0.018,-0.0011,-0.0112,0.0107,-0.0118
9893,46,North,Business,Transport,2026Q1,109204.34,531.0,33.29,75.71,42.67,89213.52,0.5048,0.35098,1,-0.0066,0.2374,-0.0321,0.0695,0.0,0.0
9894,39,South,SelfEmployed,Healthcare,2026Q1,66601.26,626.0,,61.72,68.65,164481.1,0.5094,0.22735,0,0.029,0.0443,-0.0178,0.0244,0.0,0.0498
9895,43,South,Business,Manufacturing,2026Q1,93988.92,,49.45,61.76,67.74,226901.86,0.5944,0.26599,0,0.0101,0.0682,0.0329,0.0249,0.0,0.0
9896,40,West,SelfEmployed,Construction,2026Q1,69045.16,664.0,39.69,58.81,51.16,45437.54,0.4993,0.16673,0,0.0207,-0.0249,-0.001,0.0158,0.0178,0.0421
9897,48,North,Business,Manufacturing,2026Q1,55424.05,594.0,42.95,40.36,74.29,115415.39,0.488,0.18694,0,-0.0131,0.0762,0.0088,-0.0182,0.0,0.0
9898,43,West,SelfEmployed,Transport,2026Q1,75858.69,625.0,59.43,27.95,53.19,248761.76,0.4881,0.25024,0,0.0105,0.0486,0.0665,-0.0534,0.0221,0.0526
9899,48,North,Business,Healthcare,2026Q1,96167.97,659.0,11.63,22.18,67.48,116577.35,0.3919,0.04902,1,-0.0038,-0.0045,-0.0323,-0.017,0.0,0.0
9900,48,West,Salaried,Retail,2026Q1,78886.52,573.0,22.18,56.54,36.61,133733.5,0.411,0.19235,1,-0.0131,0.0976,-0.0604,0.0117,0.0176,-0.019
9901,53,North,Salaried,IT,2026Q1,78204.64,640.0,40.19,38.64,28.79,198998.72,0.4368,0.08839,0,-0.0201,0.0086,0.0003,-0.0118,0.0,-0.0103
9902,39,North,Salaried,Transport,2026Q1,72404.71,634.0,41.42,66.77,90.03,153511.9,0.4832,0.18203,0,0.0238,0.0249,0.0042,0.0282,0.0,-0.0186
9903,69,West,Business,Manufacturing,2026Q1,101099.08,467.0,38.17,43.42,82.0,122407.3,0.4228,0.33558,0,-0.1636,0.2853,-0.0084,-0.0182,0.0269,0.0
9904,64,West,Business,Healthcare,2026Q1,117150.3,608.0,48.21,60.12,70.29,177740.79,0.5186,0.18688,0,-0.0871,0.0546,0.0215,0.0161,0.016,0.0
9905,56,East,Salaried,Construction,2026Q1,77963.93,518.0,41.99,84.23,43.18,158155.87,0.5043,0.39219,0,-0.0749,0.2563,0.0094,0.0914,0.0,-0.0287
9906,58,East,Salaried,Construction,2026Q1,102526.56,712.0,72.25,93.97,41.39,98750.81,0.4367,0.12796,0,-0.0456,-0.0955,0.0554,0.0474,0.0,-0.0138
9907,38,South,Business,Construction,2026Q1,59806.67,577.0,31.5,44.78,33.62,82021.81,0.3943,0.2878,0,0.0333,0.1138,-0.0319,-0.0114,0.0,0.0
9908,44,West,SelfEmployed,Healthcare,2026Q1,84703.22,,49.55,62.4,57.35,171721.71,0.4697,0.42048,0,0.0066,0.1465,0.0441,0.0346,0.028,0.0682
9909,45,West,Salaried,Manufacturing,2026Q1,84860.42,672.0,43.78,10.97,68.5,51356.53,0.5318,0.06429,0,0.0,-0.0175,0.0048,-0.0374,0.0074,-0.0082
9910,34,West,Salaried,IT,2026Q1,88587.16,455.0,,24.53,50.78,77319.33,0.5773,0.67537,1,0.0762,0.4427,0.0345,-0.0719,0.0294,-0.0288
9911,46,West,Salaried,Construction,2026Q1,67293.77,538.0,42.76,50.3,90.71,141102.73,0.4978,0.31954,0,-0.0063,0.2067,0.0122,0.0008,0.0262,-0.0272
9912,75,East,Business,Transport,2026Q1,139056.46,,62.06,64.86,16.21,157794.55,0.355,0.09065,1,-0.0675,-0.0438,0.0201,0.0091,0.0,0.0
9913,51,South,Business,Retail,2026Q1,104234.12,614.0,53.94,35.21,76.37,161781.61,0.4123,0.0964,1,-0.0245,0.0476,0.0349,-0.0259,0.0,0.0
9914,67,West,Salaried,IT,2026Q1,126857.69,517.0,29.96,29.09,57.6,142728.59,0.4749,0.1621,0,-0.1068,0.1278,-0.0308,-0.0391,0.0166,-0.018
9915,66,East,Salaried,Retail,2026Q1,68377.24,565.0,67.57,30.5,61.44,205309.52,0.4331,0.19406,0,-0.1093,0.1091,0.0731,-0.0396,0.0,-0.0197
9916,40,West,SelfEmployed,Manufacturing,2026Q1,83674.16,526.0,56.05,65.45,5.0,130820.71,0.5445,0.61067,0,0.0336,0.3254,0.0781,0.0446,0.0287,0.0729
9917,50,South,Business,IT,2026Q1,94748.83,572.0,42.34,50.58,45.27,185134.49,0.3159,0.22638,0,-0.0261,0.1199,0.0083,0.0013,0.0,0.0
9918,46,East,Business,Healthcare,2026Q1,94723.64,591.0,60.35,55.23,35.85,136163.35,0.3873,0.31738,0,-0.0059,0.1163,0.0776,0.0129,0.0,0.0
9919,60,East,Salaried,Transport,2026Q1,105074.2,737.0,37.89,54.46,85.95,177516.06,0.4121,0.02851,0,-0.0155,-0.0462,-0.0013,0.0016,0.0,-0.0038
9920,55,South,Salaried,Transport,2026Q1,109968.14,543.0,50.98,59.93,47.58,341918.36,0.3848,0.30626,0,-0.0621,0.1847,0.0443,0.0245,0.0,-0.0259
9921,68,South,Business,IT,2026Q1,117497.98,523.0,30.12,47.76,21.93,101148.62,0.3898,0.20367,0,-0.1204,0.1381,-0.0328,-0.0042,0.0,0.0
9922,52,West,Salaried,Healthcare,2026Q1,53267.72,598.0,,55.74,66.4,130345.31,0.5052,0.37371,0,-0.0385,0.0917,0.0686,0.0127,0.0218,-0.0232
9923,59,South,Business,Retail,2026Q1,96652.69,619.0,53.96,55.37,79.59,127867.27,0.4009,0.20289,0,-0.0599,0.0407,0.0341,0.0085,0.0,0.0
9924,43,West,Business,Transport,2026Q1,145872.7,594.0,47.95,7.11,73.43,240414.54,0.3573,0.19774,0,0.0081,0.0741,0.0223,-0.0887,0.0171,0.0
9925,34,East,Business,IT,2026Q1,63786.87,613.0,56.5,61.01,59.15,126552.09,0.3949,0.37637,0,0.0625,0.0808,0.0667,0.0278,0.0,0.0
9926,57,North,Salaried,Transport,2026Q1,89899.23,727.0,23.27,52.32,75.01,163039.68,0.3476,0.01886,0,-0.0106,-0.0346,-0.0106,0.0007,0.0,-0.0034
9927,52,South,SelfEmployed,IT,2026Q1,103268.49,542.0,61.03,49.44,39.88,342968.53,0.5972,0.37543,0,-0.0487,0.2465,0.0996,-0.0017,0.0,0.072
9928,56,South,Business,Retail,2026Q1,118706.11,604.0,35.72,26.05,65.81,332713.87,0.3481,0.10329,0,-0.0331,0.0395,-0.0084,-0.0306,0.0,0.0
9929,66,South,Business,Healthcare,2026Q1,98888.46,714.0,75.2,40.77,69.27,46146.43,0.4533,0.05521,0,-0.0469,-0.0591,0.0323,-0.0072,0.0,0.0
9930,54,North,Business,IT,2026Q1,124936.68,,,45.05,60.03,118404.86,0.4904,0.04973,0,-0.0122,-0.0623,0.0058,-0.0026,0.0,0.0
9931,59,North,Salaried,Retail,2026Q1,110434.86,641.0,27.46,0.0,52.14,79329.9,0.4175,0.04515,0,-0.0175,0.0035,-0.0105,-0.0296,0.0,-0.0047
9932,61,West,Business,Manufacturing,2026Q1,113137.58,495.0,84.0,47.15,41.02,88233.36,0.3776,0.559,1,-0.105,0.375,0.2151,-0.0084,0.0297,0.0
9933,48,South,Business,Manufacturing,2026Q1,77062.22,671.0,58.94,44.41,47.57,73193.43,0.5235,0.10997,0,-0.0094,-0.0274,0.0357,-0.0075,0.0,0.0
9934,43,West,SelfEmployed,Retail,2026Q1,71943.77,676.0,31.42,57.27,81.64,157641.21,0.4216,0.16885,1,0.0065,-0.0373,-0.0215,0.01,0.0135,0.0317
9935,72,North,Business,Healthcare,2026Q1,103167.18,642.0,52.18,41.55,45.28,199494.19,0.4441,0.0568,0,-0.0743,0.0061,0.0157,-0.0076,0.0,0.0
9936,54,West,SelfEmployed,Retail,2026Q1,87508.77,,,42.11,52.66,228674.44,0.3676,0.31594,0,-0.0577,0.1281,0.0967,-0.0212,0.0258,0.0623
9937,53,South,Business,Transport,2026Q1,122742.79,569.0,2.0,46.96,73.16,220556.66,0.4562,0.09457,0,-0.0241,0.0623,-0.0998,-0.0037,0.0,0.0
9938,39,West,SelfEmployed,Healthcare,2026Q1,83621.53,681.0,50.71,9.06,32.66,211726.54,0.3442,0.12044,0,0.0168,-0.0413,0.021,-0.0628,0.0122,0.0285
9939,53,West,SelfEmployed,IT,2026Q1,102124.66,647.0,48.12,32.87,43.15,295040.72,0.2512,0.13871,0,-0.0302,0.0041,0.0191,-0.0276,0.0144,0.0336
9940,54,South,SelfEmployed,Retail,2026Q1,94669.58,694.0,48.72,50.38,23.06,91563.22,0.3006,0.09604,0,-0.0249,-0.0524,0.0145,0.0004,0.0,0.0238
9941,40,South,Salaried,IT,2026Q1,98674.47,600.0,22.53,17.14,100.0,312127.6,0.3003,0.1118,0,0.0126,0.0423,-0.0382,-0.0439,0.0,-0.012
9942,58,West,SelfEmployed,IT,2026Q1,67291.19,651.0,43.76,44.38,53.28,147584.3,0.4416,0.17539,1,-0.0471,-0.0013,0.0083,-0.0078,0.013,0.0304
9943,47,South,Salaried,Manufacturing,2026Q1,18000.0,547.0,23.78,31.43,72.08,44802.54,0.4109,0.20683,0,-0.0083,0.1119,-0.0522,-0.0348,0.0,-0.0181
9944,26,North,SelfEmployed,Transport,2026Q1,65716.81,724.0,53.74,28.73,100.0,121387.22,0.5162,0.12282,0,0.0489,-0.1213,0.0278,-0.0314,0.0,0.0301
9945,44,West,SelfEmployed,Retail,2026Q1,82367.07,,38.83,59.81,32.77,211203.81,0.4419,0.0764,0,0.0021,-0.1133,-0.0018,0.0086,0.0087,0.0202
9946,61,South,Business,Manufacturing,2026Q1,104135.56,617.0,50.9,18.85,57.62,109548.07,0.4613,0.10786,0,-0.0484,0.0284,0.0181,-0.0392,0.0,0.0
9947,40,West,Salaried,IT,2026Q1,58584.67,496.0,47.98,35.77,48.06,119984.99,0.6188,0.40088,1,0.0346,0.329,0.0395,-0.0426,0.0297,-0.03
9948,75,East,Salaried,Retail,2026Q1,79007.76,701.0,51.26,10.51,53.25,136988.22,0.2932,0.01628,0,-0.0295,-0.0171,0.0047,-0.0138,0.0,-0.0029
9949,55,East,SelfEmployed,IT,2026Q1,90572.37,759.0,40.21,36.56,60.75,149788.59,0.561,0.037,0,-0.0111,-0.0743,0.0001,-0.006,0.0,0.0091
9950,75,North,Salaried,Manufacturing,2026Q1,95871.96,,47.96,3.28,88.16,215551.61,0.3726,0.06157,0,-0.0714,0.0274,0.0087,-0.0421,0.0,-0.0074
9951,38,South,Salaried,IT,2026Q1,73430.07,595.0,50.76,49.67,71.57,215626.93,0.5477,0.30953,0,0.0357,0.0983,0.039,-0.0008,0.0,-0.0236
9952,37,South,Salaried,Transport,2026Q1,80740.71,595.0,69.81,70.48,93.01,249572.31,0.3314,0.39534,0,0.0525,0.1334,0.1317,0.0574,0.0,-0.0291
9953,47,West,Business,IT,2026Q1,113418.21,599.0,52.45,41.4,61.74,316436.24,0.4637,0.26234,0,-0.0102,0.0859,0.0418,-0.0191,0.0209,0.0
9954,36,East,SelfEmployed,Retail,2026Q1,90259.15,694.0,59.41,50.41,48.66,130606.89,0.523,0.19756,0,0.0349,-0.0839,0.0514,0.0007,0.0,0.0409
9955,45,West,SelfEmployed,Manufacturing,2026Q1,83131.0,653.0,59.7,29.08,82.36,154727.17,0.4727,0.19412,0,0.0,-0.0052,0.0545,-0.0424,0.0181,0.0428
9956,67,North,SelfEmployed,Healthcare,2026Q1,111566.04,545.0,47.63,33.39,48.02,127897.63,0.4715,0.20453,0,-0.1287,0.149,0.0266,-0.0381,0.0,0.0503
9957,47,East,Salaried,Transport,2026Q1,56277.84,,57.93,57.84,61.58,57662.16,0.6017,0.2455,0,-0.0106,0.0895,0.0606,0.0171,0.0,-0.023
9958,32,South,Business,Retail,2026Q1,63812.96,639.0,55.4,27.96,71.28,153651.71,0.3353,0.16354,1,0.0508,0.0183,0.0438,-0.0448,0.0,0.0
9959,53,East,Salaried,Construction,2026Q1,113564.64,575.0,20.78,26.67,77.7,218638.68,0.4594,0.09455,0,-0.0232,0.0566,-0.0423,-0.0296,0.0,-0.0119
9960,65,South,SelfEmployed,Construction,2026Q1,120406.71,648.0,57.85,1.45,58.58,292833.96,0.3314,0.06619,0,-0.0533,0.0016,0.0232,-0.056,0.0,0.02
9961,29,South,SelfEmployed,Construction,2026Q1,42921.08,626.0,64.74,23.48,74.79,52933.03,0.4264,0.36767,0,0.0885,0.0544,0.0967,-0.0726,0.0,0.0613
9962,35,West,SelfEmployed,Transport,2026Q1,62113.42,,,33.95,46.6,20155.61,0.3368,0.16108,0,0.0349,-0.0774,0.0368,-0.0281,0.0158,0.0371
9963,51,West,SelfEmployed,Transport,2026Q1,122410.48,,31.73,11.37,53.31,294624.49,0.41,0.06199,1,-0.0123,-0.0155,-0.0121,-0.0384,0.0078,0.018
9964,37,East,Business,Construction,2026Q1,69655.12,587.0,34.51,44.01,70.43,68179.11,0.3872,0.19195,0,0.0371,0.0996,-0.02,-0.0129,0.0,0.0
9965,48,South,Salaried,IT,2026Q1,45167.17,621.0,35.28,52.72,60.33,65235.59,0.3812,0.15205,1,-0.0098,0.0321,-0.0111,0.0037,0.0,-0.0142
9966,66,East,Salaried,Transport,2026Q1,85425.27,566.0,,29.01,46.2,257082.66,0.4376,0.16979,0,-0.0917,0.0853,0.0307,-0.0353,0.0,-0.0161
9967,46,East,Business,Healthcare,2026Q1,82894.13,758.0,61.07,46.47,77.33,169437.43,0.4354,0.04658,0,-0.0015,-0.1101,0.0192,-0.0024,0.0,0.0
9968,55,East,Salaried,Construction,2026Q1,105453.98,664.0,15.17,35.4,64.18,88780.66,0.383,0.0443,1,-0.0123,-0.0064,-0.0241,-0.0073,0.0,-0.0049
9969,56,West,SelfEmployed,Retail,2026Q1,109371.49,523.0,41.25,78.67,30.28,229653.07,0.435,0.45408,1,-0.0767,0.2949,0.0062,0.0845,0.0299,0.074
9970,41,West,SelfEmployed,Construction,2026Q1,71980.67,602.0,47.69,9.74,68.48,54415.9,0.3884,0.25359,0,0.0191,0.0797,0.0259,-0.0958,0.0204,0.0485
9971,38,South,Salaried,IT,2026Q1,68880.03,507.0,51.18,64.68,70.38,84918.72,0.4578,0.4549,1,0.049,0.3384,0.0558,0.044,0.0,-0.0298
9972,61,West,Salaried,Healthcare,2026Q1,96077.86,589.0,34.25,53.95,59.07,86576.78,0.2608,0.14261,0,-0.0639,0.0642,-0.0146,0.0057,0.014,-0.0153
9973,51,East,Business,Transport,2026Q1,109920.04,623.0,47.29,23.23,65.04,222616.99,0.3916,0.12611,0,-0.0188,0.0279,0.0145,-0.0382,0.0,0.0
9974,52,South,Salaried,Construction,2026Q1,76114.25,677.0,49.77,45.1,83.67,212185.14,0.4554,0.10427,0,-0.0159,-0.0251,0.0134,-0.0045,0.0,-0.0094
9975,50,North,Business,Transport,2026Q1,101312.61,686.0,46.22,51.3,25.19,114647.62,0.2854,0.07759,0,-0.0118,-0.0372,0.0094,0.0012,0.0,0.0
9976,49,East,Salaried,Transport,2026Q1,105907.57,525.0,52.56,71.29,77.44,202984.89,0.492,0.38238,1,-0.0276,0.2678,0.06,0.061,0.0,-0.0296
9977,52,West,SelfEmployed,Retail,2026Q1,88257.68,630.0,45.37,52.14,10.88,128769.75,0.5472,0.16923,0,-0.0335,0.0332,0.0168,0.0041,0.0187,0.0441
9978,38,West,Business,IT,2026Q1,87798.85,,51.96,9.38,45.43,221945.48,0.4426,0.12613,0,0.0227,0.0131,0.0273,-0.0715,0.0143,0.0
9979,54,South,Salaried,Transport,2026Q1,95667.24,624.0,35.98,48.43,23.93,107402.24,0.4251,0.1297,0,-0.0263,0.0242,-0.0078,-0.0018,0.0,-0.0119
9980,39,East,Business,Healthcare,2026Q1,75920.93,516.0,47.14,62.88,88.67,139585.89,0.5589,0.45176,0,0.0419,0.3126,0.0356,0.0385,0.0,0.0
9981,75,East,Business,IT,2026Q1,102679.52,563.0,39.98,90.75,53.7,252129.14,0.4701,0.21438,1,-0.1697,0.1158,-0.0001,0.069,0.0,0.0
9982,57,West,SelfEmployed,Retail,2026Q1,102494.6,605.0,49.24,28.91,59.52,132696.43,0.5379,0.19844,0,-0.0575,0.0654,0.027,-0.0423,0.0179,0.0423
9983,53,West,Business,IT,2026Q1,109274.14,671.0,47.81,84.28,53.86,135624.19,0.3796,0.1269,0,-0.0312,-0.0323,0.0191,0.0459,0.0148,0.0
9984,38,West,SelfEmployed,Construction,2026Q1,76831.29,555.0,39.27,50.01,56.89,239087.05,0.5905,0.4474,1,0.047,0.2186,-0.0036,0.0,0.029,0.0712
9985,62,South,Salaried,Manufacturing,2026Q1,80441.57,580.0,42.18,8.01,57.29,178478.2,0.4493,0.11162,1,-0.0502,0.0494,0.0037,-0.0537,0.0,-0.011
9986,45,East,Salaried,Healthcare,2026Q1,68219.51,600.0,43.58,82.04,77.79,182246.77,0.5013,0.23775,0,0.0,0.0905,0.0134,0.0663,0.0,-0.0235
9987,57,East,Business,Manufacturing,2026Q1,107086.98,507.0,43.02,29.54,65.27,271541.25,0.4895,0.28172,1,-0.0736,0.2115,0.0123,-0.053,0.0,0.0
9988,43,West,Business,Retail,2026Q1,68621.9,591.0,16.35,65.21,44.61,57278.56,0.5367,0.18446,1,0.0087,0.0828,-0.085,0.0271,0.0182,0.0
9989,29,East,Business,Healthcare,2026Q1,96042.11,644.0,68.28,24.63,25.78,88093.86,0.5705,0.19948,0,0.0712,0.0117,0.0867,-0.0592,0.0,0.0
9990,67,North,Salaried,Manufacturing,2026Q1,124570.33,552.0,43.55,72.15,84.05,180480.57,0.4421,0.23167,0,-0.1228,0.1319,0.0119,0.0421,0.0,-0.0212
9991,56,West,Business,IT,2026Q1,74485.97,585.0,56.84,53.03,69.43,198677.25,0.3836,0.2572,1,-0.0633,0.1131,0.0593,0.0069,0.0224,0.0
9992,46,East,Business,Transport,2026Q1,102506.49,578.0,20.34,33.56,54.06,112087.26,0.3004,0.14909,0,-0.0035,0.0735,-0.0557,-0.0262,0.0,0.0
9993,72,East,Salaried,IT,2026Q1,115176.42,661.0,50.58,28.12,80.46,115752.13,0.4285,0.03253,0,-0.0485,-0.0058,0.0087,-0.0134,0.0,-0.0057
9994,50,West,Business,Retail,2026Q1,111813.86,505.0,44.72,32.21,100.0,104562.35,0.4802,0.39339,1,-0.0335,0.2688,0.0219,-0.0514,0.0278,0.0
9995,63,West,SelfEmployed,Manufacturing,2026Q1,71060.88,580.0,22.24,30.75,60.86,191322.69,0.5695,0.16509,0,-0.0706,0.068,-0.0473,-0.0295,0.0135,0.0315
9996,32,West,SelfEmployed,Retail,2026Q1,67070.1,721.0,72.69,11.64,86.83,76985.94,0.4371,0.13423,0,0.0402,-0.1268,0.065,-0.0677,0.0145,0.0339
9997,46,South,Salaried,IT,2026Q1,67267.75,694.0,69.46,20.73,60.86,102615.52,0.2554,0.07547,0,-0.0023,-0.0472,0.037,-0.0324,0.0,-0.0101
9998,47,South,Business,Healthcare,2026Q1,89014.47,689.0,54.38,91.59,95.74,193584.67,0.37,0.17937,0,-0.0077,-0.0667,0.0352,0.0568,0.0,0.0
9999,39,West,SelfEmployed,IT,2026Q1,56973.95,710.0,61.26,38.02,62.54,74306.16,0.3797,0.12278,0,0.0201,-0.1042,0.0464,-0.0192,0.0146,0.0342
10000,40,South,Business,Healthcare,2026Q1,118158.32,,54.77,52.75,51.62,239281.04,0.4571,0.29948,0,0.0331,0.2153,0.0684,0.0079,0.0,0.0
